design,rtl_bit,split,family,category,bog_path_kind,actual_arrival_ns,predicted_arrival_ns,absolute_error_ns
picorv32,alu_out_q[0],train,pico_femto,processor,reg_to_reg,1.145523,1.6263894,0.4808663842697143
picorv32,alu_out_q[10],train,pico_femto,processor,reg_to_reg,0.809303,1.5033695,0.6940664505691528
picorv32,alu_out_q[11],train,pico_femto,processor,reg_to_reg,0.894165,1.5033695,0.6092044505691528
picorv32,alu_out_q[12],train,pico_femto,processor,reg_to_reg,0.93741,1.6000363,0.6626262634658814
picorv32,alu_out_q[13],train,pico_femto,processor,reg_to_reg,0.977777,1.6241289,0.6463519377212524
picorv32,alu_out_q[14],train,pico_femto,processor,reg_to_reg,1.008345,1.6241289,0.6157839377212524
picorv32,alu_out_q[15],train,pico_femto,processor,reg_to_reg,1.086375,1.6241289,0.5377539377212524
picorv32,alu_out_q[16],train,pico_femto,processor,reg_to_reg,0.832348,1.6241289,0.7917809377212525
picorv32,alu_out_q[17],train,pico_femto,processor,reg_to_reg,0.944806,1.6241289,0.6793229377212524
picorv32,alu_out_q[18],train,pico_femto,processor,reg_to_reg,0.92007,1.6241289,0.7040589377212524
picorv32,alu_out_q[19],train,pico_femto,processor,reg_to_reg,0.977979,1.6263894,0.6484103842697143
picorv32,alu_out_q[1],train,pico_femto,processor,reg_to_reg,0.629323,1.0869398,0.457616811706543
picorv32,alu_out_q[20],train,pico_femto,processor,reg_to_reg,0.975382,1.7502624,0.7748803796463013
picorv32,alu_out_q[21],train,pico_femto,processor,reg_to_reg,1.055099,1.7502624,0.6951633796463013
picorv32,alu_out_q[22],train,pico_femto,processor,reg_to_reg,1.086319,1.7502624,0.6639433796463012
picorv32,alu_out_q[23],train,pico_femto,processor,reg_to_reg,1.095144,1.7502624,0.6551183796463014
picorv32,alu_out_q[24],train,pico_femto,processor,reg_to_reg,1.147046,1.7502624,0.6032163796463013
picorv32,alu_out_q[25],train,pico_femto,processor,reg_to_reg,1.211795,1.7502624,0.5384673796463013
picorv32,alu_out_q[26],train,pico_femto,processor,reg_to_reg,1.204316,1.7927026,0.5883865556564332
picorv32,alu_out_q[27],train,pico_femto,processor,reg_to_reg,1.228932,1.8105233,0.581591271560669
picorv32,alu_out_q[28],train,pico_femto,processor,reg_to_reg,1.310243,1.8105233,0.5002802715606689
picorv32,alu_out_q[29],train,pico_femto,processor,reg_to_reg,1.394826,1.8105233,0.41569727156066905
picorv32,alu_out_q[2],train,pico_femto,processor,reg_to_reg,0.636508,0.9762185,0.33971052159500126
picorv32,alu_out_q[30],train,pico_femto,processor,reg_to_reg,1.376435,1.8105233,0.43408827156066887
picorv32,alu_out_q[31],train,pico_femto,processor,reg_to_reg,1.382282,1.8105233,0.42824127156066893
picorv32,alu_out_q[3],train,pico_femto,processor,reg_to_reg,0.790464,0.9810868,0.19062279056167597
picorv32,alu_out_q[4],train,pico_femto,processor,reg_to_reg,0.629323,0.9793654,0.3500424084205628
picorv32,alu_out_q[5],train,pico_femto,processor,reg_to_reg,0.636792,0.9793654,0.3425734084205627
picorv32,alu_out_q[6],train,pico_femto,processor,reg_to_reg,0.726942,1.0220567,0.2951146987991333
picorv32,alu_out_q[7],train,pico_femto,processor,reg_to_reg,0.725976,1.0220567,0.29608069879913335
picorv32,alu_out_q[8],train,pico_femto,processor,reg_to_reg,0.726942,1.0414288,0.31448680439758303
picorv32,alu_out_q[9],train,pico_femto,processor,reg_to_reg,0.844547,1.1324903,0.2879432772903442
picorv32,cpu_state[0],train,pico_femto,processor,reg_to_reg,0.502753,1.0167153,0.5139622881622314
picorv32,cpu_state[1],train,pico_femto,processor,input_to_reg,1.410766,1.6241289,0.21336293772125248
picorv32,cpu_state[2],train,pico_femto,processor,reg_to_reg,0.382003,0.833181,0.4511780235977173
picorv32,cpu_state[3],train,pico_femto,processor,input_to_reg,1.349787,1.6263894,0.2766023842697143
picorv32,cpu_state[4],train,pico_femto,processor,reg_to_reg,0.579906,0.9985271,0.4186211096229553
picorv32,cpu_state[5],train,pico_femto,processor,input_to_reg,1.344741,1.6263894,0.2816483842697144
picorv32,cpu_state[6],train,pico_femto,processor,input_to_reg,1.344657,1.6263894,0.28173238426971436
picorv32,cpuregs[0][0],train,pico_femto,processor,reg_to_reg,0.689648,1.0562967,0.36664870619964596
picorv32,cpuregs[0][10],train,pico_femto,processor,reg_to_reg,0.689648,1.0562967,0.36664870619964596
picorv32,cpuregs[0][11],train,pico_femto,processor,reg_to_reg,0.689648,1.0562967,0.36664870619964596
picorv32,cpuregs[0][12],train,pico_femto,processor,reg_to_reg,0.689648,1.0562967,0.36664870619964596
picorv32,cpuregs[0][13],train,pico_femto,processor,reg_to_reg,0.689648,1.0562967,0.36664870619964596
picorv32,cpuregs[0][14],train,pico_femto,processor,reg_to_reg,0.689648,1.0562967,0.36664870619964596
picorv32,cpuregs[0][15],train,pico_femto,processor,reg_to_reg,0.689648,1.0562967,0.36664870619964596
picorv32,cpuregs[0][16],train,pico_femto,processor,reg_to_reg,0.720338,1.0601633,0.33982525950622555
picorv32,cpuregs[0][17],train,pico_femto,processor,reg_to_reg,0.761929,1.0806873,0.3187582844696045
picorv32,cpuregs[0][18],train,pico_femto,processor,reg_to_reg,0.766871,1.0806873,0.3138162844696045
picorv32,cpuregs[0][19],train,pico_femto,processor,reg_to_reg,0.810574,1.0806873,0.2701132844696045
picorv32,cpuregs[0][1],train,pico_femto,processor,reg_to_reg,0.689648,1.0562967,0.36664870619964596
picorv32,cpuregs[0][20],train,pico_femto,processor,reg_to_reg,0.852166,1.1210648,0.2688987821426392
picorv32,cpuregs[0][21],train,pico_femto,processor,reg_to_reg,0.85771,1.1210648,0.2633547821426392
picorv32,cpuregs[0][22],train,pico_femto,processor,reg_to_reg,0.90128,1.1809709,0.27969090721130374
picorv32,cpuregs[0][23],train,pico_femto,processor,reg_to_reg,0.942871,1.1775534,0.2346824152984619
picorv32,cpuregs[0][24],train,pico_femto,processor,reg_to_reg,0.947812,1.3774073,0.4295953123931885
picorv32,cpuregs[0][25],train,pico_femto,processor,reg_to_reg,0.991515,1.4691918,0.47767678962707516
picorv32,cpuregs[0][26],train,pico_femto,processor,reg_to_reg,1.033106,1.4691918,0.4360857896270751
picorv32,cpuregs[0][27],train,pico_femto,processor,reg_to_reg,1.03824,1.4691918,0.43095178962707514
picorv32,cpuregs[0][28],train,pico_femto,processor,reg_to_reg,1.067744,1.4691918,0.40144778962707517
picorv32,cpuregs[0][29],train,pico_femto,processor,reg_to_reg,1.112199,1.5658586,0.4536596025238038
picorv32,cpuregs[0][2],train,pico_femto,processor,reg_to_reg,0.689648,1.0562967,0.36664870619964596
picorv32,cpuregs[0][30],train,pico_femto,processor,reg_to_reg,1.138849,1.5729123,0.434063335395813
picorv32,cpuregs[0][31],train,pico_femto,processor,reg_to_reg,1.147017,1.5899513,0.44293427677917485
picorv32,cpuregs[0][3],train,pico_femto,processor,reg_to_reg,0.689648,1.0562967,0.36664870619964596
picorv32,cpuregs[0][4],train,pico_femto,processor,reg_to_reg,0.689648,1.0562967,0.36664870619964596
picorv32,cpuregs[0][5],train,pico_femto,processor,reg_to_reg,0.689648,1.0562967,0.36664870619964596
picorv32,cpuregs[0][6],train,pico_femto,processor,reg_to_reg,0.689648,1.0562967,0.36664870619964596
picorv32,cpuregs[0][7],train,pico_femto,processor,reg_to_reg,0.689648,1.0562967,0.36664870619964596
picorv32,cpuregs[0][8],train,pico_femto,processor,reg_to_reg,0.689648,1.0562967,0.36664870619964596
picorv32,cpuregs[0][9],train,pico_femto,processor,reg_to_reg,0.689648,1.0562967,0.36664870619964596
picorv32,cpuregs[10][0],train,pico_femto,processor,reg_to_reg,0.686035,1.0562967,0.37026170619964605
picorv32,cpuregs[10][10],train,pico_femto,processor,reg_to_reg,0.686035,1.0562967,0.37026170619964605
picorv32,cpuregs[10][11],train,pico_femto,processor,reg_to_reg,0.686035,1.0562967,0.37026170619964605
picorv32,cpuregs[10][12],train,pico_femto,processor,reg_to_reg,0.686035,1.0562967,0.37026170619964605
picorv32,cpuregs[10][13],train,pico_femto,processor,reg_to_reg,0.686035,1.0562967,0.37026170619964605
picorv32,cpuregs[10][14],train,pico_femto,processor,reg_to_reg,0.686035,1.0562967,0.37026170619964605
picorv32,cpuregs[10][15],train,pico_femto,processor,reg_to_reg,0.686035,1.0562967,0.37026170619964605
picorv32,cpuregs[10][16],train,pico_femto,processor,reg_to_reg,0.720338,1.0601633,0.33982525950622555
picorv32,cpuregs[10][17],train,pico_femto,processor,reg_to_reg,0.761929,1.0806873,0.3187582844696045
picorv32,cpuregs[10][18],train,pico_femto,processor,reg_to_reg,0.766871,1.0806873,0.3138162844696045
picorv32,cpuregs[10][19],train,pico_femto,processor,reg_to_reg,0.810574,1.0806873,0.2701132844696045
picorv32,cpuregs[10][1],train,pico_femto,processor,reg_to_reg,0.686035,1.0562967,0.37026170619964605
picorv32,cpuregs[10][20],train,pico_femto,processor,reg_to_reg,0.852166,1.1210648,0.2688987821426392
picorv32,cpuregs[10][21],train,pico_femto,processor,reg_to_reg,0.85771,1.1210648,0.2633547821426392
picorv32,cpuregs[10][22],train,pico_femto,processor,reg_to_reg,0.90128,1.1809709,0.27969090721130374
picorv32,cpuregs[10][23],train,pico_femto,processor,reg_to_reg,0.942871,1.1775534,0.2346824152984619
picorv32,cpuregs[10][24],train,pico_femto,processor,reg_to_reg,0.947812,1.3774073,0.4295953123931885
picorv32,cpuregs[10][25],train,pico_femto,processor,reg_to_reg,0.991515,1.4691918,0.47767678962707516
picorv32,cpuregs[10][26],train,pico_femto,processor,reg_to_reg,1.033106,1.4691918,0.4360857896270751
picorv32,cpuregs[10][27],train,pico_femto,processor,reg_to_reg,1.03824,1.4691918,0.43095178962707514
picorv32,cpuregs[10][28],train,pico_femto,processor,reg_to_reg,1.067744,1.4691918,0.40144778962707517
picorv32,cpuregs[10][29],train,pico_femto,processor,reg_to_reg,1.112199,1.5658586,0.4536596025238038
picorv32,cpuregs[10][2],train,pico_femto,processor,reg_to_reg,0.686035,1.0562967,0.37026170619964605
picorv32,cpuregs[10][30],train,pico_femto,processor,reg_to_reg,1.138849,1.5729123,0.434063335395813
picorv32,cpuregs[10][31],train,pico_femto,processor,reg_to_reg,1.147017,1.5899513,0.44293427677917485
picorv32,cpuregs[10][3],train,pico_femto,processor,reg_to_reg,0.686035,1.0562967,0.37026170619964605
picorv32,cpuregs[10][4],train,pico_femto,processor,reg_to_reg,0.686035,1.0562967,0.37026170619964605
picorv32,cpuregs[10][5],train,pico_femto,processor,reg_to_reg,0.686035,1.0562967,0.37026170619964605
picorv32,cpuregs[10][6],train,pico_femto,processor,reg_to_reg,0.686035,1.0562967,0.37026170619964605
picorv32,cpuregs[10][7],train,pico_femto,processor,reg_to_reg,0.686035,1.0562967,0.37026170619964605
picorv32,cpuregs[10][8],train,pico_femto,processor,reg_to_reg,0.686035,1.0562967,0.37026170619964605
picorv32,cpuregs[10][9],train,pico_femto,processor,reg_to_reg,0.686035,1.0562967,0.37026170619964605
picorv32,cpuregs[11][0],train,pico_femto,processor,reg_to_reg,0.686035,1.0562967,0.37026170619964605
picorv32,cpuregs[11][10],train,pico_femto,processor,reg_to_reg,0.686035,1.0562967,0.37026170619964605
picorv32,cpuregs[11][11],train,pico_femto,processor,reg_to_reg,0.686035,1.0562967,0.37026170619964605
picorv32,cpuregs[11][12],train,pico_femto,processor,reg_to_reg,0.686035,1.0562967,0.37026170619964605
picorv32,cpuregs[11][13],train,pico_femto,processor,reg_to_reg,0.686035,1.0562967,0.37026170619964605
picorv32,cpuregs[11][14],train,pico_femto,processor,reg_to_reg,0.686035,1.0562967,0.37026170619964605
picorv32,cpuregs[11][15],train,pico_femto,processor,reg_to_reg,0.686035,1.0562967,0.37026170619964605
picorv32,cpuregs[11][16],train,pico_femto,processor,reg_to_reg,0.720338,1.0601633,0.33982525950622555
picorv32,cpuregs[11][17],train,pico_femto,processor,reg_to_reg,0.761929,1.0806873,0.3187582844696045
picorv32,cpuregs[11][18],train,pico_femto,processor,reg_to_reg,0.766871,1.0806873,0.3138162844696045
picorv32,cpuregs[11][19],train,pico_femto,processor,reg_to_reg,0.810574,1.0806873,0.2701132844696045
picorv32,cpuregs[11][1],train,pico_femto,processor,reg_to_reg,0.686035,1.0562967,0.37026170619964605
picorv32,cpuregs[11][20],train,pico_femto,processor,reg_to_reg,0.852166,1.1210648,0.2688987821426392
picorv32,cpuregs[11][21],train,pico_femto,processor,reg_to_reg,0.85771,1.1210648,0.2633547821426392
picorv32,cpuregs[11][22],train,pico_femto,processor,reg_to_reg,0.90128,1.1809709,0.27969090721130374
picorv32,cpuregs[11][23],train,pico_femto,processor,reg_to_reg,0.942871,1.1775534,0.2346824152984619
picorv32,cpuregs[11][24],train,pico_femto,processor,reg_to_reg,0.947812,1.3774073,0.4295953123931885
picorv32,cpuregs[11][25],train,pico_femto,processor,reg_to_reg,0.991515,1.4691918,0.47767678962707516
picorv32,cpuregs[11][26],train,pico_femto,processor,reg_to_reg,1.033106,1.4691918,0.4360857896270751
picorv32,cpuregs[11][27],train,pico_femto,processor,reg_to_reg,1.03824,1.4691918,0.43095178962707514
picorv32,cpuregs[11][28],train,pico_femto,processor,reg_to_reg,1.067744,1.4691918,0.40144778962707517
picorv32,cpuregs[11][29],train,pico_femto,processor,reg_to_reg,1.112199,1.5658586,0.4536596025238038
picorv32,cpuregs[11][2],train,pico_femto,processor,reg_to_reg,0.686035,1.0562967,0.37026170619964605
picorv32,cpuregs[11][30],train,pico_femto,processor,reg_to_reg,1.138849,1.5729123,0.434063335395813
picorv32,cpuregs[11][31],train,pico_femto,processor,reg_to_reg,1.147017,1.5899513,0.44293427677917485
picorv32,cpuregs[11][3],train,pico_femto,processor,reg_to_reg,0.686035,1.0562967,0.37026170619964605
picorv32,cpuregs[11][4],train,pico_femto,processor,reg_to_reg,0.686035,1.0562967,0.37026170619964605
picorv32,cpuregs[11][5],train,pico_femto,processor,reg_to_reg,0.686035,1.0562967,0.37026170619964605
picorv32,cpuregs[11][6],train,pico_femto,processor,reg_to_reg,0.686035,1.0562967,0.37026170619964605
picorv32,cpuregs[11][7],train,pico_femto,processor,reg_to_reg,0.686035,1.0562967,0.37026170619964605
picorv32,cpuregs[11][8],train,pico_femto,processor,reg_to_reg,0.686035,1.0562967,0.37026170619964605
picorv32,cpuregs[11][9],train,pico_femto,processor,reg_to_reg,0.686035,1.0562967,0.37026170619964605
picorv32,cpuregs[12][0],train,pico_femto,processor,reg_to_reg,0.686035,1.0562967,0.37026170619964605
picorv32,cpuregs[12][10],train,pico_femto,processor,reg_to_reg,0.686035,1.0562967,0.37026170619964605
picorv32,cpuregs[12][11],train,pico_femto,processor,reg_to_reg,0.686035,1.0562967,0.37026170619964605
picorv32,cpuregs[12][12],train,pico_femto,processor,reg_to_reg,0.686035,1.0562967,0.37026170619964605
picorv32,cpuregs[12][13],train,pico_femto,processor,reg_to_reg,0.686035,1.0562967,0.37026170619964605
picorv32,cpuregs[12][14],train,pico_femto,processor,reg_to_reg,0.686035,1.0562967,0.37026170619964605
picorv32,cpuregs[12][15],train,pico_femto,processor,reg_to_reg,0.686035,1.0562967,0.37026170619964605
picorv32,cpuregs[12][16],train,pico_femto,processor,reg_to_reg,0.720338,1.0601633,0.33982525950622555
picorv32,cpuregs[12][17],train,pico_femto,processor,reg_to_reg,0.761929,1.0806873,0.3187582844696045
picorv32,cpuregs[12][18],train,pico_femto,processor,reg_to_reg,0.766871,1.0806873,0.3138162844696045
picorv32,cpuregs[12][19],train,pico_femto,processor,reg_to_reg,0.810574,1.0806873,0.2701132844696045
picorv32,cpuregs[12][1],train,pico_femto,processor,reg_to_reg,0.686035,1.0562967,0.37026170619964605
picorv32,cpuregs[12][20],train,pico_femto,processor,reg_to_reg,0.852166,1.1210648,0.2688987821426392
picorv32,cpuregs[12][21],train,pico_femto,processor,reg_to_reg,0.85771,1.1210648,0.2633547821426392
picorv32,cpuregs[12][22],train,pico_femto,processor,reg_to_reg,0.90128,1.1809709,0.27969090721130374
picorv32,cpuregs[12][23],train,pico_femto,processor,reg_to_reg,0.942871,1.1775534,0.2346824152984619
picorv32,cpuregs[12][24],train,pico_femto,processor,reg_to_reg,0.947812,1.3774073,0.4295953123931885
picorv32,cpuregs[12][25],train,pico_femto,processor,reg_to_reg,0.991515,1.4691918,0.47767678962707516
picorv32,cpuregs[12][26],train,pico_femto,processor,reg_to_reg,1.033106,1.4691918,0.4360857896270751
picorv32,cpuregs[12][27],train,pico_femto,processor,reg_to_reg,1.03824,1.4691918,0.43095178962707514
picorv32,cpuregs[12][28],train,pico_femto,processor,reg_to_reg,1.067744,1.4691918,0.40144778962707517
picorv32,cpuregs[12][29],train,pico_femto,processor,reg_to_reg,1.112199,1.5658586,0.4536596025238038
picorv32,cpuregs[12][2],train,pico_femto,processor,reg_to_reg,0.686035,1.0562967,0.37026170619964605
picorv32,cpuregs[12][30],train,pico_femto,processor,reg_to_reg,1.138849,1.5729123,0.434063335395813
picorv32,cpuregs[12][31],train,pico_femto,processor,reg_to_reg,1.147017,1.5899513,0.44293427677917485
picorv32,cpuregs[12][3],train,pico_femto,processor,reg_to_reg,0.686035,1.0562967,0.37026170619964605
picorv32,cpuregs[12][4],train,pico_femto,processor,reg_to_reg,0.686035,1.0562967,0.37026170619964605
picorv32,cpuregs[12][5],train,pico_femto,processor,reg_to_reg,0.686035,1.0562967,0.37026170619964605
picorv32,cpuregs[12][6],train,pico_femto,processor,reg_to_reg,0.686035,1.0562967,0.37026170619964605
picorv32,cpuregs[12][7],train,pico_femto,processor,reg_to_reg,0.686035,1.0562967,0.37026170619964605
picorv32,cpuregs[12][8],train,pico_femto,processor,reg_to_reg,0.686035,1.0562967,0.37026170619964605
picorv32,cpuregs[12][9],train,pico_femto,processor,reg_to_reg,0.686035,1.0562967,0.37026170619964605
picorv32,cpuregs[13][0],train,pico_femto,processor,reg_to_reg,0.686035,1.0562967,0.37026170619964605
picorv32,cpuregs[13][10],train,pico_femto,processor,reg_to_reg,0.686035,1.0562967,0.37026170619964605
picorv32,cpuregs[13][11],train,pico_femto,processor,reg_to_reg,0.686035,1.0562967,0.37026170619964605
picorv32,cpuregs[13][12],train,pico_femto,processor,reg_to_reg,0.686035,1.0562967,0.37026170619964605
picorv32,cpuregs[13][13],train,pico_femto,processor,reg_to_reg,0.686035,1.0562967,0.37026170619964605
picorv32,cpuregs[13][14],train,pico_femto,processor,reg_to_reg,0.686035,1.0562967,0.37026170619964605
picorv32,cpuregs[13][15],train,pico_femto,processor,reg_to_reg,0.686035,1.0562967,0.37026170619964605
picorv32,cpuregs[13][16],train,pico_femto,processor,reg_to_reg,0.720338,1.0601633,0.33982525950622555
picorv32,cpuregs[13][17],train,pico_femto,processor,reg_to_reg,0.761929,1.0806873,0.3187582844696045
picorv32,cpuregs[13][18],train,pico_femto,processor,reg_to_reg,0.766871,1.0806873,0.3138162844696045
picorv32,cpuregs[13][19],train,pico_femto,processor,reg_to_reg,0.810574,1.0806873,0.2701132844696045
picorv32,cpuregs[13][1],train,pico_femto,processor,reg_to_reg,0.686035,1.0562967,0.37026170619964605
picorv32,cpuregs[13][20],train,pico_femto,processor,reg_to_reg,0.852166,1.1210648,0.2688987821426392
picorv32,cpuregs[13][21],train,pico_femto,processor,reg_to_reg,0.85771,1.1210648,0.2633547821426392
picorv32,cpuregs[13][22],train,pico_femto,processor,reg_to_reg,0.90128,1.1809709,0.27969090721130374
picorv32,cpuregs[13][23],train,pico_femto,processor,reg_to_reg,0.942871,1.1775534,0.2346824152984619
picorv32,cpuregs[13][24],train,pico_femto,processor,reg_to_reg,0.947812,1.3774073,0.4295953123931885
picorv32,cpuregs[13][25],train,pico_femto,processor,reg_to_reg,0.991515,1.4691918,0.47767678962707516
picorv32,cpuregs[13][26],train,pico_femto,processor,reg_to_reg,1.033106,1.4691918,0.4360857896270751
picorv32,cpuregs[13][27],train,pico_femto,processor,reg_to_reg,1.03824,1.4691918,0.43095178962707514
picorv32,cpuregs[13][28],train,pico_femto,processor,reg_to_reg,1.067744,1.4691918,0.40144778962707517
picorv32,cpuregs[13][29],train,pico_femto,processor,reg_to_reg,1.112199,1.5658586,0.4536596025238038
picorv32,cpuregs[13][2],train,pico_femto,processor,reg_to_reg,0.686035,1.0562967,0.37026170619964605
picorv32,cpuregs[13][30],train,pico_femto,processor,reg_to_reg,1.138849,1.5729123,0.434063335395813
picorv32,cpuregs[13][31],train,pico_femto,processor,reg_to_reg,1.147017,1.5899513,0.44293427677917485
picorv32,cpuregs[13][3],train,pico_femto,processor,reg_to_reg,0.686035,1.0562967,0.37026170619964605
picorv32,cpuregs[13][4],train,pico_femto,processor,reg_to_reg,0.686035,1.0562967,0.37026170619964605
picorv32,cpuregs[13][5],train,pico_femto,processor,reg_to_reg,0.686035,1.0562967,0.37026170619964605
picorv32,cpuregs[13][6],train,pico_femto,processor,reg_to_reg,0.686035,1.0562967,0.37026170619964605
picorv32,cpuregs[13][7],train,pico_femto,processor,reg_to_reg,0.686035,1.0562967,0.37026170619964605
picorv32,cpuregs[13][8],train,pico_femto,processor,reg_to_reg,0.686035,1.0562967,0.37026170619964605
picorv32,cpuregs[13][9],train,pico_femto,processor,reg_to_reg,0.686035,1.0562967,0.37026170619964605
picorv32,cpuregs[14][0],train,pico_femto,processor,reg_to_reg,0.686035,1.0562967,0.37026170619964605
picorv32,cpuregs[14][10],train,pico_femto,processor,reg_to_reg,0.686035,1.0562967,0.37026170619964605
picorv32,cpuregs[14][11],train,pico_femto,processor,reg_to_reg,0.686035,1.0562967,0.37026170619964605
picorv32,cpuregs[14][12],train,pico_femto,processor,reg_to_reg,0.686035,1.0562967,0.37026170619964605
picorv32,cpuregs[14][13],train,pico_femto,processor,reg_to_reg,0.686035,1.0562967,0.37026170619964605
picorv32,cpuregs[14][14],train,pico_femto,processor,reg_to_reg,0.686035,1.0562967,0.37026170619964605
picorv32,cpuregs[14][15],train,pico_femto,processor,reg_to_reg,0.686035,1.0562967,0.37026170619964605
picorv32,cpuregs[14][16],train,pico_femto,processor,reg_to_reg,0.720338,1.0601633,0.33982525950622555
picorv32,cpuregs[14][17],train,pico_femto,processor,reg_to_reg,0.761929,1.0806873,0.3187582844696045
picorv32,cpuregs[14][18],train,pico_femto,processor,reg_to_reg,0.766871,1.0806873,0.3138162844696045
picorv32,cpuregs[14][19],train,pico_femto,processor,reg_to_reg,0.810574,1.0806873,0.2701132844696045
picorv32,cpuregs[14][1],train,pico_femto,processor,reg_to_reg,0.686035,1.0562967,0.37026170619964605
picorv32,cpuregs[14][20],train,pico_femto,processor,reg_to_reg,0.852166,1.1210648,0.2688987821426392
picorv32,cpuregs[14][21],train,pico_femto,processor,reg_to_reg,0.85771,1.1210648,0.2633547821426392
picorv32,cpuregs[14][22],train,pico_femto,processor,reg_to_reg,0.90128,1.1809709,0.27969090721130374
picorv32,cpuregs[14][23],train,pico_femto,processor,reg_to_reg,0.942871,1.1775534,0.2346824152984619
picorv32,cpuregs[14][24],train,pico_femto,processor,reg_to_reg,0.947812,1.3774073,0.4295953123931885
picorv32,cpuregs[14][25],train,pico_femto,processor,reg_to_reg,0.991515,1.4691918,0.47767678962707516
picorv32,cpuregs[14][26],train,pico_femto,processor,reg_to_reg,1.033106,1.4691918,0.4360857896270751
picorv32,cpuregs[14][27],train,pico_femto,processor,reg_to_reg,1.03824,1.4691918,0.43095178962707514
picorv32,cpuregs[14][28],train,pico_femto,processor,reg_to_reg,1.067744,1.4691918,0.40144778962707517
picorv32,cpuregs[14][29],train,pico_femto,processor,reg_to_reg,1.112199,1.5658586,0.4536596025238038
picorv32,cpuregs[14][2],train,pico_femto,processor,reg_to_reg,0.686035,1.0562967,0.37026170619964605
picorv32,cpuregs[14][30],train,pico_femto,processor,reg_to_reg,1.138849,1.5729123,0.434063335395813
picorv32,cpuregs[14][31],train,pico_femto,processor,reg_to_reg,1.147017,1.5899513,0.44293427677917485
picorv32,cpuregs[14][3],train,pico_femto,processor,reg_to_reg,0.686035,1.0562967,0.37026170619964605
picorv32,cpuregs[14][4],train,pico_femto,processor,reg_to_reg,0.686035,1.0562967,0.37026170619964605
picorv32,cpuregs[14][5],train,pico_femto,processor,reg_to_reg,0.686035,1.0562967,0.37026170619964605
picorv32,cpuregs[14][6],train,pico_femto,processor,reg_to_reg,0.686035,1.0562967,0.37026170619964605
picorv32,cpuregs[14][7],train,pico_femto,processor,reg_to_reg,0.686035,1.0562967,0.37026170619964605
picorv32,cpuregs[14][8],train,pico_femto,processor,reg_to_reg,0.686035,1.0562967,0.37026170619964605
picorv32,cpuregs[14][9],train,pico_femto,processor,reg_to_reg,0.686035,1.0562967,0.37026170619964605
picorv32,cpuregs[15][0],train,pico_femto,processor,reg_to_reg,0.686035,1.0562967,0.37026170619964605
picorv32,cpuregs[15][10],train,pico_femto,processor,reg_to_reg,0.686035,1.0562967,0.37026170619964605
picorv32,cpuregs[15][11],train,pico_femto,processor,reg_to_reg,0.686035,1.0562967,0.37026170619964605
picorv32,cpuregs[15][12],train,pico_femto,processor,reg_to_reg,0.686035,1.0562967,0.37026170619964605
picorv32,cpuregs[15][13],train,pico_femto,processor,reg_to_reg,0.686035,1.0562967,0.37026170619964605
picorv32,cpuregs[15][14],train,pico_femto,processor,reg_to_reg,0.686035,1.0562967,0.37026170619964605
picorv32,cpuregs[15][15],train,pico_femto,processor,reg_to_reg,0.686035,1.0562967,0.37026170619964605
picorv32,cpuregs[15][16],train,pico_femto,processor,reg_to_reg,0.720338,1.0601633,0.33982525950622555
picorv32,cpuregs[15][17],train,pico_femto,processor,reg_to_reg,0.761929,1.0806873,0.3187582844696045
picorv32,cpuregs[15][18],train,pico_femto,processor,reg_to_reg,0.766871,1.0806873,0.3138162844696045
picorv32,cpuregs[15][19],train,pico_femto,processor,reg_to_reg,0.810574,1.0806873,0.2701132844696045
picorv32,cpuregs[15][1],train,pico_femto,processor,reg_to_reg,0.686035,1.0562967,0.37026170619964605
picorv32,cpuregs[15][20],train,pico_femto,processor,reg_to_reg,0.852166,1.1210648,0.2688987821426392
picorv32,cpuregs[15][21],train,pico_femto,processor,reg_to_reg,0.85771,1.1210648,0.2633547821426392
picorv32,cpuregs[15][22],train,pico_femto,processor,reg_to_reg,0.90128,1.1809709,0.27969090721130374
picorv32,cpuregs[15][23],train,pico_femto,processor,reg_to_reg,0.942871,1.1775534,0.2346824152984619
picorv32,cpuregs[15][24],train,pico_femto,processor,reg_to_reg,0.947812,1.3774073,0.4295953123931885
picorv32,cpuregs[15][25],train,pico_femto,processor,reg_to_reg,0.991515,1.4691918,0.47767678962707516
picorv32,cpuregs[15][26],train,pico_femto,processor,reg_to_reg,1.033106,1.4691918,0.4360857896270751
picorv32,cpuregs[15][27],train,pico_femto,processor,reg_to_reg,1.03824,1.4691918,0.43095178962707514
picorv32,cpuregs[15][28],train,pico_femto,processor,reg_to_reg,1.067744,1.4691918,0.40144778962707517
picorv32,cpuregs[15][29],train,pico_femto,processor,reg_to_reg,1.112199,1.5658586,0.4536596025238038
picorv32,cpuregs[15][2],train,pico_femto,processor,reg_to_reg,0.686035,1.0562967,0.37026170619964605
picorv32,cpuregs[15][30],train,pico_femto,processor,reg_to_reg,1.138849,1.5729123,0.434063335395813
picorv32,cpuregs[15][31],train,pico_femto,processor,reg_to_reg,1.147017,1.5899513,0.44293427677917485
picorv32,cpuregs[15][3],train,pico_femto,processor,reg_to_reg,0.686035,1.0562967,0.37026170619964605
picorv32,cpuregs[15][4],train,pico_femto,processor,reg_to_reg,0.686035,1.0562967,0.37026170619964605
picorv32,cpuregs[15][5],train,pico_femto,processor,reg_to_reg,0.686035,1.0562967,0.37026170619964605
picorv32,cpuregs[15][6],train,pico_femto,processor,reg_to_reg,0.686035,1.0562967,0.37026170619964605
picorv32,cpuregs[15][7],train,pico_femto,processor,reg_to_reg,0.686035,1.0562967,0.37026170619964605
picorv32,cpuregs[15][8],train,pico_femto,processor,reg_to_reg,0.686035,1.0562967,0.37026170619964605
picorv32,cpuregs[15][9],train,pico_femto,processor,reg_to_reg,0.686035,1.0562967,0.37026170619964605
picorv32,cpuregs[16][0],train,pico_femto,processor,reg_to_reg,0.686035,1.0562967,0.37026170619964605
picorv32,cpuregs[16][10],train,pico_femto,processor,reg_to_reg,0.686035,1.0562967,0.37026170619964605
picorv32,cpuregs[16][11],train,pico_femto,processor,reg_to_reg,0.686035,1.0562967,0.37026170619964605
picorv32,cpuregs[16][12],train,pico_femto,processor,reg_to_reg,0.686035,1.0562967,0.37026170619964605
picorv32,cpuregs[16][13],train,pico_femto,processor,reg_to_reg,0.686035,1.0562967,0.37026170619964605
picorv32,cpuregs[16][14],train,pico_femto,processor,reg_to_reg,0.686035,1.0562967,0.37026170619964605
picorv32,cpuregs[16][15],train,pico_femto,processor,reg_to_reg,0.686035,1.0562967,0.37026170619964605
picorv32,cpuregs[16][16],train,pico_femto,processor,reg_to_reg,0.720338,1.0601633,0.33982525950622555
picorv32,cpuregs[16][17],train,pico_femto,processor,reg_to_reg,0.761929,1.0806873,0.3187582844696045
picorv32,cpuregs[16][18],train,pico_femto,processor,reg_to_reg,0.766871,1.0806873,0.3138162844696045
picorv32,cpuregs[16][19],train,pico_femto,processor,reg_to_reg,0.810574,1.0806873,0.2701132844696045
picorv32,cpuregs[16][1],train,pico_femto,processor,reg_to_reg,0.686035,1.0562967,0.37026170619964605
picorv32,cpuregs[16][20],train,pico_femto,processor,reg_to_reg,0.852166,1.1210648,0.2688987821426392
picorv32,cpuregs[16][21],train,pico_femto,processor,reg_to_reg,0.85771,1.1210648,0.2633547821426392
picorv32,cpuregs[16][22],train,pico_femto,processor,reg_to_reg,0.90128,1.1809709,0.27969090721130374
picorv32,cpuregs[16][23],train,pico_femto,processor,reg_to_reg,0.942871,1.1775534,0.2346824152984619
picorv32,cpuregs[16][24],train,pico_femto,processor,reg_to_reg,0.947812,1.3774073,0.4295953123931885
picorv32,cpuregs[16][25],train,pico_femto,processor,reg_to_reg,0.991515,1.4691918,0.47767678962707516
picorv32,cpuregs[16][26],train,pico_femto,processor,reg_to_reg,1.033106,1.4691918,0.4360857896270751
picorv32,cpuregs[16][27],train,pico_femto,processor,reg_to_reg,1.03824,1.4691918,0.43095178962707514
picorv32,cpuregs[16][28],train,pico_femto,processor,reg_to_reg,1.067744,1.4691918,0.40144778962707517
picorv32,cpuregs[16][29],train,pico_femto,processor,reg_to_reg,1.112199,1.5658586,0.4536596025238038
picorv32,cpuregs[16][2],train,pico_femto,processor,reg_to_reg,0.686035,1.0562967,0.37026170619964605
picorv32,cpuregs[16][30],train,pico_femto,processor,reg_to_reg,1.138849,1.5729123,0.434063335395813
picorv32,cpuregs[16][31],train,pico_femto,processor,reg_to_reg,1.147017,1.5899513,0.44293427677917485
picorv32,cpuregs[16][3],train,pico_femto,processor,reg_to_reg,0.686035,1.0562967,0.37026170619964605
picorv32,cpuregs[16][4],train,pico_femto,processor,reg_to_reg,0.686035,1.0562967,0.37026170619964605
picorv32,cpuregs[16][5],train,pico_femto,processor,reg_to_reg,0.686035,1.0562967,0.37026170619964605
picorv32,cpuregs[16][6],train,pico_femto,processor,reg_to_reg,0.686035,1.0562967,0.37026170619964605
picorv32,cpuregs[16][7],train,pico_femto,processor,reg_to_reg,0.686035,1.0562967,0.37026170619964605
picorv32,cpuregs[16][8],train,pico_femto,processor,reg_to_reg,0.686035,1.0562967,0.37026170619964605
picorv32,cpuregs[16][9],train,pico_femto,processor,reg_to_reg,0.686035,1.0562967,0.37026170619964605
picorv32,cpuregs[17][0],train,pico_femto,processor,reg_to_reg,0.686035,1.0562967,0.37026170619964605
picorv32,cpuregs[17][10],train,pico_femto,processor,reg_to_reg,0.686035,1.0562967,0.37026170619964605
picorv32,cpuregs[17][11],train,pico_femto,processor,reg_to_reg,0.686035,1.0562967,0.37026170619964605
picorv32,cpuregs[17][12],train,pico_femto,processor,reg_to_reg,0.686035,1.0562967,0.37026170619964605
picorv32,cpuregs[17][13],train,pico_femto,processor,reg_to_reg,0.686035,1.0562967,0.37026170619964605
picorv32,cpuregs[17][14],train,pico_femto,processor,reg_to_reg,0.686035,1.0562967,0.37026170619964605
picorv32,cpuregs[17][15],train,pico_femto,processor,reg_to_reg,0.686035,1.0562967,0.37026170619964605
picorv32,cpuregs[17][16],train,pico_femto,processor,reg_to_reg,0.720338,1.0601633,0.33982525950622555
picorv32,cpuregs[17][17],train,pico_femto,processor,reg_to_reg,0.761929,1.0806873,0.3187582844696045
picorv32,cpuregs[17][18],train,pico_femto,processor,reg_to_reg,0.766871,1.0806873,0.3138162844696045
picorv32,cpuregs[17][19],train,pico_femto,processor,reg_to_reg,0.810574,1.0806873,0.2701132844696045
picorv32,cpuregs[17][1],train,pico_femto,processor,reg_to_reg,0.686035,1.0562967,0.37026170619964605
picorv32,cpuregs[17][20],train,pico_femto,processor,reg_to_reg,0.852166,1.1210648,0.2688987821426392
picorv32,cpuregs[17][21],train,pico_femto,processor,reg_to_reg,0.85771,1.1210648,0.2633547821426392
picorv32,cpuregs[17][22],train,pico_femto,processor,reg_to_reg,0.90128,1.1809709,0.27969090721130374
picorv32,cpuregs[17][23],train,pico_femto,processor,reg_to_reg,0.942871,1.1775534,0.2346824152984619
picorv32,cpuregs[17][24],train,pico_femto,processor,reg_to_reg,0.947812,1.3774073,0.4295953123931885
picorv32,cpuregs[17][25],train,pico_femto,processor,reg_to_reg,0.991515,1.4691918,0.47767678962707516
picorv32,cpuregs[17][26],train,pico_femto,processor,reg_to_reg,1.033106,1.4691918,0.4360857896270751
picorv32,cpuregs[17][27],train,pico_femto,processor,reg_to_reg,1.03824,1.4691918,0.43095178962707514
picorv32,cpuregs[17][28],train,pico_femto,processor,reg_to_reg,1.067744,1.4691918,0.40144778962707517
picorv32,cpuregs[17][29],train,pico_femto,processor,reg_to_reg,1.112199,1.5658586,0.4536596025238038
picorv32,cpuregs[17][2],train,pico_femto,processor,reg_to_reg,0.686035,1.0562967,0.37026170619964605
picorv32,cpuregs[17][30],train,pico_femto,processor,reg_to_reg,1.138849,1.5729123,0.434063335395813
picorv32,cpuregs[17][31],train,pico_femto,processor,reg_to_reg,1.147017,1.5899513,0.44293427677917485
picorv32,cpuregs[17][3],train,pico_femto,processor,reg_to_reg,0.686035,1.0562967,0.37026170619964605
picorv32,cpuregs[17][4],train,pico_femto,processor,reg_to_reg,0.686035,1.0562967,0.37026170619964605
picorv32,cpuregs[17][5],train,pico_femto,processor,reg_to_reg,0.686035,1.0562967,0.37026170619964605
picorv32,cpuregs[17][6],train,pico_femto,processor,reg_to_reg,0.686035,1.0562967,0.37026170619964605
picorv32,cpuregs[17][7],train,pico_femto,processor,reg_to_reg,0.686035,1.0562967,0.37026170619964605
picorv32,cpuregs[17][8],train,pico_femto,processor,reg_to_reg,0.686035,1.0562967,0.37026170619964605
picorv32,cpuregs[17][9],train,pico_femto,processor,reg_to_reg,0.686035,1.0562967,0.37026170619964605
picorv32,cpuregs[18][0],train,pico_femto,processor,reg_to_reg,0.686035,1.0562967,0.37026170619964605
picorv32,cpuregs[18][10],train,pico_femto,processor,reg_to_reg,0.686035,1.0562967,0.37026170619964605
picorv32,cpuregs[18][11],train,pico_femto,processor,reg_to_reg,0.686035,1.0562967,0.37026170619964605
picorv32,cpuregs[18][12],train,pico_femto,processor,reg_to_reg,0.686035,1.0562967,0.37026170619964605
picorv32,cpuregs[18][13],train,pico_femto,processor,reg_to_reg,0.686035,1.0562967,0.37026170619964605
picorv32,cpuregs[18][14],train,pico_femto,processor,reg_to_reg,0.686035,1.0562967,0.37026170619964605
picorv32,cpuregs[18][15],train,pico_femto,processor,reg_to_reg,0.686035,1.0562967,0.37026170619964605
picorv32,cpuregs[18][16],train,pico_femto,processor,reg_to_reg,0.720338,1.0601633,0.33982525950622555
picorv32,cpuregs[18][17],train,pico_femto,processor,reg_to_reg,0.761929,1.0806873,0.3187582844696045
picorv32,cpuregs[18][18],train,pico_femto,processor,reg_to_reg,0.766871,1.0806873,0.3138162844696045
picorv32,cpuregs[18][19],train,pico_femto,processor,reg_to_reg,0.810574,1.0806873,0.2701132844696045
picorv32,cpuregs[18][1],train,pico_femto,processor,reg_to_reg,0.686035,1.0562967,0.37026170619964605
picorv32,cpuregs[18][20],train,pico_femto,processor,reg_to_reg,0.852166,1.1210648,0.2688987821426392
picorv32,cpuregs[18][21],train,pico_femto,processor,reg_to_reg,0.85771,1.1210648,0.2633547821426392
picorv32,cpuregs[18][22],train,pico_femto,processor,reg_to_reg,0.90128,1.1809709,0.27969090721130374
picorv32,cpuregs[18][23],train,pico_femto,processor,reg_to_reg,0.942871,1.1775534,0.2346824152984619
picorv32,cpuregs[18][24],train,pico_femto,processor,reg_to_reg,0.947812,1.3774073,0.4295953123931885
picorv32,cpuregs[18][25],train,pico_femto,processor,reg_to_reg,0.991515,1.4691918,0.47767678962707516
picorv32,cpuregs[18][26],train,pico_femto,processor,reg_to_reg,1.033106,1.4691918,0.4360857896270751
picorv32,cpuregs[18][27],train,pico_femto,processor,reg_to_reg,1.03824,1.4691918,0.43095178962707514
picorv32,cpuregs[18][28],train,pico_femto,processor,reg_to_reg,1.067744,1.4691918,0.40144778962707517
picorv32,cpuregs[18][29],train,pico_femto,processor,reg_to_reg,1.112199,1.5658586,0.4536596025238038
picorv32,cpuregs[18][2],train,pico_femto,processor,reg_to_reg,0.686035,1.0562967,0.37026170619964605
picorv32,cpuregs[18][30],train,pico_femto,processor,reg_to_reg,1.138849,1.5729123,0.434063335395813
picorv32,cpuregs[18][31],train,pico_femto,processor,reg_to_reg,1.147017,1.5899513,0.44293427677917485
picorv32,cpuregs[18][3],train,pico_femto,processor,reg_to_reg,0.686035,1.0562967,0.37026170619964605
picorv32,cpuregs[18][4],train,pico_femto,processor,reg_to_reg,0.686035,1.0562967,0.37026170619964605
picorv32,cpuregs[18][5],train,pico_femto,processor,reg_to_reg,0.686035,1.0562967,0.37026170619964605
picorv32,cpuregs[18][6],train,pico_femto,processor,reg_to_reg,0.686035,1.0562967,0.37026170619964605
picorv32,cpuregs[18][7],train,pico_femto,processor,reg_to_reg,0.686035,1.0562967,0.37026170619964605
picorv32,cpuregs[18][8],train,pico_femto,processor,reg_to_reg,0.686035,1.0562967,0.37026170619964605
picorv32,cpuregs[18][9],train,pico_femto,processor,reg_to_reg,0.686035,1.0562967,0.37026170619964605
picorv32,cpuregs[19][0],train,pico_femto,processor,reg_to_reg,0.686035,1.0562967,0.37026170619964605
picorv32,cpuregs[19][10],train,pico_femto,processor,reg_to_reg,0.686035,1.0562967,0.37026170619964605
picorv32,cpuregs[19][11],train,pico_femto,processor,reg_to_reg,0.686035,1.0562967,0.37026170619964605
picorv32,cpuregs[19][12],train,pico_femto,processor,reg_to_reg,0.686035,1.0562967,0.37026170619964605
picorv32,cpuregs[19][13],train,pico_femto,processor,reg_to_reg,0.686035,1.0562967,0.37026170619964605
picorv32,cpuregs[19][14],train,pico_femto,processor,reg_to_reg,0.686035,1.0562967,0.37026170619964605
picorv32,cpuregs[19][15],train,pico_femto,processor,reg_to_reg,0.686035,1.0562967,0.37026170619964605
picorv32,cpuregs[19][16],train,pico_femto,processor,reg_to_reg,0.720338,1.0601633,0.33982525950622555
picorv32,cpuregs[19][17],train,pico_femto,processor,reg_to_reg,0.761929,1.0806873,0.3187582844696045
picorv32,cpuregs[19][18],train,pico_femto,processor,reg_to_reg,0.766871,1.0806873,0.3138162844696045
picorv32,cpuregs[19][19],train,pico_femto,processor,reg_to_reg,0.810574,1.0806873,0.2701132844696045
picorv32,cpuregs[19][1],train,pico_femto,processor,reg_to_reg,0.686035,1.0562967,0.37026170619964605
picorv32,cpuregs[19][20],train,pico_femto,processor,reg_to_reg,0.852166,1.1210648,0.2688987821426392
picorv32,cpuregs[19][21],train,pico_femto,processor,reg_to_reg,0.85771,1.1210648,0.2633547821426392
picorv32,cpuregs[19][22],train,pico_femto,processor,reg_to_reg,0.90128,1.1809709,0.27969090721130374
picorv32,cpuregs[19][23],train,pico_femto,processor,reg_to_reg,0.942871,1.1775534,0.2346824152984619
picorv32,cpuregs[19][24],train,pico_femto,processor,reg_to_reg,0.947812,1.3774073,0.4295953123931885
picorv32,cpuregs[19][25],train,pico_femto,processor,reg_to_reg,0.991515,1.4691918,0.47767678962707516
picorv32,cpuregs[19][26],train,pico_femto,processor,reg_to_reg,1.033106,1.4691918,0.4360857896270751
picorv32,cpuregs[19][27],train,pico_femto,processor,reg_to_reg,1.03824,1.4691918,0.43095178962707514
picorv32,cpuregs[19][28],train,pico_femto,processor,reg_to_reg,1.067744,1.4691918,0.40144778962707517
picorv32,cpuregs[19][29],train,pico_femto,processor,reg_to_reg,1.112199,1.5658586,0.4536596025238038
picorv32,cpuregs[19][2],train,pico_femto,processor,reg_to_reg,0.686035,1.0562967,0.37026170619964605
picorv32,cpuregs[19][30],train,pico_femto,processor,reg_to_reg,1.138849,1.5729123,0.434063335395813
picorv32,cpuregs[19][31],train,pico_femto,processor,reg_to_reg,1.147017,1.5899513,0.44293427677917485
picorv32,cpuregs[19][3],train,pico_femto,processor,reg_to_reg,0.686035,1.0562967,0.37026170619964605
picorv32,cpuregs[19][4],train,pico_femto,processor,reg_to_reg,0.686035,1.0562967,0.37026170619964605
picorv32,cpuregs[19][5],train,pico_femto,processor,reg_to_reg,0.686035,1.0562967,0.37026170619964605
picorv32,cpuregs[19][6],train,pico_femto,processor,reg_to_reg,0.686035,1.0562967,0.37026170619964605
picorv32,cpuregs[19][7],train,pico_femto,processor,reg_to_reg,0.686035,1.0562967,0.37026170619964605
picorv32,cpuregs[19][8],train,pico_femto,processor,reg_to_reg,0.686035,1.0562967,0.37026170619964605
picorv32,cpuregs[19][9],train,pico_femto,processor,reg_to_reg,0.686035,1.0562967,0.37026170619964605
picorv32,cpuregs[1][0],train,pico_femto,processor,reg_to_reg,0.690595,1.0562967,0.36570170619964604
picorv32,cpuregs[1][10],train,pico_femto,processor,reg_to_reg,0.690595,1.0562967,0.36570170619964604
picorv32,cpuregs[1][11],train,pico_femto,processor,reg_to_reg,0.690595,1.0562967,0.36570170619964604
picorv32,cpuregs[1][12],train,pico_femto,processor,reg_to_reg,0.690595,1.0562967,0.36570170619964604
picorv32,cpuregs[1][13],train,pico_femto,processor,reg_to_reg,0.690595,1.0562967,0.36570170619964604
picorv32,cpuregs[1][14],train,pico_femto,processor,reg_to_reg,0.690595,1.0562967,0.36570170619964604
picorv32,cpuregs[1][15],train,pico_femto,processor,reg_to_reg,0.690595,1.0562967,0.36570170619964604
picorv32,cpuregs[1][16],train,pico_femto,processor,reg_to_reg,0.720338,1.0601633,0.33982525950622555
picorv32,cpuregs[1][17],train,pico_femto,processor,reg_to_reg,0.761929,1.0806873,0.3187582844696045
picorv32,cpuregs[1][18],train,pico_femto,processor,reg_to_reg,0.766871,1.0806873,0.3138162844696045
picorv32,cpuregs[1][19],train,pico_femto,processor,reg_to_reg,0.810574,1.0806873,0.2701132844696045
picorv32,cpuregs[1][1],train,pico_femto,processor,reg_to_reg,0.690595,1.0562967,0.36570170619964604
picorv32,cpuregs[1][20],train,pico_femto,processor,reg_to_reg,0.852166,1.1210648,0.2688987821426392
picorv32,cpuregs[1][21],train,pico_femto,processor,reg_to_reg,0.85771,1.1210648,0.2633547821426392
picorv32,cpuregs[1][22],train,pico_femto,processor,reg_to_reg,0.90128,1.1809709,0.27969090721130374
picorv32,cpuregs[1][23],train,pico_femto,processor,reg_to_reg,0.942871,1.1775534,0.2346824152984619
picorv32,cpuregs[1][24],train,pico_femto,processor,reg_to_reg,0.947812,1.3774073,0.4295953123931885
picorv32,cpuregs[1][25],train,pico_femto,processor,reg_to_reg,0.991515,1.4691918,0.47767678962707516
picorv32,cpuregs[1][26],train,pico_femto,processor,reg_to_reg,1.033106,1.4691918,0.4360857896270751
picorv32,cpuregs[1][27],train,pico_femto,processor,reg_to_reg,1.03824,1.4691918,0.43095178962707514
picorv32,cpuregs[1][28],train,pico_femto,processor,reg_to_reg,1.067744,1.4691918,0.40144778962707517
picorv32,cpuregs[1][29],train,pico_femto,processor,reg_to_reg,1.112199,1.5658586,0.4536596025238038
picorv32,cpuregs[1][2],train,pico_femto,processor,reg_to_reg,0.690595,1.0562967,0.36570170619964604
picorv32,cpuregs[1][30],train,pico_femto,processor,reg_to_reg,1.138849,1.5729123,0.434063335395813
picorv32,cpuregs[1][31],train,pico_femto,processor,reg_to_reg,1.147017,1.5899513,0.44293427677917485
picorv32,cpuregs[1][3],train,pico_femto,processor,reg_to_reg,0.690595,1.0562967,0.36570170619964604
picorv32,cpuregs[1][4],train,pico_femto,processor,reg_to_reg,0.690595,1.0562967,0.36570170619964604
picorv32,cpuregs[1][5],train,pico_femto,processor,reg_to_reg,0.690595,1.0562967,0.36570170619964604
picorv32,cpuregs[1][6],train,pico_femto,processor,reg_to_reg,0.690595,1.0562967,0.36570170619964604
picorv32,cpuregs[1][7],train,pico_femto,processor,reg_to_reg,0.690595,1.0562967,0.36570170619964604
picorv32,cpuregs[1][8],train,pico_femto,processor,reg_to_reg,0.690595,1.0562967,0.36570170619964604
picorv32,cpuregs[1][9],train,pico_femto,processor,reg_to_reg,0.690595,1.0562967,0.36570170619964604
picorv32,cpuregs[20][0],train,pico_femto,processor,reg_to_reg,0.686035,1.0562967,0.37026170619964605
picorv32,cpuregs[20][10],train,pico_femto,processor,reg_to_reg,0.686035,1.0562967,0.37026170619964605
picorv32,cpuregs[20][11],train,pico_femto,processor,reg_to_reg,0.686035,1.0562967,0.37026170619964605
picorv32,cpuregs[20][12],train,pico_femto,processor,reg_to_reg,0.686035,1.0562967,0.37026170619964605
picorv32,cpuregs[20][13],train,pico_femto,processor,reg_to_reg,0.686035,1.0562967,0.37026170619964605
picorv32,cpuregs[20][14],train,pico_femto,processor,reg_to_reg,0.686035,1.0562967,0.37026170619964605
picorv32,cpuregs[20][15],train,pico_femto,processor,reg_to_reg,0.686035,1.0562967,0.37026170619964605
picorv32,cpuregs[20][16],train,pico_femto,processor,reg_to_reg,0.720338,1.0601633,0.33982525950622555
picorv32,cpuregs[20][17],train,pico_femto,processor,reg_to_reg,0.761929,1.0806873,0.3187582844696045
picorv32,cpuregs[20][18],train,pico_femto,processor,reg_to_reg,0.766871,1.0806873,0.3138162844696045
picorv32,cpuregs[20][19],train,pico_femto,processor,reg_to_reg,0.810574,1.0806873,0.2701132844696045
picorv32,cpuregs[20][1],train,pico_femto,processor,reg_to_reg,0.686035,1.0562967,0.37026170619964605
picorv32,cpuregs[20][20],train,pico_femto,processor,reg_to_reg,0.852166,1.1210648,0.2688987821426392
picorv32,cpuregs[20][21],train,pico_femto,processor,reg_to_reg,0.85771,1.1210648,0.2633547821426392
picorv32,cpuregs[20][22],train,pico_femto,processor,reg_to_reg,0.90128,1.1809709,0.27969090721130374
picorv32,cpuregs[20][23],train,pico_femto,processor,reg_to_reg,0.942871,1.1775534,0.2346824152984619
picorv32,cpuregs[20][24],train,pico_femto,processor,reg_to_reg,0.947812,1.3774073,0.4295953123931885
picorv32,cpuregs[20][25],train,pico_femto,processor,reg_to_reg,0.991515,1.4691918,0.47767678962707516
picorv32,cpuregs[20][26],train,pico_femto,processor,reg_to_reg,1.033106,1.4691918,0.4360857896270751
picorv32,cpuregs[20][27],train,pico_femto,processor,reg_to_reg,1.03824,1.4691918,0.43095178962707514
picorv32,cpuregs[20][28],train,pico_femto,processor,reg_to_reg,1.067744,1.4691918,0.40144778962707517
picorv32,cpuregs[20][29],train,pico_femto,processor,reg_to_reg,1.112199,1.5658586,0.4536596025238038
picorv32,cpuregs[20][2],train,pico_femto,processor,reg_to_reg,0.686035,1.0562967,0.37026170619964605
picorv32,cpuregs[20][30],train,pico_femto,processor,reg_to_reg,1.138849,1.5729123,0.434063335395813
picorv32,cpuregs[20][31],train,pico_femto,processor,reg_to_reg,1.147017,1.5899513,0.44293427677917485
picorv32,cpuregs[20][3],train,pico_femto,processor,reg_to_reg,0.686035,1.0562967,0.37026170619964605
picorv32,cpuregs[20][4],train,pico_femto,processor,reg_to_reg,0.686035,1.0562967,0.37026170619964605
picorv32,cpuregs[20][5],train,pico_femto,processor,reg_to_reg,0.686035,1.0562967,0.37026170619964605
picorv32,cpuregs[20][6],train,pico_femto,processor,reg_to_reg,0.686035,1.0562967,0.37026170619964605
picorv32,cpuregs[20][7],train,pico_femto,processor,reg_to_reg,0.686035,1.0562967,0.37026170619964605
picorv32,cpuregs[20][8],train,pico_femto,processor,reg_to_reg,0.686035,1.0562967,0.37026170619964605
picorv32,cpuregs[20][9],train,pico_femto,processor,reg_to_reg,0.686035,1.0562967,0.37026170619964605
picorv32,cpuregs[21][0],train,pico_femto,processor,reg_to_reg,0.686035,1.0562967,0.37026170619964605
picorv32,cpuregs[21][10],train,pico_femto,processor,reg_to_reg,0.686035,1.0562967,0.37026170619964605
picorv32,cpuregs[21][11],train,pico_femto,processor,reg_to_reg,0.686035,1.0562967,0.37026170619964605
picorv32,cpuregs[21][12],train,pico_femto,processor,reg_to_reg,0.686035,1.0562967,0.37026170619964605
picorv32,cpuregs[21][13],train,pico_femto,processor,reg_to_reg,0.686035,1.0562967,0.37026170619964605
picorv32,cpuregs[21][14],train,pico_femto,processor,reg_to_reg,0.686035,1.0562967,0.37026170619964605
picorv32,cpuregs[21][15],train,pico_femto,processor,reg_to_reg,0.686035,1.0562967,0.37026170619964605
picorv32,cpuregs[21][16],train,pico_femto,processor,reg_to_reg,0.720338,1.0601633,0.33982525950622555
picorv32,cpuregs[21][17],train,pico_femto,processor,reg_to_reg,0.761929,1.0806873,0.3187582844696045
picorv32,cpuregs[21][18],train,pico_femto,processor,reg_to_reg,0.766871,1.0806873,0.3138162844696045
picorv32,cpuregs[21][19],train,pico_femto,processor,reg_to_reg,0.810574,1.0806873,0.2701132844696045
picorv32,cpuregs[21][1],train,pico_femto,processor,reg_to_reg,0.686035,1.0562967,0.37026170619964605
picorv32,cpuregs[21][20],train,pico_femto,processor,reg_to_reg,0.852166,1.1210648,0.2688987821426392
picorv32,cpuregs[21][21],train,pico_femto,processor,reg_to_reg,0.85771,1.1210648,0.2633547821426392
picorv32,cpuregs[21][22],train,pico_femto,processor,reg_to_reg,0.90128,1.1809709,0.27969090721130374
picorv32,cpuregs[21][23],train,pico_femto,processor,reg_to_reg,0.942871,1.1775534,0.2346824152984619
picorv32,cpuregs[21][24],train,pico_femto,processor,reg_to_reg,0.947812,1.3774073,0.4295953123931885
picorv32,cpuregs[21][25],train,pico_femto,processor,reg_to_reg,0.991515,1.4691918,0.47767678962707516
picorv32,cpuregs[21][26],train,pico_femto,processor,reg_to_reg,1.033106,1.4691918,0.4360857896270751
picorv32,cpuregs[21][27],train,pico_femto,processor,reg_to_reg,1.03824,1.4691918,0.43095178962707514
picorv32,cpuregs[21][28],train,pico_femto,processor,reg_to_reg,1.067744,1.4691918,0.40144778962707517
picorv32,cpuregs[21][29],train,pico_femto,processor,reg_to_reg,1.112199,1.5658586,0.4536596025238038
picorv32,cpuregs[21][2],train,pico_femto,processor,reg_to_reg,0.686035,1.0562967,0.37026170619964605
picorv32,cpuregs[21][30],train,pico_femto,processor,reg_to_reg,1.138849,1.5729123,0.434063335395813
picorv32,cpuregs[21][31],train,pico_femto,processor,reg_to_reg,1.147017,1.5899513,0.44293427677917485
picorv32,cpuregs[21][3],train,pico_femto,processor,reg_to_reg,0.686035,1.0562967,0.37026170619964605
picorv32,cpuregs[21][4],train,pico_femto,processor,reg_to_reg,0.686035,1.0562967,0.37026170619964605
picorv32,cpuregs[21][5],train,pico_femto,processor,reg_to_reg,0.686035,1.0562967,0.37026170619964605
picorv32,cpuregs[21][6],train,pico_femto,processor,reg_to_reg,0.686035,1.0562967,0.37026170619964605
picorv32,cpuregs[21][7],train,pico_femto,processor,reg_to_reg,0.686035,1.0562967,0.37026170619964605
picorv32,cpuregs[21][8],train,pico_femto,processor,reg_to_reg,0.686035,1.0562967,0.37026170619964605
picorv32,cpuregs[21][9],train,pico_femto,processor,reg_to_reg,0.686035,1.0562967,0.37026170619964605
picorv32,cpuregs[22][0],train,pico_femto,processor,reg_to_reg,0.686035,1.0562967,0.37026170619964605
picorv32,cpuregs[22][10],train,pico_femto,processor,reg_to_reg,0.686035,1.0562967,0.37026170619964605
picorv32,cpuregs[22][11],train,pico_femto,processor,reg_to_reg,0.686035,1.0562967,0.37026170619964605
picorv32,cpuregs[22][12],train,pico_femto,processor,reg_to_reg,0.686035,1.0562967,0.37026170619964605
picorv32,cpuregs[22][13],train,pico_femto,processor,reg_to_reg,0.686035,1.0562967,0.37026170619964605
picorv32,cpuregs[22][14],train,pico_femto,processor,reg_to_reg,0.686035,1.0562967,0.37026170619964605
picorv32,cpuregs[22][15],train,pico_femto,processor,reg_to_reg,0.686035,1.0562967,0.37026170619964605
picorv32,cpuregs[22][16],train,pico_femto,processor,reg_to_reg,0.720338,1.0601633,0.33982525950622555
picorv32,cpuregs[22][17],train,pico_femto,processor,reg_to_reg,0.761929,1.0806873,0.3187582844696045
picorv32,cpuregs[22][18],train,pico_femto,processor,reg_to_reg,0.766871,1.0806873,0.3138162844696045
picorv32,cpuregs[22][19],train,pico_femto,processor,reg_to_reg,0.810574,1.0806873,0.2701132844696045
picorv32,cpuregs[22][1],train,pico_femto,processor,reg_to_reg,0.686035,1.0562967,0.37026170619964605
picorv32,cpuregs[22][20],train,pico_femto,processor,reg_to_reg,0.852166,1.1210648,0.2688987821426392
picorv32,cpuregs[22][21],train,pico_femto,processor,reg_to_reg,0.85771,1.1210648,0.2633547821426392
picorv32,cpuregs[22][22],train,pico_femto,processor,reg_to_reg,0.90128,1.1809709,0.27969090721130374
picorv32,cpuregs[22][23],train,pico_femto,processor,reg_to_reg,0.942871,1.1775534,0.2346824152984619
picorv32,cpuregs[22][24],train,pico_femto,processor,reg_to_reg,0.947812,1.3774073,0.4295953123931885
picorv32,cpuregs[22][25],train,pico_femto,processor,reg_to_reg,0.991515,1.4691918,0.47767678962707516
picorv32,cpuregs[22][26],train,pico_femto,processor,reg_to_reg,1.033106,1.4691918,0.4360857896270751
picorv32,cpuregs[22][27],train,pico_femto,processor,reg_to_reg,1.03824,1.4691918,0.43095178962707514
picorv32,cpuregs[22][28],train,pico_femto,processor,reg_to_reg,1.067744,1.4691918,0.40144778962707517
picorv32,cpuregs[22][29],train,pico_femto,processor,reg_to_reg,1.112199,1.5658586,0.4536596025238038
picorv32,cpuregs[22][2],train,pico_femto,processor,reg_to_reg,0.686035,1.0562967,0.37026170619964605
picorv32,cpuregs[22][30],train,pico_femto,processor,reg_to_reg,1.138849,1.5729123,0.434063335395813
picorv32,cpuregs[22][31],train,pico_femto,processor,reg_to_reg,1.147017,1.5899513,0.44293427677917485
picorv32,cpuregs[22][3],train,pico_femto,processor,reg_to_reg,0.686035,1.0562967,0.37026170619964605
picorv32,cpuregs[22][4],train,pico_femto,processor,reg_to_reg,0.686035,1.0562967,0.37026170619964605
picorv32,cpuregs[22][5],train,pico_femto,processor,reg_to_reg,0.686035,1.0562967,0.37026170619964605
picorv32,cpuregs[22][6],train,pico_femto,processor,reg_to_reg,0.686035,1.0562967,0.37026170619964605
picorv32,cpuregs[22][7],train,pico_femto,processor,reg_to_reg,0.686035,1.0562967,0.37026170619964605
picorv32,cpuregs[22][8],train,pico_femto,processor,reg_to_reg,0.686035,1.0562967,0.37026170619964605
picorv32,cpuregs[22][9],train,pico_femto,processor,reg_to_reg,0.686035,1.0562967,0.37026170619964605
picorv32,cpuregs[23][0],train,pico_femto,processor,reg_to_reg,0.686035,1.0562967,0.37026170619964605
picorv32,cpuregs[23][10],train,pico_femto,processor,reg_to_reg,0.686035,1.0562967,0.37026170619964605
picorv32,cpuregs[23][11],train,pico_femto,processor,reg_to_reg,0.686035,1.0562967,0.37026170619964605
picorv32,cpuregs[23][12],train,pico_femto,processor,reg_to_reg,0.686035,1.0562967,0.37026170619964605
picorv32,cpuregs[23][13],train,pico_femto,processor,reg_to_reg,0.686035,1.0562967,0.37026170619964605
picorv32,cpuregs[23][14],train,pico_femto,processor,reg_to_reg,0.686035,1.0562967,0.37026170619964605
picorv32,cpuregs[23][15],train,pico_femto,processor,reg_to_reg,0.686035,1.0562967,0.37026170619964605
picorv32,cpuregs[23][16],train,pico_femto,processor,reg_to_reg,0.720338,1.0601633,0.33982525950622555
picorv32,cpuregs[23][17],train,pico_femto,processor,reg_to_reg,0.761929,1.0806873,0.3187582844696045
picorv32,cpuregs[23][18],train,pico_femto,processor,reg_to_reg,0.766871,1.0806873,0.3138162844696045
picorv32,cpuregs[23][19],train,pico_femto,processor,reg_to_reg,0.810574,1.0806873,0.2701132844696045
picorv32,cpuregs[23][1],train,pico_femto,processor,reg_to_reg,0.686035,1.0562967,0.37026170619964605
picorv32,cpuregs[23][20],train,pico_femto,processor,reg_to_reg,0.852166,1.1210648,0.2688987821426392
picorv32,cpuregs[23][21],train,pico_femto,processor,reg_to_reg,0.85771,1.1210648,0.2633547821426392
picorv32,cpuregs[23][22],train,pico_femto,processor,reg_to_reg,0.90128,1.1809709,0.27969090721130374
picorv32,cpuregs[23][23],train,pico_femto,processor,reg_to_reg,0.942871,1.1775534,0.2346824152984619
picorv32,cpuregs[23][24],train,pico_femto,processor,reg_to_reg,0.947812,1.3774073,0.4295953123931885
picorv32,cpuregs[23][25],train,pico_femto,processor,reg_to_reg,0.991515,1.4691918,0.47767678962707516
picorv32,cpuregs[23][26],train,pico_femto,processor,reg_to_reg,1.033106,1.4691918,0.4360857896270751
picorv32,cpuregs[23][27],train,pico_femto,processor,reg_to_reg,1.03824,1.4691918,0.43095178962707514
picorv32,cpuregs[23][28],train,pico_femto,processor,reg_to_reg,1.067744,1.4691918,0.40144778962707517
picorv32,cpuregs[23][29],train,pico_femto,processor,reg_to_reg,1.112199,1.5658586,0.4536596025238038
picorv32,cpuregs[23][2],train,pico_femto,processor,reg_to_reg,0.686035,1.0562967,0.37026170619964605
picorv32,cpuregs[23][30],train,pico_femto,processor,reg_to_reg,1.138849,1.5729123,0.434063335395813
picorv32,cpuregs[23][31],train,pico_femto,processor,reg_to_reg,1.147017,1.5899513,0.44293427677917485
picorv32,cpuregs[23][3],train,pico_femto,processor,reg_to_reg,0.686035,1.0562967,0.37026170619964605
picorv32,cpuregs[23][4],train,pico_femto,processor,reg_to_reg,0.686035,1.0562967,0.37026170619964605
picorv32,cpuregs[23][5],train,pico_femto,processor,reg_to_reg,0.686035,1.0562967,0.37026170619964605
picorv32,cpuregs[23][6],train,pico_femto,processor,reg_to_reg,0.686035,1.0562967,0.37026170619964605
picorv32,cpuregs[23][7],train,pico_femto,processor,reg_to_reg,0.686035,1.0562967,0.37026170619964605
picorv32,cpuregs[23][8],train,pico_femto,processor,reg_to_reg,0.686035,1.0562967,0.37026170619964605
picorv32,cpuregs[23][9],train,pico_femto,processor,reg_to_reg,0.686035,1.0562967,0.37026170619964605
picorv32,cpuregs[24][0],train,pico_femto,processor,reg_to_reg,0.686035,1.0562967,0.37026170619964605
picorv32,cpuregs[24][10],train,pico_femto,processor,reg_to_reg,0.686035,1.0562967,0.37026170619964605
picorv32,cpuregs[24][11],train,pico_femto,processor,reg_to_reg,0.686035,1.0562967,0.37026170619964605
picorv32,cpuregs[24][12],train,pico_femto,processor,reg_to_reg,0.686035,1.0562967,0.37026170619964605
picorv32,cpuregs[24][13],train,pico_femto,processor,reg_to_reg,0.686035,1.0562967,0.37026170619964605
picorv32,cpuregs[24][14],train,pico_femto,processor,reg_to_reg,0.686035,1.0562967,0.37026170619964605
picorv32,cpuregs[24][15],train,pico_femto,processor,reg_to_reg,0.686035,1.0562967,0.37026170619964605
picorv32,cpuregs[24][16],train,pico_femto,processor,reg_to_reg,0.720338,1.0601633,0.33982525950622555
picorv32,cpuregs[24][17],train,pico_femto,processor,reg_to_reg,0.761929,1.0806873,0.3187582844696045
picorv32,cpuregs[24][18],train,pico_femto,processor,reg_to_reg,0.766871,1.0806873,0.3138162844696045
picorv32,cpuregs[24][19],train,pico_femto,processor,reg_to_reg,0.810574,1.0806873,0.2701132844696045
picorv32,cpuregs[24][1],train,pico_femto,processor,reg_to_reg,0.686035,1.0562967,0.37026170619964605
picorv32,cpuregs[24][20],train,pico_femto,processor,reg_to_reg,0.852166,1.1210648,0.2688987821426392
picorv32,cpuregs[24][21],train,pico_femto,processor,reg_to_reg,0.85771,1.1210648,0.2633547821426392
picorv32,cpuregs[24][22],train,pico_femto,processor,reg_to_reg,0.90128,1.1809709,0.27969090721130374
picorv32,cpuregs[24][23],train,pico_femto,processor,reg_to_reg,0.942871,1.1775534,0.2346824152984619
picorv32,cpuregs[24][24],train,pico_femto,processor,reg_to_reg,0.947812,1.3774073,0.4295953123931885
picorv32,cpuregs[24][25],train,pico_femto,processor,reg_to_reg,0.991515,1.4691918,0.47767678962707516
picorv32,cpuregs[24][26],train,pico_femto,processor,reg_to_reg,1.033106,1.4691918,0.4360857896270751
picorv32,cpuregs[24][27],train,pico_femto,processor,reg_to_reg,1.03824,1.4691918,0.43095178962707514
picorv32,cpuregs[24][28],train,pico_femto,processor,reg_to_reg,1.067744,1.4691918,0.40144778962707517
picorv32,cpuregs[24][29],train,pico_femto,processor,reg_to_reg,1.112199,1.5658586,0.4536596025238038
picorv32,cpuregs[24][2],train,pico_femto,processor,reg_to_reg,0.686035,1.0562967,0.37026170619964605
picorv32,cpuregs[24][30],train,pico_femto,processor,reg_to_reg,1.138849,1.5729123,0.434063335395813
picorv32,cpuregs[24][31],train,pico_femto,processor,reg_to_reg,1.147017,1.5899513,0.44293427677917485
picorv32,cpuregs[24][3],train,pico_femto,processor,reg_to_reg,0.686035,1.0562967,0.37026170619964605
picorv32,cpuregs[24][4],train,pico_femto,processor,reg_to_reg,0.686035,1.0562967,0.37026170619964605
picorv32,cpuregs[24][5],train,pico_femto,processor,reg_to_reg,0.686035,1.0562967,0.37026170619964605
picorv32,cpuregs[24][6],train,pico_femto,processor,reg_to_reg,0.686035,1.0562967,0.37026170619964605
picorv32,cpuregs[24][7],train,pico_femto,processor,reg_to_reg,0.686035,1.0562967,0.37026170619964605
picorv32,cpuregs[24][8],train,pico_femto,processor,reg_to_reg,0.686035,1.0562967,0.37026170619964605
picorv32,cpuregs[24][9],train,pico_femto,processor,reg_to_reg,0.686035,1.0562967,0.37026170619964605
picorv32,cpuregs[25][0],train,pico_femto,processor,reg_to_reg,0.686035,1.0562967,0.37026170619964605
picorv32,cpuregs[25][10],train,pico_femto,processor,reg_to_reg,0.686035,1.0562967,0.37026170619964605
picorv32,cpuregs[25][11],train,pico_femto,processor,reg_to_reg,0.686035,1.0562967,0.37026170619964605
picorv32,cpuregs[25][12],train,pico_femto,processor,reg_to_reg,0.686035,1.0562967,0.37026170619964605
picorv32,cpuregs[25][13],train,pico_femto,processor,reg_to_reg,0.686035,1.0562967,0.37026170619964605
picorv32,cpuregs[25][14],train,pico_femto,processor,reg_to_reg,0.686035,1.0562967,0.37026170619964605
picorv32,cpuregs[25][15],train,pico_femto,processor,reg_to_reg,0.686035,1.0562967,0.37026170619964605
picorv32,cpuregs[25][16],train,pico_femto,processor,reg_to_reg,0.720338,1.0601633,0.33982525950622555
picorv32,cpuregs[25][17],train,pico_femto,processor,reg_to_reg,0.761929,1.0806873,0.3187582844696045
picorv32,cpuregs[25][18],train,pico_femto,processor,reg_to_reg,0.766871,1.0806873,0.3138162844696045
picorv32,cpuregs[25][19],train,pico_femto,processor,reg_to_reg,0.810574,1.0806873,0.2701132844696045
picorv32,cpuregs[25][1],train,pico_femto,processor,reg_to_reg,0.686035,1.0562967,0.37026170619964605
picorv32,cpuregs[25][20],train,pico_femto,processor,reg_to_reg,0.852166,1.1210648,0.2688987821426392
picorv32,cpuregs[25][21],train,pico_femto,processor,reg_to_reg,0.85771,1.1210648,0.2633547821426392
picorv32,cpuregs[25][22],train,pico_femto,processor,reg_to_reg,0.90128,1.1809709,0.27969090721130374
picorv32,cpuregs[25][23],train,pico_femto,processor,reg_to_reg,0.942871,1.1775534,0.2346824152984619
picorv32,cpuregs[25][24],train,pico_femto,processor,reg_to_reg,0.947812,1.3774073,0.4295953123931885
picorv32,cpuregs[25][25],train,pico_femto,processor,reg_to_reg,0.991515,1.4691918,0.47767678962707516
picorv32,cpuregs[25][26],train,pico_femto,processor,reg_to_reg,1.033106,1.4691918,0.4360857896270751
picorv32,cpuregs[25][27],train,pico_femto,processor,reg_to_reg,1.03824,1.4691918,0.43095178962707514
picorv32,cpuregs[25][28],train,pico_femto,processor,reg_to_reg,1.067744,1.4691918,0.40144778962707517
picorv32,cpuregs[25][29],train,pico_femto,processor,reg_to_reg,1.112199,1.5658586,0.4536596025238038
picorv32,cpuregs[25][2],train,pico_femto,processor,reg_to_reg,0.686035,1.0562967,0.37026170619964605
picorv32,cpuregs[25][30],train,pico_femto,processor,reg_to_reg,1.138849,1.5729123,0.434063335395813
picorv32,cpuregs[25][31],train,pico_femto,processor,reg_to_reg,1.147017,1.5899513,0.44293427677917485
picorv32,cpuregs[25][3],train,pico_femto,processor,reg_to_reg,0.686035,1.0562967,0.37026170619964605
picorv32,cpuregs[25][4],train,pico_femto,processor,reg_to_reg,0.686035,1.0562967,0.37026170619964605
picorv32,cpuregs[25][5],train,pico_femto,processor,reg_to_reg,0.686035,1.0562967,0.37026170619964605
picorv32,cpuregs[25][6],train,pico_femto,processor,reg_to_reg,0.686035,1.0562967,0.37026170619964605
picorv32,cpuregs[25][7],train,pico_femto,processor,reg_to_reg,0.686035,1.0562967,0.37026170619964605
picorv32,cpuregs[25][8],train,pico_femto,processor,reg_to_reg,0.686035,1.0562967,0.37026170619964605
picorv32,cpuregs[25][9],train,pico_femto,processor,reg_to_reg,0.686035,1.0562967,0.37026170619964605
picorv32,cpuregs[26][0],train,pico_femto,processor,reg_to_reg,0.686035,1.0562967,0.37026170619964605
picorv32,cpuregs[26][10],train,pico_femto,processor,reg_to_reg,0.686035,1.0562967,0.37026170619964605
picorv32,cpuregs[26][11],train,pico_femto,processor,reg_to_reg,0.686035,1.0562967,0.37026170619964605
picorv32,cpuregs[26][12],train,pico_femto,processor,reg_to_reg,0.686035,1.0562967,0.37026170619964605
picorv32,cpuregs[26][13],train,pico_femto,processor,reg_to_reg,0.686035,1.0562967,0.37026170619964605
picorv32,cpuregs[26][14],train,pico_femto,processor,reg_to_reg,0.686035,1.0562967,0.37026170619964605
picorv32,cpuregs[26][15],train,pico_femto,processor,reg_to_reg,0.686035,1.0562967,0.37026170619964605
picorv32,cpuregs[26][16],train,pico_femto,processor,reg_to_reg,0.720338,1.0601633,0.33982525950622555
picorv32,cpuregs[26][17],train,pico_femto,processor,reg_to_reg,0.761929,1.0806873,0.3187582844696045
picorv32,cpuregs[26][18],train,pico_femto,processor,reg_to_reg,0.766871,1.0806873,0.3138162844696045
picorv32,cpuregs[26][19],train,pico_femto,processor,reg_to_reg,0.810574,1.0806873,0.2701132844696045
picorv32,cpuregs[26][1],train,pico_femto,processor,reg_to_reg,0.686035,1.0562967,0.37026170619964605
picorv32,cpuregs[26][20],train,pico_femto,processor,reg_to_reg,0.852166,1.1210648,0.2688987821426392
picorv32,cpuregs[26][21],train,pico_femto,processor,reg_to_reg,0.85771,1.1210648,0.2633547821426392
picorv32,cpuregs[26][22],train,pico_femto,processor,reg_to_reg,0.90128,1.1809709,0.27969090721130374
picorv32,cpuregs[26][23],train,pico_femto,processor,reg_to_reg,0.942871,1.1775534,0.2346824152984619
picorv32,cpuregs[26][24],train,pico_femto,processor,reg_to_reg,0.947812,1.3774073,0.4295953123931885
picorv32,cpuregs[26][25],train,pico_femto,processor,reg_to_reg,0.991515,1.4691918,0.47767678962707516
picorv32,cpuregs[26][26],train,pico_femto,processor,reg_to_reg,1.033106,1.4691918,0.4360857896270751
picorv32,cpuregs[26][27],train,pico_femto,processor,reg_to_reg,1.03824,1.4691918,0.43095178962707514
picorv32,cpuregs[26][28],train,pico_femto,processor,reg_to_reg,1.067744,1.4691918,0.40144778962707517
picorv32,cpuregs[26][29],train,pico_femto,processor,reg_to_reg,1.112199,1.5658586,0.4536596025238038
picorv32,cpuregs[26][2],train,pico_femto,processor,reg_to_reg,0.686035,1.0562967,0.37026170619964605
picorv32,cpuregs[26][30],train,pico_femto,processor,reg_to_reg,1.138849,1.5729123,0.434063335395813
picorv32,cpuregs[26][31],train,pico_femto,processor,reg_to_reg,1.147017,1.5899513,0.44293427677917485
picorv32,cpuregs[26][3],train,pico_femto,processor,reg_to_reg,0.686035,1.0562967,0.37026170619964605
picorv32,cpuregs[26][4],train,pico_femto,processor,reg_to_reg,0.686035,1.0562967,0.37026170619964605
picorv32,cpuregs[26][5],train,pico_femto,processor,reg_to_reg,0.686035,1.0562967,0.37026170619964605
picorv32,cpuregs[26][6],train,pico_femto,processor,reg_to_reg,0.686035,1.0562967,0.37026170619964605
picorv32,cpuregs[26][7],train,pico_femto,processor,reg_to_reg,0.686035,1.0562967,0.37026170619964605
picorv32,cpuregs[26][8],train,pico_femto,processor,reg_to_reg,0.686035,1.0562967,0.37026170619964605
picorv32,cpuregs[26][9],train,pico_femto,processor,reg_to_reg,0.686035,1.0562967,0.37026170619964605
picorv32,cpuregs[27][0],train,pico_femto,processor,reg_to_reg,0.686035,1.0562967,0.37026170619964605
picorv32,cpuregs[27][10],train,pico_femto,processor,reg_to_reg,0.686035,1.0562967,0.37026170619964605
picorv32,cpuregs[27][11],train,pico_femto,processor,reg_to_reg,0.686035,1.0562967,0.37026170619964605
picorv32,cpuregs[27][12],train,pico_femto,processor,reg_to_reg,0.686035,1.0562967,0.37026170619964605
picorv32,cpuregs[27][13],train,pico_femto,processor,reg_to_reg,0.686035,1.0562967,0.37026170619964605
picorv32,cpuregs[27][14],train,pico_femto,processor,reg_to_reg,0.686035,1.0562967,0.37026170619964605
picorv32,cpuregs[27][15],train,pico_femto,processor,reg_to_reg,0.686035,1.0562967,0.37026170619964605
picorv32,cpuregs[27][16],train,pico_femto,processor,reg_to_reg,0.720338,1.0601633,0.33982525950622555
picorv32,cpuregs[27][17],train,pico_femto,processor,reg_to_reg,0.761929,1.0806873,0.3187582844696045
picorv32,cpuregs[27][18],train,pico_femto,processor,reg_to_reg,0.766871,1.0806873,0.3138162844696045
picorv32,cpuregs[27][19],train,pico_femto,processor,reg_to_reg,0.810574,1.0806873,0.2701132844696045
picorv32,cpuregs[27][1],train,pico_femto,processor,reg_to_reg,0.686035,1.0562967,0.37026170619964605
picorv32,cpuregs[27][20],train,pico_femto,processor,reg_to_reg,0.852166,1.1210648,0.2688987821426392
picorv32,cpuregs[27][21],train,pico_femto,processor,reg_to_reg,0.85771,1.1210648,0.2633547821426392
picorv32,cpuregs[27][22],train,pico_femto,processor,reg_to_reg,0.90128,1.1809709,0.27969090721130374
picorv32,cpuregs[27][23],train,pico_femto,processor,reg_to_reg,0.942871,1.1775534,0.2346824152984619
picorv32,cpuregs[27][24],train,pico_femto,processor,reg_to_reg,0.947812,1.3774073,0.4295953123931885
picorv32,cpuregs[27][25],train,pico_femto,processor,reg_to_reg,0.991515,1.4691918,0.47767678962707516
picorv32,cpuregs[27][26],train,pico_femto,processor,reg_to_reg,1.033106,1.4691918,0.4360857896270751
picorv32,cpuregs[27][27],train,pico_femto,processor,reg_to_reg,1.03824,1.4691918,0.43095178962707514
picorv32,cpuregs[27][28],train,pico_femto,processor,reg_to_reg,1.067744,1.4691918,0.40144778962707517
picorv32,cpuregs[27][29],train,pico_femto,processor,reg_to_reg,1.112199,1.5658586,0.4536596025238038
picorv32,cpuregs[27][2],train,pico_femto,processor,reg_to_reg,0.686035,1.0562967,0.37026170619964605
picorv32,cpuregs[27][30],train,pico_femto,processor,reg_to_reg,1.138849,1.5729123,0.434063335395813
picorv32,cpuregs[27][31],train,pico_femto,processor,reg_to_reg,1.147017,1.5899513,0.44293427677917485
picorv32,cpuregs[27][3],train,pico_femto,processor,reg_to_reg,0.686035,1.0562967,0.37026170619964605
picorv32,cpuregs[27][4],train,pico_femto,processor,reg_to_reg,0.686035,1.0562967,0.37026170619964605
picorv32,cpuregs[27][5],train,pico_femto,processor,reg_to_reg,0.686035,1.0562967,0.37026170619964605
picorv32,cpuregs[27][6],train,pico_femto,processor,reg_to_reg,0.686035,1.0562967,0.37026170619964605
picorv32,cpuregs[27][7],train,pico_femto,processor,reg_to_reg,0.686035,1.0562967,0.37026170619964605
picorv32,cpuregs[27][8],train,pico_femto,processor,reg_to_reg,0.686035,1.0562967,0.37026170619964605
picorv32,cpuregs[27][9],train,pico_femto,processor,reg_to_reg,0.686035,1.0562967,0.37026170619964605
picorv32,cpuregs[28][0],train,pico_femto,processor,reg_to_reg,0.686035,1.0562967,0.37026170619964605
picorv32,cpuregs[28][10],train,pico_femto,processor,reg_to_reg,0.686035,1.0562967,0.37026170619964605
picorv32,cpuregs[28][11],train,pico_femto,processor,reg_to_reg,0.686035,1.0562967,0.37026170619964605
picorv32,cpuregs[28][12],train,pico_femto,processor,reg_to_reg,0.686035,1.0562967,0.37026170619964605
picorv32,cpuregs[28][13],train,pico_femto,processor,reg_to_reg,0.686035,1.0562967,0.37026170619964605
picorv32,cpuregs[28][14],train,pico_femto,processor,reg_to_reg,0.686035,1.0562967,0.37026170619964605
picorv32,cpuregs[28][15],train,pico_femto,processor,reg_to_reg,0.686035,1.0562967,0.37026170619964605
picorv32,cpuregs[28][16],train,pico_femto,processor,reg_to_reg,0.720338,1.0601633,0.33982525950622555
picorv32,cpuregs[28][17],train,pico_femto,processor,reg_to_reg,0.761929,1.0806873,0.3187582844696045
picorv32,cpuregs[28][18],train,pico_femto,processor,reg_to_reg,0.766871,1.0806873,0.3138162844696045
picorv32,cpuregs[28][19],train,pico_femto,processor,reg_to_reg,0.810574,1.0806873,0.2701132844696045
picorv32,cpuregs[28][1],train,pico_femto,processor,reg_to_reg,0.686035,1.0562967,0.37026170619964605
picorv32,cpuregs[28][20],train,pico_femto,processor,reg_to_reg,0.852166,1.1210648,0.2688987821426392
picorv32,cpuregs[28][21],train,pico_femto,processor,reg_to_reg,0.85771,1.1210648,0.2633547821426392
picorv32,cpuregs[28][22],train,pico_femto,processor,reg_to_reg,0.90128,1.1809709,0.27969090721130374
picorv32,cpuregs[28][23],train,pico_femto,processor,reg_to_reg,0.942871,1.1775534,0.2346824152984619
picorv32,cpuregs[28][24],train,pico_femto,processor,reg_to_reg,0.947812,1.3774073,0.4295953123931885
picorv32,cpuregs[28][25],train,pico_femto,processor,reg_to_reg,0.991515,1.4691918,0.47767678962707516
picorv32,cpuregs[28][26],train,pico_femto,processor,reg_to_reg,1.033106,1.4691918,0.4360857896270751
picorv32,cpuregs[28][27],train,pico_femto,processor,reg_to_reg,1.03824,1.4691918,0.43095178962707514
picorv32,cpuregs[28][28],train,pico_femto,processor,reg_to_reg,1.067744,1.4691918,0.40144778962707517
picorv32,cpuregs[28][29],train,pico_femto,processor,reg_to_reg,1.112199,1.5658586,0.4536596025238038
picorv32,cpuregs[28][2],train,pico_femto,processor,reg_to_reg,0.686035,1.0562967,0.37026170619964605
picorv32,cpuregs[28][30],train,pico_femto,processor,reg_to_reg,1.138849,1.5729123,0.434063335395813
picorv32,cpuregs[28][31],train,pico_femto,processor,reg_to_reg,1.147017,1.5899513,0.44293427677917485
picorv32,cpuregs[28][3],train,pico_femto,processor,reg_to_reg,0.686035,1.0562967,0.37026170619964605
picorv32,cpuregs[28][4],train,pico_femto,processor,reg_to_reg,0.686035,1.0562967,0.37026170619964605
picorv32,cpuregs[28][5],train,pico_femto,processor,reg_to_reg,0.686035,1.0562967,0.37026170619964605
picorv32,cpuregs[28][6],train,pico_femto,processor,reg_to_reg,0.686035,1.0562967,0.37026170619964605
picorv32,cpuregs[28][7],train,pico_femto,processor,reg_to_reg,0.686035,1.0562967,0.37026170619964605
picorv32,cpuregs[28][8],train,pico_femto,processor,reg_to_reg,0.686035,1.0562967,0.37026170619964605
picorv32,cpuregs[28][9],train,pico_femto,processor,reg_to_reg,0.686035,1.0562967,0.37026170619964605
picorv32,cpuregs[29][0],train,pico_femto,processor,reg_to_reg,0.686035,1.0562967,0.37026170619964605
picorv32,cpuregs[29][10],train,pico_femto,processor,reg_to_reg,0.686035,1.0562967,0.37026170619964605
picorv32,cpuregs[29][11],train,pico_femto,processor,reg_to_reg,0.686035,1.0562967,0.37026170619964605
picorv32,cpuregs[29][12],train,pico_femto,processor,reg_to_reg,0.686035,1.0562967,0.37026170619964605
picorv32,cpuregs[29][13],train,pico_femto,processor,reg_to_reg,0.686035,1.0562967,0.37026170619964605
picorv32,cpuregs[29][14],train,pico_femto,processor,reg_to_reg,0.686035,1.0562967,0.37026170619964605
picorv32,cpuregs[29][15],train,pico_femto,processor,reg_to_reg,0.686035,1.0562967,0.37026170619964605
picorv32,cpuregs[29][16],train,pico_femto,processor,reg_to_reg,0.720338,1.0601633,0.33982525950622555
picorv32,cpuregs[29][17],train,pico_femto,processor,reg_to_reg,0.761929,1.0806873,0.3187582844696045
picorv32,cpuregs[29][18],train,pico_femto,processor,reg_to_reg,0.766871,1.0806873,0.3138162844696045
picorv32,cpuregs[29][19],train,pico_femto,processor,reg_to_reg,0.810574,1.0806873,0.2701132844696045
picorv32,cpuregs[29][1],train,pico_femto,processor,reg_to_reg,0.686035,1.0562967,0.37026170619964605
picorv32,cpuregs[29][20],train,pico_femto,processor,reg_to_reg,0.852166,1.1210648,0.2688987821426392
picorv32,cpuregs[29][21],train,pico_femto,processor,reg_to_reg,0.85771,1.1210648,0.2633547821426392
picorv32,cpuregs[29][22],train,pico_femto,processor,reg_to_reg,0.90128,1.1809709,0.27969090721130374
picorv32,cpuregs[29][23],train,pico_femto,processor,reg_to_reg,0.942871,1.1775534,0.2346824152984619
picorv32,cpuregs[29][24],train,pico_femto,processor,reg_to_reg,0.947812,1.3774073,0.4295953123931885
picorv32,cpuregs[29][25],train,pico_femto,processor,reg_to_reg,0.991515,1.4691918,0.47767678962707516
picorv32,cpuregs[29][26],train,pico_femto,processor,reg_to_reg,1.033106,1.4691918,0.4360857896270751
picorv32,cpuregs[29][27],train,pico_femto,processor,reg_to_reg,1.03824,1.4691918,0.43095178962707514
picorv32,cpuregs[29][28],train,pico_femto,processor,reg_to_reg,1.067744,1.4691918,0.40144778962707517
picorv32,cpuregs[29][29],train,pico_femto,processor,reg_to_reg,1.112199,1.5658586,0.4536596025238038
picorv32,cpuregs[29][2],train,pico_femto,processor,reg_to_reg,0.686035,1.0562967,0.37026170619964605
picorv32,cpuregs[29][30],train,pico_femto,processor,reg_to_reg,1.138849,1.5729123,0.434063335395813
picorv32,cpuregs[29][31],train,pico_femto,processor,reg_to_reg,1.147017,1.5899513,0.44293427677917485
picorv32,cpuregs[29][3],train,pico_femto,processor,reg_to_reg,0.686035,1.0562967,0.37026170619964605
picorv32,cpuregs[29][4],train,pico_femto,processor,reg_to_reg,0.686035,1.0562967,0.37026170619964605
picorv32,cpuregs[29][5],train,pico_femto,processor,reg_to_reg,0.686035,1.0562967,0.37026170619964605
picorv32,cpuregs[29][6],train,pico_femto,processor,reg_to_reg,0.686035,1.0562967,0.37026170619964605
picorv32,cpuregs[29][7],train,pico_femto,processor,reg_to_reg,0.686035,1.0562967,0.37026170619964605
picorv32,cpuregs[29][8],train,pico_femto,processor,reg_to_reg,0.686035,1.0562967,0.37026170619964605
picorv32,cpuregs[29][9],train,pico_femto,processor,reg_to_reg,0.686035,1.0562967,0.37026170619964605
picorv32,cpuregs[2][0],train,pico_femto,processor,reg_to_reg,0.690595,1.0562967,0.36570170619964604
picorv32,cpuregs[2][10],train,pico_femto,processor,reg_to_reg,0.690595,1.0562967,0.36570170619964604
picorv32,cpuregs[2][11],train,pico_femto,processor,reg_to_reg,0.690595,1.0562967,0.36570170619964604
picorv32,cpuregs[2][12],train,pico_femto,processor,reg_to_reg,0.690595,1.0562967,0.36570170619964604
picorv32,cpuregs[2][13],train,pico_femto,processor,reg_to_reg,0.690595,1.0562967,0.36570170619964604
picorv32,cpuregs[2][14],train,pico_femto,processor,reg_to_reg,0.690595,1.0562967,0.36570170619964604
picorv32,cpuregs[2][15],train,pico_femto,processor,reg_to_reg,0.690595,1.0562967,0.36570170619964604
picorv32,cpuregs[2][16],train,pico_femto,processor,reg_to_reg,0.720338,1.0601633,0.33982525950622555
picorv32,cpuregs[2][17],train,pico_femto,processor,reg_to_reg,0.761929,1.0806873,0.3187582844696045
picorv32,cpuregs[2][18],train,pico_femto,processor,reg_to_reg,0.766871,1.0806873,0.3138162844696045
picorv32,cpuregs[2][19],train,pico_femto,processor,reg_to_reg,0.810574,1.0806873,0.2701132844696045
picorv32,cpuregs[2][1],train,pico_femto,processor,reg_to_reg,0.690595,1.0562967,0.36570170619964604
picorv32,cpuregs[2][20],train,pico_femto,processor,reg_to_reg,0.852166,1.1210648,0.2688987821426392
picorv32,cpuregs[2][21],train,pico_femto,processor,reg_to_reg,0.85771,1.1210648,0.2633547821426392
picorv32,cpuregs[2][22],train,pico_femto,processor,reg_to_reg,0.90128,1.1809709,0.27969090721130374
picorv32,cpuregs[2][23],train,pico_femto,processor,reg_to_reg,0.942871,1.1775534,0.2346824152984619
picorv32,cpuregs[2][24],train,pico_femto,processor,reg_to_reg,0.947812,1.3774073,0.4295953123931885
picorv32,cpuregs[2][25],train,pico_femto,processor,reg_to_reg,0.991515,1.4691918,0.47767678962707516
picorv32,cpuregs[2][26],train,pico_femto,processor,reg_to_reg,1.033106,1.4691918,0.4360857896270751
picorv32,cpuregs[2][27],train,pico_femto,processor,reg_to_reg,1.03824,1.4691918,0.43095178962707514
picorv32,cpuregs[2][28],train,pico_femto,processor,reg_to_reg,1.067744,1.4691918,0.40144778962707517
picorv32,cpuregs[2][29],train,pico_femto,processor,reg_to_reg,1.112199,1.5658586,0.4536596025238038
picorv32,cpuregs[2][2],train,pico_femto,processor,reg_to_reg,0.690595,1.0562967,0.36570170619964604
picorv32,cpuregs[2][30],train,pico_femto,processor,reg_to_reg,1.138849,1.5729123,0.434063335395813
picorv32,cpuregs[2][31],train,pico_femto,processor,reg_to_reg,1.147017,1.5899513,0.44293427677917485
picorv32,cpuregs[2][3],train,pico_femto,processor,reg_to_reg,0.690595,1.0562967,0.36570170619964604
picorv32,cpuregs[2][4],train,pico_femto,processor,reg_to_reg,0.690595,1.0562967,0.36570170619964604
picorv32,cpuregs[2][5],train,pico_femto,processor,reg_to_reg,0.690595,1.0562967,0.36570170619964604
picorv32,cpuregs[2][6],train,pico_femto,processor,reg_to_reg,0.690595,1.0562967,0.36570170619964604
picorv32,cpuregs[2][7],train,pico_femto,processor,reg_to_reg,0.690595,1.0562967,0.36570170619964604
picorv32,cpuregs[2][8],train,pico_femto,processor,reg_to_reg,0.690595,1.0562967,0.36570170619964604
picorv32,cpuregs[2][9],train,pico_femto,processor,reg_to_reg,0.690595,1.0562967,0.36570170619964604
picorv32,cpuregs[30][0],train,pico_femto,processor,reg_to_reg,0.686035,1.0562967,0.37026170619964605
picorv32,cpuregs[30][10],train,pico_femto,processor,reg_to_reg,0.686035,1.0562967,0.37026170619964605
picorv32,cpuregs[30][11],train,pico_femto,processor,reg_to_reg,0.686035,1.0562967,0.37026170619964605
picorv32,cpuregs[30][12],train,pico_femto,processor,reg_to_reg,0.686035,1.0562967,0.37026170619964605
picorv32,cpuregs[30][13],train,pico_femto,processor,reg_to_reg,0.686035,1.0562967,0.37026170619964605
picorv32,cpuregs[30][14],train,pico_femto,processor,reg_to_reg,0.686035,1.0562967,0.37026170619964605
picorv32,cpuregs[30][15],train,pico_femto,processor,reg_to_reg,0.686035,1.0562967,0.37026170619964605
picorv32,cpuregs[30][16],train,pico_femto,processor,reg_to_reg,0.720338,1.0601633,0.33982525950622555
picorv32,cpuregs[30][17],train,pico_femto,processor,reg_to_reg,0.761929,1.0806873,0.3187582844696045
picorv32,cpuregs[30][18],train,pico_femto,processor,reg_to_reg,0.766871,1.0806873,0.3138162844696045
picorv32,cpuregs[30][19],train,pico_femto,processor,reg_to_reg,0.810574,1.0806873,0.2701132844696045
picorv32,cpuregs[30][1],train,pico_femto,processor,reg_to_reg,0.686035,1.0562967,0.37026170619964605
picorv32,cpuregs[30][20],train,pico_femto,processor,reg_to_reg,0.852166,1.1210648,0.2688987821426392
picorv32,cpuregs[30][21],train,pico_femto,processor,reg_to_reg,0.85771,1.1210648,0.2633547821426392
picorv32,cpuregs[30][22],train,pico_femto,processor,reg_to_reg,0.90128,1.1809709,0.27969090721130374
picorv32,cpuregs[30][23],train,pico_femto,processor,reg_to_reg,0.942871,1.1775534,0.2346824152984619
picorv32,cpuregs[30][24],train,pico_femto,processor,reg_to_reg,0.947812,1.3774073,0.4295953123931885
picorv32,cpuregs[30][25],train,pico_femto,processor,reg_to_reg,0.991515,1.4691918,0.47767678962707516
picorv32,cpuregs[30][26],train,pico_femto,processor,reg_to_reg,1.033106,1.4691918,0.4360857896270751
picorv32,cpuregs[30][27],train,pico_femto,processor,reg_to_reg,1.03824,1.4691918,0.43095178962707514
picorv32,cpuregs[30][28],train,pico_femto,processor,reg_to_reg,1.067744,1.4691918,0.40144778962707517
picorv32,cpuregs[30][29],train,pico_femto,processor,reg_to_reg,1.112199,1.5658586,0.4536596025238038
picorv32,cpuregs[30][2],train,pico_femto,processor,reg_to_reg,0.686035,1.0562967,0.37026170619964605
picorv32,cpuregs[30][30],train,pico_femto,processor,reg_to_reg,1.138849,1.5729123,0.434063335395813
picorv32,cpuregs[30][31],train,pico_femto,processor,reg_to_reg,1.147017,1.5899513,0.44293427677917485
picorv32,cpuregs[30][3],train,pico_femto,processor,reg_to_reg,0.686035,1.0562967,0.37026170619964605
picorv32,cpuregs[30][4],train,pico_femto,processor,reg_to_reg,0.686035,1.0562967,0.37026170619964605
picorv32,cpuregs[30][5],train,pico_femto,processor,reg_to_reg,0.686035,1.0562967,0.37026170619964605
picorv32,cpuregs[30][6],train,pico_femto,processor,reg_to_reg,0.686035,1.0562967,0.37026170619964605
picorv32,cpuregs[30][7],train,pico_femto,processor,reg_to_reg,0.686035,1.0562967,0.37026170619964605
picorv32,cpuregs[30][8],train,pico_femto,processor,reg_to_reg,0.686035,1.0562967,0.37026170619964605
picorv32,cpuregs[30][9],train,pico_femto,processor,reg_to_reg,0.686035,1.0562967,0.37026170619964605
picorv32,cpuregs[31][0],train,pico_femto,processor,reg_to_reg,0.686035,1.0562967,0.37026170619964605
picorv32,cpuregs[31][10],train,pico_femto,processor,reg_to_reg,0.686035,1.0562967,0.37026170619964605
picorv32,cpuregs[31][11],train,pico_femto,processor,reg_to_reg,0.686035,1.0562967,0.37026170619964605
picorv32,cpuregs[31][12],train,pico_femto,processor,reg_to_reg,0.686035,1.0562967,0.37026170619964605
picorv32,cpuregs[31][13],train,pico_femto,processor,reg_to_reg,0.686035,1.0562967,0.37026170619964605
picorv32,cpuregs[31][14],train,pico_femto,processor,reg_to_reg,0.686035,1.0562967,0.37026170619964605
picorv32,cpuregs[31][15],train,pico_femto,processor,reg_to_reg,0.686035,1.0562967,0.37026170619964605
picorv32,cpuregs[31][16],train,pico_femto,processor,reg_to_reg,0.720338,1.0601633,0.33982525950622555
picorv32,cpuregs[31][17],train,pico_femto,processor,reg_to_reg,0.761929,1.0806873,0.3187582844696045
picorv32,cpuregs[31][18],train,pico_femto,processor,reg_to_reg,0.766871,1.0806873,0.3138162844696045
picorv32,cpuregs[31][19],train,pico_femto,processor,reg_to_reg,0.810574,1.0806873,0.2701132844696045
picorv32,cpuregs[31][1],train,pico_femto,processor,reg_to_reg,0.686035,1.0562967,0.37026170619964605
picorv32,cpuregs[31][20],train,pico_femto,processor,reg_to_reg,0.852166,1.1210648,0.2688987821426392
picorv32,cpuregs[31][21],train,pico_femto,processor,reg_to_reg,0.85771,1.1210648,0.2633547821426392
picorv32,cpuregs[31][22],train,pico_femto,processor,reg_to_reg,0.90128,1.1809709,0.27969090721130374
picorv32,cpuregs[31][23],train,pico_femto,processor,reg_to_reg,0.942871,1.1775534,0.2346824152984619
picorv32,cpuregs[31][24],train,pico_femto,processor,reg_to_reg,0.947812,1.3774073,0.4295953123931885
picorv32,cpuregs[31][25],train,pico_femto,processor,reg_to_reg,0.991515,1.4691918,0.47767678962707516
picorv32,cpuregs[31][26],train,pico_femto,processor,reg_to_reg,1.033106,1.4691918,0.4360857896270751
picorv32,cpuregs[31][27],train,pico_femto,processor,reg_to_reg,1.03824,1.4691918,0.43095178962707514
picorv32,cpuregs[31][28],train,pico_femto,processor,reg_to_reg,1.067744,1.4691918,0.40144778962707517
picorv32,cpuregs[31][29],train,pico_femto,processor,reg_to_reg,1.112199,1.5658586,0.4536596025238038
picorv32,cpuregs[31][2],train,pico_femto,processor,reg_to_reg,0.686035,1.0562967,0.37026170619964605
picorv32,cpuregs[31][30],train,pico_femto,processor,reg_to_reg,1.138849,1.5729123,0.434063335395813
picorv32,cpuregs[31][31],train,pico_femto,processor,reg_to_reg,1.147017,1.5899513,0.44293427677917485
picorv32,cpuregs[31][3],train,pico_femto,processor,reg_to_reg,0.686035,1.0562967,0.37026170619964605
picorv32,cpuregs[31][4],train,pico_femto,processor,reg_to_reg,0.686035,1.0562967,0.37026170619964605
picorv32,cpuregs[31][5],train,pico_femto,processor,reg_to_reg,0.686035,1.0562967,0.37026170619964605
picorv32,cpuregs[31][6],train,pico_femto,processor,reg_to_reg,0.686035,1.0562967,0.37026170619964605
picorv32,cpuregs[31][7],train,pico_femto,processor,reg_to_reg,0.686035,1.0562967,0.37026170619964605
picorv32,cpuregs[31][8],train,pico_femto,processor,reg_to_reg,0.686035,1.0562967,0.37026170619964605
picorv32,cpuregs[31][9],train,pico_femto,processor,reg_to_reg,0.686035,1.0562967,0.37026170619964605
picorv32,cpuregs[3][0],train,pico_femto,processor,reg_to_reg,0.690595,1.0562967,0.36570170619964604
picorv32,cpuregs[3][10],train,pico_femto,processor,reg_to_reg,0.690595,1.0562967,0.36570170619964604
picorv32,cpuregs[3][11],train,pico_femto,processor,reg_to_reg,0.690595,1.0562967,0.36570170619964604
picorv32,cpuregs[3][12],train,pico_femto,processor,reg_to_reg,0.690595,1.0562967,0.36570170619964604
picorv32,cpuregs[3][13],train,pico_femto,processor,reg_to_reg,0.690595,1.0562967,0.36570170619964604
picorv32,cpuregs[3][14],train,pico_femto,processor,reg_to_reg,0.690595,1.0562967,0.36570170619964604
picorv32,cpuregs[3][15],train,pico_femto,processor,reg_to_reg,0.690595,1.0562967,0.36570170619964604
picorv32,cpuregs[3][16],train,pico_femto,processor,reg_to_reg,0.720338,1.0601633,0.33982525950622555
picorv32,cpuregs[3][17],train,pico_femto,processor,reg_to_reg,0.761929,1.0806873,0.3187582844696045
picorv32,cpuregs[3][18],train,pico_femto,processor,reg_to_reg,0.766871,1.0806873,0.3138162844696045
picorv32,cpuregs[3][19],train,pico_femto,processor,reg_to_reg,0.810574,1.0806873,0.2701132844696045
picorv32,cpuregs[3][1],train,pico_femto,processor,reg_to_reg,0.690595,1.0562967,0.36570170619964604
picorv32,cpuregs[3][20],train,pico_femto,processor,reg_to_reg,0.852166,1.1210648,0.2688987821426392
picorv32,cpuregs[3][21],train,pico_femto,processor,reg_to_reg,0.85771,1.1210648,0.2633547821426392
picorv32,cpuregs[3][22],train,pico_femto,processor,reg_to_reg,0.90128,1.1809709,0.27969090721130374
picorv32,cpuregs[3][23],train,pico_femto,processor,reg_to_reg,0.942871,1.1775534,0.2346824152984619
picorv32,cpuregs[3][24],train,pico_femto,processor,reg_to_reg,0.947812,1.3774073,0.4295953123931885
picorv32,cpuregs[3][25],train,pico_femto,processor,reg_to_reg,0.991515,1.4691918,0.47767678962707516
picorv32,cpuregs[3][26],train,pico_femto,processor,reg_to_reg,1.033106,1.4691918,0.4360857896270751
picorv32,cpuregs[3][27],train,pico_femto,processor,reg_to_reg,1.03824,1.4691918,0.43095178962707514
picorv32,cpuregs[3][28],train,pico_femto,processor,reg_to_reg,1.067744,1.4691918,0.40144778962707517
picorv32,cpuregs[3][29],train,pico_femto,processor,reg_to_reg,1.112199,1.5658586,0.4536596025238038
picorv32,cpuregs[3][2],train,pico_femto,processor,reg_to_reg,0.690595,1.0562967,0.36570170619964604
picorv32,cpuregs[3][30],train,pico_femto,processor,reg_to_reg,1.138849,1.5729123,0.434063335395813
picorv32,cpuregs[3][31],train,pico_femto,processor,reg_to_reg,1.147017,1.5899513,0.44293427677917485
picorv32,cpuregs[3][3],train,pico_femto,processor,reg_to_reg,0.690595,1.0562967,0.36570170619964604
picorv32,cpuregs[3][4],train,pico_femto,processor,reg_to_reg,0.690595,1.0562967,0.36570170619964604
picorv32,cpuregs[3][5],train,pico_femto,processor,reg_to_reg,0.690595,1.0562967,0.36570170619964604
picorv32,cpuregs[3][6],train,pico_femto,processor,reg_to_reg,0.690595,1.0562967,0.36570170619964604
picorv32,cpuregs[3][7],train,pico_femto,processor,reg_to_reg,0.690595,1.0562967,0.36570170619964604
picorv32,cpuregs[3][8],train,pico_femto,processor,reg_to_reg,0.690595,1.0562967,0.36570170619964604
picorv32,cpuregs[3][9],train,pico_femto,processor,reg_to_reg,0.690595,1.0562967,0.36570170619964604
picorv32,cpuregs[4][0],train,pico_femto,processor,reg_to_reg,0.690941,1.0562967,0.36535570619964597
picorv32,cpuregs[4][10],train,pico_femto,processor,reg_to_reg,0.690941,1.0562967,0.36535570619964597
picorv32,cpuregs[4][11],train,pico_femto,processor,reg_to_reg,0.690941,1.0562967,0.36535570619964597
picorv32,cpuregs[4][12],train,pico_femto,processor,reg_to_reg,0.690941,1.0562967,0.36535570619964597
picorv32,cpuregs[4][13],train,pico_femto,processor,reg_to_reg,0.690941,1.0562967,0.36535570619964597
picorv32,cpuregs[4][14],train,pico_femto,processor,reg_to_reg,0.690941,1.0562967,0.36535570619964597
picorv32,cpuregs[4][15],train,pico_femto,processor,reg_to_reg,0.690941,1.0562967,0.36535570619964597
picorv32,cpuregs[4][16],train,pico_femto,processor,reg_to_reg,0.720338,1.0601633,0.33982525950622555
picorv32,cpuregs[4][17],train,pico_femto,processor,reg_to_reg,0.761929,1.0806873,0.3187582844696045
picorv32,cpuregs[4][18],train,pico_femto,processor,reg_to_reg,0.766871,1.0806873,0.3138162844696045
picorv32,cpuregs[4][19],train,pico_femto,processor,reg_to_reg,0.810574,1.0806873,0.2701132844696045
picorv32,cpuregs[4][1],train,pico_femto,processor,reg_to_reg,0.690941,1.0562967,0.36535570619964597
picorv32,cpuregs[4][20],train,pico_femto,processor,reg_to_reg,0.852166,1.1210648,0.2688987821426392
picorv32,cpuregs[4][21],train,pico_femto,processor,reg_to_reg,0.85771,1.1210648,0.2633547821426392
picorv32,cpuregs[4][22],train,pico_femto,processor,reg_to_reg,0.90128,1.1809709,0.27969090721130374
picorv32,cpuregs[4][23],train,pico_femto,processor,reg_to_reg,0.942871,1.1775534,0.2346824152984619
picorv32,cpuregs[4][24],train,pico_femto,processor,reg_to_reg,0.947812,1.3774073,0.4295953123931885
picorv32,cpuregs[4][25],train,pico_femto,processor,reg_to_reg,0.991515,1.4691918,0.47767678962707516
picorv32,cpuregs[4][26],train,pico_femto,processor,reg_to_reg,1.033106,1.4691918,0.4360857896270751
picorv32,cpuregs[4][27],train,pico_femto,processor,reg_to_reg,1.03824,1.4691918,0.43095178962707514
picorv32,cpuregs[4][28],train,pico_femto,processor,reg_to_reg,1.067744,1.4691918,0.40144778962707517
picorv32,cpuregs[4][29],train,pico_femto,processor,reg_to_reg,1.112199,1.5658586,0.4536596025238038
picorv32,cpuregs[4][2],train,pico_femto,processor,reg_to_reg,0.690941,1.0562967,0.36535570619964597
picorv32,cpuregs[4][30],train,pico_femto,processor,reg_to_reg,1.138849,1.5729123,0.434063335395813
picorv32,cpuregs[4][31],train,pico_femto,processor,reg_to_reg,1.147017,1.5899513,0.44293427677917485
picorv32,cpuregs[4][3],train,pico_femto,processor,reg_to_reg,0.690941,1.0562967,0.36535570619964597
picorv32,cpuregs[4][4],train,pico_femto,processor,reg_to_reg,0.690941,1.0562967,0.36535570619964597
picorv32,cpuregs[4][5],train,pico_femto,processor,reg_to_reg,0.690941,1.0562967,0.36535570619964597
picorv32,cpuregs[4][6],train,pico_femto,processor,reg_to_reg,0.690941,1.0562967,0.36535570619964597
picorv32,cpuregs[4][7],train,pico_femto,processor,reg_to_reg,0.690941,1.0562967,0.36535570619964597
picorv32,cpuregs[4][8],train,pico_femto,processor,reg_to_reg,0.690941,1.0562967,0.36535570619964597
picorv32,cpuregs[4][9],train,pico_femto,processor,reg_to_reg,0.690941,1.0562967,0.36535570619964597
picorv32,cpuregs[5][0],train,pico_femto,processor,reg_to_reg,0.690941,1.0562967,0.36535570619964597
picorv32,cpuregs[5][10],train,pico_femto,processor,reg_to_reg,0.690941,1.0562967,0.36535570619964597
picorv32,cpuregs[5][11],train,pico_femto,processor,reg_to_reg,0.690941,1.0562967,0.36535570619964597
picorv32,cpuregs[5][12],train,pico_femto,processor,reg_to_reg,0.690941,1.0562967,0.36535570619964597
picorv32,cpuregs[5][13],train,pico_femto,processor,reg_to_reg,0.690941,1.0562967,0.36535570619964597
picorv32,cpuregs[5][14],train,pico_femto,processor,reg_to_reg,0.690941,1.0562967,0.36535570619964597
picorv32,cpuregs[5][15],train,pico_femto,processor,reg_to_reg,0.690941,1.0562967,0.36535570619964597
picorv32,cpuregs[5][16],train,pico_femto,processor,reg_to_reg,0.720338,1.0601633,0.33982525950622555
picorv32,cpuregs[5][17],train,pico_femto,processor,reg_to_reg,0.761929,1.0806873,0.3187582844696045
picorv32,cpuregs[5][18],train,pico_femto,processor,reg_to_reg,0.766871,1.0806873,0.3138162844696045
picorv32,cpuregs[5][19],train,pico_femto,processor,reg_to_reg,0.810574,1.0806873,0.2701132844696045
picorv32,cpuregs[5][1],train,pico_femto,processor,reg_to_reg,0.690941,1.0562967,0.36535570619964597
picorv32,cpuregs[5][20],train,pico_femto,processor,reg_to_reg,0.852166,1.1210648,0.2688987821426392
picorv32,cpuregs[5][21],train,pico_femto,processor,reg_to_reg,0.85771,1.1210648,0.2633547821426392
picorv32,cpuregs[5][22],train,pico_femto,processor,reg_to_reg,0.90128,1.1809709,0.27969090721130374
picorv32,cpuregs[5][23],train,pico_femto,processor,reg_to_reg,0.942871,1.1775534,0.2346824152984619
picorv32,cpuregs[5][24],train,pico_femto,processor,reg_to_reg,0.947812,1.3774073,0.4295953123931885
picorv32,cpuregs[5][25],train,pico_femto,processor,reg_to_reg,0.991515,1.4691918,0.47767678962707516
picorv32,cpuregs[5][26],train,pico_femto,processor,reg_to_reg,1.033106,1.4691918,0.4360857896270751
picorv32,cpuregs[5][27],train,pico_femto,processor,reg_to_reg,1.03824,1.4691918,0.43095178962707514
picorv32,cpuregs[5][28],train,pico_femto,processor,reg_to_reg,1.067744,1.4691918,0.40144778962707517
picorv32,cpuregs[5][29],train,pico_femto,processor,reg_to_reg,1.112199,1.5658586,0.4536596025238038
picorv32,cpuregs[5][2],train,pico_femto,processor,reg_to_reg,0.690941,1.0562967,0.36535570619964597
picorv32,cpuregs[5][30],train,pico_femto,processor,reg_to_reg,1.138849,1.5729123,0.434063335395813
picorv32,cpuregs[5][31],train,pico_femto,processor,reg_to_reg,1.147017,1.5899513,0.44293427677917485
picorv32,cpuregs[5][3],train,pico_femto,processor,reg_to_reg,0.690941,1.0562967,0.36535570619964597
picorv32,cpuregs[5][4],train,pico_femto,processor,reg_to_reg,0.690941,1.0562967,0.36535570619964597
picorv32,cpuregs[5][5],train,pico_femto,processor,reg_to_reg,0.690941,1.0562967,0.36535570619964597
picorv32,cpuregs[5][6],train,pico_femto,processor,reg_to_reg,0.690941,1.0562967,0.36535570619964597
picorv32,cpuregs[5][7],train,pico_femto,processor,reg_to_reg,0.690941,1.0562967,0.36535570619964597
picorv32,cpuregs[5][8],train,pico_femto,processor,reg_to_reg,0.690941,1.0562967,0.36535570619964597
picorv32,cpuregs[5][9],train,pico_femto,processor,reg_to_reg,0.690941,1.0562967,0.36535570619964597
picorv32,cpuregs[6][0],train,pico_femto,processor,reg_to_reg,0.690941,1.0562967,0.36535570619964597
picorv32,cpuregs[6][10],train,pico_femto,processor,reg_to_reg,0.690941,1.0562967,0.36535570619964597
picorv32,cpuregs[6][11],train,pico_femto,processor,reg_to_reg,0.690941,1.0562967,0.36535570619964597
picorv32,cpuregs[6][12],train,pico_femto,processor,reg_to_reg,0.690941,1.0562967,0.36535570619964597
picorv32,cpuregs[6][13],train,pico_femto,processor,reg_to_reg,0.690941,1.0562967,0.36535570619964597
picorv32,cpuregs[6][14],train,pico_femto,processor,reg_to_reg,0.690941,1.0562967,0.36535570619964597
picorv32,cpuregs[6][15],train,pico_femto,processor,reg_to_reg,0.690941,1.0562967,0.36535570619964597
picorv32,cpuregs[6][16],train,pico_femto,processor,reg_to_reg,0.720338,1.0601633,0.33982525950622555
picorv32,cpuregs[6][17],train,pico_femto,processor,reg_to_reg,0.761929,1.0806873,0.3187582844696045
picorv32,cpuregs[6][18],train,pico_femto,processor,reg_to_reg,0.766871,1.0806873,0.3138162844696045
picorv32,cpuregs[6][19],train,pico_femto,processor,reg_to_reg,0.810574,1.0806873,0.2701132844696045
picorv32,cpuregs[6][1],train,pico_femto,processor,reg_to_reg,0.690941,1.0562967,0.36535570619964597
picorv32,cpuregs[6][20],train,pico_femto,processor,reg_to_reg,0.852166,1.1210648,0.2688987821426392
picorv32,cpuregs[6][21],train,pico_femto,processor,reg_to_reg,0.85771,1.1210648,0.2633547821426392
picorv32,cpuregs[6][22],train,pico_femto,processor,reg_to_reg,0.90128,1.1809709,0.27969090721130374
picorv32,cpuregs[6][23],train,pico_femto,processor,reg_to_reg,0.942871,1.1775534,0.2346824152984619
picorv32,cpuregs[6][24],train,pico_femto,processor,reg_to_reg,0.947812,1.3774073,0.4295953123931885
picorv32,cpuregs[6][25],train,pico_femto,processor,reg_to_reg,0.991515,1.4691918,0.47767678962707516
picorv32,cpuregs[6][26],train,pico_femto,processor,reg_to_reg,1.033106,1.4691918,0.4360857896270751
picorv32,cpuregs[6][27],train,pico_femto,processor,reg_to_reg,1.03824,1.4691918,0.43095178962707514
picorv32,cpuregs[6][28],train,pico_femto,processor,reg_to_reg,1.067744,1.4691918,0.40144778962707517
picorv32,cpuregs[6][29],train,pico_femto,processor,reg_to_reg,1.112199,1.5658586,0.4536596025238038
picorv32,cpuregs[6][2],train,pico_femto,processor,reg_to_reg,0.690941,1.0562967,0.36535570619964597
picorv32,cpuregs[6][30],train,pico_femto,processor,reg_to_reg,1.138849,1.5729123,0.434063335395813
picorv32,cpuregs[6][31],train,pico_femto,processor,reg_to_reg,1.147017,1.5899513,0.44293427677917485
picorv32,cpuregs[6][3],train,pico_femto,processor,reg_to_reg,0.690941,1.0562967,0.36535570619964597
picorv32,cpuregs[6][4],train,pico_femto,processor,reg_to_reg,0.690941,1.0562967,0.36535570619964597
picorv32,cpuregs[6][5],train,pico_femto,processor,reg_to_reg,0.690941,1.0562967,0.36535570619964597
picorv32,cpuregs[6][6],train,pico_femto,processor,reg_to_reg,0.690941,1.0562967,0.36535570619964597
picorv32,cpuregs[6][7],train,pico_femto,processor,reg_to_reg,0.690941,1.0562967,0.36535570619964597
picorv32,cpuregs[6][8],train,pico_femto,processor,reg_to_reg,0.690941,1.0562967,0.36535570619964597
picorv32,cpuregs[6][9],train,pico_femto,processor,reg_to_reg,0.690941,1.0562967,0.36535570619964597
picorv32,cpuregs[7][0],train,pico_femto,processor,reg_to_reg,0.690941,1.0562967,0.36535570619964597
picorv32,cpuregs[7][10],train,pico_femto,processor,reg_to_reg,0.690941,1.0562967,0.36535570619964597
picorv32,cpuregs[7][11],train,pico_femto,processor,reg_to_reg,0.690941,1.0562967,0.36535570619964597
picorv32,cpuregs[7][12],train,pico_femto,processor,reg_to_reg,0.690941,1.0562967,0.36535570619964597
picorv32,cpuregs[7][13],train,pico_femto,processor,reg_to_reg,0.690941,1.0562967,0.36535570619964597
picorv32,cpuregs[7][14],train,pico_femto,processor,reg_to_reg,0.690941,1.0562967,0.36535570619964597
picorv32,cpuregs[7][15],train,pico_femto,processor,reg_to_reg,0.690941,1.0562967,0.36535570619964597
picorv32,cpuregs[7][16],train,pico_femto,processor,reg_to_reg,0.720338,1.0601633,0.33982525950622555
picorv32,cpuregs[7][17],train,pico_femto,processor,reg_to_reg,0.761929,1.0806873,0.3187582844696045
picorv32,cpuregs[7][18],train,pico_femto,processor,reg_to_reg,0.766871,1.0806873,0.3138162844696045
picorv32,cpuregs[7][19],train,pico_femto,processor,reg_to_reg,0.810574,1.0806873,0.2701132844696045
picorv32,cpuregs[7][1],train,pico_femto,processor,reg_to_reg,0.690941,1.0562967,0.36535570619964597
picorv32,cpuregs[7][20],train,pico_femto,processor,reg_to_reg,0.852166,1.1210648,0.2688987821426392
picorv32,cpuregs[7][21],train,pico_femto,processor,reg_to_reg,0.85771,1.1210648,0.2633547821426392
picorv32,cpuregs[7][22],train,pico_femto,processor,reg_to_reg,0.90128,1.1809709,0.27969090721130374
picorv32,cpuregs[7][23],train,pico_femto,processor,reg_to_reg,0.942871,1.1775534,0.2346824152984619
picorv32,cpuregs[7][24],train,pico_femto,processor,reg_to_reg,0.947812,1.3774073,0.4295953123931885
picorv32,cpuregs[7][25],train,pico_femto,processor,reg_to_reg,0.991515,1.4691918,0.47767678962707516
picorv32,cpuregs[7][26],train,pico_femto,processor,reg_to_reg,1.033106,1.4691918,0.4360857896270751
picorv32,cpuregs[7][27],train,pico_femto,processor,reg_to_reg,1.03824,1.4691918,0.43095178962707514
picorv32,cpuregs[7][28],train,pico_femto,processor,reg_to_reg,1.067744,1.4691918,0.40144778962707517
picorv32,cpuregs[7][29],train,pico_femto,processor,reg_to_reg,1.112199,1.5658586,0.4536596025238038
picorv32,cpuregs[7][2],train,pico_femto,processor,reg_to_reg,0.690941,1.0562967,0.36535570619964597
picorv32,cpuregs[7][30],train,pico_femto,processor,reg_to_reg,1.138849,1.5729123,0.434063335395813
picorv32,cpuregs[7][31],train,pico_femto,processor,reg_to_reg,1.147017,1.5899513,0.44293427677917485
picorv32,cpuregs[7][3],train,pico_femto,processor,reg_to_reg,0.690941,1.0562967,0.36535570619964597
picorv32,cpuregs[7][4],train,pico_femto,processor,reg_to_reg,0.690941,1.0562967,0.36535570619964597
picorv32,cpuregs[7][5],train,pico_femto,processor,reg_to_reg,0.690941,1.0562967,0.36535570619964597
picorv32,cpuregs[7][6],train,pico_femto,processor,reg_to_reg,0.690941,1.0562967,0.36535570619964597
picorv32,cpuregs[7][7],train,pico_femto,processor,reg_to_reg,0.690941,1.0562967,0.36535570619964597
picorv32,cpuregs[7][8],train,pico_femto,processor,reg_to_reg,0.690941,1.0562967,0.36535570619964597
picorv32,cpuregs[7][9],train,pico_femto,processor,reg_to_reg,0.690941,1.0562967,0.36535570619964597
picorv32,cpuregs[8][0],train,pico_femto,processor,reg_to_reg,0.686035,1.0562967,0.37026170619964605
picorv32,cpuregs[8][10],train,pico_femto,processor,reg_to_reg,0.686035,1.0562967,0.37026170619964605
picorv32,cpuregs[8][11],train,pico_femto,processor,reg_to_reg,0.686035,1.0562967,0.37026170619964605
picorv32,cpuregs[8][12],train,pico_femto,processor,reg_to_reg,0.686035,1.0562967,0.37026170619964605
picorv32,cpuregs[8][13],train,pico_femto,processor,reg_to_reg,0.686035,1.0562967,0.37026170619964605
picorv32,cpuregs[8][14],train,pico_femto,processor,reg_to_reg,0.686035,1.0562967,0.37026170619964605
picorv32,cpuregs[8][15],train,pico_femto,processor,reg_to_reg,0.686035,1.0562967,0.37026170619964605
picorv32,cpuregs[8][16],train,pico_femto,processor,reg_to_reg,0.720338,1.0601633,0.33982525950622555
picorv32,cpuregs[8][17],train,pico_femto,processor,reg_to_reg,0.761929,1.0806873,0.3187582844696045
picorv32,cpuregs[8][18],train,pico_femto,processor,reg_to_reg,0.766871,1.0806873,0.3138162844696045
picorv32,cpuregs[8][19],train,pico_femto,processor,reg_to_reg,0.810574,1.0806873,0.2701132844696045
picorv32,cpuregs[8][1],train,pico_femto,processor,reg_to_reg,0.686035,1.0562967,0.37026170619964605
picorv32,cpuregs[8][20],train,pico_femto,processor,reg_to_reg,0.852166,1.1210648,0.2688987821426392
picorv32,cpuregs[8][21],train,pico_femto,processor,reg_to_reg,0.85771,1.1210648,0.2633547821426392
picorv32,cpuregs[8][22],train,pico_femto,processor,reg_to_reg,0.90128,1.1809709,0.27969090721130374
picorv32,cpuregs[8][23],train,pico_femto,processor,reg_to_reg,0.942871,1.1775534,0.2346824152984619
picorv32,cpuregs[8][24],train,pico_femto,processor,reg_to_reg,0.947812,1.3774073,0.4295953123931885
picorv32,cpuregs[8][25],train,pico_femto,processor,reg_to_reg,0.991515,1.4691918,0.47767678962707516
picorv32,cpuregs[8][26],train,pico_femto,processor,reg_to_reg,1.033106,1.4691918,0.4360857896270751
picorv32,cpuregs[8][27],train,pico_femto,processor,reg_to_reg,1.03824,1.4691918,0.43095178962707514
picorv32,cpuregs[8][28],train,pico_femto,processor,reg_to_reg,1.067744,1.4691918,0.40144778962707517
picorv32,cpuregs[8][29],train,pico_femto,processor,reg_to_reg,1.112199,1.5658586,0.4536596025238038
picorv32,cpuregs[8][2],train,pico_femto,processor,reg_to_reg,0.686035,1.0562967,0.37026170619964605
picorv32,cpuregs[8][30],train,pico_femto,processor,reg_to_reg,1.138849,1.5729123,0.434063335395813
picorv32,cpuregs[8][31],train,pico_femto,processor,reg_to_reg,1.147017,1.5899513,0.44293427677917485
picorv32,cpuregs[8][3],train,pico_femto,processor,reg_to_reg,0.686035,1.0562967,0.37026170619964605
picorv32,cpuregs[8][4],train,pico_femto,processor,reg_to_reg,0.686035,1.0562967,0.37026170619964605
picorv32,cpuregs[8][5],train,pico_femto,processor,reg_to_reg,0.686035,1.0562967,0.37026170619964605
picorv32,cpuregs[8][6],train,pico_femto,processor,reg_to_reg,0.686035,1.0562967,0.37026170619964605
picorv32,cpuregs[8][7],train,pico_femto,processor,reg_to_reg,0.686035,1.0562967,0.37026170619964605
picorv32,cpuregs[8][8],train,pico_femto,processor,reg_to_reg,0.686035,1.0562967,0.37026170619964605
picorv32,cpuregs[8][9],train,pico_femto,processor,reg_to_reg,0.686035,1.0562967,0.37026170619964605
picorv32,cpuregs[9][0],train,pico_femto,processor,reg_to_reg,0.686035,1.0562967,0.37026170619964605
picorv32,cpuregs[9][10],train,pico_femto,processor,reg_to_reg,0.686035,1.0562967,0.37026170619964605
picorv32,cpuregs[9][11],train,pico_femto,processor,reg_to_reg,0.686035,1.0562967,0.37026170619964605
picorv32,cpuregs[9][12],train,pico_femto,processor,reg_to_reg,0.686035,1.0562967,0.37026170619964605
picorv32,cpuregs[9][13],train,pico_femto,processor,reg_to_reg,0.686035,1.0562967,0.37026170619964605
picorv32,cpuregs[9][14],train,pico_femto,processor,reg_to_reg,0.686035,1.0562967,0.37026170619964605
picorv32,cpuregs[9][15],train,pico_femto,processor,reg_to_reg,0.686035,1.0562967,0.37026170619964605
picorv32,cpuregs[9][16],train,pico_femto,processor,reg_to_reg,0.720338,1.0601633,0.33982525950622555
picorv32,cpuregs[9][17],train,pico_femto,processor,reg_to_reg,0.761929,1.0806873,0.3187582844696045
picorv32,cpuregs[9][18],train,pico_femto,processor,reg_to_reg,0.766871,1.0806873,0.3138162844696045
picorv32,cpuregs[9][19],train,pico_femto,processor,reg_to_reg,0.810574,1.0806873,0.2701132844696045
picorv32,cpuregs[9][1],train,pico_femto,processor,reg_to_reg,0.686035,1.0562967,0.37026170619964605
picorv32,cpuregs[9][20],train,pico_femto,processor,reg_to_reg,0.852166,1.1210648,0.2688987821426392
picorv32,cpuregs[9][21],train,pico_femto,processor,reg_to_reg,0.85771,1.1210648,0.2633547821426392
picorv32,cpuregs[9][22],train,pico_femto,processor,reg_to_reg,0.90128,1.1809709,0.27969090721130374
picorv32,cpuregs[9][23],train,pico_femto,processor,reg_to_reg,0.942871,1.1775534,0.2346824152984619
picorv32,cpuregs[9][24],train,pico_femto,processor,reg_to_reg,0.947812,1.3774073,0.4295953123931885
picorv32,cpuregs[9][25],train,pico_femto,processor,reg_to_reg,0.991515,1.4691918,0.47767678962707516
picorv32,cpuregs[9][26],train,pico_femto,processor,reg_to_reg,1.033106,1.4691918,0.4360857896270751
picorv32,cpuregs[9][27],train,pico_femto,processor,reg_to_reg,1.03824,1.4691918,0.43095178962707514
picorv32,cpuregs[9][28],train,pico_femto,processor,reg_to_reg,1.067744,1.4691918,0.40144778962707517
picorv32,cpuregs[9][29],train,pico_femto,processor,reg_to_reg,1.112199,1.5658586,0.4536596025238038
picorv32,cpuregs[9][2],train,pico_femto,processor,reg_to_reg,0.686035,1.0562967,0.37026170619964605
picorv32,cpuregs[9][30],train,pico_femto,processor,reg_to_reg,1.138849,1.5729123,0.434063335395813
picorv32,cpuregs[9][31],train,pico_femto,processor,reg_to_reg,1.147017,1.5899513,0.44293427677917485
picorv32,cpuregs[9][3],train,pico_femto,processor,reg_to_reg,0.686035,1.0562967,0.37026170619964605
picorv32,cpuregs[9][4],train,pico_femto,processor,reg_to_reg,0.686035,1.0562967,0.37026170619964605
picorv32,cpuregs[9][5],train,pico_femto,processor,reg_to_reg,0.686035,1.0562967,0.37026170619964605
picorv32,cpuregs[9][6],train,pico_femto,processor,reg_to_reg,0.686035,1.0562967,0.37026170619964605
picorv32,cpuregs[9][7],train,pico_femto,processor,reg_to_reg,0.686035,1.0562967,0.37026170619964605
picorv32,cpuregs[9][8],train,pico_femto,processor,reg_to_reg,0.686035,1.0562967,0.37026170619964605
picorv32,cpuregs[9][9],train,pico_femto,processor,reg_to_reg,0.686035,1.0562967,0.37026170619964605
picorv32,decoded_imm[0],train,pico_femto,processor,reg_to_reg,0.761915,1.1545894,0.3926744145965576
picorv32,decoded_imm[10],train,pico_femto,processor,reg_to_reg,0.818909,1.0084313,0.1895223154220581
picorv32,decoded_imm[11],train,pico_femto,processor,reg_to_reg,0.792035,1.2180121,0.4259770944976806
picorv32,decoded_imm[12],train,pico_femto,processor,reg_to_reg,0.907244,1.2180121,0.3107680944976806
picorv32,decoded_imm[13],train,pico_femto,processor,reg_to_reg,0.907244,1.2180121,0.3107680944976806
picorv32,decoded_imm[14],train,pico_femto,processor,reg_to_reg,0.907244,1.2180121,0.3107680944976806
picorv32,decoded_imm[15],train,pico_femto,processor,reg_to_reg,0.918783,1.2180121,0.29922909449768065
picorv32,decoded_imm[16],train,pico_femto,processor,reg_to_reg,0.907244,1.2180121,0.3107680944976806
picorv32,decoded_imm[17],train,pico_femto,processor,reg_to_reg,0.907244,1.2180121,0.3107680944976806
picorv32,decoded_imm[18],train,pico_femto,processor,reg_to_reg,0.907244,1.2180121,0.3107680944976806
picorv32,decoded_imm[19],train,pico_femto,processor,reg_to_reg,0.907244,1.2082818,0.30103775544738764
picorv32,decoded_imm[1],train,pico_femto,processor,reg_to_reg,0.753227,1.0330697,0.2798427298049927
picorv32,decoded_imm[20],train,pico_femto,processor,reg_to_reg,1.017582,1.2500997,0.23251765896606447
picorv32,decoded_imm[21],train,pico_femto,processor,reg_to_reg,1.03538,1.2500997,0.21471965896606449
picorv32,decoded_imm[22],train,pico_femto,processor,reg_to_reg,1.017582,1.2500997,0.23251765896606447
picorv32,decoded_imm[23],train,pico_femto,processor,reg_to_reg,1.017582,1.2500997,0.23251765896606447
picorv32,decoded_imm[24],train,pico_femto,processor,reg_to_reg,1.03538,1.2500997,0.21471965896606449
picorv32,decoded_imm[25],train,pico_femto,processor,reg_to_reg,1.017582,1.2500997,0.23251765896606447
picorv32,decoded_imm[26],train,pico_femto,processor,reg_to_reg,1.03538,1.2500997,0.21471965896606449
picorv32,decoded_imm[27],train,pico_femto,processor,reg_to_reg,1.03538,1.2500997,0.21471965896606449
picorv32,decoded_imm[28],train,pico_femto,processor,reg_to_reg,1.017582,1.2500997,0.23251765896606447
picorv32,decoded_imm[29],train,pico_femto,processor,reg_to_reg,1.017582,1.2500997,0.23251765896606447
picorv32,decoded_imm[2],train,pico_femto,processor,reg_to_reg,0.753227,1.0330697,0.2798427298049927
picorv32,decoded_imm[30],train,pico_femto,processor,reg_to_reg,1.017582,1.2500997,0.23251765896606447
picorv32,decoded_imm[31],train,pico_femto,processor,reg_to_reg,1.017582,1.2500997,0.23251765896606447
picorv32,decoded_imm[3],train,pico_femto,processor,reg_to_reg,0.753227,1.0330697,0.2798427298049927
picorv32,decoded_imm[4],train,pico_femto,processor,reg_to_reg,0.753227,1.0330697,0.2798427298049927
picorv32,decoded_imm[5],train,pico_femto,processor,reg_to_reg,0.818909,1.0084313,0.1895223154220581
picorv32,decoded_imm[6],train,pico_femto,processor,reg_to_reg,0.818909,1.0084313,0.1895223154220581
picorv32,decoded_imm[7],train,pico_femto,processor,reg_to_reg,0.818909,1.0084313,0.1895223154220581
picorv32,decoded_imm[8],train,pico_femto,processor,reg_to_reg,0.818909,1.0084313,0.1895223154220581
picorv32,decoded_imm[9],train,pico_femto,processor,reg_to_reg,0.818909,1.0084313,0.1895223154220581
picorv32,decoded_imm_j[10],train,pico_femto,processor,input_to_reg,1.555211,1.6625535,0.10734254881286631
picorv32,decoded_imm_j[12],train,pico_femto,processor,input_to_reg,1.555211,1.6625535,0.10734254881286631
picorv32,decoded_imm_j[13],train,pico_femto,processor,input_to_reg,1.555211,1.6625535,0.10734254881286631
picorv32,decoded_imm_j[14],train,pico_femto,processor,input_to_reg,1.555211,1.6625535,0.10734254881286631
picorv32,decoded_imm_j[20],train,pico_femto,processor,input_to_reg,1.555211,1.6625535,0.10734254881286631
picorv32,decoded_imm_j[5],train,pico_femto,processor,input_to_reg,1.555211,1.6625535,0.10734254881286631
picorv32,decoded_imm_j[6],train,pico_femto,processor,input_to_reg,1.555211,1.6625535,0.10734254881286631
picorv32,decoded_imm_j[7],train,pico_femto,processor,input_to_reg,1.555211,1.6625535,0.10734254881286631
picorv32,decoded_imm_j[8],train,pico_femto,processor,input_to_reg,1.555211,1.6625535,0.10734254881286631
picorv32,decoded_imm_j[9],train,pico_femto,processor,input_to_reg,1.555211,1.6625535,0.10734254881286631
picorv32,decoded_rd[0],train,pico_femto,processor,input_to_reg,1.555211,1.6625535,0.10734254881286631
picorv32,decoded_rd[1],train,pico_femto,processor,input_to_reg,1.555211,1.6625535,0.10734254881286631
picorv32,decoded_rd[2],train,pico_femto,processor,input_to_reg,1.555211,1.6625535,0.10734254881286631
picorv32,decoded_rd[3],train,pico_femto,processor,input_to_reg,1.555211,1.6625535,0.10734254881286631
picorv32,decoded_rd[4],train,pico_femto,processor,input_to_reg,1.555211,1.6625535,0.10734254881286631
picorv32,decoded_rs1[0],train,pico_femto,processor,input_to_reg,1.555211,1.6625535,0.10734254881286631
picorv32,decoded_rs1[1],train,pico_femto,processor,input_to_reg,1.555211,1.6625535,0.10734254881286631
picorv32,decoded_rs1[2],train,pico_femto,processor,input_to_reg,1.555211,1.6625535,0.10734254881286631
picorv32,decoded_rs1[3],train,pico_femto,processor,input_to_reg,1.555211,1.6625535,0.10734254881286631
picorv32,decoded_rs1[4],train,pico_femto,processor,input_to_reg,1.555211,1.6625535,0.10734254881286631
picorv32,decoded_rs2[0],train,pico_femto,processor,input_to_reg,1.555211,1.6625535,0.10734254881286631
picorv32,decoded_rs2[1],train,pico_femto,processor,input_to_reg,1.555211,1.6625535,0.10734254881286631
picorv32,decoded_rs2[2],train,pico_femto,processor,input_to_reg,1.555211,1.6625535,0.10734254881286631
picorv32,decoded_rs2[3],train,pico_femto,processor,input_to_reg,1.555211,1.6625535,0.10734254881286631
picorv32,decoded_rs2[4],train,pico_femto,processor,input_to_reg,1.555211,1.6625535,0.10734254881286631
picorv32,decoder_pseudo_trigger,train,pico_femto,processor,input_to_reg,1.345558,1.6107242,0.2651662107391357
picorv32,decoder_trigger,train,pico_femto,processor,reg_to_reg,1.444311,1.6263894,0.18207838426971446
picorv32,instr_add,train,pico_femto,processor,reg_to_reg,0.781735,1.0772095,0.29547447265625004
picorv32,instr_addi,train,pico_femto,processor,reg_to_reg,0.781735,1.086091,0.30435604156494145
picorv32,instr_and,train,pico_femto,processor,reg_to_reg,0.781735,1.0772095,0.29547447265625004
picorv32,instr_andi,train,pico_femto,processor,reg_to_reg,0.781735,1.086091,0.30435604156494145
picorv32,instr_auipc,train,pico_femto,processor,input_to_reg,1.480798,1.6625535,0.18175554881286615
picorv32,instr_beq,train,pico_femto,processor,reg_to_reg,0.869213,1.086091,0.2168780415649414
picorv32,instr_bge,train,pico_femto,processor,reg_to_reg,0.869213,1.086091,0.2168780415649414
picorv32,instr_bgeu,train,pico_femto,processor,reg_to_reg,0.869213,1.086091,0.2168780415649414
picorv32,instr_blt,train,pico_femto,processor,reg_to_reg,0.869213,1.086091,0.2168780415649414
picorv32,instr_bltu,train,pico_femto,processor,reg_to_reg,0.869213,1.086091,0.2168780415649414
picorv32,instr_bne,train,pico_femto,processor,reg_to_reg,0.869213,1.086091,0.2168780415649414
picorv32,instr_fence,train,pico_femto,processor,reg_to_reg,0.561727,0.99336016,0.43163316178131106
picorv32,instr_jal,train,pico_femto,processor,input_to_reg,1.443309,1.6625535,0.21924454881286626
picorv32,instr_jalr,train,pico_femto,processor,input_to_reg,1.412574,1.6625535,0.24997954881286621
picorv32,instr_lb,train,pico_femto,processor,reg_to_reg,0.753227,1.1036301,0.35040306591796877
picorv32,instr_lbu,train,pico_femto,processor,reg_to_reg,0.753227,1.1036301,0.35040306591796877
picorv32,instr_lh,train,pico_femto,processor,reg_to_reg,0.753227,1.1036301,0.35040306591796877
picorv32,instr_lhu,train,pico_femto,processor,reg_to_reg,0.753227,1.1036301,0.35040306591796877
picorv32,instr_lui,train,pico_femto,processor,input_to_reg,1.481235,1.6402961,0.15906110157012932
picorv32,instr_lw,train,pico_femto,processor,reg_to_reg,0.753227,1.1036301,0.35040306591796877
picorv32,instr_or,train,pico_femto,processor,reg_to_reg,0.781735,1.0772095,0.29547447265625004
picorv32,instr_ori,train,pico_femto,processor,reg_to_reg,0.781735,1.086091,0.30435604156494145
picorv32,instr_sb,train,pico_femto,processor,reg_to_reg,0.753227,1.1036301,0.35040306591796877
picorv32,instr_sh,train,pico_femto,processor,reg_to_reg,0.753227,1.1036301,0.35040306591796877
picorv32,instr_sll,train,pico_femto,processor,reg_to_reg,0.781735,1.0772095,0.29547447265625004
picorv32,instr_slli,train,pico_femto,processor,reg_to_reg,0.777013,1.0869398,0.309926811706543
picorv32,instr_slt,train,pico_femto,processor,reg_to_reg,0.781735,1.0772095,0.29547447265625004
picorv32,instr_slti,train,pico_femto,processor,reg_to_reg,0.781735,1.086091,0.30435604156494145
picorv32,instr_sltiu,train,pico_femto,processor,reg_to_reg,0.781735,1.086091,0.30435604156494145
picorv32,instr_sltu,train,pico_femto,processor,reg_to_reg,0.781735,1.0772095,0.29547447265625004
picorv32,instr_sra,train,pico_femto,processor,reg_to_reg,0.747419,1.0869398,0.339520811706543
picorv32,instr_srai,train,pico_femto,processor,reg_to_reg,0.753227,0.99336016,0.24013316178131106
picorv32,instr_srl,train,pico_femto,processor,reg_to_reg,0.781735,1.0772095,0.29547447265625004
picorv32,instr_srli,train,pico_femto,processor,reg_to_reg,0.753227,0.8024154,0.04918837094116213
picorv32,instr_sub,train,pico_femto,processor,reg_to_reg,0.747419,1.0869398,0.339520811706543
picorv32,instr_sw,train,pico_femto,processor,reg_to_reg,0.753227,1.1036301,0.35040306591796877
picorv32,instr_xor,train,pico_femto,processor,reg_to_reg,0.781735,1.0772095,0.29547447265625004
picorv32,instr_xori,train,pico_femto,processor,reg_to_reg,0.781735,1.086091,0.30435604156494145
picorv32,is_alu_reg_imm,train,pico_femto,processor,input_to_reg,1.476079,1.6625535,0.1864745488128663
picorv32,is_alu_reg_reg,train,pico_femto,processor,input_to_reg,1.481235,1.6402961,0.15906110157012932
picorv32,is_beq_bne_blt_bge_bltu_bgeu,train,pico_femto,processor,input_to_reg,1.577103,1.6759583,0.09885527579498299
picorv32,is_compare,train,pico_femto,processor,reg_to_reg,0.729921,1.0095524,0.2796313595809936
picorv32,is_jalr_addi_slti_sltiu_xori_ori_andi,train,pico_femto,processor,reg_to_reg,0.753227,0.90244275,0.14921575331497194
picorv32,is_lb_lh_lw_lbu_lhu,train,pico_femto,processor,input_to_reg,1.463403,1.6625535,0.1991505488128662
picorv32,is_lui_auipc_jal,train,pico_femto,processor,reg_to_reg,0.424021,0.94785637,0.5238353666343689
picorv32,is_sb_sh_sw,train,pico_femto,processor,input_to_reg,1.508459,1.6759583,0.16749927579498292
picorv32,is_sll_srl_sra,train,pico_femto,processor,reg_to_reg,0.753227,0.93243325,0.17920624756622316
picorv32,is_slli_srli_srai,train,pico_femto,processor,reg_to_reg,0.628579,0.93243325,0.30385424756622315
picorv32,is_slti_blt_slt,train,pico_femto,processor,reg_to_reg,0.175462,0.7104336,0.5349716023330688
picorv32,is_sltiu_bltu_sltu,train,pico_femto,processor,reg_to_reg,0.175581,0.7104336,0.5348526023330689
picorv32,latched_branch,train,pico_femto,processor,reg_to_reg,1.229144,1.6263894,0.39724538426971434
picorv32,latched_is_lb,train,pico_femto,processor,input_to_reg,1.440229,1.6241289,0.18389993772125246
picorv32,latched_is_lh,train,pico_femto,processor,input_to_reg,1.440229,1.6241289,0.18389993772125246
picorv32,latched_rd[0],train,pico_femto,processor,reg_to_reg,0.300947,0.8166884,0.5157414183883666
picorv32,latched_rd[1],train,pico_femto,processor,reg_to_reg,0.300947,0.8166884,0.5157414183883666
picorv32,latched_rd[2],train,pico_femto,processor,reg_to_reg,0.300947,0.8166884,0.5157414183883666
picorv32,latched_rd[3],train,pico_femto,processor,reg_to_reg,0.300947,0.8166884,0.5157414183883666
picorv32,latched_rd[4],train,pico_femto,processor,reg_to_reg,0.300947,0.8166884,0.5157414183883666
picorv32,latched_stalu,train,pico_femto,processor,reg_to_reg,0.31005,0.8166884,0.5066384183883668
picorv32,latched_store,train,pico_femto,processor,reg_to_reg,1.152105,1.6263894,0.4742843842697144
picorv32,mem_addr[10],train,pico_femto,processor,reg_to_reg,1.067104,1.2131184,0.1460144339523315
picorv32,mem_addr[11],train,pico_femto,processor,reg_to_reg,1.067104,1.2131184,0.1460144339523315
picorv32,mem_addr[12],train,pico_femto,processor,reg_to_reg,1.067104,1.2131184,0.1460144339523315
picorv32,mem_addr[13],train,pico_femto,processor,reg_to_reg,1.067104,1.2131184,0.1460144339523315
picorv32,mem_addr[14],train,pico_femto,processor,reg_to_reg,1.067104,1.2131184,0.1460144339523315
picorv32,mem_addr[15],train,pico_femto,processor,reg_to_reg,1.067104,1.2131184,0.1460144339523315
picorv32,mem_addr[16],train,pico_femto,processor,reg_to_reg,1.067104,1.2131184,0.1460144339523315
picorv32,mem_addr[17],train,pico_femto,processor,reg_to_reg,1.067104,1.2131184,0.1460144339523315
picorv32,mem_addr[18],train,pico_femto,processor,reg_to_reg,1.067104,1.2131184,0.1460144339523315
picorv32,mem_addr[19],train,pico_femto,processor,reg_to_reg,1.067104,1.2131184,0.1460144339523315
picorv32,mem_addr[20],train,pico_femto,processor,reg_to_reg,1.067104,1.2131184,0.1460144339523315
picorv32,mem_addr[21],train,pico_femto,processor,reg_to_reg,1.067104,1.2131184,0.1460144339523315
picorv32,mem_addr[22],train,pico_femto,processor,reg_to_reg,1.067104,1.2131184,0.1460144339523315
picorv32,mem_addr[23],train,pico_femto,processor,reg_to_reg,1.067104,1.2131184,0.1460144339523315
picorv32,mem_addr[24],train,pico_femto,processor,reg_to_reg,1.067104,1.2131184,0.1460144339523315
picorv32,mem_addr[25],train,pico_femto,processor,reg_to_reg,1.067104,1.2131184,0.1460144339523315
picorv32,mem_addr[26],train,pico_femto,processor,reg_to_reg,1.067104,1.2131184,0.1460144339523315
picorv32,mem_addr[27],train,pico_femto,processor,reg_to_reg,1.067104,1.2131184,0.1460144339523315
picorv32,mem_addr[28],train,pico_femto,processor,reg_to_reg,1.067104,1.2131184,0.1460144339523315
picorv32,mem_addr[29],train,pico_femto,processor,reg_to_reg,1.067104,1.2131184,0.1460144339523315
picorv32,mem_addr[2],train,pico_femto,processor,reg_to_reg,1.067104,1.2131184,0.1460144339523315
picorv32,mem_addr[30],train,pico_femto,processor,reg_to_reg,1.067104,1.2131184,0.1460144339523315
picorv32,mem_addr[31],train,pico_femto,processor,reg_to_reg,1.067104,1.2131184,0.1460144339523315
picorv32,mem_addr[3],train,pico_femto,processor,reg_to_reg,1.067104,1.2131184,0.1460144339523315
picorv32,mem_addr[4],train,pico_femto,processor,reg_to_reg,1.067104,1.2131184,0.1460144339523315
picorv32,mem_addr[5],train,pico_femto,processor,reg_to_reg,1.067104,1.2131184,0.1460144339523315
picorv32,mem_addr[6],train,pico_femto,processor,reg_to_reg,1.067104,1.2131184,0.1460144339523315
picorv32,mem_addr[7],train,pico_femto,processor,reg_to_reg,1.067104,1.2131184,0.1460144339523315
picorv32,mem_addr[8],train,pico_femto,processor,reg_to_reg,1.067104,1.2131184,0.1460144339523315
picorv32,mem_addr[9],train,pico_femto,processor,reg_to_reg,1.067104,1.2131184,0.1460144339523315
picorv32,mem_do_prefetch,train,pico_femto,processor,input_to_reg,1.331431,1.6107242,0.2792932107391357
picorv32,mem_do_rdata,train,pico_femto,processor,input_to_reg,1.371067,1.6241289,0.2530619377212524
picorv32,mem_do_rinst,train,pico_femto,processor,reg_to_reg,1.378882,1.6263894,0.24750738426971441
picorv32,mem_do_wdata,train,pico_femto,processor,input_to_reg,1.371067,1.6241289,0.2530619377212524
picorv32,mem_instr,train,pico_femto,processor,reg_to_reg,1.067104,1.207433,0.14032898530578608
picorv32,mem_rdata_q[0],train,pico_femto,processor,input_to_reg,1.131036,1.4942044,0.36316840196990974
picorv32,mem_rdata_q[10],train,pico_femto,processor,input_to_reg,1.227047,1.4942044,0.26715740196990967
picorv32,mem_rdata_q[11],train,pico_femto,processor,input_to_reg,1.227047,1.4942044,0.26715740196990967
picorv32,mem_rdata_q[12],train,pico_femto,processor,input_to_reg,1.230736,1.4942044,0.2634684019699096
picorv32,mem_rdata_q[13],train,pico_femto,processor,input_to_reg,1.230629,1.4942044,0.2635754019699097
picorv32,mem_rdata_q[14],train,pico_femto,processor,input_to_reg,1.230373,1.4942044,0.26383140196990973
picorv32,mem_rdata_q[15],train,pico_femto,processor,input_to_reg,1.229275,1.4942044,0.2649294019699098
picorv32,mem_rdata_q[16],train,pico_femto,processor,input_to_reg,1.229275,1.4942044,0.2649294019699098
picorv32,mem_rdata_q[17],train,pico_femto,processor,input_to_reg,1.229275,1.4942044,0.2649294019699098
picorv32,mem_rdata_q[18],train,pico_femto,processor,input_to_reg,1.229275,1.4942044,0.2649294019699098
picorv32,mem_rdata_q[19],train,pico_femto,processor,input_to_reg,1.229275,1.4942044,0.2649294019699098
picorv32,mem_rdata_q[1],train,pico_femto,processor,input_to_reg,1.131104,1.4942044,0.36310040196990956
picorv32,mem_rdata_q[20],train,pico_femto,processor,input_to_reg,1.229275,1.4942044,0.2649294019699098
picorv32,mem_rdata_q[21],train,pico_femto,processor,input_to_reg,1.229275,1.4942044,0.2649294019699098
picorv32,mem_rdata_q[22],train,pico_femto,processor,input_to_reg,1.229275,1.4942044,0.2649294019699098
picorv32,mem_rdata_q[23],train,pico_femto,processor,input_to_reg,1.229275,1.4942044,0.2649294019699098
picorv32,mem_rdata_q[24],train,pico_femto,processor,input_to_reg,1.229275,1.4942044,0.2649294019699098
picorv32,mem_rdata_q[25],train,pico_femto,processor,input_to_reg,1.227047,1.4942044,0.26715740196990967
picorv32,mem_rdata_q[26],train,pico_femto,processor,input_to_reg,1.227047,1.4942044,0.26715740196990967
picorv32,mem_rdata_q[27],train,pico_femto,processor,input_to_reg,1.227047,1.4942044,0.26715740196990967
picorv32,mem_rdata_q[28],train,pico_femto,processor,input_to_reg,1.227047,1.4942044,0.26715740196990967
picorv32,mem_rdata_q[29],train,pico_femto,processor,input_to_reg,1.227047,1.4942044,0.26715740196990967
picorv32,mem_rdata_q[2],train,pico_femto,processor,input_to_reg,1.136383,1.4942044,0.35782140196990975
picorv32,mem_rdata_q[30],train,pico_femto,processor,input_to_reg,1.227047,1.4942044,0.26715740196990967
picorv32,mem_rdata_q[31],train,pico_femto,processor,input_to_reg,1.227047,1.4942044,0.26715740196990967
picorv32,mem_rdata_q[3],train,pico_femto,processor,input_to_reg,1.133061,1.4942044,0.36114340196990957
picorv32,mem_rdata_q[4],train,pico_femto,processor,input_to_reg,1.142531,1.4942044,0.3516734019699097
picorv32,mem_rdata_q[5],train,pico_femto,processor,input_to_reg,1.137732,1.4942044,0.3564724019699097
picorv32,mem_rdata_q[6],train,pico_femto,processor,input_to_reg,1.134598,1.4942044,0.3596064019699097
picorv32,mem_rdata_q[7],train,pico_femto,processor,input_to_reg,1.227047,1.4942044,0.26715740196990967
picorv32,mem_rdata_q[8],train,pico_femto,processor,input_to_reg,1.227047,1.4942044,0.26715740196990967
picorv32,mem_rdata_q[9],train,pico_femto,processor,input_to_reg,1.227047,1.4942044,0.26715740196990967
picorv32,mem_state[0],train,pico_femto,processor,input_to_reg,1.310206,1.6241289,0.31392293772125246
picorv32,mem_state[1],train,pico_femto,processor,input_to_reg,1.310206,1.6241289,0.31392293772125246
picorv32,mem_valid,train,pico_femto,processor,input_to_reg,1.322497,1.6241289,0.3016319377212524
picorv32,mem_wdata[0],train,pico_femto,processor,reg_to_reg,0.460986,1.0063752,0.5453891935958862
picorv32,mem_wdata[10],train,pico_femto,processor,reg_to_reg,0.460986,1.019074,0.5580879631652832
picorv32,mem_wdata[11],train,pico_femto,processor,reg_to_reg,0.460986,1.019074,0.5580879631652832
picorv32,mem_wdata[12],train,pico_femto,processor,reg_to_reg,0.460986,1.019074,0.5580879631652832
picorv32,mem_wdata[13],train,pico_femto,processor,reg_to_reg,0.460986,1.019074,0.5580879631652832
picorv32,mem_wdata[14],train,pico_femto,processor,reg_to_reg,0.460986,1.019074,0.5580879631652832
picorv32,mem_wdata[15],train,pico_femto,processor,reg_to_reg,0.460986,1.019074,0.5580879631652832
picorv32,mem_wdata[16],train,pico_femto,processor,reg_to_reg,0.460986,1.019074,0.5580879631652832
picorv32,mem_wdata[17],train,pico_femto,processor,reg_to_reg,0.460986,1.019074,0.5580879631652832
picorv32,mem_wdata[18],train,pico_femto,processor,reg_to_reg,0.460986,1.019074,0.5580879631652832
picorv32,mem_wdata[19],train,pico_femto,processor,reg_to_reg,0.460986,1.019074,0.5580879631652832
picorv32,mem_wdata[1],train,pico_femto,processor,reg_to_reg,0.460986,1.0063752,0.5453891935958862
picorv32,mem_wdata[20],train,pico_femto,processor,reg_to_reg,0.460986,1.019074,0.5580879631652832
picorv32,mem_wdata[21],train,pico_femto,processor,reg_to_reg,0.460986,1.019074,0.5580879631652832
picorv32,mem_wdata[22],train,pico_femto,processor,reg_to_reg,0.460986,1.019074,0.5580879631652832
picorv32,mem_wdata[23],train,pico_femto,processor,reg_to_reg,0.460986,1.019074,0.5580879631652832
picorv32,mem_wdata[24],train,pico_femto,processor,reg_to_reg,0.460986,1.019074,0.5580879631652832
picorv32,mem_wdata[25],train,pico_femto,processor,reg_to_reg,0.460986,1.019074,0.5580879631652832
picorv32,mem_wdata[26],train,pico_femto,processor,reg_to_reg,0.460986,1.019074,0.5580879631652832
picorv32,mem_wdata[27],train,pico_femto,processor,reg_to_reg,0.460986,1.019074,0.5580879631652832
picorv32,mem_wdata[28],train,pico_femto,processor,reg_to_reg,0.460986,1.019074,0.5580879631652832
picorv32,mem_wdata[29],train,pico_femto,processor,reg_to_reg,0.460986,1.019074,0.5580879631652832
picorv32,mem_wdata[2],train,pico_femto,processor,reg_to_reg,0.460986,1.0063752,0.5453891935958862
picorv32,mem_wdata[30],train,pico_femto,processor,reg_to_reg,0.460986,1.019074,0.5580879631652832
picorv32,mem_wdata[31],train,pico_femto,processor,reg_to_reg,0.460986,1.019074,0.5580879631652832
picorv32,mem_wdata[3],train,pico_femto,processor,reg_to_reg,0.460986,1.0063752,0.5453891935958862
picorv32,mem_wdata[4],train,pico_femto,processor,reg_to_reg,0.460986,1.0063752,0.5453891935958862
picorv32,mem_wdata[5],train,pico_femto,processor,reg_to_reg,0.460986,1.0063752,0.5453891935958862
picorv32,mem_wdata[6],train,pico_femto,processor,reg_to_reg,0.460986,1.0063752,0.5453891935958862
picorv32,mem_wdata[7],train,pico_femto,processor,reg_to_reg,0.460986,1.0063752,0.5453891935958862
picorv32,mem_wdata[8],train,pico_femto,processor,reg_to_reg,0.460986,1.019074,0.5580879631652832
picorv32,mem_wdata[9],train,pico_femto,processor,reg_to_reg,0.460986,1.019074,0.5580879631652832
picorv32,mem_wordsize[0],train,pico_femto,processor,input_to_reg,1.438623,1.5631253,0.12450225272369386
picorv32,mem_wordsize[1],train,pico_femto,processor,input_to_reg,1.420401,1.5631253,0.14272425272369382
picorv32,mem_wordsize[2],train,pico_femto,processor,input_to_reg,1.420401,1.5631253,0.14272425272369382
picorv32,mem_wstrb[0],train,pico_femto,processor,reg_to_reg,0.443351,1.0562967,0.612945706199646
picorv32,mem_wstrb[1],train,pico_femto,processor,reg_to_reg,0.443351,1.0562967,0.612945706199646
picorv32,mem_wstrb[2],train,pico_femto,processor,reg_to_reg,0.431951,1.0562967,0.624345706199646
picorv32,mem_wstrb[3],train,pico_femto,processor,reg_to_reg,0.440331,1.0562967,0.615965706199646
picorv32,reg_next_pc[10],train,pico_femto,processor,reg_to_reg,1.043884,1.6241289,0.5802449377212524
picorv32,reg_next_pc[11],train,pico_femto,processor,reg_to_reg,1.088502,1.6263894,0.5378873842697143
picorv32,reg_next_pc[12],train,pico_femto,processor,reg_to_reg,1.067529,1.6263894,0.5588603842697144
picorv32,reg_next_pc[13],train,pico_femto,processor,reg_to_reg,1.157895,1.6263894,0.46849438426971446
picorv32,reg_next_pc[14],train,pico_femto,processor,reg_to_reg,1.18042,1.6263894,0.44596938426971433
picorv32,reg_next_pc[15],train,pico_femto,processor,reg_to_reg,1.26749,1.6263894,0.35889938426971435
picorv32,reg_next_pc[16],train,pico_femto,processor,reg_to_reg,1.287213,1.6263894,0.3391763842697144
picorv32,reg_next_pc[17],train,pico_femto,processor,reg_to_reg,1.29815,1.7502624,0.45211237964630135
picorv32,reg_next_pc[18],train,pico_femto,processor,reg_to_reg,1.352726,1.7502624,0.3975363796463012
picorv32,reg_next_pc[19],train,pico_femto,processor,reg_to_reg,1.44611,1.7502624,0.30415237964630126
picorv32,reg_next_pc[1],train,pico_femto,processor,reg_to_reg,0.772695,1.0661349,0.2934399296569824
picorv32,reg_next_pc[20],train,pico_femto,processor,reg_to_reg,1.437658,1.7502624,0.31260437964630117
picorv32,reg_next_pc[21],train,pico_femto,processor,reg_to_reg,1.526813,1.7502624,0.2234493796463013
picorv32,reg_next_pc[22],train,pico_femto,processor,reg_to_reg,1.524879,1.7608371,0.23595807809448233
picorv32,reg_next_pc[23],train,pico_femto,processor,reg_to_reg,1.502747,1.7608371,0.25809007809448237
picorv32,reg_next_pc[24],train,pico_femto,processor,reg_to_reg,1.639948,1.7641791,0.12423111052703861
picorv32,reg_next_pc[25],train,pico_femto,processor,reg_to_reg,1.573831,1.7641791,0.1903481105270386
picorv32,reg_next_pc[26],train,pico_femto,processor,reg_to_reg,1.657216,1.7641791,0.10696311052703855
picorv32,reg_next_pc[27],train,pico_femto,processor,reg_to_reg,1.626444,1.7641791,0.13773511052703857
picorv32,reg_next_pc[28],train,pico_femto,processor,reg_to_reg,1.701553,1.7992374,0.09768437049102774
picorv32,reg_next_pc[29],train,pico_femto,processor,reg_to_reg,1.623466,1.7641791,0.1407131105270385
picorv32,reg_next_pc[2],train,pico_femto,processor,reg_to_reg,0.772695,1.0661349,0.2934399296569824
picorv32,reg_next_pc[30],train,pico_femto,processor,reg_to_reg,1.674455,1.7814015,0.10694651500701902
picorv32,reg_next_pc[31],train,pico_femto,processor,reg_to_reg,1.702153,1.7992374,0.0970843704910278
picorv32,reg_next_pc[3],train,pico_femto,processor,reg_to_reg,0.772695,1.0806873,0.30799228446960447
picorv32,reg_next_pc[4],train,pico_femto,processor,reg_to_reg,0.772695,1.0806873,0.30799228446960447
picorv32,reg_next_pc[5],train,pico_femto,processor,reg_to_reg,0.834431,1.1943756,0.3599446341934204
picorv32,reg_next_pc[6],train,pico_femto,processor,reg_to_reg,0.93803,1.5552081,0.6171780869674682
picorv32,reg_next_pc[7],train,pico_femto,processor,reg_to_reg,0.946635,1.5552081,0.6085730869674683
picorv32,reg_next_pc[8],train,pico_femto,processor,reg_to_reg,0.980206,1.5552081,0.5750020869674682
picorv32,reg_next_pc[9],train,pico_femto,processor,reg_to_reg,0.999263,1.6402961,0.6410331015701294
picorv32,reg_op1[0],train,pico_femto,processor,reg_to_reg,8.530502,6.8172593,1.7132426883239749
picorv32,reg_op1[10],train,pico_femto,processor,reg_to_reg,8.748617,6.8172593,1.931357688323974
picorv32,reg_op1[11],train,pico_femto,processor,reg_to_reg,8.541547,6.8172593,1.7242876883239742
picorv32,reg_op1[12],train,pico_femto,processor,reg_to_reg,8.541547,6.8172593,1.7242876883239742
picorv32,reg_op1[13],train,pico_femto,processor,reg_to_reg,8.561163,6.8172593,1.7439036883239751
picorv32,reg_op1[14],train,pico_femto,processor,reg_to_reg,8.541547,6.8172593,1.7242876883239742
picorv32,reg_op1[15],train,pico_femto,processor,reg_to_reg,8.535007,6.8172593,1.7177476883239748
picorv32,reg_op1[16],train,pico_femto,processor,reg_to_reg,8.567585,6.8172593,1.750325688323974
picorv32,reg_op1[17],train,pico_femto,processor,reg_to_reg,8.588724,6.8172593,1.7714646883239737
picorv32,reg_op1[18],train,pico_femto,processor,reg_to_reg,8.602659,6.8172593,1.7853996883239738
picorv32,reg_op1[19],train,pico_femto,processor,reg_to_reg,8.525751,6.8172593,1.7084916883239742
picorv32,reg_op1[1],train,pico_femto,processor,reg_to_reg,8.611753,6.8172593,1.7944936883239748
picorv32,reg_op1[20],train,pico_femto,processor,reg_to_reg,8.614081,6.8172593,1.7968216883239752
picorv32,reg_op1[21],train,pico_femto,processor,reg_to_reg,8.591857,6.8172593,1.7745976883239738
picorv32,reg_op1[22],train,pico_femto,processor,reg_to_reg,8.567585,6.8172593,1.750325688323974
picorv32,reg_op1[23],train,pico_femto,processor,reg_to_reg,8.541547,6.8172593,1.7242876883239742
picorv32,reg_op1[24],train,pico_femto,processor,reg_to_reg,8.763535,6.8172593,1.9462756883239738
picorv32,reg_op1[25],train,pico_femto,processor,reg_to_reg,8.602659,6.8172593,1.7853996883239738
picorv32,reg_op1[26],train,pico_femto,processor,reg_to_reg,8.542654,6.8172593,1.7253946883239752
picorv32,reg_op1[27],train,pico_femto,processor,reg_to_reg,8.576193,6.8172593,1.7589336883239746
picorv32,reg_op1[28],train,pico_femto,processor,reg_to_reg,8.560801,6.8172593,1.7435416883239743
picorv32,reg_op1[29],train,pico_femto,processor,reg_to_reg,8.768497,6.8172593,1.9512376883239746
picorv32,reg_op1[2],train,pico_femto,processor,reg_to_reg,8.544923,6.8172593,1.7276636883239753
picorv32,reg_op1[30],train,pico_femto,processor,reg_to_reg,8.554389,6.8172593,1.737129688323975
picorv32,reg_op1[31],train,pico_femto,processor,reg_to_reg,8.53682,6.8172593,1.7195606883239751
picorv32,reg_op1[3],train,pico_femto,processor,reg_to_reg,8.531374,6.8172593,1.7141146883239742
picorv32,reg_op1[4],train,pico_femto,processor,reg_to_reg,8.540135,6.8172593,1.722875688323974
picorv32,reg_op1[5],train,pico_femto,processor,reg_to_reg,8.56446,6.8172593,1.747200688323975
picorv32,reg_op1[6],train,pico_femto,processor,reg_to_reg,8.567585,6.8172593,1.750325688323974
picorv32,reg_op1[7],train,pico_femto,processor,reg_to_reg,8.53237,6.8172593,1.7151106883239748
picorv32,reg_op1[8],train,pico_femto,processor,reg_to_reg,8.569965,6.8172593,1.7527056883239744
picorv32,reg_op1[9],train,pico_femto,processor,reg_to_reg,8.615797,6.8172593,1.7985376883239752
picorv32,reg_op2[0],train,pico_femto,processor,reg_to_reg,9.411035,6.8172593,2.5937756883239746
picorv32,reg_op2[10],train,pico_femto,processor,reg_to_reg,9.370687,6.8172593,2.553427688323975
picorv32,reg_op2[11],train,pico_femto,processor,reg_to_reg,9.209802,6.8172593,2.3925426883239744
picorv32,reg_op2[12],train,pico_femto,processor,reg_to_reg,9.359999,6.8172593,2.542739688323975
picorv32,reg_op2[13],train,pico_femto,processor,reg_to_reg,9.248473,6.8172593,2.431213688323975
picorv32,reg_op2[14],train,pico_femto,processor,reg_to_reg,9.213478,6.8172593,2.396218688323975
picorv32,reg_op2[15],train,pico_femto,processor,reg_to_reg,9.388257,6.8172593,2.570997688323974
picorv32,reg_op2[16],train,pico_femto,processor,reg_to_reg,9.236157,6.8172593,2.418897688323975
picorv32,reg_op2[17],train,pico_femto,processor,reg_to_reg,9.327282,6.8172593,2.510022688323975
picorv32,reg_op2[18],train,pico_femto,processor,reg_to_reg,9.359999,6.8172593,2.542739688323975
picorv32,reg_op2[19],train,pico_femto,processor,reg_to_reg,9.478178,6.8172593,2.6609186883239744
picorv32,reg_op2[1],train,pico_femto,processor,reg_to_reg,9.477353,6.8172593,2.6600936883239754
picorv32,reg_op2[20],train,pico_femto,processor,reg_to_reg,9.365573,6.8172593,2.548313688323974
picorv32,reg_op2[21],train,pico_femto,processor,reg_to_reg,9.381824,6.8172593,2.5645646883239746
picorv32,reg_op2[22],train,pico_femto,processor,reg_to_reg,9.423613,6.8172593,2.606353688323974
picorv32,reg_op2[23],train,pico_femto,processor,reg_to_reg,9.209757,6.8172593,2.3924976883239744
picorv32,reg_op2[24],train,pico_femto,processor,reg_to_reg,9.414185,6.8172593,2.5969256883239744
picorv32,reg_op2[25],train,pico_femto,processor,reg_to_reg,9.486835,6.8172593,2.669575688323974
picorv32,reg_op2[26],train,pico_femto,processor,reg_to_reg,9.338575,6.8172593,2.521315688323975
picorv32,reg_op2[27],train,pico_femto,processor,reg_to_reg,9.242126,6.8172593,2.4248666883239753
picorv32,reg_op2[28],train,pico_femto,processor,reg_to_reg,9.213478,6.8172593,2.396218688323975
picorv32,reg_op2[29],train,pico_femto,processor,reg_to_reg,9.240634,6.8172593,2.4233746883239746
picorv32,reg_op2[2],train,pico_femto,processor,reg_to_reg,9.491818,6.8172593,2.674558688323975
picorv32,reg_op2[30],train,pico_femto,processor,reg_to_reg,9.464304,6.8172593,2.647044688323975
picorv32,reg_op2[31],train,pico_femto,processor,reg_to_reg,9.289773,6.8172593,2.472513688323975
picorv32,reg_op2[3],train,pico_femto,processor,reg_to_reg,9.264863,6.8172593,2.4476036883239747
picorv32,reg_op2[4],train,pico_femto,processor,reg_to_reg,9.480939,6.8172593,2.663679688323974
picorv32,reg_op2[5],train,pico_femto,processor,reg_to_reg,9.256558,6.8172593,2.4392986883239747
picorv32,reg_op2[6],train,pico_femto,processor,reg_to_reg,9.244913,6.8172593,2.427653688323975
picorv32,reg_op2[7],train,pico_femto,processor,reg_to_reg,9.370687,6.8172593,2.553427688323975
picorv32,reg_op2[8],train,pico_femto,processor,reg_to_reg,9.24083,6.8172593,2.4235706883239754
picorv32,reg_op2[9],train,pico_femto,processor,reg_to_reg,9.248473,6.8172593,2.431213688323975
picorv32,reg_out[0],train,pico_femto,processor,input_to_reg,1.176137,1.4954816,0.31934461029815675
picorv32,reg_out[10],train,pico_femto,processor,input_to_reg,1.242428,1.5371946,0.2947666096420287
picorv32,reg_out[11],train,pico_femto,processor,input_to_reg,1.242428,1.5371946,0.2947666096420287
picorv32,reg_out[12],train,pico_femto,processor,input_to_reg,1.242428,1.5371946,0.2947666096420287
picorv32,reg_out[13],train,pico_femto,processor,input_to_reg,1.242428,1.5371946,0.2947666096420287
picorv32,reg_out[14],train,pico_femto,processor,input_to_reg,1.242428,1.5371946,0.2947666096420287
picorv32,reg_out[15],train,pico_femto,processor,reg_to_reg,1.242982,1.6241289,0.3811469377212524
picorv32,reg_out[16],train,pico_femto,processor,reg_to_reg,1.308159,1.6241289,0.31596993772125237
picorv32,reg_out[17],train,pico_femto,processor,reg_to_reg,1.308159,1.6241289,0.31596993772125237
picorv32,reg_out[18],train,pico_femto,processor,reg_to_reg,1.308159,1.6241289,0.31596993772125237
picorv32,reg_out[19],train,pico_femto,processor,reg_to_reg,1.308159,1.6263894,0.3182303842697143
picorv32,reg_out[1],train,pico_femto,processor,input_to_reg,1.163846,1.4954816,0.3316356102981568
picorv32,reg_out[20],train,pico_femto,processor,reg_to_reg,1.308159,1.6263894,0.3182303842697143
picorv32,reg_out[21],train,pico_femto,processor,reg_to_reg,1.308159,1.6482226,0.34006356565093987
picorv32,reg_out[22],train,pico_femto,processor,reg_to_reg,1.308159,1.6482226,0.34006356565093987
picorv32,reg_out[23],train,pico_femto,processor,reg_to_reg,1.308159,1.6482226,0.34006356565093987
picorv32,reg_out[24],train,pico_femto,processor,reg_to_reg,1.29952,1.6482226,0.34870256565093993
picorv32,reg_out[25],train,pico_femto,processor,reg_to_reg,1.308159,1.6482226,0.34006356565093987
picorv32,reg_out[26],train,pico_femto,processor,reg_to_reg,1.308159,1.6482226,0.34006356565093987
picorv32,reg_out[27],train,pico_femto,processor,reg_to_reg,1.308159,1.6906627,0.3825037416610717
picorv32,reg_out[28],train,pico_femto,processor,reg_to_reg,1.308159,1.7084835,0.40032445756530755
picorv32,reg_out[29],train,pico_femto,processor,reg_to_reg,1.308159,1.7084835,0.40032445756530755
picorv32,reg_out[2],train,pico_femto,processor,input_to_reg,1.163846,1.4954816,0.3316356102981568
picorv32,reg_out[30],train,pico_femto,processor,reg_to_reg,1.316485,1.7084835,0.3919984575653077
picorv32,reg_out[31],train,pico_femto,processor,reg_to_reg,1.344865,1.7084835,0.36361845756530764
picorv32,reg_out[3],train,pico_femto,processor,input_to_reg,1.180702,1.5025353,0.3218333431701661
picorv32,reg_out[4],train,pico_femto,processor,input_to_reg,1.157308,1.5025353,0.345227343170166
picorv32,reg_out[5],train,pico_femto,processor,input_to_reg,1.157308,1.5025353,0.345227343170166
picorv32,reg_out[6],train,pico_femto,processor,input_to_reg,1.178428,1.5089787,0.33055072447967526
picorv32,reg_out[7],train,pico_femto,processor,input_to_reg,1.160706,1.5089787,0.3482727244796753
picorv32,reg_out[8],train,pico_femto,processor,input_to_reg,1.242428,1.5371946,0.2947666096420287
picorv32,reg_out[9],train,pico_femto,processor,input_to_reg,1.242428,1.5371946,0.2947666096420287
picorv32,reg_pc[0],train,pico_femto,processor,reg_to_reg,0.462971,1.046621,0.5836499650039673
picorv32,reg_pc[10],train,pico_femto,processor,reg_to_reg,0.763712,1.0661349,0.3024229296569825
picorv32,reg_pc[11],train,pico_femto,processor,reg_to_reg,0.763712,1.0661349,0.3024229296569825
picorv32,reg_pc[12],train,pico_femto,processor,reg_to_reg,0.763712,1.0661349,0.3024229296569825
picorv32,reg_pc[13],train,pico_femto,processor,reg_to_reg,0.763712,1.0661349,0.3024229296569825
picorv32,reg_pc[14],train,pico_femto,processor,reg_to_reg,0.763712,1.0661349,0.3024229296569825
picorv32,reg_pc[15],train,pico_femto,processor,reg_to_reg,0.763712,1.0661349,0.3024229296569825
picorv32,reg_pc[16],train,pico_femto,processor,reg_to_reg,0.763712,1.0661349,0.3024229296569825
picorv32,reg_pc[17],train,pico_femto,processor,reg_to_reg,0.763712,1.0661349,0.3024229296569825
picorv32,reg_pc[18],train,pico_femto,processor,reg_to_reg,0.763712,1.0661349,0.3024229296569825
picorv32,reg_pc[19],train,pico_femto,processor,reg_to_reg,0.763712,1.0661349,0.3024229296569825
picorv32,reg_pc[1],train,pico_femto,processor,reg_to_reg,0.763712,1.0763607,0.3126487025146485
picorv32,reg_pc[20],train,pico_femto,processor,reg_to_reg,0.763712,1.0661349,0.3024229296569825
picorv32,reg_pc[21],train,pico_femto,processor,reg_to_reg,0.763712,1.0661349,0.3024229296569825
picorv32,reg_pc[22],train,pico_femto,processor,reg_to_reg,0.763712,1.0661349,0.3024229296569825
picorv32,reg_pc[23],train,pico_femto,processor,reg_to_reg,0.763712,1.0661349,0.3024229296569825
picorv32,reg_pc[24],train,pico_femto,processor,reg_to_reg,0.763712,1.0661349,0.3024229296569825
picorv32,reg_pc[25],train,pico_femto,processor,reg_to_reg,0.763712,1.0661349,0.3024229296569825
picorv32,reg_pc[26],train,pico_femto,processor,reg_to_reg,0.763712,1.0661349,0.3024229296569825
picorv32,reg_pc[27],train,pico_femto,processor,reg_to_reg,0.763712,1.0661349,0.3024229296569825
picorv32,reg_pc[28],train,pico_femto,processor,reg_to_reg,0.763712,1.0661349,0.3024229296569825
picorv32,reg_pc[29],train,pico_femto,processor,reg_to_reg,0.763712,1.0661349,0.3024229296569825
picorv32,reg_pc[2],train,pico_femto,processor,reg_to_reg,0.763712,1.0763607,0.3126487025146485
picorv32,reg_pc[30],train,pico_femto,processor,reg_to_reg,0.761428,1.0661349,0.30470692965698243
picorv32,reg_pc[31],train,pico_femto,processor,reg_to_reg,0.763712,1.0763607,0.3126487025146485
picorv32,reg_pc[3],train,pico_femto,processor,reg_to_reg,0.763712,1.0763607,0.3126487025146485
picorv32,reg_pc[4],train,pico_femto,processor,reg_to_reg,0.763712,1.0661349,0.3024229296569825
picorv32,reg_pc[5],train,pico_femto,processor,reg_to_reg,0.763712,1.0661349,0.3024229296569825
picorv32,reg_pc[6],train,pico_femto,processor,reg_to_reg,0.763712,1.0661349,0.3024229296569825
picorv32,reg_pc[7],train,pico_femto,processor,reg_to_reg,0.763712,1.0661349,0.3024229296569825
picorv32,reg_pc[8],train,pico_femto,processor,reg_to_reg,0.763712,1.0661349,0.3024229296569825
picorv32,reg_pc[9],train,pico_femto,processor,reg_to_reg,0.763712,1.0661349,0.3024229296569825
picorv32,reg_sh[0],train,pico_femto,processor,reg_to_reg,9.458227,6.8172593,2.6409676883239754
picorv32,reg_sh[1],train,pico_femto,processor,reg_to_reg,9.537315,6.8172593,2.720055688323974
picorv32,reg_sh[2],train,pico_femto,processor,reg_to_reg,9.500163,6.8172593,2.682903688323975
picorv32,reg_sh[3],train,pico_femto,processor,reg_to_reg,9.26791,6.8172593,2.450650688323975
picorv32,reg_sh[4],train,pico_femto,processor,reg_to_reg,9.46833,6.8172593,2.6510706883239745
picorv32,trap,train,pico_femto,processor,reg_to_reg,0.135372,0.7104336,0.5750616023330688
femtorv_quark,Bimm[10],train,pico_femto,processor,input_to_reg,1.568735,1.6939386,0.12520361293792726
femtorv_quark,Bimm[11],train,pico_femto,processor,input_to_reg,1.568735,1.6939386,0.12520361293792726
femtorv_quark,Bimm[12],train,pico_femto,processor,input_to_reg,1.568735,1.6939386,0.12520361293792726
femtorv_quark,Bimm[1],train,pico_femto,processor,input_to_reg,1.568735,1.6939386,0.12520361293792726
femtorv_quark,Bimm[2],train,pico_femto,processor,input_to_reg,1.568735,1.6939386,0.12520361293792726
femtorv_quark,Bimm[3],train,pico_femto,processor,input_to_reg,1.568735,1.6939386,0.12520361293792726
femtorv_quark,Bimm[4],train,pico_femto,processor,input_to_reg,1.568735,1.6939386,0.12520361293792726
femtorv_quark,Bimm[5],train,pico_femto,processor,input_to_reg,1.568735,1.6939386,0.12520361293792726
femtorv_quark,Bimm[6],train,pico_femto,processor,input_to_reg,1.568735,1.6939386,0.12520361293792726
femtorv_quark,Bimm[7],train,pico_femto,processor,input_to_reg,1.568735,1.6939386,0.12520361293792726
femtorv_quark,Bimm[8],train,pico_femto,processor,input_to_reg,1.568735,1.6939386,0.12520361293792726
femtorv_quark,Bimm[9],train,pico_femto,processor,input_to_reg,1.568735,1.6939386,0.12520361293792726
femtorv_quark,Iimm[0],train,pico_femto,processor,input_to_reg,1.568735,1.6939386,0.12520361293792726
femtorv_quark,Iimm[1],train,pico_femto,processor,input_to_reg,1.568735,1.6939386,0.12520361293792726
femtorv_quark,Iimm[2],train,pico_femto,processor,input_to_reg,1.568735,1.6939386,0.12520361293792726
femtorv_quark,Iimm[3],train,pico_femto,processor,input_to_reg,1.568735,1.6939386,0.12520361293792726
femtorv_quark,Iimm[4],train,pico_femto,processor,input_to_reg,1.756509,1.6939386,0.06257038706207285
femtorv_quark,Jimm[12],train,pico_femto,processor,input_to_reg,1.568735,1.6939386,0.12520361293792726
femtorv_quark,Jimm[13],train,pico_femto,processor,input_to_reg,1.568735,1.6939386,0.12520361293792726
femtorv_quark,Jimm[14],train,pico_femto,processor,input_to_reg,1.568735,1.6939386,0.12520361293792726
femtorv_quark,Jimm[15],train,pico_femto,processor,input_to_reg,1.568735,1.6939386,0.12520361293792726
femtorv_quark,Jimm[16],train,pico_femto,processor,input_to_reg,1.568735,1.6939386,0.12520361293792726
femtorv_quark,Jimm[17],train,pico_femto,processor,input_to_reg,1.568735,1.6939386,0.12520361293792726
femtorv_quark,Jimm[18],train,pico_femto,processor,input_to_reg,1.568735,1.6939386,0.12520361293792726
femtorv_quark,Jimm[19],train,pico_femto,processor,input_to_reg,1.723402,1.6939386,0.029463387062072854
femtorv_quark,PC[0],train,pico_femto,processor,reg_to_reg,0.337479,0.8401558,0.5026767803153992
femtorv_quark,PC[10],train,pico_femto,processor,reg_to_reg,2.155774,1.928536,0.22723794252777108
femtorv_quark,PC[11],train,pico_femto,processor,reg_to_reg,2.155774,1.928536,0.22723794252777108
femtorv_quark,PC[12],train,pico_femto,processor,reg_to_reg,2.155774,1.928536,0.22723794252777108
femtorv_quark,PC[13],train,pico_femto,processor,reg_to_reg,2.155774,1.928536,0.22723794252777108
femtorv_quark,PC[14],train,pico_femto,processor,reg_to_reg,2.155774,1.928536,0.22723794252777108
femtorv_quark,PC[15],train,pico_femto,processor,reg_to_reg,2.116084,1.928536,0.18754794252777085
femtorv_quark,PC[16],train,pico_femto,processor,reg_to_reg,2.110331,1.928536,0.18179494252777095
femtorv_quark,PC[17],train,pico_femto,processor,reg_to_reg,2.122575,1.928536,0.19403894252777087
femtorv_quark,PC[18],train,pico_femto,processor,reg_to_reg,2.145946,1.928536,0.2174099425277709
femtorv_quark,PC[19],train,pico_femto,processor,reg_to_reg,2.110331,1.928536,0.18179494252777095
femtorv_quark,PC[1],train,pico_femto,processor,reg_to_reg,2.103812,1.928536,0.175275942527771
femtorv_quark,PC[20],train,pico_femto,processor,reg_to_reg,2.12261,1.928536,0.19407394252777088
femtorv_quark,PC[21],train,pico_femto,processor,reg_to_reg,2.142232,1.928536,0.2136959425277709
femtorv_quark,PC[22],train,pico_femto,processor,reg_to_reg,2.122575,1.928536,0.19403894252777087
femtorv_quark,PC[23],train,pico_femto,processor,reg_to_reg,2.157647,1.928536,0.22911094252777087
femtorv_quark,PC[2],train,pico_femto,processor,reg_to_reg,2.115349,1.928536,0.18681294252777114
femtorv_quark,PC[3],train,pico_femto,processor,reg_to_reg,2.145946,1.928536,0.2174099425277709
femtorv_quark,PC[4],train,pico_femto,processor,reg_to_reg,2.142232,1.928536,0.2136959425277709
femtorv_quark,PC[5],train,pico_femto,processor,reg_to_reg,2.11248,1.928536,0.18394394252777113
femtorv_quark,PC[6],train,pico_femto,processor,reg_to_reg,2.142232,1.928536,0.2136959425277709
femtorv_quark,PC[7],train,pico_femto,processor,reg_to_reg,2.155774,1.928536,0.22723794252777108
femtorv_quark,PC[8],train,pico_femto,processor,reg_to_reg,2.145946,1.928536,0.2174099425277709
femtorv_quark,PC[9],train,pico_femto,processor,reg_to_reg,2.145946,1.928536,0.2174099425277709
femtorv_quark,aluReg[0],train,pico_femto,processor,reg_to_reg,0.80721,1.079513,0.27230295375823976
femtorv_quark,aluReg[10],train,pico_femto,processor,reg_to_reg,0.918629,1.107845,0.1892159487686157
femtorv_quark,aluReg[11],train,pico_femto,processor,reg_to_reg,0.918629,1.107845,0.1892159487686157
femtorv_quark,aluReg[12],train,pico_femto,processor,reg_to_reg,0.918629,1.107845,0.1892159487686157
femtorv_quark,aluReg[13],train,pico_femto,processor,reg_to_reg,0.918629,1.107845,0.1892159487686157
femtorv_quark,aluReg[14],train,pico_femto,processor,reg_to_reg,0.918629,1.107845,0.1892159487686157
femtorv_quark,aluReg[15],train,pico_femto,processor,reg_to_reg,0.918629,1.107845,0.1892159487686157
femtorv_quark,aluReg[16],train,pico_femto,processor,reg_to_reg,0.918629,1.107845,0.1892159487686157
femtorv_quark,aluReg[17],train,pico_femto,processor,reg_to_reg,0.918629,1.107845,0.1892159487686157
femtorv_quark,aluReg[18],train,pico_femto,processor,reg_to_reg,0.918629,1.107845,0.1892159487686157
femtorv_quark,aluReg[19],train,pico_femto,processor,reg_to_reg,0.918629,1.107845,0.1892159487686157
femtorv_quark,aluReg[1],train,pico_femto,processor,reg_to_reg,0.918629,1.107845,0.1892159487686157
femtorv_quark,aluReg[20],train,pico_femto,processor,reg_to_reg,0.918629,1.107845,0.1892159487686157
femtorv_quark,aluReg[21],train,pico_femto,processor,reg_to_reg,0.918629,1.107845,0.1892159487686157
femtorv_quark,aluReg[22],train,pico_femto,processor,reg_to_reg,0.918629,1.107845,0.1892159487686157
femtorv_quark,aluReg[23],train,pico_femto,processor,reg_to_reg,0.918629,1.107845,0.1892159487686157
femtorv_quark,aluReg[24],train,pico_femto,processor,reg_to_reg,0.918629,1.107845,0.1892159487686157
femtorv_quark,aluReg[25],train,pico_femto,processor,reg_to_reg,0.918629,1.107845,0.1892159487686157
femtorv_quark,aluReg[26],train,pico_femto,processor,reg_to_reg,0.918629,1.107845,0.1892159487686157
femtorv_quark,aluReg[27],train,pico_femto,processor,reg_to_reg,0.918629,1.107845,0.1892159487686157
femtorv_quark,aluReg[28],train,pico_femto,processor,reg_to_reg,0.918629,1.107845,0.1892159487686157
femtorv_quark,aluReg[29],train,pico_femto,processor,reg_to_reg,0.918629,1.107845,0.1892159487686157
femtorv_quark,aluReg[2],train,pico_femto,processor,reg_to_reg,0.918629,1.107845,0.1892159487686157
femtorv_quark,aluReg[30],train,pico_femto,processor,reg_to_reg,0.908689,1.107845,0.19915594876861575
femtorv_quark,aluReg[31],train,pico_femto,processor,reg_to_reg,0.793447,1.0562967,0.262849706199646
femtorv_quark,aluReg[3],train,pico_femto,processor,reg_to_reg,0.918629,1.107845,0.1892159487686157
femtorv_quark,aluReg[4],train,pico_femto,processor,reg_to_reg,0.918629,1.107845,0.1892159487686157
femtorv_quark,aluReg[5],train,pico_femto,processor,reg_to_reg,0.918629,1.107845,0.1892159487686157
femtorv_quark,aluReg[6],train,pico_femto,processor,reg_to_reg,0.918629,1.107845,0.1892159487686157
femtorv_quark,aluReg[7],train,pico_femto,processor,reg_to_reg,0.918629,1.107845,0.1892159487686157
femtorv_quark,aluReg[8],train,pico_femto,processor,reg_to_reg,0.918629,1.107845,0.1892159487686157
femtorv_quark,aluReg[9],train,pico_femto,processor,reg_to_reg,0.918629,1.107845,0.1892159487686157
femtorv_quark,aluShamt[0],train,pico_femto,processor,reg_to_reg,0.645444,1.1114926,0.46604863381958006
femtorv_quark,aluShamt[1],train,pico_femto,processor,reg_to_reg,0.662572,1.1114926,0.44892063381958003
femtorv_quark,aluShamt[2],train,pico_femto,processor,reg_to_reg,0.903893,1.1114926,0.20759963381958013
femtorv_quark,aluShamt[3],train,pico_femto,processor,reg_to_reg,0.903893,1.1114926,0.20759963381958013
femtorv_quark,aluShamt[4],train,pico_femto,processor,reg_to_reg,0.903893,1.1114926,0.20759963381958013
femtorv_quark,cycles[0],train,pico_femto,processor,reg_to_reg,0.075374,0.7104336,0.6350596023330688
femtorv_quark,cycles[10],train,pico_femto,processor,reg_to_reg,0.379481,0.9242504,0.5447694239082337
femtorv_quark,cycles[11],train,pico_femto,processor,reg_to_reg,0.438482,0.9242504,0.48576842390823366
femtorv_quark,cycles[12],train,pico_femto,processor,reg_to_reg,0.447887,0.9242504,0.47636342390823366
femtorv_quark,cycles[13],train,pico_femto,processor,reg_to_reg,0.463101,0.93764377,0.47454276640319826
femtorv_quark,cycles[14],train,pico_femto,processor,reg_to_reg,0.522101,0.93764377,0.4155427664031982
femtorv_quark,cycles[15],train,pico_femto,processor,reg_to_reg,0.531506,0.93764377,0.4061377664031982
femtorv_quark,cycles[16],train,pico_femto,processor,reg_to_reg,0.54672,0.93764377,0.39092376640319826
femtorv_quark,cycles[17],train,pico_femto,processor,reg_to_reg,0.60572,0.97851104,0.37279103544235226
femtorv_quark,cycles[18],train,pico_femto,processor,reg_to_reg,0.615126,0.97851104,0.36338503544235234
femtorv_quark,cycles[19],train,pico_femto,processor,reg_to_reg,0.630339,0.97851104,0.3481720354423523
femtorv_quark,cycles[1],train,pico_femto,processor,reg_to_reg,0.15734,0.70580554,0.5484655400848388
femtorv_quark,cycles[20],train,pico_femto,processor,reg_to_reg,0.68934,0.97851104,0.28917103544235234
femtorv_quark,cycles[21],train,pico_femto,processor,reg_to_reg,0.698745,0.97851104,0.27976603544235235
femtorv_quark,cycles[22],train,pico_femto,processor,reg_to_reg,0.713959,0.97851104,0.2645520354423523
femtorv_quark,cycles[23],train,pico_femto,processor,reg_to_reg,0.772959,0.9887205,0.2157614766273499
femtorv_quark,cycles[24],train,pico_femto,processor,reg_to_reg,0.782364,0.9887205,0.2063564766273499
femtorv_quark,cycles[25],train,pico_femto,processor,reg_to_reg,0.797578,1.1018047,0.3042267332763672
femtorv_quark,cycles[26],train,pico_femto,processor,reg_to_reg,0.856578,1.4240578,0.5674798413009644
femtorv_quark,cycles[27],train,pico_femto,processor,reg_to_reg,0.865984,1.5284231,0.6624390709075928
femtorv_quark,cycles[28],train,pico_femto,processor,reg_to_reg,0.881197,1.5284231,0.6472260709075928
femtorv_quark,cycles[29],train,pico_femto,processor,reg_to_reg,0.940198,1.5284231,0.5882250709075928
femtorv_quark,cycles[2],train,pico_femto,processor,reg_to_reg,0.16626,0.70580554,0.5395455400848389
femtorv_quark,cycles[30],train,pico_femto,processor,reg_to_reg,0.949603,1.5284231,0.5788200709075928
femtorv_quark,cycles[31],train,pico_femto,processor,reg_to_reg,0.9578,1.5284231,0.5706230709075928
femtorv_quark,cycles[3],train,pico_femto,processor,reg_to_reg,0.181397,0.70580554,0.5244085400848388
femtorv_quark,cycles[4],train,pico_femto,processor,reg_to_reg,0.226063,0.7099568,0.4838938247795105
femtorv_quark,cycles[5],train,pico_femto,processor,reg_to_reg,0.270477,0.724322,0.4538450210075378
femtorv_quark,cycles[6],train,pico_femto,processor,reg_to_reg,0.28062,0.74778944,0.4671694425392151
femtorv_quark,cycles[7],train,pico_femto,processor,reg_to_reg,0.295774,0.74778944,0.4520154425392151
femtorv_quark,cycles[8],train,pico_femto,processor,reg_to_reg,0.354862,0.87695295,0.5220909461860657
femtorv_quark,cycles[9],train,pico_femto,processor,reg_to_reg,0.364268,0.8813728,0.5171048094100952
femtorv_quark,instr[2],train,pico_femto,processor,input_to_reg,1.568735,1.6939386,0.12520361293792726
femtorv_quark,instr[3],train,pico_femto,processor,input_to_reg,1.568735,1.6939386,0.12520361293792726
femtorv_quark,instr[4],train,pico_femto,processor,input_to_reg,1.568735,1.6939386,0.12520361293792726
femtorv_quark,instr[5],train,pico_femto,processor,input_to_reg,1.568735,1.6939386,0.12520361293792726
femtorv_quark,instr[6],train,pico_femto,processor,input_to_reg,1.568735,1.6939386,0.12520361293792726
femtorv_quark,registerFile[0][0],train,pico_femto,processor,reg_to_reg,1.849344,1.8300964,0.01924763597869883
femtorv_quark,registerFile[0][10],train,pico_femto,processor,reg_to_reg,1.496339,1.6421905,0.14585145639038077
femtorv_quark,registerFile[0][11],train,pico_femto,processor,reg_to_reg,1.476723,1.6421905,0.16546745639038085
femtorv_quark,registerFile[0][12],train,pico_femto,processor,reg_to_reg,1.509798,1.6421905,0.13239245639038089
femtorv_quark,registerFile[0][13],train,pico_femto,processor,reg_to_reg,1.503413,1.6421905,0.13877745639038075
femtorv_quark,registerFile[0][14],train,pico_femto,processor,reg_to_reg,1.466964,1.7660635,0.29909945176696784
femtorv_quark,registerFile[0][15],train,pico_femto,processor,reg_to_reg,1.44495,1.7660635,0.3211134517669678
femtorv_quark,registerFile[0][16],train,pico_femto,processor,reg_to_reg,1.540253,1.7660635,0.22581045176696768
femtorv_quark,registerFile[0][17],train,pico_femto,processor,reg_to_reg,1.52959,1.7660635,0.23647345176696777
femtorv_quark,registerFile[0][18],train,pico_femto,processor,reg_to_reg,1.511813,1.7660635,0.2542504517669677
femtorv_quark,registerFile[0][19],train,pico_femto,processor,reg_to_reg,1.530663,1.7766382,0.24597515021514882
femtorv_quark,registerFile[0][1],train,pico_femto,processor,input_to_reg,1.357228,1.5629803,0.2057522942276
femtorv_quark,registerFile[0][20],train,pico_femto,processor,reg_to_reg,1.633848,1.7799802,0.1461321826477051
femtorv_quark,registerFile[0][21],train,pico_femto,processor,reg_to_reg,1.639384,1.7799802,0.14059618264770513
femtorv_quark,registerFile[0][22],train,pico_femto,processor,reg_to_reg,1.62427,1.7799802,0.15571018264770498
femtorv_quark,registerFile[0][23],train,pico_femto,processor,reg_to_reg,1.677998,1.797816,0.11981803813171377
femtorv_quark,registerFile[0][24],train,pico_femto,processor,reg_to_reg,1.767199,1.797816,0.030617038131713903
femtorv_quark,registerFile[0][25],train,pico_femto,processor,reg_to_reg,1.79664,1.797816,0.0011760381317138524
femtorv_quark,registerFile[0][26],train,pico_femto,processor,reg_to_reg,1.862697,1.8306166,0.03208040663909917
femtorv_quark,registerFile[0][27],train,pico_femto,processor,reg_to_reg,1.900504,1.8498641,0.05063987474822995
femtorv_quark,registerFile[0][28],train,pico_femto,processor,reg_to_reg,1.888551,1.8498641,0.03868687474823007
femtorv_quark,registerFile[0][29],train,pico_femto,processor,reg_to_reg,1.962828,1.8889177,0.0739103154449463
femtorv_quark,registerFile[0][2],train,pico_femto,processor,input_to_reg,1.350088,1.5629803,0.21289229422760014
femtorv_quark,registerFile[0][30],train,pico_femto,processor,reg_to_reg,1.975838,1.8889177,0.08692031544494627
femtorv_quark,registerFile[0][31],train,pico_femto,processor,reg_to_reg,2.04089,1.9012542,0.13963582290649423
femtorv_quark,registerFile[0][3],train,pico_femto,processor,input_to_reg,1.37177,1.5701767,0.19840672061920173
femtorv_quark,registerFile[0][4],train,pico_femto,processor,input_to_reg,1.376933,1.5629803,0.18604729422760014
femtorv_quark,registerFile[0][5],train,pico_femto,processor,input_to_reg,1.42653,1.5629803,0.13645029422760002
femtorv_quark,registerFile[0][6],train,pico_femto,processor,input_to_reg,1.3778,1.5631253,0.18532525272369393
femtorv_quark,registerFile[0][7],train,pico_femto,processor,input_to_reg,1.403063,1.5652407,0.16217774077606206
femtorv_quark,registerFile[0][8],train,pico_femto,processor,input_to_reg,1.536933,1.5653857,0.028452699272155657
femtorv_quark,registerFile[0][9],train,pico_femto,processor,reg_to_reg,1.507694,1.6421905,0.13449645639038077
femtorv_quark,registerFile[10][0],train,pico_femto,processor,reg_to_reg,1.849344,1.8300964,0.01924763597869883
femtorv_quark,registerFile[10][10],train,pico_femto,processor,reg_to_reg,1.496339,1.6421905,0.14585145639038077
femtorv_quark,registerFile[10][11],train,pico_femto,processor,reg_to_reg,1.476723,1.6421905,0.16546745639038085
femtorv_quark,registerFile[10][12],train,pico_femto,processor,reg_to_reg,1.509798,1.6421905,0.13239245639038089
femtorv_quark,registerFile[10][13],train,pico_femto,processor,reg_to_reg,1.503413,1.6421905,0.13877745639038075
femtorv_quark,registerFile[10][14],train,pico_femto,processor,reg_to_reg,1.466964,1.7660635,0.29909945176696784
femtorv_quark,registerFile[10][15],train,pico_femto,processor,reg_to_reg,1.44495,1.7660635,0.3211134517669678
femtorv_quark,registerFile[10][16],train,pico_femto,processor,reg_to_reg,1.540253,1.7660635,0.22581045176696768
femtorv_quark,registerFile[10][17],train,pico_femto,processor,reg_to_reg,1.52959,1.7660635,0.23647345176696777
femtorv_quark,registerFile[10][18],train,pico_femto,processor,reg_to_reg,1.511813,1.7660635,0.2542504517669677
femtorv_quark,registerFile[10][19],train,pico_femto,processor,reg_to_reg,1.530663,1.7766382,0.24597515021514882
femtorv_quark,registerFile[10][1],train,pico_femto,processor,input_to_reg,1.357228,1.5629803,0.2057522942276
femtorv_quark,registerFile[10][20],train,pico_femto,processor,reg_to_reg,1.633848,1.7799802,0.1461321826477051
femtorv_quark,registerFile[10][21],train,pico_femto,processor,reg_to_reg,1.639384,1.7799802,0.14059618264770513
femtorv_quark,registerFile[10][22],train,pico_femto,processor,reg_to_reg,1.62427,1.7799802,0.15571018264770498
femtorv_quark,registerFile[10][23],train,pico_femto,processor,reg_to_reg,1.677998,1.797816,0.11981803813171377
femtorv_quark,registerFile[10][24],train,pico_femto,processor,reg_to_reg,1.767199,1.797816,0.030617038131713903
femtorv_quark,registerFile[10][25],train,pico_femto,processor,reg_to_reg,1.79664,1.797816,0.0011760381317138524
femtorv_quark,registerFile[10][26],train,pico_femto,processor,reg_to_reg,1.862697,1.8306166,0.03208040663909917
femtorv_quark,registerFile[10][27],train,pico_femto,processor,reg_to_reg,1.900504,1.8498641,0.05063987474822995
femtorv_quark,registerFile[10][28],train,pico_femto,processor,reg_to_reg,1.888551,1.8498641,0.03868687474823007
femtorv_quark,registerFile[10][29],train,pico_femto,processor,reg_to_reg,1.962828,1.8889177,0.0739103154449463
femtorv_quark,registerFile[10][2],train,pico_femto,processor,input_to_reg,1.350088,1.5629803,0.21289229422760014
femtorv_quark,registerFile[10][30],train,pico_femto,processor,reg_to_reg,1.975838,1.8889177,0.08692031544494627
femtorv_quark,registerFile[10][31],train,pico_femto,processor,reg_to_reg,2.04089,1.9012542,0.13963582290649423
femtorv_quark,registerFile[10][3],train,pico_femto,processor,input_to_reg,1.37177,1.5701767,0.19840672061920173
femtorv_quark,registerFile[10][4],train,pico_femto,processor,input_to_reg,1.376933,1.5629803,0.18604729422760014
femtorv_quark,registerFile[10][5],train,pico_femto,processor,input_to_reg,1.42653,1.5629803,0.13645029422760002
femtorv_quark,registerFile[10][6],train,pico_femto,processor,input_to_reg,1.3778,1.5631253,0.18532525272369393
femtorv_quark,registerFile[10][7],train,pico_femto,processor,input_to_reg,1.403063,1.5652407,0.16217774077606206
femtorv_quark,registerFile[10][8],train,pico_femto,processor,input_to_reg,1.536933,1.5653857,0.028452699272155657
femtorv_quark,registerFile[10][9],train,pico_femto,processor,reg_to_reg,1.507694,1.6421905,0.13449645639038077
femtorv_quark,registerFile[11][0],train,pico_femto,processor,reg_to_reg,1.849344,1.8300964,0.01924763597869883
femtorv_quark,registerFile[11][10],train,pico_femto,processor,reg_to_reg,1.496339,1.6421905,0.14585145639038077
femtorv_quark,registerFile[11][11],train,pico_femto,processor,reg_to_reg,1.476723,1.6421905,0.16546745639038085
femtorv_quark,registerFile[11][12],train,pico_femto,processor,reg_to_reg,1.509798,1.6421905,0.13239245639038089
femtorv_quark,registerFile[11][13],train,pico_femto,processor,reg_to_reg,1.503413,1.6421905,0.13877745639038075
femtorv_quark,registerFile[11][14],train,pico_femto,processor,reg_to_reg,1.466964,1.7660635,0.29909945176696784
femtorv_quark,registerFile[11][15],train,pico_femto,processor,reg_to_reg,1.44495,1.7660635,0.3211134517669678
femtorv_quark,registerFile[11][16],train,pico_femto,processor,reg_to_reg,1.540253,1.7660635,0.22581045176696768
femtorv_quark,registerFile[11][17],train,pico_femto,processor,reg_to_reg,1.52959,1.7660635,0.23647345176696777
femtorv_quark,registerFile[11][18],train,pico_femto,processor,reg_to_reg,1.511813,1.7660635,0.2542504517669677
femtorv_quark,registerFile[11][19],train,pico_femto,processor,reg_to_reg,1.530663,1.7766382,0.24597515021514882
femtorv_quark,registerFile[11][1],train,pico_femto,processor,input_to_reg,1.357228,1.5629803,0.2057522942276
femtorv_quark,registerFile[11][20],train,pico_femto,processor,reg_to_reg,1.633848,1.7799802,0.1461321826477051
femtorv_quark,registerFile[11][21],train,pico_femto,processor,reg_to_reg,1.639384,1.7799802,0.14059618264770513
femtorv_quark,registerFile[11][22],train,pico_femto,processor,reg_to_reg,1.62427,1.7799802,0.15571018264770498
femtorv_quark,registerFile[11][23],train,pico_femto,processor,reg_to_reg,1.677998,1.797816,0.11981803813171377
femtorv_quark,registerFile[11][24],train,pico_femto,processor,reg_to_reg,1.767199,1.797816,0.030617038131713903
femtorv_quark,registerFile[11][25],train,pico_femto,processor,reg_to_reg,1.79664,1.797816,0.0011760381317138524
femtorv_quark,registerFile[11][26],train,pico_femto,processor,reg_to_reg,1.862697,1.8306166,0.03208040663909917
femtorv_quark,registerFile[11][27],train,pico_femto,processor,reg_to_reg,1.900504,1.8498641,0.05063987474822995
femtorv_quark,registerFile[11][28],train,pico_femto,processor,reg_to_reg,1.888551,1.8498641,0.03868687474823007
femtorv_quark,registerFile[11][29],train,pico_femto,processor,reg_to_reg,1.962828,1.8889177,0.0739103154449463
femtorv_quark,registerFile[11][2],train,pico_femto,processor,input_to_reg,1.350088,1.5629803,0.21289229422760014
femtorv_quark,registerFile[11][30],train,pico_femto,processor,reg_to_reg,1.975838,1.8889177,0.08692031544494627
femtorv_quark,registerFile[11][31],train,pico_femto,processor,reg_to_reg,2.04089,1.9012542,0.13963582290649423
femtorv_quark,registerFile[11][3],train,pico_femto,processor,input_to_reg,1.37177,1.5701767,0.19840672061920173
femtorv_quark,registerFile[11][4],train,pico_femto,processor,input_to_reg,1.376933,1.5629803,0.18604729422760014
femtorv_quark,registerFile[11][5],train,pico_femto,processor,input_to_reg,1.42653,1.5629803,0.13645029422760002
femtorv_quark,registerFile[11][6],train,pico_femto,processor,input_to_reg,1.3778,1.5631253,0.18532525272369393
femtorv_quark,registerFile[11][7],train,pico_femto,processor,input_to_reg,1.403063,1.5652407,0.16217774077606206
femtorv_quark,registerFile[11][8],train,pico_femto,processor,input_to_reg,1.536933,1.5653857,0.028452699272155657
femtorv_quark,registerFile[11][9],train,pico_femto,processor,reg_to_reg,1.507694,1.6421905,0.13449645639038077
femtorv_quark,registerFile[12][0],train,pico_femto,processor,reg_to_reg,1.849344,1.8300964,0.01924763597869883
femtorv_quark,registerFile[12][10],train,pico_femto,processor,reg_to_reg,1.496339,1.6421905,0.14585145639038077
femtorv_quark,registerFile[12][11],train,pico_femto,processor,reg_to_reg,1.476723,1.6421905,0.16546745639038085
femtorv_quark,registerFile[12][12],train,pico_femto,processor,reg_to_reg,1.509798,1.6421905,0.13239245639038089
femtorv_quark,registerFile[12][13],train,pico_femto,processor,reg_to_reg,1.503413,1.6421905,0.13877745639038075
femtorv_quark,registerFile[12][14],train,pico_femto,processor,reg_to_reg,1.466964,1.7660635,0.29909945176696784
femtorv_quark,registerFile[12][15],train,pico_femto,processor,reg_to_reg,1.44495,1.7660635,0.3211134517669678
femtorv_quark,registerFile[12][16],train,pico_femto,processor,reg_to_reg,1.540253,1.7660635,0.22581045176696768
femtorv_quark,registerFile[12][17],train,pico_femto,processor,reg_to_reg,1.52959,1.7660635,0.23647345176696777
femtorv_quark,registerFile[12][18],train,pico_femto,processor,reg_to_reg,1.511813,1.7660635,0.2542504517669677
femtorv_quark,registerFile[12][19],train,pico_femto,processor,reg_to_reg,1.530663,1.7766382,0.24597515021514882
femtorv_quark,registerFile[12][1],train,pico_femto,processor,input_to_reg,1.357228,1.5629803,0.2057522942276
femtorv_quark,registerFile[12][20],train,pico_femto,processor,reg_to_reg,1.633848,1.7799802,0.1461321826477051
femtorv_quark,registerFile[12][21],train,pico_femto,processor,reg_to_reg,1.639384,1.7799802,0.14059618264770513
femtorv_quark,registerFile[12][22],train,pico_femto,processor,reg_to_reg,1.62427,1.7799802,0.15571018264770498
femtorv_quark,registerFile[12][23],train,pico_femto,processor,reg_to_reg,1.677998,1.797816,0.11981803813171377
femtorv_quark,registerFile[12][24],train,pico_femto,processor,reg_to_reg,1.767199,1.797816,0.030617038131713903
femtorv_quark,registerFile[12][25],train,pico_femto,processor,reg_to_reg,1.79664,1.797816,0.0011760381317138524
femtorv_quark,registerFile[12][26],train,pico_femto,processor,reg_to_reg,1.862697,1.8306166,0.03208040663909917
femtorv_quark,registerFile[12][27],train,pico_femto,processor,reg_to_reg,1.900504,1.8498641,0.05063987474822995
femtorv_quark,registerFile[12][28],train,pico_femto,processor,reg_to_reg,1.888551,1.8498641,0.03868687474823007
femtorv_quark,registerFile[12][29],train,pico_femto,processor,reg_to_reg,1.962828,1.8889177,0.0739103154449463
femtorv_quark,registerFile[12][2],train,pico_femto,processor,input_to_reg,1.350088,1.5629803,0.21289229422760014
femtorv_quark,registerFile[12][30],train,pico_femto,processor,reg_to_reg,1.975838,1.8889177,0.08692031544494627
femtorv_quark,registerFile[12][31],train,pico_femto,processor,reg_to_reg,2.04089,1.9012542,0.13963582290649423
femtorv_quark,registerFile[12][3],train,pico_femto,processor,input_to_reg,1.37177,1.5701767,0.19840672061920173
femtorv_quark,registerFile[12][4],train,pico_femto,processor,input_to_reg,1.376933,1.5629803,0.18604729422760014
femtorv_quark,registerFile[12][5],train,pico_femto,processor,input_to_reg,1.42653,1.5629803,0.13645029422760002
femtorv_quark,registerFile[12][6],train,pico_femto,processor,input_to_reg,1.3778,1.5631253,0.18532525272369393
femtorv_quark,registerFile[12][7],train,pico_femto,processor,input_to_reg,1.403063,1.5652407,0.16217774077606206
femtorv_quark,registerFile[12][8],train,pico_femto,processor,input_to_reg,1.536933,1.5653857,0.028452699272155657
femtorv_quark,registerFile[12][9],train,pico_femto,processor,reg_to_reg,1.507694,1.6421905,0.13449645639038077
femtorv_quark,registerFile[13][0],train,pico_femto,processor,reg_to_reg,1.849344,1.8300964,0.01924763597869883
femtorv_quark,registerFile[13][10],train,pico_femto,processor,reg_to_reg,1.496339,1.6421905,0.14585145639038077
femtorv_quark,registerFile[13][11],train,pico_femto,processor,reg_to_reg,1.476723,1.6421905,0.16546745639038085
femtorv_quark,registerFile[13][12],train,pico_femto,processor,reg_to_reg,1.509798,1.6421905,0.13239245639038089
femtorv_quark,registerFile[13][13],train,pico_femto,processor,reg_to_reg,1.503413,1.6421905,0.13877745639038075
femtorv_quark,registerFile[13][14],train,pico_femto,processor,reg_to_reg,1.466964,1.7660635,0.29909945176696784
femtorv_quark,registerFile[13][15],train,pico_femto,processor,reg_to_reg,1.44495,1.7660635,0.3211134517669678
femtorv_quark,registerFile[13][16],train,pico_femto,processor,reg_to_reg,1.540253,1.7660635,0.22581045176696768
femtorv_quark,registerFile[13][17],train,pico_femto,processor,reg_to_reg,1.52959,1.7660635,0.23647345176696777
femtorv_quark,registerFile[13][18],train,pico_femto,processor,reg_to_reg,1.511813,1.7660635,0.2542504517669677
femtorv_quark,registerFile[13][19],train,pico_femto,processor,reg_to_reg,1.530663,1.7766382,0.24597515021514882
femtorv_quark,registerFile[13][1],train,pico_femto,processor,input_to_reg,1.357228,1.5629803,0.2057522942276
femtorv_quark,registerFile[13][20],train,pico_femto,processor,reg_to_reg,1.633848,1.7799802,0.1461321826477051
femtorv_quark,registerFile[13][21],train,pico_femto,processor,reg_to_reg,1.639384,1.7799802,0.14059618264770513
femtorv_quark,registerFile[13][22],train,pico_femto,processor,reg_to_reg,1.62427,1.7799802,0.15571018264770498
femtorv_quark,registerFile[13][23],train,pico_femto,processor,reg_to_reg,1.677998,1.797816,0.11981803813171377
femtorv_quark,registerFile[13][24],train,pico_femto,processor,reg_to_reg,1.767199,1.797816,0.030617038131713903
femtorv_quark,registerFile[13][25],train,pico_femto,processor,reg_to_reg,1.79664,1.797816,0.0011760381317138524
femtorv_quark,registerFile[13][26],train,pico_femto,processor,reg_to_reg,1.862697,1.8306166,0.03208040663909917
femtorv_quark,registerFile[13][27],train,pico_femto,processor,reg_to_reg,1.900504,1.8498641,0.05063987474822995
femtorv_quark,registerFile[13][28],train,pico_femto,processor,reg_to_reg,1.888551,1.8498641,0.03868687474823007
femtorv_quark,registerFile[13][29],train,pico_femto,processor,reg_to_reg,1.962828,1.8889177,0.0739103154449463
femtorv_quark,registerFile[13][2],train,pico_femto,processor,input_to_reg,1.350088,1.5629803,0.21289229422760014
femtorv_quark,registerFile[13][30],train,pico_femto,processor,reg_to_reg,1.975838,1.8889177,0.08692031544494627
femtorv_quark,registerFile[13][31],train,pico_femto,processor,reg_to_reg,2.04089,1.9012542,0.13963582290649423
femtorv_quark,registerFile[13][3],train,pico_femto,processor,input_to_reg,1.37177,1.5701767,0.19840672061920173
femtorv_quark,registerFile[13][4],train,pico_femto,processor,input_to_reg,1.376933,1.5629803,0.18604729422760014
femtorv_quark,registerFile[13][5],train,pico_femto,processor,input_to_reg,1.42653,1.5629803,0.13645029422760002
femtorv_quark,registerFile[13][6],train,pico_femto,processor,input_to_reg,1.3778,1.5631253,0.18532525272369393
femtorv_quark,registerFile[13][7],train,pico_femto,processor,input_to_reg,1.403063,1.5652407,0.16217774077606206
femtorv_quark,registerFile[13][8],train,pico_femto,processor,input_to_reg,1.536933,1.5653857,0.028452699272155657
femtorv_quark,registerFile[13][9],train,pico_femto,processor,reg_to_reg,1.507694,1.6421905,0.13449645639038077
femtorv_quark,registerFile[14][0],train,pico_femto,processor,reg_to_reg,1.849344,1.8300964,0.01924763597869883
femtorv_quark,registerFile[14][10],train,pico_femto,processor,reg_to_reg,1.496339,1.6421905,0.14585145639038077
femtorv_quark,registerFile[14][11],train,pico_femto,processor,reg_to_reg,1.476723,1.6421905,0.16546745639038085
femtorv_quark,registerFile[14][12],train,pico_femto,processor,reg_to_reg,1.509798,1.6421905,0.13239245639038089
femtorv_quark,registerFile[14][13],train,pico_femto,processor,reg_to_reg,1.503413,1.6421905,0.13877745639038075
femtorv_quark,registerFile[14][14],train,pico_femto,processor,reg_to_reg,1.466964,1.7660635,0.29909945176696784
femtorv_quark,registerFile[14][15],train,pico_femto,processor,reg_to_reg,1.44495,1.7660635,0.3211134517669678
femtorv_quark,registerFile[14][16],train,pico_femto,processor,reg_to_reg,1.540253,1.7660635,0.22581045176696768
femtorv_quark,registerFile[14][17],train,pico_femto,processor,reg_to_reg,1.52959,1.7660635,0.23647345176696777
femtorv_quark,registerFile[14][18],train,pico_femto,processor,reg_to_reg,1.511813,1.7660635,0.2542504517669677
femtorv_quark,registerFile[14][19],train,pico_femto,processor,reg_to_reg,1.530663,1.7766382,0.24597515021514882
femtorv_quark,registerFile[14][1],train,pico_femto,processor,input_to_reg,1.357228,1.5629803,0.2057522942276
femtorv_quark,registerFile[14][20],train,pico_femto,processor,reg_to_reg,1.633848,1.7799802,0.1461321826477051
femtorv_quark,registerFile[14][21],train,pico_femto,processor,reg_to_reg,1.639384,1.7799802,0.14059618264770513
femtorv_quark,registerFile[14][22],train,pico_femto,processor,reg_to_reg,1.62427,1.7799802,0.15571018264770498
femtorv_quark,registerFile[14][23],train,pico_femto,processor,reg_to_reg,1.677998,1.797816,0.11981803813171377
femtorv_quark,registerFile[14][24],train,pico_femto,processor,reg_to_reg,1.767199,1.797816,0.030617038131713903
femtorv_quark,registerFile[14][25],train,pico_femto,processor,reg_to_reg,1.79664,1.797816,0.0011760381317138524
femtorv_quark,registerFile[14][26],train,pico_femto,processor,reg_to_reg,1.862697,1.8306166,0.03208040663909917
femtorv_quark,registerFile[14][27],train,pico_femto,processor,reg_to_reg,1.900504,1.8498641,0.05063987474822995
femtorv_quark,registerFile[14][28],train,pico_femto,processor,reg_to_reg,1.888551,1.8498641,0.03868687474823007
femtorv_quark,registerFile[14][29],train,pico_femto,processor,reg_to_reg,1.962828,1.8889177,0.0739103154449463
femtorv_quark,registerFile[14][2],train,pico_femto,processor,input_to_reg,1.350088,1.5629803,0.21289229422760014
femtorv_quark,registerFile[14][30],train,pico_femto,processor,reg_to_reg,1.975838,1.8889177,0.08692031544494627
femtorv_quark,registerFile[14][31],train,pico_femto,processor,reg_to_reg,2.04089,1.9012542,0.13963582290649423
femtorv_quark,registerFile[14][3],train,pico_femto,processor,input_to_reg,1.37177,1.5701767,0.19840672061920173
femtorv_quark,registerFile[14][4],train,pico_femto,processor,input_to_reg,1.376933,1.5629803,0.18604729422760014
femtorv_quark,registerFile[14][5],train,pico_femto,processor,input_to_reg,1.42653,1.5629803,0.13645029422760002
femtorv_quark,registerFile[14][6],train,pico_femto,processor,input_to_reg,1.3778,1.5631253,0.18532525272369393
femtorv_quark,registerFile[14][7],train,pico_femto,processor,input_to_reg,1.403063,1.5652407,0.16217774077606206
femtorv_quark,registerFile[14][8],train,pico_femto,processor,input_to_reg,1.536933,1.5653857,0.028452699272155657
femtorv_quark,registerFile[14][9],train,pico_femto,processor,reg_to_reg,1.507694,1.6421905,0.13449645639038077
femtorv_quark,registerFile[15][0],train,pico_femto,processor,reg_to_reg,1.849344,1.8300964,0.01924763597869883
femtorv_quark,registerFile[15][10],train,pico_femto,processor,reg_to_reg,1.496339,1.6421905,0.14585145639038077
femtorv_quark,registerFile[15][11],train,pico_femto,processor,reg_to_reg,1.476723,1.6421905,0.16546745639038085
femtorv_quark,registerFile[15][12],train,pico_femto,processor,reg_to_reg,1.509798,1.6421905,0.13239245639038089
femtorv_quark,registerFile[15][13],train,pico_femto,processor,reg_to_reg,1.503413,1.6421905,0.13877745639038075
femtorv_quark,registerFile[15][14],train,pico_femto,processor,reg_to_reg,1.466964,1.7660635,0.29909945176696784
femtorv_quark,registerFile[15][15],train,pico_femto,processor,reg_to_reg,1.44495,1.7660635,0.3211134517669678
femtorv_quark,registerFile[15][16],train,pico_femto,processor,reg_to_reg,1.540253,1.7660635,0.22581045176696768
femtorv_quark,registerFile[15][17],train,pico_femto,processor,reg_to_reg,1.52959,1.7660635,0.23647345176696777
femtorv_quark,registerFile[15][18],train,pico_femto,processor,reg_to_reg,1.511813,1.7660635,0.2542504517669677
femtorv_quark,registerFile[15][19],train,pico_femto,processor,reg_to_reg,1.530663,1.7766382,0.24597515021514882
femtorv_quark,registerFile[15][1],train,pico_femto,processor,input_to_reg,1.357228,1.5629803,0.2057522942276
femtorv_quark,registerFile[15][20],train,pico_femto,processor,reg_to_reg,1.633848,1.7799802,0.1461321826477051
femtorv_quark,registerFile[15][21],train,pico_femto,processor,reg_to_reg,1.639384,1.7799802,0.14059618264770513
femtorv_quark,registerFile[15][22],train,pico_femto,processor,reg_to_reg,1.62427,1.7799802,0.15571018264770498
femtorv_quark,registerFile[15][23],train,pico_femto,processor,reg_to_reg,1.677998,1.797816,0.11981803813171377
femtorv_quark,registerFile[15][24],train,pico_femto,processor,reg_to_reg,1.767199,1.797816,0.030617038131713903
femtorv_quark,registerFile[15][25],train,pico_femto,processor,reg_to_reg,1.79664,1.797816,0.0011760381317138524
femtorv_quark,registerFile[15][26],train,pico_femto,processor,reg_to_reg,1.862697,1.8306166,0.03208040663909917
femtorv_quark,registerFile[15][27],train,pico_femto,processor,reg_to_reg,1.900504,1.8498641,0.05063987474822995
femtorv_quark,registerFile[15][28],train,pico_femto,processor,reg_to_reg,1.888551,1.8498641,0.03868687474823007
femtorv_quark,registerFile[15][29],train,pico_femto,processor,reg_to_reg,1.962828,1.8889177,0.0739103154449463
femtorv_quark,registerFile[15][2],train,pico_femto,processor,input_to_reg,1.350088,1.5629803,0.21289229422760014
femtorv_quark,registerFile[15][30],train,pico_femto,processor,reg_to_reg,1.975838,1.8889177,0.08692031544494627
femtorv_quark,registerFile[15][31],train,pico_femto,processor,reg_to_reg,2.04089,1.9012542,0.13963582290649423
femtorv_quark,registerFile[15][3],train,pico_femto,processor,input_to_reg,1.37177,1.5701767,0.19840672061920173
femtorv_quark,registerFile[15][4],train,pico_femto,processor,input_to_reg,1.376933,1.5629803,0.18604729422760014
femtorv_quark,registerFile[15][5],train,pico_femto,processor,input_to_reg,1.42653,1.5629803,0.13645029422760002
femtorv_quark,registerFile[15][6],train,pico_femto,processor,input_to_reg,1.3778,1.5631253,0.18532525272369393
femtorv_quark,registerFile[15][7],train,pico_femto,processor,input_to_reg,1.403063,1.5652407,0.16217774077606206
femtorv_quark,registerFile[15][8],train,pico_femto,processor,input_to_reg,1.536933,1.5653857,0.028452699272155657
femtorv_quark,registerFile[15][9],train,pico_femto,processor,reg_to_reg,1.507694,1.6421905,0.13449645639038077
femtorv_quark,registerFile[16][0],train,pico_femto,processor,reg_to_reg,1.849344,1.8300964,0.01924763597869883
femtorv_quark,registerFile[16][10],train,pico_femto,processor,reg_to_reg,1.496339,1.6421905,0.14585145639038077
femtorv_quark,registerFile[16][11],train,pico_femto,processor,reg_to_reg,1.476723,1.6421905,0.16546745639038085
femtorv_quark,registerFile[16][12],train,pico_femto,processor,reg_to_reg,1.509798,1.6421905,0.13239245639038089
femtorv_quark,registerFile[16][13],train,pico_femto,processor,reg_to_reg,1.503413,1.6421905,0.13877745639038075
femtorv_quark,registerFile[16][14],train,pico_femto,processor,reg_to_reg,1.466964,1.7660635,0.29909945176696784
femtorv_quark,registerFile[16][15],train,pico_femto,processor,reg_to_reg,1.44495,1.7660635,0.3211134517669678
femtorv_quark,registerFile[16][16],train,pico_femto,processor,reg_to_reg,1.540253,1.7660635,0.22581045176696768
femtorv_quark,registerFile[16][17],train,pico_femto,processor,reg_to_reg,1.52959,1.7660635,0.23647345176696777
femtorv_quark,registerFile[16][18],train,pico_femto,processor,reg_to_reg,1.511813,1.7660635,0.2542504517669677
femtorv_quark,registerFile[16][19],train,pico_femto,processor,reg_to_reg,1.530663,1.7766382,0.24597515021514882
femtorv_quark,registerFile[16][1],train,pico_femto,processor,input_to_reg,1.357228,1.5629803,0.2057522942276
femtorv_quark,registerFile[16][20],train,pico_femto,processor,reg_to_reg,1.633848,1.7799802,0.1461321826477051
femtorv_quark,registerFile[16][21],train,pico_femto,processor,reg_to_reg,1.639384,1.7799802,0.14059618264770513
femtorv_quark,registerFile[16][22],train,pico_femto,processor,reg_to_reg,1.62427,1.7799802,0.15571018264770498
femtorv_quark,registerFile[16][23],train,pico_femto,processor,reg_to_reg,1.677998,1.797816,0.11981803813171377
femtorv_quark,registerFile[16][24],train,pico_femto,processor,reg_to_reg,1.767199,1.797816,0.030617038131713903
femtorv_quark,registerFile[16][25],train,pico_femto,processor,reg_to_reg,1.79664,1.797816,0.0011760381317138524
femtorv_quark,registerFile[16][26],train,pico_femto,processor,reg_to_reg,1.862697,1.8306166,0.03208040663909917
femtorv_quark,registerFile[16][27],train,pico_femto,processor,reg_to_reg,1.900504,1.8498641,0.05063987474822995
femtorv_quark,registerFile[16][28],train,pico_femto,processor,reg_to_reg,1.888551,1.8498641,0.03868687474823007
femtorv_quark,registerFile[16][29],train,pico_femto,processor,reg_to_reg,1.962828,1.8889177,0.0739103154449463
femtorv_quark,registerFile[16][2],train,pico_femto,processor,input_to_reg,1.350088,1.5629803,0.21289229422760014
femtorv_quark,registerFile[16][30],train,pico_femto,processor,reg_to_reg,1.975838,1.8889177,0.08692031544494627
femtorv_quark,registerFile[16][31],train,pico_femto,processor,reg_to_reg,2.04089,1.9012542,0.13963582290649423
femtorv_quark,registerFile[16][3],train,pico_femto,processor,input_to_reg,1.37177,1.5701767,0.19840672061920173
femtorv_quark,registerFile[16][4],train,pico_femto,processor,input_to_reg,1.376933,1.5629803,0.18604729422760014
femtorv_quark,registerFile[16][5],train,pico_femto,processor,input_to_reg,1.42653,1.5629803,0.13645029422760002
femtorv_quark,registerFile[16][6],train,pico_femto,processor,input_to_reg,1.3778,1.5631253,0.18532525272369393
femtorv_quark,registerFile[16][7],train,pico_femto,processor,input_to_reg,1.403063,1.5652407,0.16217774077606206
femtorv_quark,registerFile[16][8],train,pico_femto,processor,input_to_reg,1.536933,1.5653857,0.028452699272155657
femtorv_quark,registerFile[16][9],train,pico_femto,processor,reg_to_reg,1.507694,1.6421905,0.13449645639038077
femtorv_quark,registerFile[17][0],train,pico_femto,processor,reg_to_reg,1.849344,1.8300964,0.01924763597869883
femtorv_quark,registerFile[17][10],train,pico_femto,processor,reg_to_reg,1.496339,1.6421905,0.14585145639038077
femtorv_quark,registerFile[17][11],train,pico_femto,processor,reg_to_reg,1.476723,1.6421905,0.16546745639038085
femtorv_quark,registerFile[17][12],train,pico_femto,processor,reg_to_reg,1.509798,1.6421905,0.13239245639038089
femtorv_quark,registerFile[17][13],train,pico_femto,processor,reg_to_reg,1.503413,1.6421905,0.13877745639038075
femtorv_quark,registerFile[17][14],train,pico_femto,processor,reg_to_reg,1.466964,1.7660635,0.29909945176696784
femtorv_quark,registerFile[17][15],train,pico_femto,processor,reg_to_reg,1.44495,1.7660635,0.3211134517669678
femtorv_quark,registerFile[17][16],train,pico_femto,processor,reg_to_reg,1.540253,1.7660635,0.22581045176696768
femtorv_quark,registerFile[17][17],train,pico_femto,processor,reg_to_reg,1.52959,1.7660635,0.23647345176696777
femtorv_quark,registerFile[17][18],train,pico_femto,processor,reg_to_reg,1.511813,1.7660635,0.2542504517669677
femtorv_quark,registerFile[17][19],train,pico_femto,processor,reg_to_reg,1.530663,1.7766382,0.24597515021514882
femtorv_quark,registerFile[17][1],train,pico_femto,processor,input_to_reg,1.357228,1.5629803,0.2057522942276
femtorv_quark,registerFile[17][20],train,pico_femto,processor,reg_to_reg,1.633848,1.7799802,0.1461321826477051
femtorv_quark,registerFile[17][21],train,pico_femto,processor,reg_to_reg,1.639384,1.7799802,0.14059618264770513
femtorv_quark,registerFile[17][22],train,pico_femto,processor,reg_to_reg,1.62427,1.7799802,0.15571018264770498
femtorv_quark,registerFile[17][23],train,pico_femto,processor,reg_to_reg,1.677998,1.797816,0.11981803813171377
femtorv_quark,registerFile[17][24],train,pico_femto,processor,reg_to_reg,1.767199,1.797816,0.030617038131713903
femtorv_quark,registerFile[17][25],train,pico_femto,processor,reg_to_reg,1.79664,1.797816,0.0011760381317138524
femtorv_quark,registerFile[17][26],train,pico_femto,processor,reg_to_reg,1.862697,1.8306166,0.03208040663909917
femtorv_quark,registerFile[17][27],train,pico_femto,processor,reg_to_reg,1.900504,1.8498641,0.05063987474822995
femtorv_quark,registerFile[17][28],train,pico_femto,processor,reg_to_reg,1.888551,1.8498641,0.03868687474823007
femtorv_quark,registerFile[17][29],train,pico_femto,processor,reg_to_reg,1.962828,1.8889177,0.0739103154449463
femtorv_quark,registerFile[17][2],train,pico_femto,processor,input_to_reg,1.350088,1.5629803,0.21289229422760014
femtorv_quark,registerFile[17][30],train,pico_femto,processor,reg_to_reg,1.975838,1.8889177,0.08692031544494627
femtorv_quark,registerFile[17][31],train,pico_femto,processor,reg_to_reg,2.04089,1.9012542,0.13963582290649423
femtorv_quark,registerFile[17][3],train,pico_femto,processor,input_to_reg,1.37177,1.5701767,0.19840672061920173
femtorv_quark,registerFile[17][4],train,pico_femto,processor,input_to_reg,1.376933,1.5629803,0.18604729422760014
femtorv_quark,registerFile[17][5],train,pico_femto,processor,input_to_reg,1.42653,1.5629803,0.13645029422760002
femtorv_quark,registerFile[17][6],train,pico_femto,processor,input_to_reg,1.3778,1.5631253,0.18532525272369393
femtorv_quark,registerFile[17][7],train,pico_femto,processor,input_to_reg,1.403063,1.5652407,0.16217774077606206
femtorv_quark,registerFile[17][8],train,pico_femto,processor,input_to_reg,1.536933,1.5653857,0.028452699272155657
femtorv_quark,registerFile[17][9],train,pico_femto,processor,reg_to_reg,1.507694,1.6421905,0.13449645639038077
femtorv_quark,registerFile[18][0],train,pico_femto,processor,reg_to_reg,1.849344,1.8300964,0.01924763597869883
femtorv_quark,registerFile[18][10],train,pico_femto,processor,reg_to_reg,1.496339,1.6421905,0.14585145639038077
femtorv_quark,registerFile[18][11],train,pico_femto,processor,reg_to_reg,1.476723,1.6421905,0.16546745639038085
femtorv_quark,registerFile[18][12],train,pico_femto,processor,reg_to_reg,1.509798,1.6421905,0.13239245639038089
femtorv_quark,registerFile[18][13],train,pico_femto,processor,reg_to_reg,1.503413,1.6421905,0.13877745639038075
femtorv_quark,registerFile[18][14],train,pico_femto,processor,reg_to_reg,1.466964,1.7660635,0.29909945176696784
femtorv_quark,registerFile[18][15],train,pico_femto,processor,reg_to_reg,1.44495,1.7660635,0.3211134517669678
femtorv_quark,registerFile[18][16],train,pico_femto,processor,reg_to_reg,1.540253,1.7660635,0.22581045176696768
femtorv_quark,registerFile[18][17],train,pico_femto,processor,reg_to_reg,1.52959,1.7660635,0.23647345176696777
femtorv_quark,registerFile[18][18],train,pico_femto,processor,reg_to_reg,1.511813,1.7660635,0.2542504517669677
femtorv_quark,registerFile[18][19],train,pico_femto,processor,reg_to_reg,1.530663,1.7766382,0.24597515021514882
femtorv_quark,registerFile[18][1],train,pico_femto,processor,input_to_reg,1.357228,1.5629803,0.2057522942276
femtorv_quark,registerFile[18][20],train,pico_femto,processor,reg_to_reg,1.633848,1.7799802,0.1461321826477051
femtorv_quark,registerFile[18][21],train,pico_femto,processor,reg_to_reg,1.639384,1.7799802,0.14059618264770513
femtorv_quark,registerFile[18][22],train,pico_femto,processor,reg_to_reg,1.62427,1.7799802,0.15571018264770498
femtorv_quark,registerFile[18][23],train,pico_femto,processor,reg_to_reg,1.677998,1.797816,0.11981803813171377
femtorv_quark,registerFile[18][24],train,pico_femto,processor,reg_to_reg,1.767199,1.797816,0.030617038131713903
femtorv_quark,registerFile[18][25],train,pico_femto,processor,reg_to_reg,1.79664,1.797816,0.0011760381317138524
femtorv_quark,registerFile[18][26],train,pico_femto,processor,reg_to_reg,1.862697,1.8306166,0.03208040663909917
femtorv_quark,registerFile[18][27],train,pico_femto,processor,reg_to_reg,1.900504,1.8498641,0.05063987474822995
femtorv_quark,registerFile[18][28],train,pico_femto,processor,reg_to_reg,1.888551,1.8498641,0.03868687474823007
femtorv_quark,registerFile[18][29],train,pico_femto,processor,reg_to_reg,1.962828,1.8889177,0.0739103154449463
femtorv_quark,registerFile[18][2],train,pico_femto,processor,input_to_reg,1.350088,1.5629803,0.21289229422760014
femtorv_quark,registerFile[18][30],train,pico_femto,processor,reg_to_reg,1.975838,1.8889177,0.08692031544494627
femtorv_quark,registerFile[18][31],train,pico_femto,processor,reg_to_reg,2.04089,1.9012542,0.13963582290649423
femtorv_quark,registerFile[18][3],train,pico_femto,processor,input_to_reg,1.37177,1.5701767,0.19840672061920173
femtorv_quark,registerFile[18][4],train,pico_femto,processor,input_to_reg,1.376933,1.5629803,0.18604729422760014
femtorv_quark,registerFile[18][5],train,pico_femto,processor,input_to_reg,1.42653,1.5629803,0.13645029422760002
femtorv_quark,registerFile[18][6],train,pico_femto,processor,input_to_reg,1.3778,1.5631253,0.18532525272369393
femtorv_quark,registerFile[18][7],train,pico_femto,processor,input_to_reg,1.403063,1.5652407,0.16217774077606206
femtorv_quark,registerFile[18][8],train,pico_femto,processor,input_to_reg,1.536933,1.5653857,0.028452699272155657
femtorv_quark,registerFile[18][9],train,pico_femto,processor,reg_to_reg,1.507694,1.6421905,0.13449645639038077
femtorv_quark,registerFile[19][0],train,pico_femto,processor,reg_to_reg,1.849344,1.8300964,0.01924763597869883
femtorv_quark,registerFile[19][10],train,pico_femto,processor,reg_to_reg,1.496339,1.6421905,0.14585145639038077
femtorv_quark,registerFile[19][11],train,pico_femto,processor,reg_to_reg,1.476723,1.6421905,0.16546745639038085
femtorv_quark,registerFile[19][12],train,pico_femto,processor,reg_to_reg,1.509798,1.6421905,0.13239245639038089
femtorv_quark,registerFile[19][13],train,pico_femto,processor,reg_to_reg,1.503413,1.6421905,0.13877745639038075
femtorv_quark,registerFile[19][14],train,pico_femto,processor,reg_to_reg,1.466964,1.7660635,0.29909945176696784
femtorv_quark,registerFile[19][15],train,pico_femto,processor,reg_to_reg,1.44495,1.7660635,0.3211134517669678
femtorv_quark,registerFile[19][16],train,pico_femto,processor,reg_to_reg,1.540253,1.7660635,0.22581045176696768
femtorv_quark,registerFile[19][17],train,pico_femto,processor,reg_to_reg,1.52959,1.7660635,0.23647345176696777
femtorv_quark,registerFile[19][18],train,pico_femto,processor,reg_to_reg,1.511813,1.7660635,0.2542504517669677
femtorv_quark,registerFile[19][19],train,pico_femto,processor,reg_to_reg,1.530663,1.7766382,0.24597515021514882
femtorv_quark,registerFile[19][1],train,pico_femto,processor,input_to_reg,1.357228,1.5629803,0.2057522942276
femtorv_quark,registerFile[19][20],train,pico_femto,processor,reg_to_reg,1.633848,1.7799802,0.1461321826477051
femtorv_quark,registerFile[19][21],train,pico_femto,processor,reg_to_reg,1.639384,1.7799802,0.14059618264770513
femtorv_quark,registerFile[19][22],train,pico_femto,processor,reg_to_reg,1.62427,1.7799802,0.15571018264770498
femtorv_quark,registerFile[19][23],train,pico_femto,processor,reg_to_reg,1.677998,1.797816,0.11981803813171377
femtorv_quark,registerFile[19][24],train,pico_femto,processor,reg_to_reg,1.767199,1.797816,0.030617038131713903
femtorv_quark,registerFile[19][25],train,pico_femto,processor,reg_to_reg,1.79664,1.797816,0.0011760381317138524
femtorv_quark,registerFile[19][26],train,pico_femto,processor,reg_to_reg,1.862697,1.8306166,0.03208040663909917
femtorv_quark,registerFile[19][27],train,pico_femto,processor,reg_to_reg,1.900504,1.8498641,0.05063987474822995
femtorv_quark,registerFile[19][28],train,pico_femto,processor,reg_to_reg,1.888551,1.8498641,0.03868687474823007
femtorv_quark,registerFile[19][29],train,pico_femto,processor,reg_to_reg,1.962828,1.8889177,0.0739103154449463
femtorv_quark,registerFile[19][2],train,pico_femto,processor,input_to_reg,1.350088,1.5629803,0.21289229422760014
femtorv_quark,registerFile[19][30],train,pico_femto,processor,reg_to_reg,1.975838,1.8889177,0.08692031544494627
femtorv_quark,registerFile[19][31],train,pico_femto,processor,reg_to_reg,2.04089,1.9012542,0.13963582290649423
femtorv_quark,registerFile[19][3],train,pico_femto,processor,input_to_reg,1.37177,1.5701767,0.19840672061920173
femtorv_quark,registerFile[19][4],train,pico_femto,processor,input_to_reg,1.376933,1.5629803,0.18604729422760014
femtorv_quark,registerFile[19][5],train,pico_femto,processor,input_to_reg,1.42653,1.5629803,0.13645029422760002
femtorv_quark,registerFile[19][6],train,pico_femto,processor,input_to_reg,1.3778,1.5631253,0.18532525272369393
femtorv_quark,registerFile[19][7],train,pico_femto,processor,input_to_reg,1.403063,1.5652407,0.16217774077606206
femtorv_quark,registerFile[19][8],train,pico_femto,processor,input_to_reg,1.536933,1.5653857,0.028452699272155657
femtorv_quark,registerFile[19][9],train,pico_femto,processor,reg_to_reg,1.507694,1.6421905,0.13449645639038077
femtorv_quark,registerFile[1][0],train,pico_femto,processor,reg_to_reg,1.849344,1.8300964,0.01924763597869883
femtorv_quark,registerFile[1][10],train,pico_femto,processor,reg_to_reg,1.496339,1.6421905,0.14585145639038077
femtorv_quark,registerFile[1][11],train,pico_femto,processor,reg_to_reg,1.476723,1.6421905,0.16546745639038085
femtorv_quark,registerFile[1][12],train,pico_femto,processor,reg_to_reg,1.509798,1.6421905,0.13239245639038089
femtorv_quark,registerFile[1][13],train,pico_femto,processor,reg_to_reg,1.503413,1.6421905,0.13877745639038075
femtorv_quark,registerFile[1][14],train,pico_femto,processor,reg_to_reg,1.466964,1.7660635,0.29909945176696784
femtorv_quark,registerFile[1][15],train,pico_femto,processor,reg_to_reg,1.44495,1.7660635,0.3211134517669678
femtorv_quark,registerFile[1][16],train,pico_femto,processor,reg_to_reg,1.540253,1.7660635,0.22581045176696768
femtorv_quark,registerFile[1][17],train,pico_femto,processor,reg_to_reg,1.52959,1.7660635,0.23647345176696777
femtorv_quark,registerFile[1][18],train,pico_femto,processor,reg_to_reg,1.511813,1.7660635,0.2542504517669677
femtorv_quark,registerFile[1][19],train,pico_femto,processor,reg_to_reg,1.530663,1.7766382,0.24597515021514882
femtorv_quark,registerFile[1][1],train,pico_femto,processor,input_to_reg,1.357228,1.5629803,0.2057522942276
femtorv_quark,registerFile[1][20],train,pico_femto,processor,reg_to_reg,1.633848,1.7799802,0.1461321826477051
femtorv_quark,registerFile[1][21],train,pico_femto,processor,reg_to_reg,1.639384,1.7799802,0.14059618264770513
femtorv_quark,registerFile[1][22],train,pico_femto,processor,reg_to_reg,1.62427,1.7799802,0.15571018264770498
femtorv_quark,registerFile[1][23],train,pico_femto,processor,reg_to_reg,1.677998,1.797816,0.11981803813171377
femtorv_quark,registerFile[1][24],train,pico_femto,processor,reg_to_reg,1.767199,1.797816,0.030617038131713903
femtorv_quark,registerFile[1][25],train,pico_femto,processor,reg_to_reg,1.79664,1.797816,0.0011760381317138524
femtorv_quark,registerFile[1][26],train,pico_femto,processor,reg_to_reg,1.862697,1.8306166,0.03208040663909917
femtorv_quark,registerFile[1][27],train,pico_femto,processor,reg_to_reg,1.900504,1.8498641,0.05063987474822995
femtorv_quark,registerFile[1][28],train,pico_femto,processor,reg_to_reg,1.888551,1.8498641,0.03868687474823007
femtorv_quark,registerFile[1][29],train,pico_femto,processor,reg_to_reg,1.962828,1.8889177,0.0739103154449463
femtorv_quark,registerFile[1][2],train,pico_femto,processor,input_to_reg,1.350088,1.5629803,0.21289229422760014
femtorv_quark,registerFile[1][30],train,pico_femto,processor,reg_to_reg,1.975838,1.8889177,0.08692031544494627
femtorv_quark,registerFile[1][31],train,pico_femto,processor,reg_to_reg,2.04089,1.9012542,0.13963582290649423
femtorv_quark,registerFile[1][3],train,pico_femto,processor,input_to_reg,1.37177,1.5701767,0.19840672061920173
femtorv_quark,registerFile[1][4],train,pico_femto,processor,input_to_reg,1.376933,1.5629803,0.18604729422760014
femtorv_quark,registerFile[1][5],train,pico_femto,processor,input_to_reg,1.42653,1.5629803,0.13645029422760002
femtorv_quark,registerFile[1][6],train,pico_femto,processor,input_to_reg,1.3778,1.5631253,0.18532525272369393
femtorv_quark,registerFile[1][7],train,pico_femto,processor,input_to_reg,1.403063,1.5652407,0.16217774077606206
femtorv_quark,registerFile[1][8],train,pico_femto,processor,input_to_reg,1.536933,1.5653857,0.028452699272155657
femtorv_quark,registerFile[1][9],train,pico_femto,processor,reg_to_reg,1.507694,1.6421905,0.13449645639038077
femtorv_quark,registerFile[20][0],train,pico_femto,processor,reg_to_reg,1.849344,1.8300964,0.01924763597869883
femtorv_quark,registerFile[20][10],train,pico_femto,processor,reg_to_reg,1.496339,1.6421905,0.14585145639038077
femtorv_quark,registerFile[20][11],train,pico_femto,processor,reg_to_reg,1.476723,1.6421905,0.16546745639038085
femtorv_quark,registerFile[20][12],train,pico_femto,processor,reg_to_reg,1.509798,1.6421905,0.13239245639038089
femtorv_quark,registerFile[20][13],train,pico_femto,processor,reg_to_reg,1.503413,1.6421905,0.13877745639038075
femtorv_quark,registerFile[20][14],train,pico_femto,processor,reg_to_reg,1.466964,1.7660635,0.29909945176696784
femtorv_quark,registerFile[20][15],train,pico_femto,processor,reg_to_reg,1.44495,1.7660635,0.3211134517669678
femtorv_quark,registerFile[20][16],train,pico_femto,processor,reg_to_reg,1.540253,1.7660635,0.22581045176696768
femtorv_quark,registerFile[20][17],train,pico_femto,processor,reg_to_reg,1.52959,1.7660635,0.23647345176696777
femtorv_quark,registerFile[20][18],train,pico_femto,processor,reg_to_reg,1.511813,1.7660635,0.2542504517669677
femtorv_quark,registerFile[20][19],train,pico_femto,processor,reg_to_reg,1.530663,1.7766382,0.24597515021514882
femtorv_quark,registerFile[20][1],train,pico_femto,processor,input_to_reg,1.357228,1.5629803,0.2057522942276
femtorv_quark,registerFile[20][20],train,pico_femto,processor,reg_to_reg,1.633848,1.7799802,0.1461321826477051
femtorv_quark,registerFile[20][21],train,pico_femto,processor,reg_to_reg,1.639384,1.7799802,0.14059618264770513
femtorv_quark,registerFile[20][22],train,pico_femto,processor,reg_to_reg,1.62427,1.7799802,0.15571018264770498
femtorv_quark,registerFile[20][23],train,pico_femto,processor,reg_to_reg,1.677998,1.797816,0.11981803813171377
femtorv_quark,registerFile[20][24],train,pico_femto,processor,reg_to_reg,1.767199,1.797816,0.030617038131713903
femtorv_quark,registerFile[20][25],train,pico_femto,processor,reg_to_reg,1.79664,1.797816,0.0011760381317138524
femtorv_quark,registerFile[20][26],train,pico_femto,processor,reg_to_reg,1.862697,1.8306166,0.03208040663909917
femtorv_quark,registerFile[20][27],train,pico_femto,processor,reg_to_reg,1.900504,1.8498641,0.05063987474822995
femtorv_quark,registerFile[20][28],train,pico_femto,processor,reg_to_reg,1.888551,1.8498641,0.03868687474823007
femtorv_quark,registerFile[20][29],train,pico_femto,processor,reg_to_reg,1.962828,1.8889177,0.0739103154449463
femtorv_quark,registerFile[20][2],train,pico_femto,processor,input_to_reg,1.350088,1.5629803,0.21289229422760014
femtorv_quark,registerFile[20][30],train,pico_femto,processor,reg_to_reg,1.975838,1.8889177,0.08692031544494627
femtorv_quark,registerFile[20][31],train,pico_femto,processor,reg_to_reg,2.04089,1.9012542,0.13963582290649423
femtorv_quark,registerFile[20][3],train,pico_femto,processor,input_to_reg,1.37177,1.5701767,0.19840672061920173
femtorv_quark,registerFile[20][4],train,pico_femto,processor,input_to_reg,1.376933,1.5629803,0.18604729422760014
femtorv_quark,registerFile[20][5],train,pico_femto,processor,input_to_reg,1.42653,1.5629803,0.13645029422760002
femtorv_quark,registerFile[20][6],train,pico_femto,processor,input_to_reg,1.3778,1.5631253,0.18532525272369393
femtorv_quark,registerFile[20][7],train,pico_femto,processor,input_to_reg,1.403063,1.5652407,0.16217774077606206
femtorv_quark,registerFile[20][8],train,pico_femto,processor,input_to_reg,1.536933,1.5653857,0.028452699272155657
femtorv_quark,registerFile[20][9],train,pico_femto,processor,reg_to_reg,1.507694,1.6421905,0.13449645639038077
femtorv_quark,registerFile[21][0],train,pico_femto,processor,reg_to_reg,1.849344,1.8300964,0.01924763597869883
femtorv_quark,registerFile[21][10],train,pico_femto,processor,reg_to_reg,1.496339,1.6421905,0.14585145639038077
femtorv_quark,registerFile[21][11],train,pico_femto,processor,reg_to_reg,1.476723,1.6421905,0.16546745639038085
femtorv_quark,registerFile[21][12],train,pico_femto,processor,reg_to_reg,1.509798,1.6421905,0.13239245639038089
femtorv_quark,registerFile[21][13],train,pico_femto,processor,reg_to_reg,1.503413,1.6421905,0.13877745639038075
femtorv_quark,registerFile[21][14],train,pico_femto,processor,reg_to_reg,1.466964,1.7660635,0.29909945176696784
femtorv_quark,registerFile[21][15],train,pico_femto,processor,reg_to_reg,1.44495,1.7660635,0.3211134517669678
femtorv_quark,registerFile[21][16],train,pico_femto,processor,reg_to_reg,1.540253,1.7660635,0.22581045176696768
femtorv_quark,registerFile[21][17],train,pico_femto,processor,reg_to_reg,1.52959,1.7660635,0.23647345176696777
femtorv_quark,registerFile[21][18],train,pico_femto,processor,reg_to_reg,1.511813,1.7660635,0.2542504517669677
femtorv_quark,registerFile[21][19],train,pico_femto,processor,reg_to_reg,1.530663,1.7766382,0.24597515021514882
femtorv_quark,registerFile[21][1],train,pico_femto,processor,input_to_reg,1.357228,1.5629803,0.2057522942276
femtorv_quark,registerFile[21][20],train,pico_femto,processor,reg_to_reg,1.633848,1.7799802,0.1461321826477051
femtorv_quark,registerFile[21][21],train,pico_femto,processor,reg_to_reg,1.639384,1.7799802,0.14059618264770513
femtorv_quark,registerFile[21][22],train,pico_femto,processor,reg_to_reg,1.62427,1.7799802,0.15571018264770498
femtorv_quark,registerFile[21][23],train,pico_femto,processor,reg_to_reg,1.677998,1.797816,0.11981803813171377
femtorv_quark,registerFile[21][24],train,pico_femto,processor,reg_to_reg,1.767199,1.797816,0.030617038131713903
femtorv_quark,registerFile[21][25],train,pico_femto,processor,reg_to_reg,1.79664,1.797816,0.0011760381317138524
femtorv_quark,registerFile[21][26],train,pico_femto,processor,reg_to_reg,1.862697,1.8306166,0.03208040663909917
femtorv_quark,registerFile[21][27],train,pico_femto,processor,reg_to_reg,1.900504,1.8498641,0.05063987474822995
femtorv_quark,registerFile[21][28],train,pico_femto,processor,reg_to_reg,1.888551,1.8498641,0.03868687474823007
femtorv_quark,registerFile[21][29],train,pico_femto,processor,reg_to_reg,1.962828,1.8889177,0.0739103154449463
femtorv_quark,registerFile[21][2],train,pico_femto,processor,input_to_reg,1.350088,1.5629803,0.21289229422760014
femtorv_quark,registerFile[21][30],train,pico_femto,processor,reg_to_reg,1.975838,1.8889177,0.08692031544494627
femtorv_quark,registerFile[21][31],train,pico_femto,processor,reg_to_reg,2.04089,1.9012542,0.13963582290649423
femtorv_quark,registerFile[21][3],train,pico_femto,processor,input_to_reg,1.37177,1.5701767,0.19840672061920173
femtorv_quark,registerFile[21][4],train,pico_femto,processor,input_to_reg,1.376933,1.5629803,0.18604729422760014
femtorv_quark,registerFile[21][5],train,pico_femto,processor,input_to_reg,1.42653,1.5629803,0.13645029422760002
femtorv_quark,registerFile[21][6],train,pico_femto,processor,input_to_reg,1.3778,1.5631253,0.18532525272369393
femtorv_quark,registerFile[21][7],train,pico_femto,processor,input_to_reg,1.403063,1.5652407,0.16217774077606206
femtorv_quark,registerFile[21][8],train,pico_femto,processor,input_to_reg,1.536933,1.5653857,0.028452699272155657
femtorv_quark,registerFile[21][9],train,pico_femto,processor,reg_to_reg,1.507694,1.6421905,0.13449645639038077
femtorv_quark,registerFile[22][0],train,pico_femto,processor,reg_to_reg,1.849344,1.8300964,0.01924763597869883
femtorv_quark,registerFile[22][10],train,pico_femto,processor,reg_to_reg,1.496339,1.6421905,0.14585145639038077
femtorv_quark,registerFile[22][11],train,pico_femto,processor,reg_to_reg,1.476723,1.6421905,0.16546745639038085
femtorv_quark,registerFile[22][12],train,pico_femto,processor,reg_to_reg,1.509798,1.6421905,0.13239245639038089
femtorv_quark,registerFile[22][13],train,pico_femto,processor,reg_to_reg,1.503413,1.6421905,0.13877745639038075
femtorv_quark,registerFile[22][14],train,pico_femto,processor,reg_to_reg,1.466964,1.7660635,0.29909945176696784
femtorv_quark,registerFile[22][15],train,pico_femto,processor,reg_to_reg,1.44495,1.7660635,0.3211134517669678
femtorv_quark,registerFile[22][16],train,pico_femto,processor,reg_to_reg,1.540253,1.7660635,0.22581045176696768
femtorv_quark,registerFile[22][17],train,pico_femto,processor,reg_to_reg,1.52959,1.7660635,0.23647345176696777
femtorv_quark,registerFile[22][18],train,pico_femto,processor,reg_to_reg,1.511813,1.7660635,0.2542504517669677
femtorv_quark,registerFile[22][19],train,pico_femto,processor,reg_to_reg,1.530663,1.7766382,0.24597515021514882
femtorv_quark,registerFile[22][1],train,pico_femto,processor,input_to_reg,1.357228,1.5629803,0.2057522942276
femtorv_quark,registerFile[22][20],train,pico_femto,processor,reg_to_reg,1.633848,1.7799802,0.1461321826477051
femtorv_quark,registerFile[22][21],train,pico_femto,processor,reg_to_reg,1.639384,1.7799802,0.14059618264770513
femtorv_quark,registerFile[22][22],train,pico_femto,processor,reg_to_reg,1.62427,1.7799802,0.15571018264770498
femtorv_quark,registerFile[22][23],train,pico_femto,processor,reg_to_reg,1.677998,1.797816,0.11981803813171377
femtorv_quark,registerFile[22][24],train,pico_femto,processor,reg_to_reg,1.767199,1.797816,0.030617038131713903
femtorv_quark,registerFile[22][25],train,pico_femto,processor,reg_to_reg,1.79664,1.797816,0.0011760381317138524
femtorv_quark,registerFile[22][26],train,pico_femto,processor,reg_to_reg,1.862697,1.8306166,0.03208040663909917
femtorv_quark,registerFile[22][27],train,pico_femto,processor,reg_to_reg,1.900504,1.8498641,0.05063987474822995
femtorv_quark,registerFile[22][28],train,pico_femto,processor,reg_to_reg,1.888551,1.8498641,0.03868687474823007
femtorv_quark,registerFile[22][29],train,pico_femto,processor,reg_to_reg,1.962828,1.8889177,0.0739103154449463
femtorv_quark,registerFile[22][2],train,pico_femto,processor,input_to_reg,1.350088,1.5629803,0.21289229422760014
femtorv_quark,registerFile[22][30],train,pico_femto,processor,reg_to_reg,1.975838,1.8889177,0.08692031544494627
femtorv_quark,registerFile[22][31],train,pico_femto,processor,reg_to_reg,2.04089,1.9012542,0.13963582290649423
femtorv_quark,registerFile[22][3],train,pico_femto,processor,input_to_reg,1.37177,1.5701767,0.19840672061920173
femtorv_quark,registerFile[22][4],train,pico_femto,processor,input_to_reg,1.376933,1.5629803,0.18604729422760014
femtorv_quark,registerFile[22][5],train,pico_femto,processor,input_to_reg,1.42653,1.5629803,0.13645029422760002
femtorv_quark,registerFile[22][6],train,pico_femto,processor,input_to_reg,1.3778,1.5631253,0.18532525272369393
femtorv_quark,registerFile[22][7],train,pico_femto,processor,input_to_reg,1.403063,1.5652407,0.16217774077606206
femtorv_quark,registerFile[22][8],train,pico_femto,processor,input_to_reg,1.536933,1.5653857,0.028452699272155657
femtorv_quark,registerFile[22][9],train,pico_femto,processor,reg_to_reg,1.507694,1.6421905,0.13449645639038077
femtorv_quark,registerFile[23][0],train,pico_femto,processor,reg_to_reg,1.849344,1.8300964,0.01924763597869883
femtorv_quark,registerFile[23][10],train,pico_femto,processor,reg_to_reg,1.496339,1.6421905,0.14585145639038077
femtorv_quark,registerFile[23][11],train,pico_femto,processor,reg_to_reg,1.476723,1.6421905,0.16546745639038085
femtorv_quark,registerFile[23][12],train,pico_femto,processor,reg_to_reg,1.509798,1.6421905,0.13239245639038089
femtorv_quark,registerFile[23][13],train,pico_femto,processor,reg_to_reg,1.503413,1.6421905,0.13877745639038075
femtorv_quark,registerFile[23][14],train,pico_femto,processor,reg_to_reg,1.466964,1.7660635,0.29909945176696784
femtorv_quark,registerFile[23][15],train,pico_femto,processor,reg_to_reg,1.44495,1.7660635,0.3211134517669678
femtorv_quark,registerFile[23][16],train,pico_femto,processor,reg_to_reg,1.540253,1.7660635,0.22581045176696768
femtorv_quark,registerFile[23][17],train,pico_femto,processor,reg_to_reg,1.52959,1.7660635,0.23647345176696777
femtorv_quark,registerFile[23][18],train,pico_femto,processor,reg_to_reg,1.511813,1.7660635,0.2542504517669677
femtorv_quark,registerFile[23][19],train,pico_femto,processor,reg_to_reg,1.530663,1.7766382,0.24597515021514882
femtorv_quark,registerFile[23][1],train,pico_femto,processor,input_to_reg,1.357228,1.5629803,0.2057522942276
femtorv_quark,registerFile[23][20],train,pico_femto,processor,reg_to_reg,1.633848,1.7799802,0.1461321826477051
femtorv_quark,registerFile[23][21],train,pico_femto,processor,reg_to_reg,1.639384,1.7799802,0.14059618264770513
femtorv_quark,registerFile[23][22],train,pico_femto,processor,reg_to_reg,1.62427,1.7799802,0.15571018264770498
femtorv_quark,registerFile[23][23],train,pico_femto,processor,reg_to_reg,1.677998,1.797816,0.11981803813171377
femtorv_quark,registerFile[23][24],train,pico_femto,processor,reg_to_reg,1.767199,1.797816,0.030617038131713903
femtorv_quark,registerFile[23][25],train,pico_femto,processor,reg_to_reg,1.79664,1.797816,0.0011760381317138524
femtorv_quark,registerFile[23][26],train,pico_femto,processor,reg_to_reg,1.862697,1.8306166,0.03208040663909917
femtorv_quark,registerFile[23][27],train,pico_femto,processor,reg_to_reg,1.900504,1.8498641,0.05063987474822995
femtorv_quark,registerFile[23][28],train,pico_femto,processor,reg_to_reg,1.888551,1.8498641,0.03868687474823007
femtorv_quark,registerFile[23][29],train,pico_femto,processor,reg_to_reg,1.962828,1.8889177,0.0739103154449463
femtorv_quark,registerFile[23][2],train,pico_femto,processor,input_to_reg,1.350088,1.5629803,0.21289229422760014
femtorv_quark,registerFile[23][30],train,pico_femto,processor,reg_to_reg,1.975838,1.8889177,0.08692031544494627
femtorv_quark,registerFile[23][31],train,pico_femto,processor,reg_to_reg,2.04089,1.9012542,0.13963582290649423
femtorv_quark,registerFile[23][3],train,pico_femto,processor,input_to_reg,1.37177,1.5701767,0.19840672061920173
femtorv_quark,registerFile[23][4],train,pico_femto,processor,input_to_reg,1.376933,1.5629803,0.18604729422760014
femtorv_quark,registerFile[23][5],train,pico_femto,processor,input_to_reg,1.42653,1.5629803,0.13645029422760002
femtorv_quark,registerFile[23][6],train,pico_femto,processor,input_to_reg,1.3778,1.5631253,0.18532525272369393
femtorv_quark,registerFile[23][7],train,pico_femto,processor,input_to_reg,1.403063,1.5652407,0.16217774077606206
femtorv_quark,registerFile[23][8],train,pico_femto,processor,input_to_reg,1.536933,1.5653857,0.028452699272155657
femtorv_quark,registerFile[23][9],train,pico_femto,processor,reg_to_reg,1.507694,1.6421905,0.13449645639038077
femtorv_quark,registerFile[24][0],train,pico_femto,processor,reg_to_reg,1.849344,1.8300964,0.01924763597869883
femtorv_quark,registerFile[24][10],train,pico_femto,processor,reg_to_reg,1.496339,1.6421905,0.14585145639038077
femtorv_quark,registerFile[24][11],train,pico_femto,processor,reg_to_reg,1.476723,1.6421905,0.16546745639038085
femtorv_quark,registerFile[24][12],train,pico_femto,processor,reg_to_reg,1.509798,1.6421905,0.13239245639038089
femtorv_quark,registerFile[24][13],train,pico_femto,processor,reg_to_reg,1.503413,1.6421905,0.13877745639038075
femtorv_quark,registerFile[24][14],train,pico_femto,processor,reg_to_reg,1.466964,1.7660635,0.29909945176696784
femtorv_quark,registerFile[24][15],train,pico_femto,processor,reg_to_reg,1.44495,1.7660635,0.3211134517669678
femtorv_quark,registerFile[24][16],train,pico_femto,processor,reg_to_reg,1.540253,1.7660635,0.22581045176696768
femtorv_quark,registerFile[24][17],train,pico_femto,processor,reg_to_reg,1.52959,1.7660635,0.23647345176696777
femtorv_quark,registerFile[24][18],train,pico_femto,processor,reg_to_reg,1.511813,1.7660635,0.2542504517669677
femtorv_quark,registerFile[24][19],train,pico_femto,processor,reg_to_reg,1.530663,1.7766382,0.24597515021514882
femtorv_quark,registerFile[24][1],train,pico_femto,processor,input_to_reg,1.357228,1.5629803,0.2057522942276
femtorv_quark,registerFile[24][20],train,pico_femto,processor,reg_to_reg,1.633848,1.7799802,0.1461321826477051
femtorv_quark,registerFile[24][21],train,pico_femto,processor,reg_to_reg,1.639384,1.7799802,0.14059618264770513
femtorv_quark,registerFile[24][22],train,pico_femto,processor,reg_to_reg,1.62427,1.7799802,0.15571018264770498
femtorv_quark,registerFile[24][23],train,pico_femto,processor,reg_to_reg,1.677998,1.797816,0.11981803813171377
femtorv_quark,registerFile[24][24],train,pico_femto,processor,reg_to_reg,1.767199,1.797816,0.030617038131713903
femtorv_quark,registerFile[24][25],train,pico_femto,processor,reg_to_reg,1.79664,1.797816,0.0011760381317138524
femtorv_quark,registerFile[24][26],train,pico_femto,processor,reg_to_reg,1.862697,1.8306166,0.03208040663909917
femtorv_quark,registerFile[24][27],train,pico_femto,processor,reg_to_reg,1.900504,1.8498641,0.05063987474822995
femtorv_quark,registerFile[24][28],train,pico_femto,processor,reg_to_reg,1.888551,1.8498641,0.03868687474823007
femtorv_quark,registerFile[24][29],train,pico_femto,processor,reg_to_reg,1.962828,1.8889177,0.0739103154449463
femtorv_quark,registerFile[24][2],train,pico_femto,processor,input_to_reg,1.350088,1.5629803,0.21289229422760014
femtorv_quark,registerFile[24][30],train,pico_femto,processor,reg_to_reg,1.975838,1.8889177,0.08692031544494627
femtorv_quark,registerFile[24][31],train,pico_femto,processor,reg_to_reg,2.04089,1.9012542,0.13963582290649423
femtorv_quark,registerFile[24][3],train,pico_femto,processor,input_to_reg,1.37177,1.5701767,0.19840672061920173
femtorv_quark,registerFile[24][4],train,pico_femto,processor,input_to_reg,1.376933,1.5629803,0.18604729422760014
femtorv_quark,registerFile[24][5],train,pico_femto,processor,input_to_reg,1.42653,1.5629803,0.13645029422760002
femtorv_quark,registerFile[24][6],train,pico_femto,processor,input_to_reg,1.3778,1.5631253,0.18532525272369393
femtorv_quark,registerFile[24][7],train,pico_femto,processor,input_to_reg,1.403063,1.5652407,0.16217774077606206
femtorv_quark,registerFile[24][8],train,pico_femto,processor,input_to_reg,1.536933,1.5653857,0.028452699272155657
femtorv_quark,registerFile[24][9],train,pico_femto,processor,reg_to_reg,1.507694,1.6421905,0.13449645639038077
femtorv_quark,registerFile[25][0],train,pico_femto,processor,reg_to_reg,1.849344,1.8300964,0.01924763597869883
femtorv_quark,registerFile[25][10],train,pico_femto,processor,reg_to_reg,1.496339,1.6421905,0.14585145639038077
femtorv_quark,registerFile[25][11],train,pico_femto,processor,reg_to_reg,1.476723,1.6421905,0.16546745639038085
femtorv_quark,registerFile[25][12],train,pico_femto,processor,reg_to_reg,1.509798,1.6421905,0.13239245639038089
femtorv_quark,registerFile[25][13],train,pico_femto,processor,reg_to_reg,1.503413,1.6421905,0.13877745639038075
femtorv_quark,registerFile[25][14],train,pico_femto,processor,reg_to_reg,1.466964,1.7660635,0.29909945176696784
femtorv_quark,registerFile[25][15],train,pico_femto,processor,reg_to_reg,1.44495,1.7660635,0.3211134517669678
femtorv_quark,registerFile[25][16],train,pico_femto,processor,reg_to_reg,1.540253,1.7660635,0.22581045176696768
femtorv_quark,registerFile[25][17],train,pico_femto,processor,reg_to_reg,1.52959,1.7660635,0.23647345176696777
femtorv_quark,registerFile[25][18],train,pico_femto,processor,reg_to_reg,1.511813,1.7660635,0.2542504517669677
femtorv_quark,registerFile[25][19],train,pico_femto,processor,reg_to_reg,1.530663,1.7766382,0.24597515021514882
femtorv_quark,registerFile[25][1],train,pico_femto,processor,input_to_reg,1.357228,1.5629803,0.2057522942276
femtorv_quark,registerFile[25][20],train,pico_femto,processor,reg_to_reg,1.633848,1.7799802,0.1461321826477051
femtorv_quark,registerFile[25][21],train,pico_femto,processor,reg_to_reg,1.639384,1.7799802,0.14059618264770513
femtorv_quark,registerFile[25][22],train,pico_femto,processor,reg_to_reg,1.62427,1.7799802,0.15571018264770498
femtorv_quark,registerFile[25][23],train,pico_femto,processor,reg_to_reg,1.677998,1.797816,0.11981803813171377
femtorv_quark,registerFile[25][24],train,pico_femto,processor,reg_to_reg,1.767199,1.797816,0.030617038131713903
femtorv_quark,registerFile[25][25],train,pico_femto,processor,reg_to_reg,1.79664,1.797816,0.0011760381317138524
femtorv_quark,registerFile[25][26],train,pico_femto,processor,reg_to_reg,1.862697,1.8306166,0.03208040663909917
femtorv_quark,registerFile[25][27],train,pico_femto,processor,reg_to_reg,1.900504,1.8498641,0.05063987474822995
femtorv_quark,registerFile[25][28],train,pico_femto,processor,reg_to_reg,1.888551,1.8498641,0.03868687474823007
femtorv_quark,registerFile[25][29],train,pico_femto,processor,reg_to_reg,1.962828,1.8889177,0.0739103154449463
femtorv_quark,registerFile[25][2],train,pico_femto,processor,input_to_reg,1.350088,1.5629803,0.21289229422760014
femtorv_quark,registerFile[25][30],train,pico_femto,processor,reg_to_reg,1.975838,1.8889177,0.08692031544494627
femtorv_quark,registerFile[25][31],train,pico_femto,processor,reg_to_reg,2.04089,1.9012542,0.13963582290649423
femtorv_quark,registerFile[25][3],train,pico_femto,processor,input_to_reg,1.37177,1.5701767,0.19840672061920173
femtorv_quark,registerFile[25][4],train,pico_femto,processor,input_to_reg,1.376933,1.5629803,0.18604729422760014
femtorv_quark,registerFile[25][5],train,pico_femto,processor,input_to_reg,1.42653,1.5629803,0.13645029422760002
femtorv_quark,registerFile[25][6],train,pico_femto,processor,input_to_reg,1.3778,1.5631253,0.18532525272369393
femtorv_quark,registerFile[25][7],train,pico_femto,processor,input_to_reg,1.403063,1.5652407,0.16217774077606206
femtorv_quark,registerFile[25][8],train,pico_femto,processor,input_to_reg,1.536933,1.5653857,0.028452699272155657
femtorv_quark,registerFile[25][9],train,pico_femto,processor,reg_to_reg,1.507694,1.6421905,0.13449645639038077
femtorv_quark,registerFile[26][0],train,pico_femto,processor,reg_to_reg,1.849344,1.8300964,0.01924763597869883
femtorv_quark,registerFile[26][10],train,pico_femto,processor,reg_to_reg,1.496339,1.6421905,0.14585145639038077
femtorv_quark,registerFile[26][11],train,pico_femto,processor,reg_to_reg,1.476723,1.6421905,0.16546745639038085
femtorv_quark,registerFile[26][12],train,pico_femto,processor,reg_to_reg,1.509798,1.6421905,0.13239245639038089
femtorv_quark,registerFile[26][13],train,pico_femto,processor,reg_to_reg,1.503413,1.6421905,0.13877745639038075
femtorv_quark,registerFile[26][14],train,pico_femto,processor,reg_to_reg,1.466964,1.7660635,0.29909945176696784
femtorv_quark,registerFile[26][15],train,pico_femto,processor,reg_to_reg,1.44495,1.7660635,0.3211134517669678
femtorv_quark,registerFile[26][16],train,pico_femto,processor,reg_to_reg,1.540253,1.7660635,0.22581045176696768
femtorv_quark,registerFile[26][17],train,pico_femto,processor,reg_to_reg,1.52959,1.7660635,0.23647345176696777
femtorv_quark,registerFile[26][18],train,pico_femto,processor,reg_to_reg,1.511813,1.7660635,0.2542504517669677
femtorv_quark,registerFile[26][19],train,pico_femto,processor,reg_to_reg,1.530663,1.7766382,0.24597515021514882
femtorv_quark,registerFile[26][1],train,pico_femto,processor,input_to_reg,1.357228,1.5629803,0.2057522942276
femtorv_quark,registerFile[26][20],train,pico_femto,processor,reg_to_reg,1.633848,1.7799802,0.1461321826477051
femtorv_quark,registerFile[26][21],train,pico_femto,processor,reg_to_reg,1.639384,1.7799802,0.14059618264770513
femtorv_quark,registerFile[26][22],train,pico_femto,processor,reg_to_reg,1.62427,1.7799802,0.15571018264770498
femtorv_quark,registerFile[26][23],train,pico_femto,processor,reg_to_reg,1.677998,1.797816,0.11981803813171377
femtorv_quark,registerFile[26][24],train,pico_femto,processor,reg_to_reg,1.767199,1.797816,0.030617038131713903
femtorv_quark,registerFile[26][25],train,pico_femto,processor,reg_to_reg,1.79664,1.797816,0.0011760381317138524
femtorv_quark,registerFile[26][26],train,pico_femto,processor,reg_to_reg,1.862697,1.8306166,0.03208040663909917
femtorv_quark,registerFile[26][27],train,pico_femto,processor,reg_to_reg,1.900504,1.8498641,0.05063987474822995
femtorv_quark,registerFile[26][28],train,pico_femto,processor,reg_to_reg,1.888551,1.8498641,0.03868687474823007
femtorv_quark,registerFile[26][29],train,pico_femto,processor,reg_to_reg,1.962828,1.8889177,0.0739103154449463
femtorv_quark,registerFile[26][2],train,pico_femto,processor,input_to_reg,1.350088,1.5629803,0.21289229422760014
femtorv_quark,registerFile[26][30],train,pico_femto,processor,reg_to_reg,1.975838,1.8889177,0.08692031544494627
femtorv_quark,registerFile[26][31],train,pico_femto,processor,reg_to_reg,2.04089,1.9012542,0.13963582290649423
femtorv_quark,registerFile[26][3],train,pico_femto,processor,input_to_reg,1.37177,1.5701767,0.19840672061920173
femtorv_quark,registerFile[26][4],train,pico_femto,processor,input_to_reg,1.376933,1.5629803,0.18604729422760014
femtorv_quark,registerFile[26][5],train,pico_femto,processor,input_to_reg,1.42653,1.5629803,0.13645029422760002
femtorv_quark,registerFile[26][6],train,pico_femto,processor,input_to_reg,1.3778,1.5631253,0.18532525272369393
femtorv_quark,registerFile[26][7],train,pico_femto,processor,input_to_reg,1.403063,1.5652407,0.16217774077606206
femtorv_quark,registerFile[26][8],train,pico_femto,processor,input_to_reg,1.536933,1.5653857,0.028452699272155657
femtorv_quark,registerFile[26][9],train,pico_femto,processor,reg_to_reg,1.507694,1.6421905,0.13449645639038077
femtorv_quark,registerFile[27][0],train,pico_femto,processor,reg_to_reg,1.849344,1.8300964,0.01924763597869883
femtorv_quark,registerFile[27][10],train,pico_femto,processor,reg_to_reg,1.496339,1.6421905,0.14585145639038077
femtorv_quark,registerFile[27][11],train,pico_femto,processor,reg_to_reg,1.476723,1.6421905,0.16546745639038085
femtorv_quark,registerFile[27][12],train,pico_femto,processor,reg_to_reg,1.509798,1.6421905,0.13239245639038089
femtorv_quark,registerFile[27][13],train,pico_femto,processor,reg_to_reg,1.503413,1.6421905,0.13877745639038075
femtorv_quark,registerFile[27][14],train,pico_femto,processor,reg_to_reg,1.466964,1.7660635,0.29909945176696784
femtorv_quark,registerFile[27][15],train,pico_femto,processor,reg_to_reg,1.44495,1.7660635,0.3211134517669678
femtorv_quark,registerFile[27][16],train,pico_femto,processor,reg_to_reg,1.540253,1.7660635,0.22581045176696768
femtorv_quark,registerFile[27][17],train,pico_femto,processor,reg_to_reg,1.52959,1.7660635,0.23647345176696777
femtorv_quark,registerFile[27][18],train,pico_femto,processor,reg_to_reg,1.511813,1.7660635,0.2542504517669677
femtorv_quark,registerFile[27][19],train,pico_femto,processor,reg_to_reg,1.530663,1.7766382,0.24597515021514882
femtorv_quark,registerFile[27][1],train,pico_femto,processor,input_to_reg,1.357228,1.5629803,0.2057522942276
femtorv_quark,registerFile[27][20],train,pico_femto,processor,reg_to_reg,1.633848,1.7799802,0.1461321826477051
femtorv_quark,registerFile[27][21],train,pico_femto,processor,reg_to_reg,1.639384,1.7799802,0.14059618264770513
femtorv_quark,registerFile[27][22],train,pico_femto,processor,reg_to_reg,1.62427,1.7799802,0.15571018264770498
femtorv_quark,registerFile[27][23],train,pico_femto,processor,reg_to_reg,1.677998,1.797816,0.11981803813171377
femtorv_quark,registerFile[27][24],train,pico_femto,processor,reg_to_reg,1.767199,1.797816,0.030617038131713903
femtorv_quark,registerFile[27][25],train,pico_femto,processor,reg_to_reg,1.79664,1.797816,0.0011760381317138524
femtorv_quark,registerFile[27][26],train,pico_femto,processor,reg_to_reg,1.862697,1.8306166,0.03208040663909917
femtorv_quark,registerFile[27][27],train,pico_femto,processor,reg_to_reg,1.900504,1.8498641,0.05063987474822995
femtorv_quark,registerFile[27][28],train,pico_femto,processor,reg_to_reg,1.888551,1.8498641,0.03868687474823007
femtorv_quark,registerFile[27][29],train,pico_femto,processor,reg_to_reg,1.962828,1.8889177,0.0739103154449463
femtorv_quark,registerFile[27][2],train,pico_femto,processor,input_to_reg,1.350088,1.5629803,0.21289229422760014
femtorv_quark,registerFile[27][30],train,pico_femto,processor,reg_to_reg,1.975838,1.8889177,0.08692031544494627
femtorv_quark,registerFile[27][31],train,pico_femto,processor,reg_to_reg,2.04089,1.9012542,0.13963582290649423
femtorv_quark,registerFile[27][3],train,pico_femto,processor,input_to_reg,1.37177,1.5701767,0.19840672061920173
femtorv_quark,registerFile[27][4],train,pico_femto,processor,input_to_reg,1.376933,1.5629803,0.18604729422760014
femtorv_quark,registerFile[27][5],train,pico_femto,processor,input_to_reg,1.42653,1.5629803,0.13645029422760002
femtorv_quark,registerFile[27][6],train,pico_femto,processor,input_to_reg,1.3778,1.5631253,0.18532525272369393
femtorv_quark,registerFile[27][7],train,pico_femto,processor,input_to_reg,1.403063,1.5652407,0.16217774077606206
femtorv_quark,registerFile[27][8],train,pico_femto,processor,input_to_reg,1.536933,1.5653857,0.028452699272155657
femtorv_quark,registerFile[27][9],train,pico_femto,processor,reg_to_reg,1.507694,1.6421905,0.13449645639038077
femtorv_quark,registerFile[28][0],train,pico_femto,processor,reg_to_reg,1.849344,1.8300964,0.01924763597869883
femtorv_quark,registerFile[28][10],train,pico_femto,processor,reg_to_reg,1.496339,1.6421905,0.14585145639038077
femtorv_quark,registerFile[28][11],train,pico_femto,processor,reg_to_reg,1.476723,1.6421905,0.16546745639038085
femtorv_quark,registerFile[28][12],train,pico_femto,processor,reg_to_reg,1.509798,1.6421905,0.13239245639038089
femtorv_quark,registerFile[28][13],train,pico_femto,processor,reg_to_reg,1.503413,1.6421905,0.13877745639038075
femtorv_quark,registerFile[28][14],train,pico_femto,processor,reg_to_reg,1.466964,1.7660635,0.29909945176696784
femtorv_quark,registerFile[28][15],train,pico_femto,processor,reg_to_reg,1.44495,1.7660635,0.3211134517669678
femtorv_quark,registerFile[28][16],train,pico_femto,processor,reg_to_reg,1.540253,1.7660635,0.22581045176696768
femtorv_quark,registerFile[28][17],train,pico_femto,processor,reg_to_reg,1.52959,1.7660635,0.23647345176696777
femtorv_quark,registerFile[28][18],train,pico_femto,processor,reg_to_reg,1.511813,1.7660635,0.2542504517669677
femtorv_quark,registerFile[28][19],train,pico_femto,processor,reg_to_reg,1.530663,1.7766382,0.24597515021514882
femtorv_quark,registerFile[28][1],train,pico_femto,processor,input_to_reg,1.357228,1.5629803,0.2057522942276
femtorv_quark,registerFile[28][20],train,pico_femto,processor,reg_to_reg,1.633848,1.7799802,0.1461321826477051
femtorv_quark,registerFile[28][21],train,pico_femto,processor,reg_to_reg,1.639384,1.7799802,0.14059618264770513
femtorv_quark,registerFile[28][22],train,pico_femto,processor,reg_to_reg,1.62427,1.7799802,0.15571018264770498
femtorv_quark,registerFile[28][23],train,pico_femto,processor,reg_to_reg,1.677998,1.797816,0.11981803813171377
femtorv_quark,registerFile[28][24],train,pico_femto,processor,reg_to_reg,1.767199,1.797816,0.030617038131713903
femtorv_quark,registerFile[28][25],train,pico_femto,processor,reg_to_reg,1.79664,1.797816,0.0011760381317138524
femtorv_quark,registerFile[28][26],train,pico_femto,processor,reg_to_reg,1.862697,1.8306166,0.03208040663909917
femtorv_quark,registerFile[28][27],train,pico_femto,processor,reg_to_reg,1.900504,1.8498641,0.05063987474822995
femtorv_quark,registerFile[28][28],train,pico_femto,processor,reg_to_reg,1.888551,1.8498641,0.03868687474823007
femtorv_quark,registerFile[28][29],train,pico_femto,processor,reg_to_reg,1.962828,1.8889177,0.0739103154449463
femtorv_quark,registerFile[28][2],train,pico_femto,processor,input_to_reg,1.350088,1.5629803,0.21289229422760014
femtorv_quark,registerFile[28][30],train,pico_femto,processor,reg_to_reg,1.975838,1.8889177,0.08692031544494627
femtorv_quark,registerFile[28][31],train,pico_femto,processor,reg_to_reg,2.04089,1.9012542,0.13963582290649423
femtorv_quark,registerFile[28][3],train,pico_femto,processor,input_to_reg,1.37177,1.5701767,0.19840672061920173
femtorv_quark,registerFile[28][4],train,pico_femto,processor,input_to_reg,1.376933,1.5629803,0.18604729422760014
femtorv_quark,registerFile[28][5],train,pico_femto,processor,input_to_reg,1.42653,1.5629803,0.13645029422760002
femtorv_quark,registerFile[28][6],train,pico_femto,processor,input_to_reg,1.3778,1.5631253,0.18532525272369393
femtorv_quark,registerFile[28][7],train,pico_femto,processor,input_to_reg,1.403063,1.5652407,0.16217774077606206
femtorv_quark,registerFile[28][8],train,pico_femto,processor,input_to_reg,1.536933,1.5653857,0.028452699272155657
femtorv_quark,registerFile[28][9],train,pico_femto,processor,reg_to_reg,1.507694,1.6421905,0.13449645639038077
femtorv_quark,registerFile[29][0],train,pico_femto,processor,reg_to_reg,1.849344,1.8300964,0.01924763597869883
femtorv_quark,registerFile[29][10],train,pico_femto,processor,reg_to_reg,1.496339,1.6421905,0.14585145639038077
femtorv_quark,registerFile[29][11],train,pico_femto,processor,reg_to_reg,1.476723,1.6421905,0.16546745639038085
femtorv_quark,registerFile[29][12],train,pico_femto,processor,reg_to_reg,1.509798,1.6421905,0.13239245639038089
femtorv_quark,registerFile[29][13],train,pico_femto,processor,reg_to_reg,1.503413,1.6421905,0.13877745639038075
femtorv_quark,registerFile[29][14],train,pico_femto,processor,reg_to_reg,1.466964,1.7660635,0.29909945176696784
femtorv_quark,registerFile[29][15],train,pico_femto,processor,reg_to_reg,1.44495,1.7660635,0.3211134517669678
femtorv_quark,registerFile[29][16],train,pico_femto,processor,reg_to_reg,1.540253,1.7660635,0.22581045176696768
femtorv_quark,registerFile[29][17],train,pico_femto,processor,reg_to_reg,1.52959,1.7660635,0.23647345176696777
femtorv_quark,registerFile[29][18],train,pico_femto,processor,reg_to_reg,1.511813,1.7660635,0.2542504517669677
femtorv_quark,registerFile[29][19],train,pico_femto,processor,reg_to_reg,1.530663,1.7766382,0.24597515021514882
femtorv_quark,registerFile[29][1],train,pico_femto,processor,input_to_reg,1.357228,1.5629803,0.2057522942276
femtorv_quark,registerFile[29][20],train,pico_femto,processor,reg_to_reg,1.633848,1.7799802,0.1461321826477051
femtorv_quark,registerFile[29][21],train,pico_femto,processor,reg_to_reg,1.639384,1.7799802,0.14059618264770513
femtorv_quark,registerFile[29][22],train,pico_femto,processor,reg_to_reg,1.62427,1.7799802,0.15571018264770498
femtorv_quark,registerFile[29][23],train,pico_femto,processor,reg_to_reg,1.677998,1.797816,0.11981803813171377
femtorv_quark,registerFile[29][24],train,pico_femto,processor,reg_to_reg,1.767199,1.797816,0.030617038131713903
femtorv_quark,registerFile[29][25],train,pico_femto,processor,reg_to_reg,1.79664,1.797816,0.0011760381317138524
femtorv_quark,registerFile[29][26],train,pico_femto,processor,reg_to_reg,1.862697,1.8306166,0.03208040663909917
femtorv_quark,registerFile[29][27],train,pico_femto,processor,reg_to_reg,1.900504,1.8498641,0.05063987474822995
femtorv_quark,registerFile[29][28],train,pico_femto,processor,reg_to_reg,1.888551,1.8498641,0.03868687474823007
femtorv_quark,registerFile[29][29],train,pico_femto,processor,reg_to_reg,1.962828,1.8889177,0.0739103154449463
femtorv_quark,registerFile[29][2],train,pico_femto,processor,input_to_reg,1.350088,1.5629803,0.21289229422760014
femtorv_quark,registerFile[29][30],train,pico_femto,processor,reg_to_reg,1.975838,1.8889177,0.08692031544494627
femtorv_quark,registerFile[29][31],train,pico_femto,processor,reg_to_reg,2.04089,1.9012542,0.13963582290649423
femtorv_quark,registerFile[29][3],train,pico_femto,processor,input_to_reg,1.37177,1.5701767,0.19840672061920173
femtorv_quark,registerFile[29][4],train,pico_femto,processor,input_to_reg,1.376933,1.5629803,0.18604729422760014
femtorv_quark,registerFile[29][5],train,pico_femto,processor,input_to_reg,1.42653,1.5629803,0.13645029422760002
femtorv_quark,registerFile[29][6],train,pico_femto,processor,input_to_reg,1.3778,1.5631253,0.18532525272369393
femtorv_quark,registerFile[29][7],train,pico_femto,processor,input_to_reg,1.403063,1.5652407,0.16217774077606206
femtorv_quark,registerFile[29][8],train,pico_femto,processor,input_to_reg,1.536933,1.5653857,0.028452699272155657
femtorv_quark,registerFile[29][9],train,pico_femto,processor,reg_to_reg,1.507694,1.6421905,0.13449645639038077
femtorv_quark,registerFile[2][0],train,pico_femto,processor,reg_to_reg,1.849344,1.8300964,0.01924763597869883
femtorv_quark,registerFile[2][10],train,pico_femto,processor,reg_to_reg,1.496339,1.6421905,0.14585145639038077
femtorv_quark,registerFile[2][11],train,pico_femto,processor,reg_to_reg,1.476723,1.6421905,0.16546745639038085
femtorv_quark,registerFile[2][12],train,pico_femto,processor,reg_to_reg,1.509798,1.6421905,0.13239245639038089
femtorv_quark,registerFile[2][13],train,pico_femto,processor,reg_to_reg,1.503413,1.6421905,0.13877745639038075
femtorv_quark,registerFile[2][14],train,pico_femto,processor,reg_to_reg,1.466964,1.7660635,0.29909945176696784
femtorv_quark,registerFile[2][15],train,pico_femto,processor,reg_to_reg,1.44495,1.7660635,0.3211134517669678
femtorv_quark,registerFile[2][16],train,pico_femto,processor,reg_to_reg,1.540253,1.7660635,0.22581045176696768
femtorv_quark,registerFile[2][17],train,pico_femto,processor,reg_to_reg,1.52959,1.7660635,0.23647345176696777
femtorv_quark,registerFile[2][18],train,pico_femto,processor,reg_to_reg,1.511813,1.7660635,0.2542504517669677
femtorv_quark,registerFile[2][19],train,pico_femto,processor,reg_to_reg,1.530663,1.7766382,0.24597515021514882
femtorv_quark,registerFile[2][1],train,pico_femto,processor,input_to_reg,1.357228,1.5629803,0.2057522942276
femtorv_quark,registerFile[2][20],train,pico_femto,processor,reg_to_reg,1.633848,1.7799802,0.1461321826477051
femtorv_quark,registerFile[2][21],train,pico_femto,processor,reg_to_reg,1.639384,1.7799802,0.14059618264770513
femtorv_quark,registerFile[2][22],train,pico_femto,processor,reg_to_reg,1.62427,1.7799802,0.15571018264770498
femtorv_quark,registerFile[2][23],train,pico_femto,processor,reg_to_reg,1.677998,1.797816,0.11981803813171377
femtorv_quark,registerFile[2][24],train,pico_femto,processor,reg_to_reg,1.767199,1.797816,0.030617038131713903
femtorv_quark,registerFile[2][25],train,pico_femto,processor,reg_to_reg,1.79664,1.797816,0.0011760381317138524
femtorv_quark,registerFile[2][26],train,pico_femto,processor,reg_to_reg,1.862697,1.8306166,0.03208040663909917
femtorv_quark,registerFile[2][27],train,pico_femto,processor,reg_to_reg,1.900504,1.8498641,0.05063987474822995
femtorv_quark,registerFile[2][28],train,pico_femto,processor,reg_to_reg,1.888551,1.8498641,0.03868687474823007
femtorv_quark,registerFile[2][29],train,pico_femto,processor,reg_to_reg,1.962828,1.8889177,0.0739103154449463
femtorv_quark,registerFile[2][2],train,pico_femto,processor,input_to_reg,1.350088,1.5629803,0.21289229422760014
femtorv_quark,registerFile[2][30],train,pico_femto,processor,reg_to_reg,1.975838,1.8889177,0.08692031544494627
femtorv_quark,registerFile[2][31],train,pico_femto,processor,reg_to_reg,2.04089,1.9012542,0.13963582290649423
femtorv_quark,registerFile[2][3],train,pico_femto,processor,input_to_reg,1.37177,1.5701767,0.19840672061920173
femtorv_quark,registerFile[2][4],train,pico_femto,processor,input_to_reg,1.376933,1.5629803,0.18604729422760014
femtorv_quark,registerFile[2][5],train,pico_femto,processor,input_to_reg,1.42653,1.5629803,0.13645029422760002
femtorv_quark,registerFile[2][6],train,pico_femto,processor,input_to_reg,1.3778,1.5631253,0.18532525272369393
femtorv_quark,registerFile[2][7],train,pico_femto,processor,input_to_reg,1.403063,1.5652407,0.16217774077606206
femtorv_quark,registerFile[2][8],train,pico_femto,processor,input_to_reg,1.536933,1.5653857,0.028452699272155657
femtorv_quark,registerFile[2][9],train,pico_femto,processor,reg_to_reg,1.507694,1.6421905,0.13449645639038077
femtorv_quark,registerFile[30][0],train,pico_femto,processor,reg_to_reg,1.849344,1.8300964,0.01924763597869883
femtorv_quark,registerFile[30][10],train,pico_femto,processor,reg_to_reg,1.496339,1.6421905,0.14585145639038077
femtorv_quark,registerFile[30][11],train,pico_femto,processor,reg_to_reg,1.476723,1.6421905,0.16546745639038085
femtorv_quark,registerFile[30][12],train,pico_femto,processor,reg_to_reg,1.509798,1.6421905,0.13239245639038089
femtorv_quark,registerFile[30][13],train,pico_femto,processor,reg_to_reg,1.503413,1.6421905,0.13877745639038075
femtorv_quark,registerFile[30][14],train,pico_femto,processor,reg_to_reg,1.466964,1.7660635,0.29909945176696784
femtorv_quark,registerFile[30][15],train,pico_femto,processor,reg_to_reg,1.44495,1.7660635,0.3211134517669678
femtorv_quark,registerFile[30][16],train,pico_femto,processor,reg_to_reg,1.540253,1.7660635,0.22581045176696768
femtorv_quark,registerFile[30][17],train,pico_femto,processor,reg_to_reg,1.52959,1.7660635,0.23647345176696777
femtorv_quark,registerFile[30][18],train,pico_femto,processor,reg_to_reg,1.511813,1.7660635,0.2542504517669677
femtorv_quark,registerFile[30][19],train,pico_femto,processor,reg_to_reg,1.530663,1.7766382,0.24597515021514882
femtorv_quark,registerFile[30][1],train,pico_femto,processor,input_to_reg,1.357228,1.5629803,0.2057522942276
femtorv_quark,registerFile[30][20],train,pico_femto,processor,reg_to_reg,1.633848,1.7799802,0.1461321826477051
femtorv_quark,registerFile[30][21],train,pico_femto,processor,reg_to_reg,1.639384,1.7799802,0.14059618264770513
femtorv_quark,registerFile[30][22],train,pico_femto,processor,reg_to_reg,1.62427,1.7799802,0.15571018264770498
femtorv_quark,registerFile[30][23],train,pico_femto,processor,reg_to_reg,1.677998,1.797816,0.11981803813171377
femtorv_quark,registerFile[30][24],train,pico_femto,processor,reg_to_reg,1.767199,1.797816,0.030617038131713903
femtorv_quark,registerFile[30][25],train,pico_femto,processor,reg_to_reg,1.79664,1.797816,0.0011760381317138524
femtorv_quark,registerFile[30][26],train,pico_femto,processor,reg_to_reg,1.862697,1.8306166,0.03208040663909917
femtorv_quark,registerFile[30][27],train,pico_femto,processor,reg_to_reg,1.900504,1.8498641,0.05063987474822995
femtorv_quark,registerFile[30][28],train,pico_femto,processor,reg_to_reg,1.888551,1.8498641,0.03868687474823007
femtorv_quark,registerFile[30][29],train,pico_femto,processor,reg_to_reg,1.962828,1.8889177,0.0739103154449463
femtorv_quark,registerFile[30][2],train,pico_femto,processor,input_to_reg,1.350088,1.5629803,0.21289229422760014
femtorv_quark,registerFile[30][30],train,pico_femto,processor,reg_to_reg,1.975838,1.8889177,0.08692031544494627
femtorv_quark,registerFile[30][31],train,pico_femto,processor,reg_to_reg,2.04089,1.9012542,0.13963582290649423
femtorv_quark,registerFile[30][3],train,pico_femto,processor,input_to_reg,1.37177,1.5701767,0.19840672061920173
femtorv_quark,registerFile[30][4],train,pico_femto,processor,input_to_reg,1.376933,1.5629803,0.18604729422760014
femtorv_quark,registerFile[30][5],train,pico_femto,processor,input_to_reg,1.42653,1.5629803,0.13645029422760002
femtorv_quark,registerFile[30][6],train,pico_femto,processor,input_to_reg,1.3778,1.5631253,0.18532525272369393
femtorv_quark,registerFile[30][7],train,pico_femto,processor,input_to_reg,1.403063,1.5652407,0.16217774077606206
femtorv_quark,registerFile[30][8],train,pico_femto,processor,input_to_reg,1.536933,1.5653857,0.028452699272155657
femtorv_quark,registerFile[30][9],train,pico_femto,processor,reg_to_reg,1.507694,1.6421905,0.13449645639038077
femtorv_quark,registerFile[31][0],train,pico_femto,processor,reg_to_reg,1.849344,1.8300964,0.01924763597869883
femtorv_quark,registerFile[31][10],train,pico_femto,processor,reg_to_reg,1.496339,1.6421905,0.14585145639038077
femtorv_quark,registerFile[31][11],train,pico_femto,processor,reg_to_reg,1.476723,1.6421905,0.16546745639038085
femtorv_quark,registerFile[31][12],train,pico_femto,processor,reg_to_reg,1.509798,1.6421905,0.13239245639038089
femtorv_quark,registerFile[31][13],train,pico_femto,processor,reg_to_reg,1.503413,1.6421905,0.13877745639038075
femtorv_quark,registerFile[31][14],train,pico_femto,processor,reg_to_reg,1.466964,1.7660635,0.29909945176696784
femtorv_quark,registerFile[31][15],train,pico_femto,processor,reg_to_reg,1.44495,1.7660635,0.3211134517669678
femtorv_quark,registerFile[31][16],train,pico_femto,processor,reg_to_reg,1.540253,1.7660635,0.22581045176696768
femtorv_quark,registerFile[31][17],train,pico_femto,processor,reg_to_reg,1.52959,1.7660635,0.23647345176696777
femtorv_quark,registerFile[31][18],train,pico_femto,processor,reg_to_reg,1.511813,1.7660635,0.2542504517669677
femtorv_quark,registerFile[31][19],train,pico_femto,processor,reg_to_reg,1.530663,1.7766382,0.24597515021514882
femtorv_quark,registerFile[31][1],train,pico_femto,processor,input_to_reg,1.357228,1.5629803,0.2057522942276
femtorv_quark,registerFile[31][20],train,pico_femto,processor,reg_to_reg,1.633848,1.7799802,0.1461321826477051
femtorv_quark,registerFile[31][21],train,pico_femto,processor,reg_to_reg,1.639384,1.7799802,0.14059618264770513
femtorv_quark,registerFile[31][22],train,pico_femto,processor,reg_to_reg,1.62427,1.7799802,0.15571018264770498
femtorv_quark,registerFile[31][23],train,pico_femto,processor,reg_to_reg,1.677998,1.797816,0.11981803813171377
femtorv_quark,registerFile[31][24],train,pico_femto,processor,reg_to_reg,1.767199,1.797816,0.030617038131713903
femtorv_quark,registerFile[31][25],train,pico_femto,processor,reg_to_reg,1.79664,1.797816,0.0011760381317138524
femtorv_quark,registerFile[31][26],train,pico_femto,processor,reg_to_reg,1.862697,1.8306166,0.03208040663909917
femtorv_quark,registerFile[31][27],train,pico_femto,processor,reg_to_reg,1.900504,1.8498641,0.05063987474822995
femtorv_quark,registerFile[31][28],train,pico_femto,processor,reg_to_reg,1.888551,1.8498641,0.03868687474823007
femtorv_quark,registerFile[31][29],train,pico_femto,processor,reg_to_reg,1.962828,1.8889177,0.0739103154449463
femtorv_quark,registerFile[31][2],train,pico_femto,processor,input_to_reg,1.350088,1.5629803,0.21289229422760014
femtorv_quark,registerFile[31][30],train,pico_femto,processor,reg_to_reg,1.975838,1.8889177,0.08692031544494627
femtorv_quark,registerFile[31][31],train,pico_femto,processor,reg_to_reg,2.04089,1.9012542,0.13963582290649423
femtorv_quark,registerFile[31][3],train,pico_femto,processor,input_to_reg,1.37177,1.5701767,0.19840672061920173
femtorv_quark,registerFile[31][4],train,pico_femto,processor,input_to_reg,1.376933,1.5629803,0.18604729422760014
femtorv_quark,registerFile[31][5],train,pico_femto,processor,input_to_reg,1.42653,1.5629803,0.13645029422760002
femtorv_quark,registerFile[31][6],train,pico_femto,processor,input_to_reg,1.3778,1.5631253,0.18532525272369393
femtorv_quark,registerFile[31][7],train,pico_femto,processor,input_to_reg,1.403063,1.5652407,0.16217774077606206
femtorv_quark,registerFile[31][8],train,pico_femto,processor,input_to_reg,1.536933,1.5653857,0.028452699272155657
femtorv_quark,registerFile[31][9],train,pico_femto,processor,reg_to_reg,1.507694,1.6421905,0.13449645639038077
femtorv_quark,registerFile[3][0],train,pico_femto,processor,reg_to_reg,1.849344,1.8300964,0.01924763597869883
femtorv_quark,registerFile[3][10],train,pico_femto,processor,reg_to_reg,1.496339,1.6421905,0.14585145639038077
femtorv_quark,registerFile[3][11],train,pico_femto,processor,reg_to_reg,1.476723,1.6421905,0.16546745639038085
femtorv_quark,registerFile[3][12],train,pico_femto,processor,reg_to_reg,1.509798,1.6421905,0.13239245639038089
femtorv_quark,registerFile[3][13],train,pico_femto,processor,reg_to_reg,1.503413,1.6421905,0.13877745639038075
femtorv_quark,registerFile[3][14],train,pico_femto,processor,reg_to_reg,1.466964,1.7660635,0.29909945176696784
femtorv_quark,registerFile[3][15],train,pico_femto,processor,reg_to_reg,1.44495,1.7660635,0.3211134517669678
femtorv_quark,registerFile[3][16],train,pico_femto,processor,reg_to_reg,1.540253,1.7660635,0.22581045176696768
femtorv_quark,registerFile[3][17],train,pico_femto,processor,reg_to_reg,1.52959,1.7660635,0.23647345176696777
femtorv_quark,registerFile[3][18],train,pico_femto,processor,reg_to_reg,1.511813,1.7660635,0.2542504517669677
femtorv_quark,registerFile[3][19],train,pico_femto,processor,reg_to_reg,1.530663,1.7766382,0.24597515021514882
femtorv_quark,registerFile[3][1],train,pico_femto,processor,input_to_reg,1.357228,1.5629803,0.2057522942276
femtorv_quark,registerFile[3][20],train,pico_femto,processor,reg_to_reg,1.633848,1.7799802,0.1461321826477051
femtorv_quark,registerFile[3][21],train,pico_femto,processor,reg_to_reg,1.639384,1.7799802,0.14059618264770513
femtorv_quark,registerFile[3][22],train,pico_femto,processor,reg_to_reg,1.62427,1.7799802,0.15571018264770498
femtorv_quark,registerFile[3][23],train,pico_femto,processor,reg_to_reg,1.677998,1.797816,0.11981803813171377
femtorv_quark,registerFile[3][24],train,pico_femto,processor,reg_to_reg,1.767199,1.797816,0.030617038131713903
femtorv_quark,registerFile[3][25],train,pico_femto,processor,reg_to_reg,1.79664,1.797816,0.0011760381317138524
femtorv_quark,registerFile[3][26],train,pico_femto,processor,reg_to_reg,1.862697,1.8306166,0.03208040663909917
femtorv_quark,registerFile[3][27],train,pico_femto,processor,reg_to_reg,1.900504,1.8498641,0.05063987474822995
femtorv_quark,registerFile[3][28],train,pico_femto,processor,reg_to_reg,1.888551,1.8498641,0.03868687474823007
femtorv_quark,registerFile[3][29],train,pico_femto,processor,reg_to_reg,1.962828,1.8889177,0.0739103154449463
femtorv_quark,registerFile[3][2],train,pico_femto,processor,input_to_reg,1.350088,1.5629803,0.21289229422760014
femtorv_quark,registerFile[3][30],train,pico_femto,processor,reg_to_reg,1.975838,1.8889177,0.08692031544494627
femtorv_quark,registerFile[3][31],train,pico_femto,processor,reg_to_reg,2.04089,1.9012542,0.13963582290649423
femtorv_quark,registerFile[3][3],train,pico_femto,processor,input_to_reg,1.37177,1.5701767,0.19840672061920173
femtorv_quark,registerFile[3][4],train,pico_femto,processor,input_to_reg,1.376933,1.5629803,0.18604729422760014
femtorv_quark,registerFile[3][5],train,pico_femto,processor,input_to_reg,1.42653,1.5629803,0.13645029422760002
femtorv_quark,registerFile[3][6],train,pico_femto,processor,input_to_reg,1.3778,1.5631253,0.18532525272369393
femtorv_quark,registerFile[3][7],train,pico_femto,processor,input_to_reg,1.403063,1.5652407,0.16217774077606206
femtorv_quark,registerFile[3][8],train,pico_femto,processor,input_to_reg,1.536933,1.5653857,0.028452699272155657
femtorv_quark,registerFile[3][9],train,pico_femto,processor,reg_to_reg,1.507694,1.6421905,0.13449645639038077
femtorv_quark,registerFile[4][0],train,pico_femto,processor,reg_to_reg,1.849344,1.8300964,0.01924763597869883
femtorv_quark,registerFile[4][10],train,pico_femto,processor,reg_to_reg,1.496339,1.6421905,0.14585145639038077
femtorv_quark,registerFile[4][11],train,pico_femto,processor,reg_to_reg,1.476723,1.6421905,0.16546745639038085
femtorv_quark,registerFile[4][12],train,pico_femto,processor,reg_to_reg,1.509798,1.6421905,0.13239245639038089
femtorv_quark,registerFile[4][13],train,pico_femto,processor,reg_to_reg,1.503413,1.6421905,0.13877745639038075
femtorv_quark,registerFile[4][14],train,pico_femto,processor,reg_to_reg,1.466964,1.7660635,0.29909945176696784
femtorv_quark,registerFile[4][15],train,pico_femto,processor,reg_to_reg,1.44495,1.7660635,0.3211134517669678
femtorv_quark,registerFile[4][16],train,pico_femto,processor,reg_to_reg,1.540253,1.7660635,0.22581045176696768
femtorv_quark,registerFile[4][17],train,pico_femto,processor,reg_to_reg,1.52959,1.7660635,0.23647345176696777
femtorv_quark,registerFile[4][18],train,pico_femto,processor,reg_to_reg,1.511813,1.7660635,0.2542504517669677
femtorv_quark,registerFile[4][19],train,pico_femto,processor,reg_to_reg,1.530663,1.7766382,0.24597515021514882
femtorv_quark,registerFile[4][1],train,pico_femto,processor,input_to_reg,1.357228,1.5629803,0.2057522942276
femtorv_quark,registerFile[4][20],train,pico_femto,processor,reg_to_reg,1.633848,1.7799802,0.1461321826477051
femtorv_quark,registerFile[4][21],train,pico_femto,processor,reg_to_reg,1.639384,1.7799802,0.14059618264770513
femtorv_quark,registerFile[4][22],train,pico_femto,processor,reg_to_reg,1.62427,1.7799802,0.15571018264770498
femtorv_quark,registerFile[4][23],train,pico_femto,processor,reg_to_reg,1.677998,1.797816,0.11981803813171377
femtorv_quark,registerFile[4][24],train,pico_femto,processor,reg_to_reg,1.767199,1.797816,0.030617038131713903
femtorv_quark,registerFile[4][25],train,pico_femto,processor,reg_to_reg,1.79664,1.797816,0.0011760381317138524
femtorv_quark,registerFile[4][26],train,pico_femto,processor,reg_to_reg,1.862697,1.8306166,0.03208040663909917
femtorv_quark,registerFile[4][27],train,pico_femto,processor,reg_to_reg,1.900504,1.8498641,0.05063987474822995
femtorv_quark,registerFile[4][28],train,pico_femto,processor,reg_to_reg,1.888551,1.8498641,0.03868687474823007
femtorv_quark,registerFile[4][29],train,pico_femto,processor,reg_to_reg,1.962828,1.8889177,0.0739103154449463
femtorv_quark,registerFile[4][2],train,pico_femto,processor,input_to_reg,1.350088,1.5629803,0.21289229422760014
femtorv_quark,registerFile[4][30],train,pico_femto,processor,reg_to_reg,1.975838,1.8889177,0.08692031544494627
femtorv_quark,registerFile[4][31],train,pico_femto,processor,reg_to_reg,2.04089,1.9012542,0.13963582290649423
femtorv_quark,registerFile[4][3],train,pico_femto,processor,input_to_reg,1.37177,1.5701767,0.19840672061920173
femtorv_quark,registerFile[4][4],train,pico_femto,processor,input_to_reg,1.376933,1.5629803,0.18604729422760014
femtorv_quark,registerFile[4][5],train,pico_femto,processor,input_to_reg,1.42653,1.5629803,0.13645029422760002
femtorv_quark,registerFile[4][6],train,pico_femto,processor,input_to_reg,1.3778,1.5631253,0.18532525272369393
femtorv_quark,registerFile[4][7],train,pico_femto,processor,input_to_reg,1.403063,1.5652407,0.16217774077606206
femtorv_quark,registerFile[4][8],train,pico_femto,processor,input_to_reg,1.536933,1.5653857,0.028452699272155657
femtorv_quark,registerFile[4][9],train,pico_femto,processor,reg_to_reg,1.507694,1.6421905,0.13449645639038077
femtorv_quark,registerFile[5][0],train,pico_femto,processor,reg_to_reg,1.849344,1.8300964,0.01924763597869883
femtorv_quark,registerFile[5][10],train,pico_femto,processor,reg_to_reg,1.496339,1.6421905,0.14585145639038077
femtorv_quark,registerFile[5][11],train,pico_femto,processor,reg_to_reg,1.476723,1.6421905,0.16546745639038085
femtorv_quark,registerFile[5][12],train,pico_femto,processor,reg_to_reg,1.509798,1.6421905,0.13239245639038089
femtorv_quark,registerFile[5][13],train,pico_femto,processor,reg_to_reg,1.503413,1.6421905,0.13877745639038075
femtorv_quark,registerFile[5][14],train,pico_femto,processor,reg_to_reg,1.466964,1.7660635,0.29909945176696784
femtorv_quark,registerFile[5][15],train,pico_femto,processor,reg_to_reg,1.44495,1.7660635,0.3211134517669678
femtorv_quark,registerFile[5][16],train,pico_femto,processor,reg_to_reg,1.540253,1.7660635,0.22581045176696768
femtorv_quark,registerFile[5][17],train,pico_femto,processor,reg_to_reg,1.52959,1.7660635,0.23647345176696777
femtorv_quark,registerFile[5][18],train,pico_femto,processor,reg_to_reg,1.511813,1.7660635,0.2542504517669677
femtorv_quark,registerFile[5][19],train,pico_femto,processor,reg_to_reg,1.530663,1.7766382,0.24597515021514882
femtorv_quark,registerFile[5][1],train,pico_femto,processor,input_to_reg,1.357228,1.5629803,0.2057522942276
femtorv_quark,registerFile[5][20],train,pico_femto,processor,reg_to_reg,1.633848,1.7799802,0.1461321826477051
femtorv_quark,registerFile[5][21],train,pico_femto,processor,reg_to_reg,1.639384,1.7799802,0.14059618264770513
femtorv_quark,registerFile[5][22],train,pico_femto,processor,reg_to_reg,1.62427,1.7799802,0.15571018264770498
femtorv_quark,registerFile[5][23],train,pico_femto,processor,reg_to_reg,1.677998,1.797816,0.11981803813171377
femtorv_quark,registerFile[5][24],train,pico_femto,processor,reg_to_reg,1.767199,1.797816,0.030617038131713903
femtorv_quark,registerFile[5][25],train,pico_femto,processor,reg_to_reg,1.79664,1.797816,0.0011760381317138524
femtorv_quark,registerFile[5][26],train,pico_femto,processor,reg_to_reg,1.862697,1.8306166,0.03208040663909917
femtorv_quark,registerFile[5][27],train,pico_femto,processor,reg_to_reg,1.900504,1.8498641,0.05063987474822995
femtorv_quark,registerFile[5][28],train,pico_femto,processor,reg_to_reg,1.888551,1.8498641,0.03868687474823007
femtorv_quark,registerFile[5][29],train,pico_femto,processor,reg_to_reg,1.962828,1.8889177,0.0739103154449463
femtorv_quark,registerFile[5][2],train,pico_femto,processor,input_to_reg,1.350088,1.5629803,0.21289229422760014
femtorv_quark,registerFile[5][30],train,pico_femto,processor,reg_to_reg,1.975838,1.8889177,0.08692031544494627
femtorv_quark,registerFile[5][31],train,pico_femto,processor,reg_to_reg,2.04089,1.9012542,0.13963582290649423
femtorv_quark,registerFile[5][3],train,pico_femto,processor,input_to_reg,1.37177,1.5701767,0.19840672061920173
femtorv_quark,registerFile[5][4],train,pico_femto,processor,input_to_reg,1.376933,1.5629803,0.18604729422760014
femtorv_quark,registerFile[5][5],train,pico_femto,processor,input_to_reg,1.42653,1.5629803,0.13645029422760002
femtorv_quark,registerFile[5][6],train,pico_femto,processor,input_to_reg,1.3778,1.5631253,0.18532525272369393
femtorv_quark,registerFile[5][7],train,pico_femto,processor,input_to_reg,1.403063,1.5652407,0.16217774077606206
femtorv_quark,registerFile[5][8],train,pico_femto,processor,input_to_reg,1.536933,1.5653857,0.028452699272155657
femtorv_quark,registerFile[5][9],train,pico_femto,processor,reg_to_reg,1.507694,1.6421905,0.13449645639038077
femtorv_quark,registerFile[6][0],train,pico_femto,processor,reg_to_reg,1.849344,1.8300964,0.01924763597869883
femtorv_quark,registerFile[6][10],train,pico_femto,processor,reg_to_reg,1.496339,1.6421905,0.14585145639038077
femtorv_quark,registerFile[6][11],train,pico_femto,processor,reg_to_reg,1.476723,1.6421905,0.16546745639038085
femtorv_quark,registerFile[6][12],train,pico_femto,processor,reg_to_reg,1.509798,1.6421905,0.13239245639038089
femtorv_quark,registerFile[6][13],train,pico_femto,processor,reg_to_reg,1.503413,1.6421905,0.13877745639038075
femtorv_quark,registerFile[6][14],train,pico_femto,processor,reg_to_reg,1.466964,1.7660635,0.29909945176696784
femtorv_quark,registerFile[6][15],train,pico_femto,processor,reg_to_reg,1.44495,1.7660635,0.3211134517669678
femtorv_quark,registerFile[6][16],train,pico_femto,processor,reg_to_reg,1.540253,1.7660635,0.22581045176696768
femtorv_quark,registerFile[6][17],train,pico_femto,processor,reg_to_reg,1.52959,1.7660635,0.23647345176696777
femtorv_quark,registerFile[6][18],train,pico_femto,processor,reg_to_reg,1.511813,1.7660635,0.2542504517669677
femtorv_quark,registerFile[6][19],train,pico_femto,processor,reg_to_reg,1.530663,1.7766382,0.24597515021514882
femtorv_quark,registerFile[6][1],train,pico_femto,processor,input_to_reg,1.357228,1.5629803,0.2057522942276
femtorv_quark,registerFile[6][20],train,pico_femto,processor,reg_to_reg,1.633848,1.7799802,0.1461321826477051
femtorv_quark,registerFile[6][21],train,pico_femto,processor,reg_to_reg,1.639384,1.7799802,0.14059618264770513
femtorv_quark,registerFile[6][22],train,pico_femto,processor,reg_to_reg,1.62427,1.7799802,0.15571018264770498
femtorv_quark,registerFile[6][23],train,pico_femto,processor,reg_to_reg,1.677998,1.797816,0.11981803813171377
femtorv_quark,registerFile[6][24],train,pico_femto,processor,reg_to_reg,1.767199,1.797816,0.030617038131713903
femtorv_quark,registerFile[6][25],train,pico_femto,processor,reg_to_reg,1.79664,1.797816,0.0011760381317138524
femtorv_quark,registerFile[6][26],train,pico_femto,processor,reg_to_reg,1.862697,1.8306166,0.03208040663909917
femtorv_quark,registerFile[6][27],train,pico_femto,processor,reg_to_reg,1.900504,1.8498641,0.05063987474822995
femtorv_quark,registerFile[6][28],train,pico_femto,processor,reg_to_reg,1.888551,1.8498641,0.03868687474823007
femtorv_quark,registerFile[6][29],train,pico_femto,processor,reg_to_reg,1.962828,1.8889177,0.0739103154449463
femtorv_quark,registerFile[6][2],train,pico_femto,processor,input_to_reg,1.350088,1.5629803,0.21289229422760014
femtorv_quark,registerFile[6][30],train,pico_femto,processor,reg_to_reg,1.975838,1.8889177,0.08692031544494627
femtorv_quark,registerFile[6][31],train,pico_femto,processor,reg_to_reg,2.04089,1.9012542,0.13963582290649423
femtorv_quark,registerFile[6][3],train,pico_femto,processor,input_to_reg,1.37177,1.5701767,0.19840672061920173
femtorv_quark,registerFile[6][4],train,pico_femto,processor,input_to_reg,1.376933,1.5629803,0.18604729422760014
femtorv_quark,registerFile[6][5],train,pico_femto,processor,input_to_reg,1.42653,1.5629803,0.13645029422760002
femtorv_quark,registerFile[6][6],train,pico_femto,processor,input_to_reg,1.3778,1.5631253,0.18532525272369393
femtorv_quark,registerFile[6][7],train,pico_femto,processor,input_to_reg,1.403063,1.5652407,0.16217774077606206
femtorv_quark,registerFile[6][8],train,pico_femto,processor,input_to_reg,1.536933,1.5653857,0.028452699272155657
femtorv_quark,registerFile[6][9],train,pico_femto,processor,reg_to_reg,1.507694,1.6421905,0.13449645639038077
femtorv_quark,registerFile[7][0],train,pico_femto,processor,reg_to_reg,1.849344,1.8300964,0.01924763597869883
femtorv_quark,registerFile[7][10],train,pico_femto,processor,reg_to_reg,1.496339,1.6421905,0.14585145639038077
femtorv_quark,registerFile[7][11],train,pico_femto,processor,reg_to_reg,1.476723,1.6421905,0.16546745639038085
femtorv_quark,registerFile[7][12],train,pico_femto,processor,reg_to_reg,1.509798,1.6421905,0.13239245639038089
femtorv_quark,registerFile[7][13],train,pico_femto,processor,reg_to_reg,1.503413,1.6421905,0.13877745639038075
femtorv_quark,registerFile[7][14],train,pico_femto,processor,reg_to_reg,1.466964,1.7660635,0.29909945176696784
femtorv_quark,registerFile[7][15],train,pico_femto,processor,reg_to_reg,1.44495,1.7660635,0.3211134517669678
femtorv_quark,registerFile[7][16],train,pico_femto,processor,reg_to_reg,1.540253,1.7660635,0.22581045176696768
femtorv_quark,registerFile[7][17],train,pico_femto,processor,reg_to_reg,1.52959,1.7660635,0.23647345176696777
femtorv_quark,registerFile[7][18],train,pico_femto,processor,reg_to_reg,1.511813,1.7660635,0.2542504517669677
femtorv_quark,registerFile[7][19],train,pico_femto,processor,reg_to_reg,1.530663,1.7766382,0.24597515021514882
femtorv_quark,registerFile[7][1],train,pico_femto,processor,input_to_reg,1.357228,1.5629803,0.2057522942276
femtorv_quark,registerFile[7][20],train,pico_femto,processor,reg_to_reg,1.633848,1.7799802,0.1461321826477051
femtorv_quark,registerFile[7][21],train,pico_femto,processor,reg_to_reg,1.639384,1.7799802,0.14059618264770513
femtorv_quark,registerFile[7][22],train,pico_femto,processor,reg_to_reg,1.62427,1.7799802,0.15571018264770498
femtorv_quark,registerFile[7][23],train,pico_femto,processor,reg_to_reg,1.677998,1.797816,0.11981803813171377
femtorv_quark,registerFile[7][24],train,pico_femto,processor,reg_to_reg,1.767199,1.797816,0.030617038131713903
femtorv_quark,registerFile[7][25],train,pico_femto,processor,reg_to_reg,1.79664,1.797816,0.0011760381317138524
femtorv_quark,registerFile[7][26],train,pico_femto,processor,reg_to_reg,1.862697,1.8306166,0.03208040663909917
femtorv_quark,registerFile[7][27],train,pico_femto,processor,reg_to_reg,1.900504,1.8498641,0.05063987474822995
femtorv_quark,registerFile[7][28],train,pico_femto,processor,reg_to_reg,1.888551,1.8498641,0.03868687474823007
femtorv_quark,registerFile[7][29],train,pico_femto,processor,reg_to_reg,1.962828,1.8889177,0.0739103154449463
femtorv_quark,registerFile[7][2],train,pico_femto,processor,input_to_reg,1.350088,1.5629803,0.21289229422760014
femtorv_quark,registerFile[7][30],train,pico_femto,processor,reg_to_reg,1.975838,1.8889177,0.08692031544494627
femtorv_quark,registerFile[7][31],train,pico_femto,processor,reg_to_reg,2.04089,1.9012542,0.13963582290649423
femtorv_quark,registerFile[7][3],train,pico_femto,processor,input_to_reg,1.37177,1.5701767,0.19840672061920173
femtorv_quark,registerFile[7][4],train,pico_femto,processor,input_to_reg,1.376933,1.5629803,0.18604729422760014
femtorv_quark,registerFile[7][5],train,pico_femto,processor,input_to_reg,1.42653,1.5629803,0.13645029422760002
femtorv_quark,registerFile[7][6],train,pico_femto,processor,input_to_reg,1.3778,1.5631253,0.18532525272369393
femtorv_quark,registerFile[7][7],train,pico_femto,processor,input_to_reg,1.403063,1.5652407,0.16217774077606206
femtorv_quark,registerFile[7][8],train,pico_femto,processor,input_to_reg,1.536933,1.5653857,0.028452699272155657
femtorv_quark,registerFile[7][9],train,pico_femto,processor,reg_to_reg,1.507694,1.6421905,0.13449645639038077
femtorv_quark,registerFile[8][0],train,pico_femto,processor,reg_to_reg,1.849344,1.8300964,0.01924763597869883
femtorv_quark,registerFile[8][10],train,pico_femto,processor,reg_to_reg,1.496339,1.6421905,0.14585145639038077
femtorv_quark,registerFile[8][11],train,pico_femto,processor,reg_to_reg,1.476723,1.6421905,0.16546745639038085
femtorv_quark,registerFile[8][12],train,pico_femto,processor,reg_to_reg,1.509798,1.6421905,0.13239245639038089
femtorv_quark,registerFile[8][13],train,pico_femto,processor,reg_to_reg,1.503413,1.6421905,0.13877745639038075
femtorv_quark,registerFile[8][14],train,pico_femto,processor,reg_to_reg,1.466964,1.7660635,0.29909945176696784
femtorv_quark,registerFile[8][15],train,pico_femto,processor,reg_to_reg,1.44495,1.7660635,0.3211134517669678
femtorv_quark,registerFile[8][16],train,pico_femto,processor,reg_to_reg,1.540253,1.7660635,0.22581045176696768
femtorv_quark,registerFile[8][17],train,pico_femto,processor,reg_to_reg,1.52959,1.7660635,0.23647345176696777
femtorv_quark,registerFile[8][18],train,pico_femto,processor,reg_to_reg,1.511813,1.7660635,0.2542504517669677
femtorv_quark,registerFile[8][19],train,pico_femto,processor,reg_to_reg,1.530663,1.7766382,0.24597515021514882
femtorv_quark,registerFile[8][1],train,pico_femto,processor,input_to_reg,1.357228,1.5629803,0.2057522942276
femtorv_quark,registerFile[8][20],train,pico_femto,processor,reg_to_reg,1.633848,1.7799802,0.1461321826477051
femtorv_quark,registerFile[8][21],train,pico_femto,processor,reg_to_reg,1.639384,1.7799802,0.14059618264770513
femtorv_quark,registerFile[8][22],train,pico_femto,processor,reg_to_reg,1.62427,1.7799802,0.15571018264770498
femtorv_quark,registerFile[8][23],train,pico_femto,processor,reg_to_reg,1.677998,1.797816,0.11981803813171377
femtorv_quark,registerFile[8][24],train,pico_femto,processor,reg_to_reg,1.767199,1.797816,0.030617038131713903
femtorv_quark,registerFile[8][25],train,pico_femto,processor,reg_to_reg,1.79664,1.797816,0.0011760381317138524
femtorv_quark,registerFile[8][26],train,pico_femto,processor,reg_to_reg,1.862697,1.8306166,0.03208040663909917
femtorv_quark,registerFile[8][27],train,pico_femto,processor,reg_to_reg,1.900504,1.8498641,0.05063987474822995
femtorv_quark,registerFile[8][28],train,pico_femto,processor,reg_to_reg,1.888551,1.8498641,0.03868687474823007
femtorv_quark,registerFile[8][29],train,pico_femto,processor,reg_to_reg,1.962828,1.8889177,0.0739103154449463
femtorv_quark,registerFile[8][2],train,pico_femto,processor,input_to_reg,1.350088,1.5629803,0.21289229422760014
femtorv_quark,registerFile[8][30],train,pico_femto,processor,reg_to_reg,1.975838,1.8889177,0.08692031544494627
femtorv_quark,registerFile[8][31],train,pico_femto,processor,reg_to_reg,2.04089,1.9012542,0.13963582290649423
femtorv_quark,registerFile[8][3],train,pico_femto,processor,input_to_reg,1.37177,1.5701767,0.19840672061920173
femtorv_quark,registerFile[8][4],train,pico_femto,processor,input_to_reg,1.376933,1.5629803,0.18604729422760014
femtorv_quark,registerFile[8][5],train,pico_femto,processor,input_to_reg,1.42653,1.5629803,0.13645029422760002
femtorv_quark,registerFile[8][6],train,pico_femto,processor,input_to_reg,1.3778,1.5631253,0.18532525272369393
femtorv_quark,registerFile[8][7],train,pico_femto,processor,input_to_reg,1.403063,1.5652407,0.16217774077606206
femtorv_quark,registerFile[8][8],train,pico_femto,processor,input_to_reg,1.536933,1.5653857,0.028452699272155657
femtorv_quark,registerFile[8][9],train,pico_femto,processor,reg_to_reg,1.507694,1.6421905,0.13449645639038077
femtorv_quark,registerFile[9][0],train,pico_femto,processor,reg_to_reg,1.849344,1.8300964,0.01924763597869883
femtorv_quark,registerFile[9][10],train,pico_femto,processor,reg_to_reg,1.496339,1.6421905,0.14585145639038077
femtorv_quark,registerFile[9][11],train,pico_femto,processor,reg_to_reg,1.476723,1.6421905,0.16546745639038085
femtorv_quark,registerFile[9][12],train,pico_femto,processor,reg_to_reg,1.509798,1.6421905,0.13239245639038089
femtorv_quark,registerFile[9][13],train,pico_femto,processor,reg_to_reg,1.503413,1.6421905,0.13877745639038075
femtorv_quark,registerFile[9][14],train,pico_femto,processor,reg_to_reg,1.466964,1.7660635,0.29909945176696784
femtorv_quark,registerFile[9][15],train,pico_femto,processor,reg_to_reg,1.44495,1.7660635,0.3211134517669678
femtorv_quark,registerFile[9][16],train,pico_femto,processor,reg_to_reg,1.540253,1.7660635,0.22581045176696768
femtorv_quark,registerFile[9][17],train,pico_femto,processor,reg_to_reg,1.52959,1.7660635,0.23647345176696777
femtorv_quark,registerFile[9][18],train,pico_femto,processor,reg_to_reg,1.511813,1.7660635,0.2542504517669677
femtorv_quark,registerFile[9][19],train,pico_femto,processor,reg_to_reg,1.530663,1.7766382,0.24597515021514882
femtorv_quark,registerFile[9][1],train,pico_femto,processor,input_to_reg,1.357228,1.5629803,0.2057522942276
femtorv_quark,registerFile[9][20],train,pico_femto,processor,reg_to_reg,1.633848,1.7799802,0.1461321826477051
femtorv_quark,registerFile[9][21],train,pico_femto,processor,reg_to_reg,1.639384,1.7799802,0.14059618264770513
femtorv_quark,registerFile[9][22],train,pico_femto,processor,reg_to_reg,1.62427,1.7799802,0.15571018264770498
femtorv_quark,registerFile[9][23],train,pico_femto,processor,reg_to_reg,1.677998,1.797816,0.11981803813171377
femtorv_quark,registerFile[9][24],train,pico_femto,processor,reg_to_reg,1.767199,1.797816,0.030617038131713903
femtorv_quark,registerFile[9][25],train,pico_femto,processor,reg_to_reg,1.79664,1.797816,0.0011760381317138524
femtorv_quark,registerFile[9][26],train,pico_femto,processor,reg_to_reg,1.862697,1.8306166,0.03208040663909917
femtorv_quark,registerFile[9][27],train,pico_femto,processor,reg_to_reg,1.900504,1.8498641,0.05063987474822995
femtorv_quark,registerFile[9][28],train,pico_femto,processor,reg_to_reg,1.888551,1.8498641,0.03868687474823007
femtorv_quark,registerFile[9][29],train,pico_femto,processor,reg_to_reg,1.962828,1.8889177,0.0739103154449463
femtorv_quark,registerFile[9][2],train,pico_femto,processor,input_to_reg,1.350088,1.5629803,0.21289229422760014
femtorv_quark,registerFile[9][30],train,pico_femto,processor,reg_to_reg,1.975838,1.8889177,0.08692031544494627
femtorv_quark,registerFile[9][31],train,pico_femto,processor,reg_to_reg,2.04089,1.9012542,0.13963582290649423
femtorv_quark,registerFile[9][3],train,pico_femto,processor,input_to_reg,1.37177,1.5701767,0.19840672061920173
femtorv_quark,registerFile[9][4],train,pico_femto,processor,input_to_reg,1.376933,1.5629803,0.18604729422760014
femtorv_quark,registerFile[9][5],train,pico_femto,processor,input_to_reg,1.42653,1.5629803,0.13645029422760002
femtorv_quark,registerFile[9][6],train,pico_femto,processor,input_to_reg,1.3778,1.5631253,0.18532525272369393
femtorv_quark,registerFile[9][7],train,pico_femto,processor,input_to_reg,1.403063,1.5652407,0.16217774077606206
femtorv_quark,registerFile[9][8],train,pico_femto,processor,input_to_reg,1.536933,1.5653857,0.028452699272155657
femtorv_quark,registerFile[9][9],train,pico_femto,processor,reg_to_reg,1.507694,1.6421905,0.13449645639038077
femtorv_quark,rs1[0],train,pico_femto,processor,input_to_reg,1.959179,1.8723912,0.0867877760925293
femtorv_quark,rs1[10],train,pico_femto,processor,input_to_reg,1.961251,1.8723912,0.08885977609252937
femtorv_quark,rs1[11],train,pico_femto,processor,input_to_reg,2.003303,1.8723912,0.13091177609252913
femtorv_quark,rs1[12],train,pico_femto,processor,input_to_reg,1.961251,1.8723912,0.08885977609252937
femtorv_quark,rs1[13],train,pico_femto,processor,input_to_reg,1.961251,1.8723912,0.08885977609252937
femtorv_quark,rs1[14],train,pico_femto,processor,input_to_reg,1.962186,1.8723912,0.08979477609252928
femtorv_quark,rs1[15],train,pico_femto,processor,input_to_reg,1.918844,1.8723912,0.04645277609252929
femtorv_quark,rs1[16],train,pico_femto,processor,input_to_reg,1.900707,1.8723912,0.02831577609252922
femtorv_quark,rs1[17],train,pico_femto,processor,input_to_reg,1.962372,1.8723912,0.0899807760925293
femtorv_quark,rs1[18],train,pico_femto,processor,input_to_reg,1.961874,1.8723912,0.08948277609252919
femtorv_quark,rs1[19],train,pico_femto,processor,input_to_reg,1.927189,1.8723912,0.05479777609252934
femtorv_quark,rs1[1],train,pico_femto,processor,input_to_reg,1.956066,1.8723912,0.08367477609252938
femtorv_quark,rs1[20],train,pico_femto,processor,input_to_reg,1.962186,1.8723912,0.08979477609252928
femtorv_quark,rs1[21],train,pico_femto,processor,input_to_reg,1.909157,1.8723912,0.03676577609252929
femtorv_quark,rs1[22],train,pico_femto,processor,input_to_reg,1.909157,1.8723912,0.03676577609252929
femtorv_quark,rs1[23],train,pico_femto,processor,input_to_reg,1.963533,1.8723912,0.09114177609252927
femtorv_quark,rs1[24],train,pico_femto,processor,input_to_reg,1.900707,1.8723912,0.02831577609252922
femtorv_quark,rs1[25],train,pico_femto,processor,input_to_reg,1.926013,1.8723912,0.05362177609252927
femtorv_quark,rs1[26],train,pico_femto,processor,input_to_reg,1.961068,1.8723912,0.08867677609252933
femtorv_quark,rs1[27],train,pico_femto,processor,input_to_reg,2.005372,1.8723912,0.13298077609252923
femtorv_quark,rs1[28],train,pico_femto,processor,input_to_reg,1.961068,1.8723912,0.08867677609252933
femtorv_quark,rs1[29],train,pico_femto,processor,input_to_reg,1.961068,1.8723912,0.08867677609252933
femtorv_quark,rs1[2],train,pico_femto,processor,input_to_reg,1.95469,1.8723912,0.08229877609252934
femtorv_quark,rs1[30],train,pico_femto,processor,input_to_reg,2.001288,1.8723912,0.12889677609252947
femtorv_quark,rs1[31],train,pico_femto,processor,input_to_reg,1.954503,1.8723912,0.0821117760925294
femtorv_quark,rs1[3],train,pico_femto,processor,input_to_reg,1.917927,1.8723912,0.045535776092529234
femtorv_quark,rs1[4],train,pico_femto,processor,input_to_reg,1.923517,1.8723912,0.05112577609252922
femtorv_quark,rs1[5],train,pico_femto,processor,input_to_reg,1.962171,1.8723912,0.0897797760925294
femtorv_quark,rs1[6],train,pico_femto,processor,input_to_reg,1.959179,1.8723912,0.0867877760925293
femtorv_quark,rs1[7],train,pico_femto,processor,input_to_reg,1.961251,1.8723912,0.08885977609252937
femtorv_quark,rs1[8],train,pico_femto,processor,input_to_reg,1.961068,1.8723912,0.08867677609252933
femtorv_quark,rs1[9],train,pico_femto,processor,input_to_reg,1.958104,1.8723912,0.08571277609252936
femtorv_quark,rs2[0],train,pico_femto,processor,input_to_reg,1.919413,1.8723912,0.04702177609252933
femtorv_quark,rs2[10],train,pico_femto,processor,input_to_reg,2.012883,1.8723912,0.14049177609252927
femtorv_quark,rs2[11],train,pico_femto,processor,input_to_reg,1.966421,1.8723912,0.09402977609252927
femtorv_quark,rs2[12],train,pico_femto,processor,input_to_reg,1.995649,1.8723912,0.1232577760925293
femtorv_quark,rs2[13],train,pico_femto,processor,input_to_reg,1.959204,1.8723912,0.08681277609252924
femtorv_quark,rs2[14],train,pico_femto,processor,input_to_reg,1.94798,1.8723912,0.07558877609252934
femtorv_quark,rs2[15],train,pico_femto,processor,input_to_reg,1.912056,1.8723912,0.039664776092529275
femtorv_quark,rs2[16],train,pico_femto,processor,input_to_reg,1.90793,1.8723912,0.0355387760925292
femtorv_quark,rs2[17],train,pico_femto,processor,input_to_reg,1.94798,1.8723912,0.07558877609252934
femtorv_quark,rs2[18],train,pico_femto,processor,input_to_reg,1.906998,1.8723912,0.03460677609252927
femtorv_quark,rs2[19],train,pico_femto,processor,input_to_reg,1.949215,1.8723912,0.07682377609252922
femtorv_quark,rs2[1],train,pico_femto,processor,input_to_reg,1.93487,1.8723912,0.06247877609252939
femtorv_quark,rs2[20],train,pico_femto,processor,input_to_reg,1.922866,1.8723912,0.05047477609252926
femtorv_quark,rs2[21],train,pico_femto,processor,input_to_reg,1.90793,1.8723912,0.0355387760925292
femtorv_quark,rs2[22],train,pico_femto,processor,input_to_reg,1.90793,1.8723912,0.0355387760925292
femtorv_quark,rs2[23],train,pico_femto,processor,input_to_reg,1.901127,1.8723912,0.028735776092529308
femtorv_quark,rs2[24],train,pico_femto,processor,input_to_reg,1.90793,1.8723912,0.0355387760925292
femtorv_quark,rs2[25],train,pico_femto,processor,input_to_reg,1.920387,1.8723912,0.04799577609252936
femtorv_quark,rs2[26],train,pico_femto,processor,input_to_reg,1.965405,1.8723912,0.09301377609252937
femtorv_quark,rs2[27],train,pico_femto,processor,input_to_reg,1.965405,1.8723912,0.09301377609252937
femtorv_quark,rs2[28],train,pico_femto,processor,input_to_reg,1.997332,1.8723912,0.1249407760925294
femtorv_quark,rs2[29],train,pico_femto,processor,input_to_reg,1.965232,1.8723912,0.09284077609252939
femtorv_quark,rs2[2],train,pico_femto,processor,input_to_reg,1.949979,1.8723912,0.0775877760925292
femtorv_quark,rs2[30],train,pico_femto,processor,input_to_reg,1.992579,1.8723912,0.1201877760925294
femtorv_quark,rs2[31],train,pico_femto,processor,input_to_reg,1.962585,1.8723912,0.09019377609252932
femtorv_quark,rs2[3],train,pico_femto,processor,input_to_reg,1.966358,1.8723912,0.09396677609252935
femtorv_quark,rs2[4],train,pico_femto,processor,input_to_reg,1.955171,1.8723912,0.08277977609252929
femtorv_quark,rs2[5],train,pico_femto,processor,input_to_reg,1.967633,1.8723912,0.09524177609252926
femtorv_quark,rs2[6],train,pico_femto,processor,input_to_reg,1.966245,1.8723912,0.09385377609252932
femtorv_quark,rs2[7],train,pico_femto,processor,input_to_reg,1.956264,1.8723912,0.0838727760925293
femtorv_quark,rs2[8],train,pico_femto,processor,input_to_reg,1.966245,1.8723912,0.09385377609252932
femtorv_quark,rs2[9],train,pico_femto,processor,input_to_reg,2.012883,1.8723912,0.14049177609252927
femtorv_quark,state[0],train,pico_femto,processor,input_to_reg,1.178943,1.6473488,0.46840576155853264
femtorv_quark,state[1],train,pico_femto,processor,input_to_reg,1.059561,1.4052156,0.3456546209945679
femtorv_quark,state[2],train,pico_femto,processor,input_to_reg,1.508115,1.839405,0.3312899406051635
femtorv_quark,state[3],train,pico_femto,processor,input_to_reg,1.123791,1.4052156,0.2814246209945679
fastfir8,FILTER[0].tapk.product[0],train,zipcpu_filters,arithmetic_dsp,input_to_reg,1.523882,1.7100484,0.18616643711853031
fastfir8,FILTER[0].tapk.product[10],train,zipcpu_filters,arithmetic_dsp,input_to_reg,1.744589,1.8033713,0.05878231023406988
fastfir8,FILTER[0].tapk.product[11],train,zipcpu_filters,arithmetic_dsp,input_to_reg,1.783963,1.8033713,0.01940831023406986
fastfir8,FILTER[0].tapk.product[12],train,zipcpu_filters,arithmetic_dsp,input_to_reg,1.819304,1.8033713,0.015932689765930208
fastfir8,FILTER[0].tapk.product[13],train,zipcpu_filters,arithmetic_dsp,input_to_reg,1.85868,1.8033713,0.055308689765930286
fastfir8,FILTER[0].tapk.product[14],train,zipcpu_filters,arithmetic_dsp,input_to_reg,1.894021,1.8033713,0.09064968976593013
fastfir8,FILTER[0].tapk.product[15],train,zipcpu_filters,arithmetic_dsp,input_to_reg,1.933397,1.848058,0.0853390146942139
fastfir8,FILTER[0].tapk.product[16],train,zipcpu_filters,arithmetic_dsp,input_to_reg,1.966914,1.87096,0.09595400282287603
fastfir8,FILTER[0].tapk.product[17],train,zipcpu_filters,arithmetic_dsp,input_to_reg,2.0014,1.8809432,0.12045682086944565
fastfir8,FILTER[0].tapk.product[18],train,zipcpu_filters,arithmetic_dsp,input_to_reg,2.058674,1.8809432,0.1777308208694457
fastfir8,FILTER[0].tapk.product[19],train,zipcpu_filters,arithmetic_dsp,input_to_reg,2.072333,1.845281,0.2270519950942993
fastfir8,FILTER[0].tapk.product[1],train,zipcpu_filters,arithmetic_dsp,input_to_reg,1.51592,1.4798567,0.036063270492553645
fastfir8,FILTER[0].tapk.product[20],train,zipcpu_filters,arithmetic_dsp,input_to_reg,2.10643,1.845281,0.26114899509429934
fastfir8,FILTER[0].tapk.product[21],train,zipcpu_filters,arithmetic_dsp,input_to_reg,2.206768,1.8631169,0.34365113961029037
fastfir8,FILTER[0].tapk.product[22],train,zipcpu_filters,arithmetic_dsp,input_to_reg,2.206432,1.928536,0.27789594252777094
fastfir8,FILTER[0].tapk.product[23],train,zipcpu_filters,arithmetic_dsp,input_to_reg,2.229759,1.928536,0.30122294252777104
fastfir8,FILTER[0].tapk.product[2],train,zipcpu_filters,arithmetic_dsp,input_to_reg,1.205216,1.4798567,0.2746407295074462
fastfir8,FILTER[0].tapk.product[3],train,zipcpu_filters,arithmetic_dsp,input_to_reg,1.303137,1.4798567,0.1767197295074463
fastfir8,FILTER[0].tapk.product[4],train,zipcpu_filters,arithmetic_dsp,input_to_reg,1.353303,1.4798567,0.12655372950744637
fastfir8,FILTER[0].tapk.product[5],train,zipcpu_filters,arithmetic_dsp,input_to_reg,1.432433,1.4798567,0.04742372950744622
fastfir8,FILTER[0].tapk.product[6],train,zipcpu_filters,arithmetic_dsp,input_to_reg,1.563055,1.5618725,0.0011825177001953957
fastfir8,FILTER[0].tapk.product[7],train,zipcpu_filters,arithmetic_dsp,input_to_reg,1.659212,1.4798567,0.17935527049255362
fastfir8,FILTER[0].tapk.product[8],train,zipcpu_filters,arithmetic_dsp,input_to_reg,1.711809,1.4798567,0.23195227049255362
fastfir8,FILTER[0].tapk.product[9],train,zipcpu_filters,arithmetic_dsp,input_to_reg,1.709237,1.6330831,0.07615389491271962
fastfir8,FILTER[1].tapk.product[0],train,zipcpu_filters,arithmetic_dsp,input_to_reg,1.523882,1.7100484,0.18616643711853031
fastfir8,FILTER[1].tapk.product[10],train,zipcpu_filters,arithmetic_dsp,input_to_reg,1.750077,1.8033713,0.05329431023406972
fastfir8,FILTER[1].tapk.product[11],train,zipcpu_filters,arithmetic_dsp,input_to_reg,1.786179,1.8033713,0.017192310234069863
fastfir8,FILTER[1].tapk.product[12],train,zipcpu_filters,arithmetic_dsp,input_to_reg,1.821995,1.8033713,0.018623689765930207
fastfir8,FILTER[1].tapk.product[13],train,zipcpu_filters,arithmetic_dsp,input_to_reg,1.860896,1.8033713,0.05752468976593028
fastfir8,FILTER[1].tapk.product[14],train,zipcpu_filters,arithmetic_dsp,input_to_reg,1.896237,1.8033713,0.09286568976593013
fastfir8,FILTER[1].tapk.product[15],train,zipcpu_filters,arithmetic_dsp,input_to_reg,1.935613,1.848058,0.0875550146942139
fastfir8,FILTER[1].tapk.product[16],train,zipcpu_filters,arithmetic_dsp,input_to_reg,1.969131,1.87096,0.09817100282287594
fastfir8,FILTER[1].tapk.product[17],train,zipcpu_filters,arithmetic_dsp,input_to_reg,2.069154,1.8809432,0.18821082086944596
fastfir8,FILTER[1].tapk.product[18],train,zipcpu_filters,arithmetic_dsp,input_to_reg,2.038614,1.8809432,0.15767082086944573
fastfir8,FILTER[1].tapk.product[19],train,zipcpu_filters,arithmetic_dsp,input_to_reg,2.078013,1.8809432,0.1970698208694457
fastfir8,FILTER[1].tapk.product[1],train,zipcpu_filters,arithmetic_dsp,input_to_reg,1.126927,1.4798567,0.3529297295074463
fastfir8,FILTER[1].tapk.product[20],train,zipcpu_filters,arithmetic_dsp,input_to_reg,2.112111,1.845281,0.2668299950942994
fastfir8,FILTER[1].tapk.product[21],train,zipcpu_filters,arithmetic_dsp,input_to_reg,2.211554,1.845281,0.36627299509429934
fastfir8,FILTER[1].tapk.product[22],train,zipcpu_filters,arithmetic_dsp,input_to_reg,2.179064,1.928536,0.2505279425277709
fastfir8,FILTER[1].tapk.product[23],train,zipcpu_filters,arithmetic_dsp,input_to_reg,2.224073,1.928536,0.2955369425277712
fastfir8,FILTER[1].tapk.product[2],train,zipcpu_filters,arithmetic_dsp,input_to_reg,1.206873,1.4798567,0.2729837295074462
fastfir8,FILTER[1].tapk.product[3],train,zipcpu_filters,arithmetic_dsp,input_to_reg,1.314301,1.4798567,0.16555572950744635
fastfir8,FILTER[1].tapk.product[4],train,zipcpu_filters,arithmetic_dsp,input_to_reg,1.395404,1.4798567,0.0844527295074462
fastfir8,FILTER[1].tapk.product[5],train,zipcpu_filters,arithmetic_dsp,input_to_reg,1.51592,1.4798567,0.036063270492553645
fastfir8,FILTER[1].tapk.product[6],train,zipcpu_filters,arithmetic_dsp,input_to_reg,1.53503,1.5618725,0.026842482299804793
fastfir8,FILTER[1].tapk.product[7],train,zipcpu_filters,arithmetic_dsp,input_to_reg,1.633555,1.4798567,0.1536982704925538
fastfir8,FILTER[1].tapk.product[8],train,zipcpu_filters,arithmetic_dsp,input_to_reg,1.701266,1.4798567,0.22140927049255366
fastfir8,FILTER[1].tapk.product[9],train,zipcpu_filters,arithmetic_dsp,input_to_reg,1.714244,1.4798567,0.2343872704925538
fastfir8,FILTER[2].tapk.product[0],train,zipcpu_filters,arithmetic_dsp,input_to_reg,1.523882,1.7100484,0.18616643711853031
fastfir8,FILTER[2].tapk.product[10],train,zipcpu_filters,arithmetic_dsp,input_to_reg,1.76531,1.8033713,0.03806131023406989
fastfir8,FILTER[2].tapk.product[11],train,zipcpu_filters,arithmetic_dsp,input_to_reg,1.804211,1.8033713,0.000839689765930185
fastfir8,FILTER[2].tapk.product[12],train,zipcpu_filters,arithmetic_dsp,input_to_reg,1.840026,1.8033713,0.036654689765930115
fastfir8,FILTER[2].tapk.product[13],train,zipcpu_filters,arithmetic_dsp,input_to_reg,1.876127,1.8033713,0.07275568976593028
fastfir8,FILTER[2].tapk.product[14],train,zipcpu_filters,arithmetic_dsp,input_to_reg,1.914743,1.848058,0.06668501469421395
fastfir8,FILTER[2].tapk.product[15],train,zipcpu_filters,arithmetic_dsp,input_to_reg,1.950084,1.87096,0.0791240028228759
fastfir8,FILTER[2].tapk.product[16],train,zipcpu_filters,arithmetic_dsp,input_to_reg,1.988325,1.8809432,0.1073818208694457
fastfir8,FILTER[2].tapk.product[17],train,zipcpu_filters,arithmetic_dsp,input_to_reg,2.040588,1.8809432,0.15964482086944587
fastfir8,FILTER[2].tapk.product[18],train,zipcpu_filters,arithmetic_dsp,input_to_reg,2.054212,1.8809432,0.17326882086944595
fastfir8,FILTER[2].tapk.product[19],train,zipcpu_filters,arithmetic_dsp,input_to_reg,2.089553,1.845281,0.2442719950942993
fastfir8,FILTER[2].tapk.product[1],train,zipcpu_filters,arithmetic_dsp,input_to_reg,1.120852,1.4798567,0.35900472950744633
fastfir8,FILTER[2].tapk.product[20],train,zipcpu_filters,arithmetic_dsp,input_to_reg,2.193922,1.845281,0.34864099509429947
fastfir8,FILTER[2].tapk.product[21],train,zipcpu_filters,arithmetic_dsp,input_to_reg,2.1926,1.928536,0.2640639425277711
fastfir8,FILTER[2].tapk.product[22],train,zipcpu_filters,arithmetic_dsp,input_to_reg,2.197119,1.928536,0.2685829425277708
fastfir8,FILTER[2].tapk.product[23],train,zipcpu_filters,arithmetic_dsp,input_to_reg,2.235404,1.928536,0.30686794252777094
fastfir8,FILTER[2].tapk.product[2],train,zipcpu_filters,arithmetic_dsp,input_to_reg,1.207139,1.4798567,0.2727177295074463
fastfir8,FILTER[2].tapk.product[3],train,zipcpu_filters,arithmetic_dsp,input_to_reg,1.375032,1.4798567,0.10482472950744626
fastfir8,FILTER[2].tapk.product[4],train,zipcpu_filters,arithmetic_dsp,input_to_reg,1.405872,1.4798567,0.07398472950744628
fastfir8,FILTER[2].tapk.product[5],train,zipcpu_filters,arithmetic_dsp,input_to_reg,1.464165,1.4798567,0.01569172950744635
fastfir8,FILTER[2].tapk.product[6],train,zipcpu_filters,arithmetic_dsp,input_to_reg,1.662587,1.4798567,0.18273027049255375
fastfir8,FILTER[2].tapk.product[7],train,zipcpu_filters,arithmetic_dsp,input_to_reg,1.669064,1.4798567,0.18920727049255381
fastfir8,FILTER[2].tapk.product[8],train,zipcpu_filters,arithmetic_dsp,input_to_reg,1.699783,1.4798567,0.21992627049255375
fastfir8,FILTER[2].tapk.product[9],train,zipcpu_filters,arithmetic_dsp,input_to_reg,1.73271,1.8033713,0.07066131023406985
fastfir8,FILTER[3].tapk.product[0],train,zipcpu_filters,arithmetic_dsp,input_to_reg,1.523882,1.7100484,0.18616643711853031
fastfir8,FILTER[3].tapk.product[10],train,zipcpu_filters,arithmetic_dsp,input_to_reg,1.734802,1.8033713,0.06856931023406987
fastfir8,FILTER[3].tapk.product[11],train,zipcpu_filters,arithmetic_dsp,input_to_reg,1.774202,1.8033713,0.029169310234069767
fastfir8,FILTER[3].tapk.product[12],train,zipcpu_filters,arithmetic_dsp,input_to_reg,1.809543,1.8033713,0.006171689765930077
fastfir8,FILTER[3].tapk.product[13],train,zipcpu_filters,arithmetic_dsp,input_to_reg,1.848918,1.8033713,0.04554668976593024
fastfir8,FILTER[3].tapk.product[14],train,zipcpu_filters,arithmetic_dsp,input_to_reg,1.884259,1.8033713,0.08088768976593008
fastfir8,FILTER[3].tapk.product[15],train,zipcpu_filters,arithmetic_dsp,input_to_reg,1.923635,1.848058,0.07557701469421385
fastfir8,FILTER[3].tapk.product[16],train,zipcpu_filters,arithmetic_dsp,input_to_reg,1.957153,1.87096,0.0861930028228759
fastfir8,FILTER[3].tapk.product[17],train,zipcpu_filters,arithmetic_dsp,input_to_reg,1.991638,1.8809432,0.11069482086944582
fastfir8,FILTER[3].tapk.product[18],train,zipcpu_filters,arithmetic_dsp,input_to_reg,2.065493,1.8809432,0.18454982086944582
fastfir8,FILTER[3].tapk.product[19],train,zipcpu_filters,arithmetic_dsp,input_to_reg,2.062615,1.845281,0.2173339950942994
fastfir8,FILTER[3].tapk.product[1],train,zipcpu_filters,arithmetic_dsp,input_to_reg,1.128932,1.4798567,0.35092472950744624
fastfir8,FILTER[3].tapk.product[20],train,zipcpu_filters,arithmetic_dsp,input_to_reg,2.096713,1.845281,0.25143199509429914
fastfir8,FILTER[3].tapk.product[21],train,zipcpu_filters,arithmetic_dsp,input_to_reg,2.196646,1.8631169,0.3335291396102904
fastfir8,FILTER[3].tapk.product[22],train,zipcpu_filters,arithmetic_dsp,input_to_reg,2.199867,1.928536,0.2713309425277708
fastfir8,FILTER[3].tapk.product[23],train,zipcpu_filters,arithmetic_dsp,input_to_reg,2.226372,1.928536,0.297835942527771
fastfir8,FILTER[3].tapk.product[2],train,zipcpu_filters,arithmetic_dsp,input_to_reg,1.225803,1.4798567,0.2540537295074463
fastfir8,FILTER[3].tapk.product[3],train,zipcpu_filters,arithmetic_dsp,input_to_reg,1.341128,1.4798567,0.1387287295074462
fastfir8,FILTER[3].tapk.product[4],train,zipcpu_filters,arithmetic_dsp,input_to_reg,1.377615,1.4798567,0.10224172950744626
fastfir8,FILTER[3].tapk.product[5],train,zipcpu_filters,arithmetic_dsp,input_to_reg,1.475927,1.4798567,0.0039297295074463
fastfir8,FILTER[3].tapk.product[6],train,zipcpu_filters,arithmetic_dsp,input_to_reg,1.542248,1.4798567,0.062391270492553774
fastfir8,FILTER[3].tapk.product[7],train,zipcpu_filters,arithmetic_dsp,input_to_reg,1.644009,1.4798567,0.16415227049255376
fastfir8,FILTER[3].tapk.product[8],train,zipcpu_filters,arithmetic_dsp,input_to_reg,1.697393,1.4798567,0.21753627049255364
fastfir8,FILTER[3].tapk.product[9],train,zipcpu_filters,arithmetic_dsp,input_to_reg,1.769309,1.8033713,0.034062310234069804
fastfir8,FILTER[4].tapk.product[0],train,zipcpu_filters,arithmetic_dsp,input_to_reg,1.523882,1.7100484,0.18616643711853031
fastfir8,FILTER[4].tapk.product[10],train,zipcpu_filters,arithmetic_dsp,input_to_reg,1.734919,1.8033713,0.06845231023406972
fastfir8,FILTER[4].tapk.product[11],train,zipcpu_filters,arithmetic_dsp,input_to_reg,1.774295,1.8033713,0.02907631023406987
fastfir8,FILTER[4].tapk.product[12],train,zipcpu_filters,arithmetic_dsp,input_to_reg,1.809636,1.8033713,0.006264689765930198
fastfir8,FILTER[4].tapk.product[13],train,zipcpu_filters,arithmetic_dsp,input_to_reg,1.849012,1.8033713,0.045640689765930276
fastfir8,FILTER[4].tapk.product[14],train,zipcpu_filters,arithmetic_dsp,input_to_reg,1.884353,1.8033713,0.08098168976593012
fastfir8,FILTER[4].tapk.product[15],train,zipcpu_filters,arithmetic_dsp,input_to_reg,1.923729,1.848058,0.07567101469421389
fastfir8,FILTER[4].tapk.product[16],train,zipcpu_filters,arithmetic_dsp,input_to_reg,1.957246,1.87096,0.08628600282287602
fastfir8,FILTER[4].tapk.product[17],train,zipcpu_filters,arithmetic_dsp,input_to_reg,1.991732,1.8809432,0.11078882086944586
fastfir8,FILTER[4].tapk.product[18],train,zipcpu_filters,arithmetic_dsp,input_to_reg,2.0656,1.8809432,0.18465682086944568
fastfir8,FILTER[4].tapk.product[19],train,zipcpu_filters,arithmetic_dsp,input_to_reg,2.062709,1.845281,0.21742799509429922
fastfir8,FILTER[4].tapk.product[1],train,zipcpu_filters,arithmetic_dsp,input_to_reg,1.128932,1.4798567,0.35092472950744624
fastfir8,FILTER[4].tapk.product[20],train,zipcpu_filters,arithmetic_dsp,input_to_reg,2.096806,1.845281,0.25152499509429926
fastfir8,FILTER[4].tapk.product[21],train,zipcpu_filters,arithmetic_dsp,input_to_reg,2.197144,1.8631169,0.33402713961029074
fastfir8,FILTER[4].tapk.product[22],train,zipcpu_filters,arithmetic_dsp,input_to_reg,2.196809,1.928536,0.268272942527771
fastfir8,FILTER[4].tapk.product[23],train,zipcpu_filters,arithmetic_dsp,input_to_reg,2.264697,1.928536,0.33616094252777096
fastfir8,FILTER[4].tapk.product[2],train,zipcpu_filters,arithmetic_dsp,input_to_reg,1.225803,1.4798567,0.2540537295074463
fastfir8,FILTER[4].tapk.product[3],train,zipcpu_filters,arithmetic_dsp,input_to_reg,1.341128,1.4798567,0.1387287295074462
fastfir8,FILTER[4].tapk.product[4],train,zipcpu_filters,arithmetic_dsp,input_to_reg,1.377615,1.4798567,0.10224172950744626
fastfir8,FILTER[4].tapk.product[5],train,zipcpu_filters,arithmetic_dsp,input_to_reg,1.475927,1.4798567,0.0039297295074463
fastfir8,FILTER[4].tapk.product[6],train,zipcpu_filters,arithmetic_dsp,input_to_reg,1.516525,1.4798567,0.03666827049255361
fastfir8,FILTER[4].tapk.product[7],train,zipcpu_filters,arithmetic_dsp,input_to_reg,1.643869,1.4798567,0.16401227049255374
fastfir8,FILTER[4].tapk.product[8],train,zipcpu_filters,arithmetic_dsp,input_to_reg,1.748899,1.4798567,0.2690422704925537
fastfir8,FILTER[4].tapk.product[9],train,zipcpu_filters,arithmetic_dsp,input_to_reg,1.703187,1.8033713,0.10018431023406982
fastfir8,FILTER[5].tapk.product[0],train,zipcpu_filters,arithmetic_dsp,input_to_reg,1.523882,1.7100484,0.18616643711853031
fastfir8,FILTER[5].tapk.product[10],train,zipcpu_filters,arithmetic_dsp,input_to_reg,1.739653,1.8033713,0.06371831023406993
fastfir8,FILTER[5].tapk.product[11],train,zipcpu_filters,arithmetic_dsp,input_to_reg,1.779028,1.8033713,0.02434331023406977
fastfir8,FILTER[5].tapk.product[12],train,zipcpu_filters,arithmetic_dsp,input_to_reg,1.814368,1.8033713,0.010996689765930157
fastfir8,FILTER[5].tapk.product[13],train,zipcpu_filters,arithmetic_dsp,input_to_reg,1.853744,1.8033713,0.050372689765930234
fastfir8,FILTER[5].tapk.product[14],train,zipcpu_filters,arithmetic_dsp,input_to_reg,1.889085,1.8033713,0.08571368976593008
fastfir8,FILTER[5].tapk.product[15],train,zipcpu_filters,arithmetic_dsp,input_to_reg,1.928461,1.848058,0.08040301469421385
fastfir8,FILTER[5].tapk.product[16],train,zipcpu_filters,arithmetic_dsp,input_to_reg,1.961979,1.87096,0.0910190028228759
fastfir8,FILTER[5].tapk.product[17],train,zipcpu_filters,arithmetic_dsp,input_to_reg,1.996464,1.8809432,0.11552082086944582
fastfir8,FILTER[5].tapk.product[18],train,zipcpu_filters,arithmetic_dsp,input_to_reg,2.053738,1.8809432,0.17279482086944586
fastfir8,FILTER[5].tapk.product[19],train,zipcpu_filters,arithmetic_dsp,input_to_reg,2.067397,1.845281,0.22211599509429947
fastfir8,FILTER[5].tapk.product[1],train,zipcpu_filters,arithmetic_dsp,input_to_reg,1.51592,1.4798567,0.036063270492553645
fastfir8,FILTER[5].tapk.product[20],train,zipcpu_filters,arithmetic_dsp,input_to_reg,2.101494,1.845281,0.2562129950942995
fastfir8,FILTER[5].tapk.product[21],train,zipcpu_filters,arithmetic_dsp,input_to_reg,2.137026,1.8631169,0.2739091396102906
fastfir8,FILTER[5].tapk.product[22],train,zipcpu_filters,arithmetic_dsp,input_to_reg,2.205912,1.928536,0.2773759425277711
fastfir8,FILTER[5].tapk.product[23],train,zipcpu_filters,arithmetic_dsp,input_to_reg,2.273814,1.928536,0.3452779425277708
fastfir8,FILTER[5].tapk.product[2],train,zipcpu_filters,arithmetic_dsp,input_to_reg,1.210442,1.4798567,0.26941472950744627
fastfir8,FILTER[5].tapk.product[3],train,zipcpu_filters,arithmetic_dsp,input_to_reg,1.301431,1.4798567,0.17842572950744628
fastfir8,FILTER[5].tapk.product[4],train,zipcpu_filters,arithmetic_dsp,input_to_reg,1.350513,1.4798567,0.12934372950744621
fastfir8,FILTER[5].tapk.product[5],train,zipcpu_filters,arithmetic_dsp,input_to_reg,1.429327,1.4798567,0.050529729507446275
fastfir8,FILTER[5].tapk.product[6],train,zipcpu_filters,arithmetic_dsp,input_to_reg,1.55996,1.5618725,0.0019124822998046742
fastfir8,FILTER[5].tapk.product[7],train,zipcpu_filters,arithmetic_dsp,input_to_reg,1.654277,1.4798567,0.1744202704925537
fastfir8,FILTER[5].tapk.product[8],train,zipcpu_filters,arithmetic_dsp,input_to_reg,1.706873,1.4798567,0.2270162704925538
fastfir8,FILTER[5].tapk.product[9],train,zipcpu_filters,arithmetic_dsp,input_to_reg,1.704302,1.6330831,0.07121889491271971
fastfir8,FILTER[6].tapk.product[0],train,zipcpu_filters,arithmetic_dsp,input_to_reg,1.523882,1.7100484,0.18616643711853031
fastfir8,FILTER[6].tapk.product[10],train,zipcpu_filters,arithmetic_dsp,input_to_reg,1.739653,1.8033713,0.06371831023406993
fastfir8,FILTER[6].tapk.product[11],train,zipcpu_filters,arithmetic_dsp,input_to_reg,1.779028,1.8033713,0.02434331023406977
fastfir8,FILTER[6].tapk.product[12],train,zipcpu_filters,arithmetic_dsp,input_to_reg,1.814368,1.8033713,0.010996689765930157
fastfir8,FILTER[6].tapk.product[13],train,zipcpu_filters,arithmetic_dsp,input_to_reg,1.853744,1.8033713,0.050372689765930234
fastfir8,FILTER[6].tapk.product[14],train,zipcpu_filters,arithmetic_dsp,input_to_reg,1.889085,1.8033713,0.08571368976593008
fastfir8,FILTER[6].tapk.product[15],train,zipcpu_filters,arithmetic_dsp,input_to_reg,1.928461,1.848058,0.08040301469421385
fastfir8,FILTER[6].tapk.product[16],train,zipcpu_filters,arithmetic_dsp,input_to_reg,1.961979,1.87096,0.0910190028228759
fastfir8,FILTER[6].tapk.product[17],train,zipcpu_filters,arithmetic_dsp,input_to_reg,1.996464,1.8809432,0.11552082086944582
fastfir8,FILTER[6].tapk.product[18],train,zipcpu_filters,arithmetic_dsp,input_to_reg,2.058057,1.8809432,0.1771138208694456
fastfir8,FILTER[6].tapk.product[19],train,zipcpu_filters,arithmetic_dsp,input_to_reg,2.067441,1.845281,0.2221599950942994
fastfir8,FILTER[6].tapk.product[1],train,zipcpu_filters,arithmetic_dsp,input_to_reg,1.128932,1.4798567,0.35092472950744624
fastfir8,FILTER[6].tapk.product[20],train,zipcpu_filters,arithmetic_dsp,input_to_reg,2.101539,1.845281,0.25625799509429914
fastfir8,FILTER[6].tapk.product[21],train,zipcpu_filters,arithmetic_dsp,input_to_reg,2.201877,1.8631169,0.3387601396102906
fastfir8,FILTER[6].tapk.product[22],train,zipcpu_filters,arithmetic_dsp,input_to_reg,2.201541,1.928536,0.2730049425277712
fastfir8,FILTER[6].tapk.product[23],train,zipcpu_filters,arithmetic_dsp,input_to_reg,2.224868,1.928536,0.29633194252777084
fastfir8,FILTER[6].tapk.product[2],train,zipcpu_filters,arithmetic_dsp,input_to_reg,1.225803,1.4798567,0.2540537295074463
fastfir8,FILTER[6].tapk.product[3],train,zipcpu_filters,arithmetic_dsp,input_to_reg,1.341128,1.4798567,0.1387287295074462
fastfir8,FILTER[6].tapk.product[4],train,zipcpu_filters,arithmetic_dsp,input_to_reg,1.377615,1.4798567,0.10224172950744626
fastfir8,FILTER[6].tapk.product[5],train,zipcpu_filters,arithmetic_dsp,input_to_reg,1.483513,1.4798567,0.0036562704925537926
fastfir8,FILTER[6].tapk.product[6],train,zipcpu_filters,arithmetic_dsp,input_to_reg,1.538422,1.4798567,0.05856527049255367
fastfir8,FILTER[6].tapk.product[7],train,zipcpu_filters,arithmetic_dsp,input_to_reg,1.644797,1.4798567,0.16494027049255378
fastfir8,FILTER[6].tapk.product[8],train,zipcpu_filters,arithmetic_dsp,input_to_reg,1.69507,1.4798567,0.2152132704925538
fastfir8,FILTER[6].tapk.product[9],train,zipcpu_filters,arithmetic_dsp,input_to_reg,1.704302,1.8033713,0.09906931023406984
fastfir8,FILTER[7].tapk.product[0],train,zipcpu_filters,arithmetic_dsp,input_to_reg,1.523882,1.7100484,0.18616643711853031
fastfir8,FILTER[7].tapk.product[10],train,zipcpu_filters,arithmetic_dsp,input_to_reg,1.74493,1.8033713,0.05844131023406973
fastfir8,FILTER[7].tapk.product[11],train,zipcpu_filters,arithmetic_dsp,input_to_reg,1.781032,1.8033713,0.022339310234069876
fastfir8,FILTER[7].tapk.product[12],train,zipcpu_filters,arithmetic_dsp,input_to_reg,1.816847,1.8033713,0.013475689765930277
fastfir8,FILTER[7].tapk.product[13],train,zipcpu_filters,arithmetic_dsp,input_to_reg,1.855749,1.8033713,0.05237768976593027
fastfir8,FILTER[7].tapk.product[14],train,zipcpu_filters,arithmetic_dsp,input_to_reg,1.89109,1.8033713,0.08771868976593011
fastfir8,FILTER[7].tapk.product[15],train,zipcpu_filters,arithmetic_dsp,input_to_reg,1.930465,1.848058,0.08240701469421396
fastfir8,FILTER[7].tapk.product[16],train,zipcpu_filters,arithmetic_dsp,input_to_reg,1.963983,1.87096,0.09302300282287601
fastfir8,FILTER[7].tapk.product[17],train,zipcpu_filters,arithmetic_dsp,input_to_reg,2.064006,1.8809432,0.1830628208694458
fastfir8,FILTER[7].tapk.product[18],train,zipcpu_filters,arithmetic_dsp,input_to_reg,2.033467,1.8809432,0.15252382086944571
fastfir8,FILTER[7].tapk.product[19],train,zipcpu_filters,arithmetic_dsp,input_to_reg,2.072866,1.8809432,0.19192282086944568
fastfir8,FILTER[7].tapk.product[1],train,zipcpu_filters,arithmetic_dsp,input_to_reg,1.096202,1.4798567,0.3836547295074464
fastfir8,FILTER[7].tapk.product[20],train,zipcpu_filters,arithmetic_dsp,input_to_reg,2.106963,1.845281,0.26168199509429924
fastfir8,FILTER[7].tapk.product[21],train,zipcpu_filters,arithmetic_dsp,input_to_reg,2.206897,1.845281,0.3616159950942994
fastfir8,FILTER[7].tapk.product[22],train,zipcpu_filters,arithmetic_dsp,input_to_reg,2.210118,1.928536,0.281581942527771
fastfir8,FILTER[7].tapk.product[23],train,zipcpu_filters,arithmetic_dsp,input_to_reg,2.278017,1.928536,0.3494809425277712
fastfir8,FILTER[7].tapk.product[2],train,zipcpu_filters,arithmetic_dsp,input_to_reg,1.208889,1.4798567,0.2709677295074462
fastfir8,FILTER[7].tapk.product[3],train,zipcpu_filters,arithmetic_dsp,input_to_reg,1.347094,1.4798567,0.13276272950744628
fastfir8,FILTER[7].tapk.product[4],train,zipcpu_filters,arithmetic_dsp,input_to_reg,1.390733,1.4798567,0.08912372950744629
fastfir8,FILTER[7].tapk.product[5],train,zipcpu_filters,arithmetic_dsp,input_to_reg,1.41333,1.4798567,0.06652672950744631
fastfir8,FILTER[7].tapk.product[6],train,zipcpu_filters,arithmetic_dsp,input_to_reg,1.497783,1.4798567,0.017926270492553797
fastfir8,FILTER[7].tapk.product[7],train,zipcpu_filters,arithmetic_dsp,input_to_reg,1.642503,1.4798567,0.16264627049255376
fastfir8,FILTER[7].tapk.product[8],train,zipcpu_filters,arithmetic_dsp,input_to_reg,1.696119,1.4798567,0.21626227049255364
fastfir8,FILTER[7].tapk.product[9],train,zipcpu_filters,arithmetic_dsp,input_to_reg,1.709096,1.4798567,0.22923927049255366
fastfir8,o_result[0],train,zipcpu_filters,arithmetic_dsp,input_to_reg,1.063915,1.4798567,0.41594172950744634
fastfir8,o_result[10],train,zipcpu_filters,arithmetic_dsp,input_to_reg,1.063915,1.4608186,0.3969036483383179
fastfir8,o_result[11],train,zipcpu_filters,arithmetic_dsp,input_to_reg,1.063915,1.4608186,0.3969036483383179
fastfir8,o_result[12],train,zipcpu_filters,arithmetic_dsp,input_to_reg,1.063915,1.426668,0.3627530479049683
fastfir8,o_result[13],train,zipcpu_filters,arithmetic_dsp,input_to_reg,1.063915,1.426668,0.3627530479049683
fastfir8,o_result[14],train,zipcpu_filters,arithmetic_dsp,input_to_reg,1.063915,1.426668,0.3627530479049683
fastfir8,o_result[15],train,zipcpu_filters,arithmetic_dsp,input_to_reg,1.063915,1.426668,0.3627530479049683
fastfir8,o_result[16],train,zipcpu_filters,arithmetic_dsp,input_to_reg,1.063915,1.426668,0.3627530479049683
fastfir8,o_result[17],train,zipcpu_filters,arithmetic_dsp,input_to_reg,1.063915,1.426668,0.3627530479049683
fastfir8,o_result[18],train,zipcpu_filters,arithmetic_dsp,input_to_reg,1.063915,1.426668,0.3627530479049683
fastfir8,o_result[19],train,zipcpu_filters,arithmetic_dsp,input_to_reg,1.063915,1.426668,0.3627530479049683
fastfir8,o_result[1],train,zipcpu_filters,arithmetic_dsp,input_to_reg,1.063915,1.4798567,0.41594172950744634
fastfir8,o_result[20],train,zipcpu_filters,arithmetic_dsp,input_to_reg,1.063915,1.426668,0.3627530479049683
fastfir8,o_result[21],train,zipcpu_filters,arithmetic_dsp,reg_to_reg,1.063915,1.5254633,0.46154834266662603
fastfir8,o_result[22],train,zipcpu_filters,arithmetic_dsp,reg_to_reg,1.063915,1.6144847,0.5505696677780152
fastfir8,o_result[23],train,zipcpu_filters,arithmetic_dsp,reg_to_reg,1.063915,1.6144847,0.5505696677780152
fastfir8,o_result[24],train,zipcpu_filters,arithmetic_dsp,reg_to_reg,1.063915,1.6144847,0.5505696677780152
fastfir8,o_result[25],train,zipcpu_filters,arithmetic_dsp,reg_to_reg,1.063915,1.6144847,0.5505696677780152
fastfir8,o_result[26],train,zipcpu_filters,arithmetic_dsp,reg_to_reg,1.063915,1.6144847,0.5505696677780152
fastfir8,o_result[27],train,zipcpu_filters,arithmetic_dsp,reg_to_reg,1.118934,1.6144847,0.49555066777801504
fastfir8,o_result[2],train,zipcpu_filters,arithmetic_dsp,input_to_reg,1.063915,1.4798567,0.41594172950744634
fastfir8,o_result[3],train,zipcpu_filters,arithmetic_dsp,input_to_reg,1.063915,1.4798567,0.41594172950744634
fastfir8,o_result[4],train,zipcpu_filters,arithmetic_dsp,input_to_reg,1.063915,1.4798567,0.41594172950744634
fastfir8,o_result[5],train,zipcpu_filters,arithmetic_dsp,input_to_reg,1.063915,1.4608186,0.3969036483383179
fastfir8,o_result[6],train,zipcpu_filters,arithmetic_dsp,input_to_reg,1.547977,1.4608186,0.08715835166168207
fastfir8,o_result[7],train,zipcpu_filters,arithmetic_dsp,input_to_reg,1.063915,1.4608186,0.3969036483383179
fastfir8,o_result[8],train,zipcpu_filters,arithmetic_dsp,input_to_reg,1.063915,1.4608186,0.3969036483383179
fastfir8,o_result[9],train,zipcpu_filters,arithmetic_dsp,input_to_reg,1.063915,1.4608186,0.3969036483383179
fastfir8,result[1][0],train,zipcpu_filters,arithmetic_dsp,input_to_reg,1.547977,1.5172387,0.03073826384735101
fastfir8,result[1][10],train,zipcpu_filters,arithmetic_dsp,input_to_reg,1.547977,1.5172387,0.03073826384735101
fastfir8,result[1][11],train,zipcpu_filters,arithmetic_dsp,input_to_reg,1.547977,1.5172387,0.03073826384735101
fastfir8,result[1][12],train,zipcpu_filters,arithmetic_dsp,input_to_reg,1.547977,1.5172387,0.03073826384735101
fastfir8,result[1][13],train,zipcpu_filters,arithmetic_dsp,input_to_reg,1.547977,1.5172387,0.03073826384735101
fastfir8,result[1][14],train,zipcpu_filters,arithmetic_dsp,input_to_reg,1.547977,1.5172387,0.03073826384735101
fastfir8,result[1][15],train,zipcpu_filters,arithmetic_dsp,input_to_reg,1.547977,1.5172387,0.03073826384735101
fastfir8,result[1][16],train,zipcpu_filters,arithmetic_dsp,input_to_reg,1.547977,1.5172387,0.03073826384735101
fastfir8,result[1][17],train,zipcpu_filters,arithmetic_dsp,input_to_reg,1.547977,1.5172387,0.03073826384735101
fastfir8,result[1][18],train,zipcpu_filters,arithmetic_dsp,input_to_reg,1.547977,1.5172387,0.03073826384735101
fastfir8,result[1][19],train,zipcpu_filters,arithmetic_dsp,input_to_reg,1.547977,1.5172387,0.03073826384735101
fastfir8,result[1][1],train,zipcpu_filters,arithmetic_dsp,input_to_reg,1.547977,1.5172387,0.03073826384735101
fastfir8,result[1][20],train,zipcpu_filters,arithmetic_dsp,input_to_reg,1.547977,1.5172387,0.03073826384735101
fastfir8,result[1][21],train,zipcpu_filters,arithmetic_dsp,input_to_reg,1.547977,1.5172387,0.03073826384735101
fastfir8,result[1][22],train,zipcpu_filters,arithmetic_dsp,input_to_reg,1.547977,1.5172387,0.03073826384735101
fastfir8,result[1][23],train,zipcpu_filters,arithmetic_dsp,input_to_reg,1.069889,1.5172387,0.44734973615264884
fastfir8,result[1][2],train,zipcpu_filters,arithmetic_dsp,input_to_reg,1.547977,1.5172387,0.03073826384735101
fastfir8,result[1][3],train,zipcpu_filters,arithmetic_dsp,input_to_reg,1.547977,1.5172387,0.03073826384735101
fastfir8,result[1][4],train,zipcpu_filters,arithmetic_dsp,input_to_reg,1.547977,1.5172387,0.03073826384735101
fastfir8,result[1][5],train,zipcpu_filters,arithmetic_dsp,input_to_reg,1.547977,1.5172387,0.03073826384735101
fastfir8,result[1][6],train,zipcpu_filters,arithmetic_dsp,input_to_reg,1.547977,1.5172387,0.03073826384735101
fastfir8,result[1][7],train,zipcpu_filters,arithmetic_dsp,input_to_reg,1.547977,1.5172387,0.03073826384735101
fastfir8,result[1][8],train,zipcpu_filters,arithmetic_dsp,input_to_reg,1.547977,1.5172387,0.03073826384735101
fastfir8,result[1][9],train,zipcpu_filters,arithmetic_dsp,input_to_reg,1.547977,1.5172387,0.03073826384735101
fastfir8,result[2][0],train,zipcpu_filters,arithmetic_dsp,input_to_reg,1.063915,1.4798567,0.41594172950744634
fastfir8,result[2][10],train,zipcpu_filters,arithmetic_dsp,input_to_reg,1.063915,1.4608186,0.3969036483383179
fastfir8,result[2][11],train,zipcpu_filters,arithmetic_dsp,input_to_reg,1.063915,1.4608186,0.3969036483383179
fastfir8,result[2][12],train,zipcpu_filters,arithmetic_dsp,input_to_reg,1.063915,1.426668,0.3627530479049683
fastfir8,result[2][13],train,zipcpu_filters,arithmetic_dsp,input_to_reg,1.063915,1.426668,0.3627530479049683
fastfir8,result[2][14],train,zipcpu_filters,arithmetic_dsp,input_to_reg,1.063915,1.426668,0.3627530479049683
fastfir8,result[2][15],train,zipcpu_filters,arithmetic_dsp,input_to_reg,1.063915,1.426668,0.3627530479049683
fastfir8,result[2][16],train,zipcpu_filters,arithmetic_dsp,input_to_reg,1.063915,1.426668,0.3627530479049683
fastfir8,result[2][17],train,zipcpu_filters,arithmetic_dsp,input_to_reg,1.063915,1.426668,0.3627530479049683
fastfir8,result[2][18],train,zipcpu_filters,arithmetic_dsp,input_to_reg,1.063915,1.426668,0.3627530479049683
fastfir8,result[2][19],train,zipcpu_filters,arithmetic_dsp,input_to_reg,1.063915,1.426668,0.3627530479049683
fastfir8,result[2][1],train,zipcpu_filters,arithmetic_dsp,input_to_reg,1.063915,1.4798567,0.41594172950744634
fastfir8,result[2][20],train,zipcpu_filters,arithmetic_dsp,input_to_reg,1.063915,1.426668,0.3627530479049683
fastfir8,result[2][21],train,zipcpu_filters,arithmetic_dsp,reg_to_reg,1.063915,1.5254633,0.46154834266662603
fastfir8,result[2][22],train,zipcpu_filters,arithmetic_dsp,reg_to_reg,1.063915,1.6144847,0.5505696677780152
fastfir8,result[2][23],train,zipcpu_filters,arithmetic_dsp,reg_to_reg,1.081574,1.6144847,0.5329106677780151
fastfir8,result[2][24],train,zipcpu_filters,arithmetic_dsp,reg_to_reg,1.081574,1.6144847,0.5329106677780151
fastfir8,result[2][2],train,zipcpu_filters,arithmetic_dsp,input_to_reg,1.063915,1.4798567,0.41594172950744634
fastfir8,result[2][3],train,zipcpu_filters,arithmetic_dsp,input_to_reg,1.063915,1.4798567,0.41594172950744634
fastfir8,result[2][4],train,zipcpu_filters,arithmetic_dsp,input_to_reg,1.063915,1.4798567,0.41594172950744634
fastfir8,result[2][5],train,zipcpu_filters,arithmetic_dsp,input_to_reg,1.063915,1.4608186,0.3969036483383179
fastfir8,result[2][6],train,zipcpu_filters,arithmetic_dsp,input_to_reg,1.063915,1.4608186,0.3969036483383179
fastfir8,result[2][7],train,zipcpu_filters,arithmetic_dsp,input_to_reg,1.063915,1.4608186,0.3969036483383179
fastfir8,result[2][8],train,zipcpu_filters,arithmetic_dsp,input_to_reg,1.063915,1.4608186,0.3969036483383179
fastfir8,result[2][9],train,zipcpu_filters,arithmetic_dsp,input_to_reg,1.063915,1.4608186,0.3969036483383179
fastfir8,result[3][0],train,zipcpu_filters,arithmetic_dsp,input_to_reg,1.063915,1.4798567,0.41594172950744634
fastfir8,result[3][10],train,zipcpu_filters,arithmetic_dsp,input_to_reg,1.063915,1.4608186,0.3969036483383179
fastfir8,result[3][11],train,zipcpu_filters,arithmetic_dsp,input_to_reg,1.063915,1.4608186,0.3969036483383179
fastfir8,result[3][12],train,zipcpu_filters,arithmetic_dsp,input_to_reg,1.063915,1.426668,0.3627530479049683
fastfir8,result[3][13],train,zipcpu_filters,arithmetic_dsp,input_to_reg,1.063915,1.426668,0.3627530479049683
fastfir8,result[3][14],train,zipcpu_filters,arithmetic_dsp,input_to_reg,1.063915,1.426668,0.3627530479049683
fastfir8,result[3][15],train,zipcpu_filters,arithmetic_dsp,input_to_reg,1.063915,1.426668,0.3627530479049683
fastfir8,result[3][16],train,zipcpu_filters,arithmetic_dsp,input_to_reg,1.063915,1.426668,0.3627530479049683
fastfir8,result[3][17],train,zipcpu_filters,arithmetic_dsp,input_to_reg,1.063915,1.426668,0.3627530479049683
fastfir8,result[3][18],train,zipcpu_filters,arithmetic_dsp,input_to_reg,1.063915,1.426668,0.3627530479049683
fastfir8,result[3][19],train,zipcpu_filters,arithmetic_dsp,input_to_reg,1.063915,1.426668,0.3627530479049683
fastfir8,result[3][1],train,zipcpu_filters,arithmetic_dsp,input_to_reg,1.063915,1.4798567,0.41594172950744634
fastfir8,result[3][20],train,zipcpu_filters,arithmetic_dsp,input_to_reg,1.063915,1.426668,0.3627530479049683
fastfir8,result[3][21],train,zipcpu_filters,arithmetic_dsp,reg_to_reg,1.063915,1.5254633,0.46154834266662603
fastfir8,result[3][22],train,zipcpu_filters,arithmetic_dsp,reg_to_reg,1.063915,1.6144847,0.5505696677780152
fastfir8,result[3][23],train,zipcpu_filters,arithmetic_dsp,reg_to_reg,1.063915,1.6144847,0.5505696677780152
fastfir8,result[3][24],train,zipcpu_filters,arithmetic_dsp,reg_to_reg,1.063915,1.6144847,0.5505696677780152
fastfir8,result[3][25],train,zipcpu_filters,arithmetic_dsp,reg_to_reg,1.532217,1.6209234,0.088706399925232
fastfir8,result[3][26],train,zipcpu_filters,arithmetic_dsp,reg_to_reg,1.525253,1.6209234,0.09567039992523196
fastfir8,result[3][27],train,zipcpu_filters,arithmetic_dsp,reg_to_reg,1.532217,1.6209234,0.088706399925232
fastfir8,result[3][2],train,zipcpu_filters,arithmetic_dsp,input_to_reg,1.063915,1.4798567,0.41594172950744634
fastfir8,result[3][3],train,zipcpu_filters,arithmetic_dsp,input_to_reg,1.063915,1.4798567,0.41594172950744634
fastfir8,result[3][4],train,zipcpu_filters,arithmetic_dsp,input_to_reg,1.063915,1.4798567,0.41594172950744634
fastfir8,result[3][5],train,zipcpu_filters,arithmetic_dsp,input_to_reg,1.063915,1.4608186,0.3969036483383179
fastfir8,result[3][6],train,zipcpu_filters,arithmetic_dsp,input_to_reg,1.063915,1.4608186,0.3969036483383179
fastfir8,result[3][7],train,zipcpu_filters,arithmetic_dsp,input_to_reg,1.063915,1.4608186,0.3969036483383179
fastfir8,result[3][8],train,zipcpu_filters,arithmetic_dsp,input_to_reg,1.063915,1.4608186,0.3969036483383179
fastfir8,result[3][9],train,zipcpu_filters,arithmetic_dsp,input_to_reg,1.063915,1.4608186,0.3969036483383179
fastfir8,result[4][0],train,zipcpu_filters,arithmetic_dsp,input_to_reg,1.063915,1.4798567,0.41594172950744634
fastfir8,result[4][10],train,zipcpu_filters,arithmetic_dsp,input_to_reg,1.063915,1.4608186,0.3969036483383179
fastfir8,result[4][11],train,zipcpu_filters,arithmetic_dsp,input_to_reg,1.063915,1.4608186,0.3969036483383179
fastfir8,result[4][12],train,zipcpu_filters,arithmetic_dsp,input_to_reg,1.063915,1.426668,0.3627530479049683
fastfir8,result[4][13],train,zipcpu_filters,arithmetic_dsp,input_to_reg,1.063915,1.426668,0.3627530479049683
fastfir8,result[4][14],train,zipcpu_filters,arithmetic_dsp,input_to_reg,1.063915,1.426668,0.3627530479049683
fastfir8,result[4][15],train,zipcpu_filters,arithmetic_dsp,input_to_reg,1.063915,1.426668,0.3627530479049683
fastfir8,result[4][16],train,zipcpu_filters,arithmetic_dsp,input_to_reg,1.063915,1.426668,0.3627530479049683
fastfir8,result[4][17],train,zipcpu_filters,arithmetic_dsp,input_to_reg,1.063915,1.426668,0.3627530479049683
fastfir8,result[4][18],train,zipcpu_filters,arithmetic_dsp,input_to_reg,1.063915,1.426668,0.3627530479049683
fastfir8,result[4][19],train,zipcpu_filters,arithmetic_dsp,input_to_reg,1.063915,1.426668,0.3627530479049683
fastfir8,result[4][1],train,zipcpu_filters,arithmetic_dsp,input_to_reg,1.063915,1.4798567,0.41594172950744634
fastfir8,result[4][20],train,zipcpu_filters,arithmetic_dsp,input_to_reg,1.063915,1.426668,0.3627530479049683
fastfir8,result[4][21],train,zipcpu_filters,arithmetic_dsp,reg_to_reg,1.063915,1.5254633,0.46154834266662603
fastfir8,result[4][22],train,zipcpu_filters,arithmetic_dsp,reg_to_reg,1.547977,1.6144847,0.0665076677780152
fastfir8,result[4][23],train,zipcpu_filters,arithmetic_dsp,reg_to_reg,1.063915,1.6144847,0.5505696677780152
fastfir8,result[4][24],train,zipcpu_filters,arithmetic_dsp,reg_to_reg,1.063915,1.6144847,0.5505696677780152
fastfir8,result[4][25],train,zipcpu_filters,arithmetic_dsp,reg_to_reg,1.063915,1.6144847,0.5505696677780152
fastfir8,result[4][26],train,zipcpu_filters,arithmetic_dsp,reg_to_reg,1.076203,1.6144847,0.5382816677780151
fastfir8,result[4][27],train,zipcpu_filters,arithmetic_dsp,reg_to_reg,1.10792,1.6144847,0.5065646677780151
fastfir8,result[4][2],train,zipcpu_filters,arithmetic_dsp,input_to_reg,1.063915,1.4798567,0.41594172950744634
fastfir8,result[4][3],train,zipcpu_filters,arithmetic_dsp,input_to_reg,1.063915,1.4798567,0.41594172950744634
fastfir8,result[4][4],train,zipcpu_filters,arithmetic_dsp,input_to_reg,1.063915,1.4798567,0.41594172950744634
fastfir8,result[4][5],train,zipcpu_filters,arithmetic_dsp,input_to_reg,1.063915,1.4608186,0.3969036483383179
fastfir8,result[4][6],train,zipcpu_filters,arithmetic_dsp,input_to_reg,1.063915,1.4608186,0.3969036483383179
fastfir8,result[4][7],train,zipcpu_filters,arithmetic_dsp,input_to_reg,1.063915,1.4608186,0.3969036483383179
fastfir8,result[4][8],train,zipcpu_filters,arithmetic_dsp,input_to_reg,1.063915,1.4608186,0.3969036483383179
fastfir8,result[4][9],train,zipcpu_filters,arithmetic_dsp,input_to_reg,1.063915,1.4608186,0.3969036483383179
fastfir8,result[5][0],train,zipcpu_filters,arithmetic_dsp,input_to_reg,1.063915,1.4798567,0.41594172950744634
fastfir8,result[5][10],train,zipcpu_filters,arithmetic_dsp,input_to_reg,1.063915,1.4608186,0.3969036483383179
fastfir8,result[5][11],train,zipcpu_filters,arithmetic_dsp,input_to_reg,1.063915,1.4608186,0.3969036483383179
fastfir8,result[5][12],train,zipcpu_filters,arithmetic_dsp,input_to_reg,1.063915,1.426668,0.3627530479049683
fastfir8,result[5][13],train,zipcpu_filters,arithmetic_dsp,input_to_reg,1.063915,1.426668,0.3627530479049683
fastfir8,result[5][14],train,zipcpu_filters,arithmetic_dsp,input_to_reg,1.063915,1.426668,0.3627530479049683
fastfir8,result[5][15],train,zipcpu_filters,arithmetic_dsp,input_to_reg,1.063915,1.426668,0.3627530479049683
fastfir8,result[5][16],train,zipcpu_filters,arithmetic_dsp,input_to_reg,1.063915,1.426668,0.3627530479049683
fastfir8,result[5][17],train,zipcpu_filters,arithmetic_dsp,input_to_reg,1.063915,1.426668,0.3627530479049683
fastfir8,result[5][18],train,zipcpu_filters,arithmetic_dsp,input_to_reg,1.063915,1.426668,0.3627530479049683
fastfir8,result[5][19],train,zipcpu_filters,arithmetic_dsp,input_to_reg,1.063915,1.426668,0.3627530479049683
fastfir8,result[5][1],train,zipcpu_filters,arithmetic_dsp,input_to_reg,1.063915,1.4798567,0.41594172950744634
fastfir8,result[5][20],train,zipcpu_filters,arithmetic_dsp,input_to_reg,1.063915,1.426668,0.3627530479049683
fastfir8,result[5][21],train,zipcpu_filters,arithmetic_dsp,reg_to_reg,1.063915,1.5254633,0.46154834266662603
fastfir8,result[5][22],train,zipcpu_filters,arithmetic_dsp,reg_to_reg,1.063915,1.6144847,0.5505696677780152
fastfir8,result[5][23],train,zipcpu_filters,arithmetic_dsp,reg_to_reg,1.063915,1.6144847,0.5505696677780152
fastfir8,result[5][24],train,zipcpu_filters,arithmetic_dsp,reg_to_reg,1.063915,1.6144847,0.5505696677780152
fastfir8,result[5][25],train,zipcpu_filters,arithmetic_dsp,reg_to_reg,1.063915,1.6144847,0.5505696677780152
fastfir8,result[5][26],train,zipcpu_filters,arithmetic_dsp,reg_to_reg,1.063915,1.6144847,0.5505696677780152
fastfir8,result[5][27],train,zipcpu_filters,arithmetic_dsp,reg_to_reg,1.110935,1.6144847,0.5035496677780151
fastfir8,result[5][2],train,zipcpu_filters,arithmetic_dsp,input_to_reg,1.063915,1.4798567,0.41594172950744634
fastfir8,result[5][3],train,zipcpu_filters,arithmetic_dsp,input_to_reg,1.063915,1.4798567,0.41594172950744634
fastfir8,result[5][4],train,zipcpu_filters,arithmetic_dsp,input_to_reg,1.063915,1.4798567,0.41594172950744634
fastfir8,result[5][5],train,zipcpu_filters,arithmetic_dsp,input_to_reg,1.063915,1.4608186,0.3969036483383179
fastfir8,result[5][6],train,zipcpu_filters,arithmetic_dsp,input_to_reg,1.063915,1.4608186,0.3969036483383179
fastfir8,result[5][7],train,zipcpu_filters,arithmetic_dsp,input_to_reg,1.063915,1.4608186,0.3969036483383179
fastfir8,result[5][8],train,zipcpu_filters,arithmetic_dsp,input_to_reg,1.063915,1.4608186,0.3969036483383179
fastfir8,result[5][9],train,zipcpu_filters,arithmetic_dsp,input_to_reg,1.063915,1.4608186,0.3969036483383179
fastfir8,result[6][0],train,zipcpu_filters,arithmetic_dsp,input_to_reg,1.063915,1.4798567,0.41594172950744634
fastfir8,result[6][10],train,zipcpu_filters,arithmetic_dsp,input_to_reg,1.063915,1.4608186,0.3969036483383179
fastfir8,result[6][11],train,zipcpu_filters,arithmetic_dsp,input_to_reg,1.063915,1.4608186,0.3969036483383179
fastfir8,result[6][12],train,zipcpu_filters,arithmetic_dsp,input_to_reg,1.063915,1.426668,0.3627530479049683
fastfir8,result[6][13],train,zipcpu_filters,arithmetic_dsp,input_to_reg,1.063915,1.426668,0.3627530479049683
fastfir8,result[6][14],train,zipcpu_filters,arithmetic_dsp,input_to_reg,1.063915,1.426668,0.3627530479049683
fastfir8,result[6][15],train,zipcpu_filters,arithmetic_dsp,input_to_reg,1.063915,1.426668,0.3627530479049683
fastfir8,result[6][16],train,zipcpu_filters,arithmetic_dsp,input_to_reg,1.063915,1.426668,0.3627530479049683
fastfir8,result[6][17],train,zipcpu_filters,arithmetic_dsp,input_to_reg,1.063915,1.426668,0.3627530479049683
fastfir8,result[6][18],train,zipcpu_filters,arithmetic_dsp,input_to_reg,1.063915,1.426668,0.3627530479049683
fastfir8,result[6][19],train,zipcpu_filters,arithmetic_dsp,input_to_reg,1.063915,1.426668,0.3627530479049683
fastfir8,result[6][1],train,zipcpu_filters,arithmetic_dsp,input_to_reg,1.063915,1.4798567,0.41594172950744634
fastfir8,result[6][20],train,zipcpu_filters,arithmetic_dsp,input_to_reg,1.063915,1.426668,0.3627530479049683
fastfir8,result[6][21],train,zipcpu_filters,arithmetic_dsp,reg_to_reg,1.063915,1.5254633,0.46154834266662603
fastfir8,result[6][22],train,zipcpu_filters,arithmetic_dsp,reg_to_reg,1.063915,1.6144847,0.5505696677780152
fastfir8,result[6][23],train,zipcpu_filters,arithmetic_dsp,reg_to_reg,1.063915,1.6144847,0.5505696677780152
fastfir8,result[6][24],train,zipcpu_filters,arithmetic_dsp,reg_to_reg,1.063915,1.6144847,0.5505696677780152
fastfir8,result[6][25],train,zipcpu_filters,arithmetic_dsp,reg_to_reg,1.063915,1.6144847,0.5505696677780152
fastfir8,result[6][26],train,zipcpu_filters,arithmetic_dsp,reg_to_reg,1.063915,1.6144847,0.5505696677780152
fastfir8,result[6][27],train,zipcpu_filters,arithmetic_dsp,reg_to_reg,1.110936,1.6144847,0.5035486677780152
fastfir8,result[6][2],train,zipcpu_filters,arithmetic_dsp,input_to_reg,1.063915,1.4798567,0.41594172950744634
fastfir8,result[6][3],train,zipcpu_filters,arithmetic_dsp,input_to_reg,1.063915,1.4798567,0.41594172950744634
fastfir8,result[6][4],train,zipcpu_filters,arithmetic_dsp,input_to_reg,1.063915,1.4798567,0.41594172950744634
fastfir8,result[6][5],train,zipcpu_filters,arithmetic_dsp,input_to_reg,1.063915,1.4608186,0.3969036483383179
fastfir8,result[6][6],train,zipcpu_filters,arithmetic_dsp,input_to_reg,1.063915,1.4608186,0.3969036483383179
fastfir8,result[6][7],train,zipcpu_filters,arithmetic_dsp,input_to_reg,1.063915,1.4608186,0.3969036483383179
fastfir8,result[6][8],train,zipcpu_filters,arithmetic_dsp,input_to_reg,1.063915,1.4608186,0.3969036483383179
fastfir8,result[6][9],train,zipcpu_filters,arithmetic_dsp,input_to_reg,1.063915,1.4608186,0.3969036483383179
fastfir8,result[7][0],train,zipcpu_filters,arithmetic_dsp,input_to_reg,1.063915,1.4798567,0.41594172950744634
fastfir8,result[7][10],train,zipcpu_filters,arithmetic_dsp,input_to_reg,1.063915,1.4608186,0.3969036483383179
fastfir8,result[7][11],train,zipcpu_filters,arithmetic_dsp,input_to_reg,1.063915,1.4608186,0.3969036483383179
fastfir8,result[7][12],train,zipcpu_filters,arithmetic_dsp,input_to_reg,1.063915,1.426668,0.3627530479049683
fastfir8,result[7][13],train,zipcpu_filters,arithmetic_dsp,input_to_reg,1.063915,1.426668,0.3627530479049683
fastfir8,result[7][14],train,zipcpu_filters,arithmetic_dsp,input_to_reg,1.063915,1.426668,0.3627530479049683
fastfir8,result[7][15],train,zipcpu_filters,arithmetic_dsp,input_to_reg,1.063915,1.426668,0.3627530479049683
fastfir8,result[7][16],train,zipcpu_filters,arithmetic_dsp,input_to_reg,1.063915,1.426668,0.3627530479049683
fastfir8,result[7][17],train,zipcpu_filters,arithmetic_dsp,input_to_reg,1.063915,1.426668,0.3627530479049683
fastfir8,result[7][18],train,zipcpu_filters,arithmetic_dsp,input_to_reg,1.063915,1.426668,0.3627530479049683
fastfir8,result[7][19],train,zipcpu_filters,arithmetic_dsp,input_to_reg,1.063915,1.426668,0.3627530479049683
fastfir8,result[7][1],train,zipcpu_filters,arithmetic_dsp,input_to_reg,1.063915,1.4798567,0.41594172950744634
fastfir8,result[7][20],train,zipcpu_filters,arithmetic_dsp,input_to_reg,1.063915,1.426668,0.3627530479049683
fastfir8,result[7][21],train,zipcpu_filters,arithmetic_dsp,reg_to_reg,1.063915,1.5254633,0.46154834266662603
fastfir8,result[7][22],train,zipcpu_filters,arithmetic_dsp,reg_to_reg,1.063915,1.6144847,0.5505696677780152
fastfir8,result[7][23],train,zipcpu_filters,arithmetic_dsp,reg_to_reg,1.063915,1.6144847,0.5505696677780152
fastfir8,result[7][24],train,zipcpu_filters,arithmetic_dsp,reg_to_reg,1.063915,1.6144847,0.5505696677780152
fastfir8,result[7][25],train,zipcpu_filters,arithmetic_dsp,reg_to_reg,1.063915,1.6144847,0.5505696677780152
fastfir8,result[7][26],train,zipcpu_filters,arithmetic_dsp,reg_to_reg,1.458699,1.6144847,0.15578566777801517
fastfir8,result[7][27],train,zipcpu_filters,arithmetic_dsp,reg_to_reg,1.122547,1.6144847,0.4919376677780152
fastfir8,result[7][2],train,zipcpu_filters,arithmetic_dsp,input_to_reg,1.063915,1.4798567,0.41594172950744634
fastfir8,result[7][3],train,zipcpu_filters,arithmetic_dsp,input_to_reg,1.063915,1.4798567,0.41594172950744634
fastfir8,result[7][4],train,zipcpu_filters,arithmetic_dsp,input_to_reg,1.063915,1.4798567,0.41594172950744634
fastfir8,result[7][5],train,zipcpu_filters,arithmetic_dsp,input_to_reg,1.063915,1.4608186,0.3969036483383179
fastfir8,result[7][6],train,zipcpu_filters,arithmetic_dsp,input_to_reg,1.547977,1.4608186,0.08715835166168207
fastfir8,result[7][7],train,zipcpu_filters,arithmetic_dsp,input_to_reg,1.063915,1.4608186,0.3969036483383179
fastfir8,result[7][8],train,zipcpu_filters,arithmetic_dsp,input_to_reg,1.063915,1.4608186,0.3969036483383179
fastfir8,result[7][9],train,zipcpu_filters,arithmetic_dsp,input_to_reg,1.063915,1.4608186,0.3969036483383179
fastfir8,tap[1][0],train,zipcpu_filters,arithmetic_dsp,input_to_reg,1.072093,1.3174901,0.24539710086059574
fastfir8,tap[1][10],train,zipcpu_filters,arithmetic_dsp,input_to_reg,1.072093,1.3174901,0.24539710086059574
fastfir8,tap[1][11],train,zipcpu_filters,arithmetic_dsp,input_to_reg,1.072093,1.3174901,0.24539710086059574
fastfir8,tap[1][1],train,zipcpu_filters,arithmetic_dsp,input_to_reg,1.072093,1.3174901,0.24539710086059574
fastfir8,tap[1][2],train,zipcpu_filters,arithmetic_dsp,input_to_reg,1.072093,1.3174901,0.24539710086059574
fastfir8,tap[1][3],train,zipcpu_filters,arithmetic_dsp,input_to_reg,1.072093,1.3174901,0.24539710086059574
fastfir8,tap[1][4],train,zipcpu_filters,arithmetic_dsp,input_to_reg,1.072093,1.3174901,0.24539710086059574
fastfir8,tap[1][5],train,zipcpu_filters,arithmetic_dsp,input_to_reg,1.072093,1.3174901,0.24539710086059574
fastfir8,tap[1][6],train,zipcpu_filters,arithmetic_dsp,input_to_reg,1.072093,1.3174901,0.24539710086059574
fastfir8,tap[1][7],train,zipcpu_filters,arithmetic_dsp,input_to_reg,1.072093,1.3174901,0.24539710086059574
fastfir8,tap[1][8],train,zipcpu_filters,arithmetic_dsp,input_to_reg,1.072093,1.3174901,0.24539710086059574
fastfir8,tap[1][9],train,zipcpu_filters,arithmetic_dsp,input_to_reg,1.072093,1.3174901,0.24539710086059574
fastfir8,tap[2][0],train,zipcpu_filters,arithmetic_dsp,input_to_reg,1.064156,1.3826306,0.3184745866241454
fastfir8,tap[2][10],train,zipcpu_filters,arithmetic_dsp,input_to_reg,1.064156,1.3826306,0.3184745866241454
fastfir8,tap[2][11],train,zipcpu_filters,arithmetic_dsp,input_to_reg,1.064156,1.3826306,0.3184745866241454
fastfir8,tap[2][1],train,zipcpu_filters,arithmetic_dsp,input_to_reg,1.064156,1.3826306,0.3184745866241454
fastfir8,tap[2][2],train,zipcpu_filters,arithmetic_dsp,input_to_reg,1.064156,1.3826306,0.3184745866241454
fastfir8,tap[2][3],train,zipcpu_filters,arithmetic_dsp,input_to_reg,1.064156,1.3826306,0.3184745866241454
fastfir8,tap[2][4],train,zipcpu_filters,arithmetic_dsp,input_to_reg,1.064156,1.3826306,0.3184745866241454
fastfir8,tap[2][5],train,zipcpu_filters,arithmetic_dsp,input_to_reg,1.064156,1.3826306,0.3184745866241454
fastfir8,tap[2][6],train,zipcpu_filters,arithmetic_dsp,input_to_reg,1.064156,1.3826306,0.3184745866241454
fastfir8,tap[2][7],train,zipcpu_filters,arithmetic_dsp,input_to_reg,1.064156,1.3826306,0.3184745866241454
fastfir8,tap[2][8],train,zipcpu_filters,arithmetic_dsp,input_to_reg,1.064156,1.3826306,0.3184745866241454
fastfir8,tap[2][9],train,zipcpu_filters,arithmetic_dsp,input_to_reg,1.064156,1.3826306,0.3184745866241454
fastfir8,tap[3][0],train,zipcpu_filters,arithmetic_dsp,input_to_reg,1.064156,1.3826306,0.3184745866241454
fastfir8,tap[3][10],train,zipcpu_filters,arithmetic_dsp,input_to_reg,1.064156,1.3826306,0.3184745866241454
fastfir8,tap[3][11],train,zipcpu_filters,arithmetic_dsp,input_to_reg,1.064156,1.3826306,0.3184745866241454
fastfir8,tap[3][1],train,zipcpu_filters,arithmetic_dsp,input_to_reg,1.064156,1.3826306,0.3184745866241454
fastfir8,tap[3][2],train,zipcpu_filters,arithmetic_dsp,input_to_reg,1.064156,1.3826306,0.3184745866241454
fastfir8,tap[3][3],train,zipcpu_filters,arithmetic_dsp,input_to_reg,1.064156,1.3826306,0.3184745866241454
fastfir8,tap[3][4],train,zipcpu_filters,arithmetic_dsp,input_to_reg,1.064156,1.3826306,0.3184745866241454
fastfir8,tap[3][5],train,zipcpu_filters,arithmetic_dsp,input_to_reg,1.064156,1.3826306,0.3184745866241454
fastfir8,tap[3][6],train,zipcpu_filters,arithmetic_dsp,input_to_reg,1.064156,1.3826306,0.3184745866241454
fastfir8,tap[3][7],train,zipcpu_filters,arithmetic_dsp,input_to_reg,1.064156,1.3826306,0.3184745866241454
fastfir8,tap[3][8],train,zipcpu_filters,arithmetic_dsp,input_to_reg,1.064156,1.3826306,0.3184745866241454
fastfir8,tap[3][9],train,zipcpu_filters,arithmetic_dsp,input_to_reg,1.064156,1.3826306,0.3184745866241454
fastfir8,tap[4][0],train,zipcpu_filters,arithmetic_dsp,input_to_reg,1.064156,1.3826306,0.3184745866241454
fastfir8,tap[4][10],train,zipcpu_filters,arithmetic_dsp,input_to_reg,1.064156,1.3826306,0.3184745866241454
fastfir8,tap[4][11],train,zipcpu_filters,arithmetic_dsp,input_to_reg,1.064156,1.3826306,0.3184745866241454
fastfir8,tap[4][1],train,zipcpu_filters,arithmetic_dsp,input_to_reg,1.064156,1.3826306,0.3184745866241454
fastfir8,tap[4][2],train,zipcpu_filters,arithmetic_dsp,input_to_reg,1.064156,1.3826306,0.3184745866241454
fastfir8,tap[4][3],train,zipcpu_filters,arithmetic_dsp,input_to_reg,1.064156,1.3826306,0.3184745866241454
fastfir8,tap[4][4],train,zipcpu_filters,arithmetic_dsp,input_to_reg,1.064156,1.3826306,0.3184745866241454
fastfir8,tap[4][5],train,zipcpu_filters,arithmetic_dsp,input_to_reg,1.064156,1.3826306,0.3184745866241454
fastfir8,tap[4][6],train,zipcpu_filters,arithmetic_dsp,input_to_reg,1.064156,1.3826306,0.3184745866241454
fastfir8,tap[4][7],train,zipcpu_filters,arithmetic_dsp,input_to_reg,1.064156,1.3826306,0.3184745866241454
fastfir8,tap[4][8],train,zipcpu_filters,arithmetic_dsp,input_to_reg,1.064156,1.3826306,0.3184745866241454
fastfir8,tap[4][9],train,zipcpu_filters,arithmetic_dsp,input_to_reg,1.064156,1.3826306,0.3184745866241454
fastfir8,tap[5][0],train,zipcpu_filters,arithmetic_dsp,input_to_reg,1.064156,1.3826306,0.3184745866241454
fastfir8,tap[5][10],train,zipcpu_filters,arithmetic_dsp,input_to_reg,1.064156,1.3826306,0.3184745866241454
fastfir8,tap[5][11],train,zipcpu_filters,arithmetic_dsp,input_to_reg,1.064156,1.3826306,0.3184745866241454
fastfir8,tap[5][1],train,zipcpu_filters,arithmetic_dsp,input_to_reg,1.064156,1.3826306,0.3184745866241454
fastfir8,tap[5][2],train,zipcpu_filters,arithmetic_dsp,input_to_reg,1.064156,1.3826306,0.3184745866241454
fastfir8,tap[5][3],train,zipcpu_filters,arithmetic_dsp,input_to_reg,1.064156,1.3826306,0.3184745866241454
fastfir8,tap[5][4],train,zipcpu_filters,arithmetic_dsp,input_to_reg,1.064156,1.3826306,0.3184745866241454
fastfir8,tap[5][5],train,zipcpu_filters,arithmetic_dsp,input_to_reg,1.064156,1.3826306,0.3184745866241454
fastfir8,tap[5][6],train,zipcpu_filters,arithmetic_dsp,input_to_reg,1.064156,1.3826306,0.3184745866241454
fastfir8,tap[5][7],train,zipcpu_filters,arithmetic_dsp,input_to_reg,1.064156,1.3826306,0.3184745866241454
fastfir8,tap[5][8],train,zipcpu_filters,arithmetic_dsp,input_to_reg,1.064156,1.3826306,0.3184745866241454
fastfir8,tap[5][9],train,zipcpu_filters,arithmetic_dsp,input_to_reg,1.064156,1.3826306,0.3184745866241454
fastfir8,tap[6][0],train,zipcpu_filters,arithmetic_dsp,input_to_reg,1.064156,1.3826306,0.3184745866241454
fastfir8,tap[6][10],train,zipcpu_filters,arithmetic_dsp,input_to_reg,1.064156,1.3826306,0.3184745866241454
fastfir8,tap[6][11],train,zipcpu_filters,arithmetic_dsp,input_to_reg,1.064156,1.3826306,0.3184745866241454
fastfir8,tap[6][1],train,zipcpu_filters,arithmetic_dsp,input_to_reg,1.064156,1.3826306,0.3184745866241454
fastfir8,tap[6][2],train,zipcpu_filters,arithmetic_dsp,input_to_reg,1.064156,1.3826306,0.3184745866241454
fastfir8,tap[6][3],train,zipcpu_filters,arithmetic_dsp,input_to_reg,1.064156,1.3826306,0.3184745866241454
fastfir8,tap[6][4],train,zipcpu_filters,arithmetic_dsp,input_to_reg,1.064156,1.3826306,0.3184745866241454
fastfir8,tap[6][5],train,zipcpu_filters,arithmetic_dsp,input_to_reg,1.064156,1.3826306,0.3184745866241454
fastfir8,tap[6][6],train,zipcpu_filters,arithmetic_dsp,input_to_reg,1.064156,1.3826306,0.3184745866241454
fastfir8,tap[6][7],train,zipcpu_filters,arithmetic_dsp,input_to_reg,1.064156,1.3826306,0.3184745866241454
fastfir8,tap[6][8],train,zipcpu_filters,arithmetic_dsp,input_to_reg,1.064156,1.3826306,0.3184745866241454
fastfir8,tap[6][9],train,zipcpu_filters,arithmetic_dsp,input_to_reg,1.064156,1.3826306,0.3184745866241454
fastfir8,tap[7][0],train,zipcpu_filters,arithmetic_dsp,input_to_reg,1.064156,1.3826306,0.3184745866241454
fastfir8,tap[7][10],train,zipcpu_filters,arithmetic_dsp,input_to_reg,1.064156,1.3826306,0.3184745866241454
fastfir8,tap[7][11],train,zipcpu_filters,arithmetic_dsp,input_to_reg,1.064156,1.3826306,0.3184745866241454
fastfir8,tap[7][1],train,zipcpu_filters,arithmetic_dsp,input_to_reg,1.064156,1.3826306,0.3184745866241454
fastfir8,tap[7][2],train,zipcpu_filters,arithmetic_dsp,input_to_reg,1.064156,1.3826306,0.3184745866241454
fastfir8,tap[7][3],train,zipcpu_filters,arithmetic_dsp,input_to_reg,1.064156,1.3826306,0.3184745866241454
fastfir8,tap[7][4],train,zipcpu_filters,arithmetic_dsp,input_to_reg,1.064156,1.3826306,0.3184745866241454
fastfir8,tap[7][5],train,zipcpu_filters,arithmetic_dsp,input_to_reg,1.064156,1.3826306,0.3184745866241454
fastfir8,tap[7][6],train,zipcpu_filters,arithmetic_dsp,input_to_reg,1.064156,1.3826306,0.3184745866241454
fastfir8,tap[7][7],train,zipcpu_filters,arithmetic_dsp,input_to_reg,1.064156,1.3826306,0.3184745866241454
fastfir8,tap[7][8],train,zipcpu_filters,arithmetic_dsp,input_to_reg,1.064156,1.3826306,0.3184745866241454
fastfir8,tap[7][9],train,zipcpu_filters,arithmetic_dsp,input_to_reg,1.064156,1.3826306,0.3184745866241454
fastfir8,tap[8][0],train,zipcpu_filters,arithmetic_dsp,input_to_reg,1.064156,1.3826306,0.3184745866241454
fastfir8,tap[8][10],train,zipcpu_filters,arithmetic_dsp,input_to_reg,1.064156,1.3826306,0.3184745866241454
fastfir8,tap[8][11],train,zipcpu_filters,arithmetic_dsp,input_to_reg,1.064156,1.3826306,0.3184745866241454
fastfir8,tap[8][1],train,zipcpu_filters,arithmetic_dsp,input_to_reg,1.064156,1.3826306,0.3184745866241454
fastfir8,tap[8][2],train,zipcpu_filters,arithmetic_dsp,input_to_reg,1.064156,1.3826306,0.3184745866241454
fastfir8,tap[8][3],train,zipcpu_filters,arithmetic_dsp,input_to_reg,1.064156,1.3826306,0.3184745866241454
fastfir8,tap[8][4],train,zipcpu_filters,arithmetic_dsp,input_to_reg,1.064156,1.3826306,0.3184745866241454
fastfir8,tap[8][5],train,zipcpu_filters,arithmetic_dsp,input_to_reg,1.064156,1.3826306,0.3184745866241454
fastfir8,tap[8][6],train,zipcpu_filters,arithmetic_dsp,input_to_reg,1.064156,1.3826306,0.3184745866241454
fastfir8,tap[8][7],train,zipcpu_filters,arithmetic_dsp,input_to_reg,1.064156,1.3826306,0.3184745866241454
fastfir8,tap[8][8],train,zipcpu_filters,arithmetic_dsp,input_to_reg,1.064156,1.3826306,0.3184745866241454
fastfir8,tap[8][9],train,zipcpu_filters,arithmetic_dsp,input_to_reg,1.064156,1.3826306,0.3184745866241454
boxcar16,acc[0],train,zipcpu_filters,arithmetic_dsp,input_to_reg,1.079914,1.4690876,0.38917360070800777
boxcar16,acc[10],train,zipcpu_filters,arithmetic_dsp,input_to_reg,1.063915,1.4690876,0.40517260070800787
boxcar16,acc[11],train,zipcpu_filters,arithmetic_dsp,input_to_reg,1.063915,1.4690876,0.40517260070800787
boxcar16,acc[12],train,zipcpu_filters,arithmetic_dsp,reg_to_reg,1.063915,1.4248835,0.3609684848403931
boxcar16,acc[13],train,zipcpu_filters,arithmetic_dsp,reg_to_reg,1.063915,1.4696316,0.4057165526962281
boxcar16,acc[14],train,zipcpu_filters,arithmetic_dsp,reg_to_reg,1.063915,1.5462363,0.48232127662658697
boxcar16,acc[15],train,zipcpu_filters,arithmetic_dsp,reg_to_reg,1.063915,1.5462363,0.48232127662658697
boxcar16,acc[16],train,zipcpu_filters,arithmetic_dsp,reg_to_reg,1.548161,1.5462363,0.0019247233734129843
boxcar16,acc[17],train,zipcpu_filters,arithmetic_dsp,reg_to_reg,1.535922,1.552675,0.0167530087738037
boxcar16,acc[18],train,zipcpu_filters,arithmetic_dsp,reg_to_reg,1.155918,1.552675,0.3967570087738037
boxcar16,acc[19],train,zipcpu_filters,arithmetic_dsp,reg_to_reg,1.163244,1.552675,0.38943100877380377
boxcar16,acc[1],train,zipcpu_filters,arithmetic_dsp,input_to_reg,1.063915,1.4690876,0.40517260070800787
boxcar16,acc[2],train,zipcpu_filters,arithmetic_dsp,input_to_reg,1.063915,1.4690876,0.40517260070800787
boxcar16,acc[3],train,zipcpu_filters,arithmetic_dsp,input_to_reg,1.063915,1.4690876,0.40517260070800787
boxcar16,acc[4],train,zipcpu_filters,arithmetic_dsp,input_to_reg,1.063915,1.4690876,0.40517260070800787
boxcar16,acc[5],train,zipcpu_filters,arithmetic_dsp,input_to_reg,1.063915,1.4690876,0.40517260070800787
boxcar16,acc[6],train,zipcpu_filters,arithmetic_dsp,input_to_reg,1.063915,1.4690876,0.40517260070800787
boxcar16,acc[7],train,zipcpu_filters,arithmetic_dsp,input_to_reg,1.063915,1.4690876,0.40517260070800787
boxcar16,acc[8],train,zipcpu_filters,arithmetic_dsp,input_to_reg,1.063915,1.4690876,0.40517260070800787
boxcar16,acc[9],train,zipcpu_filters,arithmetic_dsp,input_to_reg,1.063915,1.4690876,0.40517260070800787
boxcar16,full,train,zipcpu_filters,arithmetic_dsp,input_to_reg,1.578653,1.4690876,0.10956539929199227
boxcar16,mem[0][0],train,zipcpu_filters,arithmetic_dsp,input_to_reg,1.287931,1.4690876,0.18115660070800788
boxcar16,mem[0][10],train,zipcpu_filters,arithmetic_dsp,input_to_reg,1.287931,1.4690876,0.18115660070800788
boxcar16,mem[0][11],train,zipcpu_filters,arithmetic_dsp,input_to_reg,1.287931,1.4690876,0.18115660070800788
boxcar16,mem[0][12],train,zipcpu_filters,arithmetic_dsp,input_to_reg,1.287931,1.4690876,0.18115660070800788
boxcar16,mem[0][13],train,zipcpu_filters,arithmetic_dsp,input_to_reg,1.287931,1.4690876,0.18115660070800788
boxcar16,mem[0][14],train,zipcpu_filters,arithmetic_dsp,input_to_reg,1.287931,1.4690876,0.18115660070800788
boxcar16,mem[0][15],train,zipcpu_filters,arithmetic_dsp,input_to_reg,1.287931,1.4690876,0.18115660070800788
boxcar16,mem[0][1],train,zipcpu_filters,arithmetic_dsp,input_to_reg,1.287931,1.4690876,0.18115660070800788
boxcar16,mem[0][2],train,zipcpu_filters,arithmetic_dsp,input_to_reg,1.287931,1.4690876,0.18115660070800788
boxcar16,mem[0][3],train,zipcpu_filters,arithmetic_dsp,input_to_reg,1.287931,1.4690876,0.18115660070800788
boxcar16,mem[0][4],train,zipcpu_filters,arithmetic_dsp,input_to_reg,1.287931,1.4690876,0.18115660070800788
boxcar16,mem[0][5],train,zipcpu_filters,arithmetic_dsp,input_to_reg,1.287931,1.4690876,0.18115660070800788
boxcar16,mem[0][6],train,zipcpu_filters,arithmetic_dsp,input_to_reg,1.287931,1.4690876,0.18115660070800788
boxcar16,mem[0][7],train,zipcpu_filters,arithmetic_dsp,input_to_reg,1.287931,1.4690876,0.18115660070800788
boxcar16,mem[0][8],train,zipcpu_filters,arithmetic_dsp,input_to_reg,1.287931,1.4690876,0.18115660070800788
boxcar16,mem[0][9],train,zipcpu_filters,arithmetic_dsp,input_to_reg,1.287931,1.4690876,0.18115660070800788
boxcar16,mem[10][0],train,zipcpu_filters,arithmetic_dsp,input_to_reg,1.283107,1.4690876,0.18598060070800781
boxcar16,mem[10][10],train,zipcpu_filters,arithmetic_dsp,input_to_reg,1.283107,1.4690876,0.18598060070800781
boxcar16,mem[10][11],train,zipcpu_filters,arithmetic_dsp,input_to_reg,1.283107,1.4690876,0.18598060070800781
boxcar16,mem[10][12],train,zipcpu_filters,arithmetic_dsp,input_to_reg,1.283107,1.4690876,0.18598060070800781
boxcar16,mem[10][13],train,zipcpu_filters,arithmetic_dsp,input_to_reg,1.283107,1.4690876,0.18598060070800781
boxcar16,mem[10][14],train,zipcpu_filters,arithmetic_dsp,input_to_reg,1.283107,1.4690876,0.18598060070800781
boxcar16,mem[10][15],train,zipcpu_filters,arithmetic_dsp,input_to_reg,1.283107,1.4690876,0.18598060070800781
boxcar16,mem[10][1],train,zipcpu_filters,arithmetic_dsp,input_to_reg,1.283107,1.4690876,0.18598060070800781
boxcar16,mem[10][2],train,zipcpu_filters,arithmetic_dsp,input_to_reg,1.283107,1.4690876,0.18598060070800781
boxcar16,mem[10][3],train,zipcpu_filters,arithmetic_dsp,input_to_reg,1.283107,1.4690876,0.18598060070800781
boxcar16,mem[10][4],train,zipcpu_filters,arithmetic_dsp,input_to_reg,1.283107,1.4690876,0.18598060070800781
boxcar16,mem[10][5],train,zipcpu_filters,arithmetic_dsp,input_to_reg,1.283107,1.4690876,0.18598060070800781
boxcar16,mem[10][6],train,zipcpu_filters,arithmetic_dsp,input_to_reg,1.283107,1.4690876,0.18598060070800781
boxcar16,mem[10][7],train,zipcpu_filters,arithmetic_dsp,input_to_reg,1.283107,1.4690876,0.18598060070800781
boxcar16,mem[10][8],train,zipcpu_filters,arithmetic_dsp,input_to_reg,1.283107,1.4690876,0.18598060070800781
boxcar16,mem[10][9],train,zipcpu_filters,arithmetic_dsp,input_to_reg,1.283107,1.4690876,0.18598060070800781
boxcar16,mem[11][0],train,zipcpu_filters,arithmetic_dsp,input_to_reg,1.269134,1.4690876,0.19995360070800783
boxcar16,mem[11][10],train,zipcpu_filters,arithmetic_dsp,input_to_reg,1.269134,1.4690876,0.19995360070800783
boxcar16,mem[11][11],train,zipcpu_filters,arithmetic_dsp,input_to_reg,1.269134,1.4690876,0.19995360070800783
boxcar16,mem[11][12],train,zipcpu_filters,arithmetic_dsp,input_to_reg,1.269134,1.4690876,0.19995360070800783
boxcar16,mem[11][13],train,zipcpu_filters,arithmetic_dsp,input_to_reg,1.269134,1.4690876,0.19995360070800783
boxcar16,mem[11][14],train,zipcpu_filters,arithmetic_dsp,input_to_reg,1.269134,1.4690876,0.19995360070800783
boxcar16,mem[11][15],train,zipcpu_filters,arithmetic_dsp,input_to_reg,1.269134,1.4690876,0.19995360070800783
boxcar16,mem[11][1],train,zipcpu_filters,arithmetic_dsp,input_to_reg,1.269134,1.4690876,0.19995360070800783
boxcar16,mem[11][2],train,zipcpu_filters,arithmetic_dsp,input_to_reg,1.269134,1.4690876,0.19995360070800783
boxcar16,mem[11][3],train,zipcpu_filters,arithmetic_dsp,input_to_reg,1.269134,1.4690876,0.19995360070800783
boxcar16,mem[11][4],train,zipcpu_filters,arithmetic_dsp,input_to_reg,1.269134,1.4690876,0.19995360070800783
boxcar16,mem[11][5],train,zipcpu_filters,arithmetic_dsp,input_to_reg,1.269134,1.4690876,0.19995360070800783
boxcar16,mem[11][6],train,zipcpu_filters,arithmetic_dsp,input_to_reg,1.269134,1.4690876,0.19995360070800783
boxcar16,mem[11][7],train,zipcpu_filters,arithmetic_dsp,input_to_reg,1.269134,1.4690876,0.19995360070800783
boxcar16,mem[11][8],train,zipcpu_filters,arithmetic_dsp,input_to_reg,1.269134,1.4690876,0.19995360070800783
boxcar16,mem[11][9],train,zipcpu_filters,arithmetic_dsp,input_to_reg,1.269134,1.4690876,0.19995360070800783
boxcar16,mem[12][0],train,zipcpu_filters,arithmetic_dsp,input_to_reg,1.283107,1.4690876,0.18598060070800781
boxcar16,mem[12][10],train,zipcpu_filters,arithmetic_dsp,input_to_reg,1.283107,1.4690876,0.18598060070800781
boxcar16,mem[12][11],train,zipcpu_filters,arithmetic_dsp,input_to_reg,1.283107,1.4690876,0.18598060070800781
boxcar16,mem[12][12],train,zipcpu_filters,arithmetic_dsp,input_to_reg,1.283107,1.4690876,0.18598060070800781
boxcar16,mem[12][13],train,zipcpu_filters,arithmetic_dsp,input_to_reg,1.283107,1.4690876,0.18598060070800781
boxcar16,mem[12][14],train,zipcpu_filters,arithmetic_dsp,input_to_reg,1.283107,1.4690876,0.18598060070800781
boxcar16,mem[12][15],train,zipcpu_filters,arithmetic_dsp,input_to_reg,1.283107,1.4690876,0.18598060070800781
boxcar16,mem[12][1],train,zipcpu_filters,arithmetic_dsp,input_to_reg,1.283107,1.4690876,0.18598060070800781
boxcar16,mem[12][2],train,zipcpu_filters,arithmetic_dsp,input_to_reg,1.283107,1.4690876,0.18598060070800781
boxcar16,mem[12][3],train,zipcpu_filters,arithmetic_dsp,input_to_reg,1.283107,1.4690876,0.18598060070800781
boxcar16,mem[12][4],train,zipcpu_filters,arithmetic_dsp,input_to_reg,1.283107,1.4690876,0.18598060070800781
boxcar16,mem[12][5],train,zipcpu_filters,arithmetic_dsp,input_to_reg,1.283107,1.4690876,0.18598060070800781
boxcar16,mem[12][6],train,zipcpu_filters,arithmetic_dsp,input_to_reg,1.283107,1.4690876,0.18598060070800781
boxcar16,mem[12][7],train,zipcpu_filters,arithmetic_dsp,input_to_reg,1.283107,1.4690876,0.18598060070800781
boxcar16,mem[12][8],train,zipcpu_filters,arithmetic_dsp,input_to_reg,1.283107,1.4690876,0.18598060070800781
boxcar16,mem[12][9],train,zipcpu_filters,arithmetic_dsp,input_to_reg,1.283107,1.4690876,0.18598060070800781
boxcar16,mem[13][0],train,zipcpu_filters,arithmetic_dsp,input_to_reg,1.283107,1.4690876,0.18598060070800781
boxcar16,mem[13][10],train,zipcpu_filters,arithmetic_dsp,input_to_reg,1.283107,1.4690876,0.18598060070800781
boxcar16,mem[13][11],train,zipcpu_filters,arithmetic_dsp,input_to_reg,1.283107,1.4690876,0.18598060070800781
boxcar16,mem[13][12],train,zipcpu_filters,arithmetic_dsp,input_to_reg,1.283107,1.4690876,0.18598060070800781
boxcar16,mem[13][13],train,zipcpu_filters,arithmetic_dsp,input_to_reg,1.283107,1.4690876,0.18598060070800781
boxcar16,mem[13][14],train,zipcpu_filters,arithmetic_dsp,input_to_reg,1.283107,1.4690876,0.18598060070800781
boxcar16,mem[13][15],train,zipcpu_filters,arithmetic_dsp,input_to_reg,1.283107,1.4690876,0.18598060070800781
boxcar16,mem[13][1],train,zipcpu_filters,arithmetic_dsp,input_to_reg,1.283107,1.4690876,0.18598060070800781
boxcar16,mem[13][2],train,zipcpu_filters,arithmetic_dsp,input_to_reg,1.283107,1.4690876,0.18598060070800781
boxcar16,mem[13][3],train,zipcpu_filters,arithmetic_dsp,input_to_reg,1.283107,1.4690876,0.18598060070800781
boxcar16,mem[13][4],train,zipcpu_filters,arithmetic_dsp,input_to_reg,1.283107,1.4690876,0.18598060070800781
boxcar16,mem[13][5],train,zipcpu_filters,arithmetic_dsp,input_to_reg,1.283107,1.4690876,0.18598060070800781
boxcar16,mem[13][6],train,zipcpu_filters,arithmetic_dsp,input_to_reg,1.283107,1.4690876,0.18598060070800781
boxcar16,mem[13][7],train,zipcpu_filters,arithmetic_dsp,input_to_reg,1.283107,1.4690876,0.18598060070800781
boxcar16,mem[13][8],train,zipcpu_filters,arithmetic_dsp,input_to_reg,1.283107,1.4690876,0.18598060070800781
boxcar16,mem[13][9],train,zipcpu_filters,arithmetic_dsp,input_to_reg,1.283107,1.4690876,0.18598060070800781
boxcar16,mem[14][0],train,zipcpu_filters,arithmetic_dsp,input_to_reg,1.283107,1.4690876,0.18598060070800781
boxcar16,mem[14][10],train,zipcpu_filters,arithmetic_dsp,input_to_reg,1.283107,1.4690876,0.18598060070800781
boxcar16,mem[14][11],train,zipcpu_filters,arithmetic_dsp,input_to_reg,1.283107,1.4690876,0.18598060070800781
boxcar16,mem[14][12],train,zipcpu_filters,arithmetic_dsp,input_to_reg,1.283107,1.4690876,0.18598060070800781
boxcar16,mem[14][13],train,zipcpu_filters,arithmetic_dsp,input_to_reg,1.283107,1.4690876,0.18598060070800781
boxcar16,mem[14][14],train,zipcpu_filters,arithmetic_dsp,input_to_reg,1.283107,1.4690876,0.18598060070800781
boxcar16,mem[14][15],train,zipcpu_filters,arithmetic_dsp,input_to_reg,1.283107,1.4690876,0.18598060070800781
boxcar16,mem[14][1],train,zipcpu_filters,arithmetic_dsp,input_to_reg,1.283107,1.4690876,0.18598060070800781
boxcar16,mem[14][2],train,zipcpu_filters,arithmetic_dsp,input_to_reg,1.283107,1.4690876,0.18598060070800781
boxcar16,mem[14][3],train,zipcpu_filters,arithmetic_dsp,input_to_reg,1.283107,1.4690876,0.18598060070800781
boxcar16,mem[14][4],train,zipcpu_filters,arithmetic_dsp,input_to_reg,1.283107,1.4690876,0.18598060070800781
boxcar16,mem[14][5],train,zipcpu_filters,arithmetic_dsp,input_to_reg,1.283107,1.4690876,0.18598060070800781
boxcar16,mem[14][6],train,zipcpu_filters,arithmetic_dsp,input_to_reg,1.283107,1.4690876,0.18598060070800781
boxcar16,mem[14][7],train,zipcpu_filters,arithmetic_dsp,input_to_reg,1.283107,1.4690876,0.18598060070800781
boxcar16,mem[14][8],train,zipcpu_filters,arithmetic_dsp,input_to_reg,1.283107,1.4690876,0.18598060070800781
boxcar16,mem[14][9],train,zipcpu_filters,arithmetic_dsp,input_to_reg,1.283107,1.4690876,0.18598060070800781
boxcar16,mem[15][0],train,zipcpu_filters,arithmetic_dsp,input_to_reg,1.253259,1.4690876,0.2158286007080079
boxcar16,mem[15][10],train,zipcpu_filters,arithmetic_dsp,input_to_reg,1.253259,1.4690876,0.2158286007080079
boxcar16,mem[15][11],train,zipcpu_filters,arithmetic_dsp,input_to_reg,1.253259,1.4690876,0.2158286007080079
boxcar16,mem[15][12],train,zipcpu_filters,arithmetic_dsp,input_to_reg,1.253259,1.4690876,0.2158286007080079
boxcar16,mem[15][13],train,zipcpu_filters,arithmetic_dsp,input_to_reg,1.253259,1.4690876,0.2158286007080079
boxcar16,mem[15][14],train,zipcpu_filters,arithmetic_dsp,input_to_reg,1.253259,1.4690876,0.2158286007080079
boxcar16,mem[15][15],train,zipcpu_filters,arithmetic_dsp,input_to_reg,1.253259,1.4690876,0.2158286007080079
boxcar16,mem[15][1],train,zipcpu_filters,arithmetic_dsp,input_to_reg,1.253259,1.4690876,0.2158286007080079
boxcar16,mem[15][2],train,zipcpu_filters,arithmetic_dsp,input_to_reg,1.253259,1.4690876,0.2158286007080079
boxcar16,mem[15][3],train,zipcpu_filters,arithmetic_dsp,input_to_reg,1.253259,1.4690876,0.2158286007080079
boxcar16,mem[15][4],train,zipcpu_filters,arithmetic_dsp,input_to_reg,1.253259,1.4690876,0.2158286007080079
boxcar16,mem[15][5],train,zipcpu_filters,arithmetic_dsp,input_to_reg,1.253259,1.4690876,0.2158286007080079
boxcar16,mem[15][6],train,zipcpu_filters,arithmetic_dsp,input_to_reg,1.253259,1.4690876,0.2158286007080079
boxcar16,mem[15][7],train,zipcpu_filters,arithmetic_dsp,input_to_reg,1.253259,1.4690876,0.2158286007080079
boxcar16,mem[15][8],train,zipcpu_filters,arithmetic_dsp,input_to_reg,1.253259,1.4690876,0.2158286007080079
boxcar16,mem[15][9],train,zipcpu_filters,arithmetic_dsp,input_to_reg,1.253259,1.4690876,0.2158286007080079
boxcar16,mem[1][0],train,zipcpu_filters,arithmetic_dsp,input_to_reg,1.287931,1.4690876,0.18115660070800788
boxcar16,mem[1][10],train,zipcpu_filters,arithmetic_dsp,input_to_reg,1.287931,1.4690876,0.18115660070800788
boxcar16,mem[1][11],train,zipcpu_filters,arithmetic_dsp,input_to_reg,1.287931,1.4690876,0.18115660070800788
boxcar16,mem[1][12],train,zipcpu_filters,arithmetic_dsp,input_to_reg,1.287931,1.4690876,0.18115660070800788
boxcar16,mem[1][13],train,zipcpu_filters,arithmetic_dsp,input_to_reg,1.287931,1.4690876,0.18115660070800788
boxcar16,mem[1][14],train,zipcpu_filters,arithmetic_dsp,input_to_reg,1.287931,1.4690876,0.18115660070800788
boxcar16,mem[1][15],train,zipcpu_filters,arithmetic_dsp,input_to_reg,1.287931,1.4690876,0.18115660070800788
boxcar16,mem[1][1],train,zipcpu_filters,arithmetic_dsp,input_to_reg,1.287931,1.4690876,0.18115660070800788
boxcar16,mem[1][2],train,zipcpu_filters,arithmetic_dsp,input_to_reg,1.287931,1.4690876,0.18115660070800788
boxcar16,mem[1][3],train,zipcpu_filters,arithmetic_dsp,input_to_reg,1.287931,1.4690876,0.18115660070800788
boxcar16,mem[1][4],train,zipcpu_filters,arithmetic_dsp,input_to_reg,1.287931,1.4690876,0.18115660070800788
boxcar16,mem[1][5],train,zipcpu_filters,arithmetic_dsp,input_to_reg,1.287931,1.4690876,0.18115660070800788
boxcar16,mem[1][6],train,zipcpu_filters,arithmetic_dsp,input_to_reg,1.287931,1.4690876,0.18115660070800788
boxcar16,mem[1][7],train,zipcpu_filters,arithmetic_dsp,input_to_reg,1.287931,1.4690876,0.18115660070800788
boxcar16,mem[1][8],train,zipcpu_filters,arithmetic_dsp,input_to_reg,1.287931,1.4690876,0.18115660070800788
boxcar16,mem[1][9],train,zipcpu_filters,arithmetic_dsp,input_to_reg,1.287931,1.4690876,0.18115660070800788
boxcar16,mem[2][0],train,zipcpu_filters,arithmetic_dsp,input_to_reg,1.287931,1.4690876,0.18115660070800788
boxcar16,mem[2][10],train,zipcpu_filters,arithmetic_dsp,input_to_reg,1.287931,1.4690876,0.18115660070800788
boxcar16,mem[2][11],train,zipcpu_filters,arithmetic_dsp,input_to_reg,1.287931,1.4690876,0.18115660070800788
boxcar16,mem[2][12],train,zipcpu_filters,arithmetic_dsp,input_to_reg,1.287931,1.4690876,0.18115660070800788
boxcar16,mem[2][13],train,zipcpu_filters,arithmetic_dsp,input_to_reg,1.287931,1.4690876,0.18115660070800788
boxcar16,mem[2][14],train,zipcpu_filters,arithmetic_dsp,input_to_reg,1.287931,1.4690876,0.18115660070800788
boxcar16,mem[2][15],train,zipcpu_filters,arithmetic_dsp,input_to_reg,1.287931,1.4690876,0.18115660070800788
boxcar16,mem[2][1],train,zipcpu_filters,arithmetic_dsp,input_to_reg,1.287931,1.4690876,0.18115660070800788
boxcar16,mem[2][2],train,zipcpu_filters,arithmetic_dsp,input_to_reg,1.287931,1.4690876,0.18115660070800788
boxcar16,mem[2][3],train,zipcpu_filters,arithmetic_dsp,input_to_reg,1.287931,1.4690876,0.18115660070800788
boxcar16,mem[2][4],train,zipcpu_filters,arithmetic_dsp,input_to_reg,1.287931,1.4690876,0.18115660070800788
boxcar16,mem[2][5],train,zipcpu_filters,arithmetic_dsp,input_to_reg,1.287931,1.4690876,0.18115660070800788
boxcar16,mem[2][6],train,zipcpu_filters,arithmetic_dsp,input_to_reg,1.287931,1.4690876,0.18115660070800788
boxcar16,mem[2][7],train,zipcpu_filters,arithmetic_dsp,input_to_reg,1.287931,1.4690876,0.18115660070800788
boxcar16,mem[2][8],train,zipcpu_filters,arithmetic_dsp,input_to_reg,1.287931,1.4690876,0.18115660070800788
boxcar16,mem[2][9],train,zipcpu_filters,arithmetic_dsp,input_to_reg,1.287931,1.4690876,0.18115660070800788
boxcar16,mem[3][0],train,zipcpu_filters,arithmetic_dsp,input_to_reg,1.269134,1.4690876,0.19995360070800783
boxcar16,mem[3][10],train,zipcpu_filters,arithmetic_dsp,input_to_reg,1.269134,1.4690876,0.19995360070800783
boxcar16,mem[3][11],train,zipcpu_filters,arithmetic_dsp,input_to_reg,1.269134,1.4690876,0.19995360070800783
boxcar16,mem[3][12],train,zipcpu_filters,arithmetic_dsp,input_to_reg,1.269134,1.4690876,0.19995360070800783
boxcar16,mem[3][13],train,zipcpu_filters,arithmetic_dsp,input_to_reg,1.269134,1.4690876,0.19995360070800783
boxcar16,mem[3][14],train,zipcpu_filters,arithmetic_dsp,input_to_reg,1.269134,1.4690876,0.19995360070800783
boxcar16,mem[3][15],train,zipcpu_filters,arithmetic_dsp,input_to_reg,1.269134,1.4690876,0.19995360070800783
boxcar16,mem[3][1],train,zipcpu_filters,arithmetic_dsp,input_to_reg,1.269134,1.4690876,0.19995360070800783
boxcar16,mem[3][2],train,zipcpu_filters,arithmetic_dsp,input_to_reg,1.269134,1.4690876,0.19995360070800783
boxcar16,mem[3][3],train,zipcpu_filters,arithmetic_dsp,input_to_reg,1.269134,1.4690876,0.19995360070800783
boxcar16,mem[3][4],train,zipcpu_filters,arithmetic_dsp,input_to_reg,1.269134,1.4690876,0.19995360070800783
boxcar16,mem[3][5],train,zipcpu_filters,arithmetic_dsp,input_to_reg,1.269134,1.4690876,0.19995360070800783
boxcar16,mem[3][6],train,zipcpu_filters,arithmetic_dsp,input_to_reg,1.269134,1.4690876,0.19995360070800783
boxcar16,mem[3][7],train,zipcpu_filters,arithmetic_dsp,input_to_reg,1.269134,1.4690876,0.19995360070800783
boxcar16,mem[3][8],train,zipcpu_filters,arithmetic_dsp,input_to_reg,1.269134,1.4690876,0.19995360070800783
boxcar16,mem[3][9],train,zipcpu_filters,arithmetic_dsp,input_to_reg,1.269134,1.4690876,0.19995360070800783
boxcar16,mem[4][0],train,zipcpu_filters,arithmetic_dsp,input_to_reg,1.283107,1.4690876,0.18598060070800781
boxcar16,mem[4][10],train,zipcpu_filters,arithmetic_dsp,input_to_reg,1.283107,1.4690876,0.18598060070800781
boxcar16,mem[4][11],train,zipcpu_filters,arithmetic_dsp,input_to_reg,1.283107,1.4690876,0.18598060070800781
boxcar16,mem[4][12],train,zipcpu_filters,arithmetic_dsp,input_to_reg,1.283107,1.4690876,0.18598060070800781
boxcar16,mem[4][13],train,zipcpu_filters,arithmetic_dsp,input_to_reg,1.283107,1.4690876,0.18598060070800781
boxcar16,mem[4][14],train,zipcpu_filters,arithmetic_dsp,input_to_reg,1.283107,1.4690876,0.18598060070800781
boxcar16,mem[4][15],train,zipcpu_filters,arithmetic_dsp,input_to_reg,1.283107,1.4690876,0.18598060070800781
boxcar16,mem[4][1],train,zipcpu_filters,arithmetic_dsp,input_to_reg,1.283107,1.4690876,0.18598060070800781
boxcar16,mem[4][2],train,zipcpu_filters,arithmetic_dsp,input_to_reg,1.283107,1.4690876,0.18598060070800781
boxcar16,mem[4][3],train,zipcpu_filters,arithmetic_dsp,input_to_reg,1.283107,1.4690876,0.18598060070800781
boxcar16,mem[4][4],train,zipcpu_filters,arithmetic_dsp,input_to_reg,1.283107,1.4690876,0.18598060070800781
boxcar16,mem[4][5],train,zipcpu_filters,arithmetic_dsp,input_to_reg,1.283107,1.4690876,0.18598060070800781
boxcar16,mem[4][6],train,zipcpu_filters,arithmetic_dsp,input_to_reg,1.283107,1.4690876,0.18598060070800781
boxcar16,mem[4][7],train,zipcpu_filters,arithmetic_dsp,input_to_reg,1.283107,1.4690876,0.18598060070800781
boxcar16,mem[4][8],train,zipcpu_filters,arithmetic_dsp,input_to_reg,1.283107,1.4690876,0.18598060070800781
boxcar16,mem[4][9],train,zipcpu_filters,arithmetic_dsp,input_to_reg,1.283107,1.4690876,0.18598060070800781
boxcar16,mem[5][0],train,zipcpu_filters,arithmetic_dsp,input_to_reg,1.283107,1.4690876,0.18598060070800781
boxcar16,mem[5][10],train,zipcpu_filters,arithmetic_dsp,input_to_reg,1.283107,1.4690876,0.18598060070800781
boxcar16,mem[5][11],train,zipcpu_filters,arithmetic_dsp,input_to_reg,1.283107,1.4690876,0.18598060070800781
boxcar16,mem[5][12],train,zipcpu_filters,arithmetic_dsp,input_to_reg,1.283107,1.4690876,0.18598060070800781
boxcar16,mem[5][13],train,zipcpu_filters,arithmetic_dsp,input_to_reg,1.283107,1.4690876,0.18598060070800781
boxcar16,mem[5][14],train,zipcpu_filters,arithmetic_dsp,input_to_reg,1.283107,1.4690876,0.18598060070800781
boxcar16,mem[5][15],train,zipcpu_filters,arithmetic_dsp,input_to_reg,1.283107,1.4690876,0.18598060070800781
boxcar16,mem[5][1],train,zipcpu_filters,arithmetic_dsp,input_to_reg,1.283107,1.4690876,0.18598060070800781
boxcar16,mem[5][2],train,zipcpu_filters,arithmetic_dsp,input_to_reg,1.283107,1.4690876,0.18598060070800781
boxcar16,mem[5][3],train,zipcpu_filters,arithmetic_dsp,input_to_reg,1.283107,1.4690876,0.18598060070800781
boxcar16,mem[5][4],train,zipcpu_filters,arithmetic_dsp,input_to_reg,1.283107,1.4690876,0.18598060070800781
boxcar16,mem[5][5],train,zipcpu_filters,arithmetic_dsp,input_to_reg,1.283107,1.4690876,0.18598060070800781
boxcar16,mem[5][6],train,zipcpu_filters,arithmetic_dsp,input_to_reg,1.283107,1.4690876,0.18598060070800781
boxcar16,mem[5][7],train,zipcpu_filters,arithmetic_dsp,input_to_reg,1.283107,1.4690876,0.18598060070800781
boxcar16,mem[5][8],train,zipcpu_filters,arithmetic_dsp,input_to_reg,1.283107,1.4690876,0.18598060070800781
boxcar16,mem[5][9],train,zipcpu_filters,arithmetic_dsp,input_to_reg,1.283107,1.4690876,0.18598060070800781
boxcar16,mem[6][0],train,zipcpu_filters,arithmetic_dsp,input_to_reg,1.283107,1.4690876,0.18598060070800781
boxcar16,mem[6][10],train,zipcpu_filters,arithmetic_dsp,input_to_reg,1.283107,1.4690876,0.18598060070800781
boxcar16,mem[6][11],train,zipcpu_filters,arithmetic_dsp,input_to_reg,1.283107,1.4690876,0.18598060070800781
boxcar16,mem[6][12],train,zipcpu_filters,arithmetic_dsp,input_to_reg,1.283107,1.4690876,0.18598060070800781
boxcar16,mem[6][13],train,zipcpu_filters,arithmetic_dsp,input_to_reg,1.283107,1.4690876,0.18598060070800781
boxcar16,mem[6][14],train,zipcpu_filters,arithmetic_dsp,input_to_reg,1.283107,1.4690876,0.18598060070800781
boxcar16,mem[6][15],train,zipcpu_filters,arithmetic_dsp,input_to_reg,1.283107,1.4690876,0.18598060070800781
boxcar16,mem[6][1],train,zipcpu_filters,arithmetic_dsp,input_to_reg,1.283107,1.4690876,0.18598060070800781
boxcar16,mem[6][2],train,zipcpu_filters,arithmetic_dsp,input_to_reg,1.283107,1.4690876,0.18598060070800781
boxcar16,mem[6][3],train,zipcpu_filters,arithmetic_dsp,input_to_reg,1.283107,1.4690876,0.18598060070800781
boxcar16,mem[6][4],train,zipcpu_filters,arithmetic_dsp,input_to_reg,1.283107,1.4690876,0.18598060070800781
boxcar16,mem[6][5],train,zipcpu_filters,arithmetic_dsp,input_to_reg,1.283107,1.4690876,0.18598060070800781
boxcar16,mem[6][6],train,zipcpu_filters,arithmetic_dsp,input_to_reg,1.283107,1.4690876,0.18598060070800781
boxcar16,mem[6][7],train,zipcpu_filters,arithmetic_dsp,input_to_reg,1.283107,1.4690876,0.18598060070800781
boxcar16,mem[6][8],train,zipcpu_filters,arithmetic_dsp,input_to_reg,1.283107,1.4690876,0.18598060070800781
boxcar16,mem[6][9],train,zipcpu_filters,arithmetic_dsp,input_to_reg,1.283107,1.4690876,0.18598060070800781
boxcar16,mem[7][0],train,zipcpu_filters,arithmetic_dsp,input_to_reg,1.253258,1.4690876,0.21582960070800783
boxcar16,mem[7][10],train,zipcpu_filters,arithmetic_dsp,input_to_reg,1.253258,1.4690876,0.21582960070800783
boxcar16,mem[7][11],train,zipcpu_filters,arithmetic_dsp,input_to_reg,1.253258,1.4690876,0.21582960070800783
boxcar16,mem[7][12],train,zipcpu_filters,arithmetic_dsp,input_to_reg,1.253258,1.4690876,0.21582960070800783
boxcar16,mem[7][13],train,zipcpu_filters,arithmetic_dsp,input_to_reg,1.253258,1.4690876,0.21582960070800783
boxcar16,mem[7][14],train,zipcpu_filters,arithmetic_dsp,input_to_reg,1.253258,1.4690876,0.21582960070800783
boxcar16,mem[7][15],train,zipcpu_filters,arithmetic_dsp,input_to_reg,1.253258,1.4690876,0.21582960070800783
boxcar16,mem[7][1],train,zipcpu_filters,arithmetic_dsp,input_to_reg,1.253258,1.4690876,0.21582960070800783
boxcar16,mem[7][2],train,zipcpu_filters,arithmetic_dsp,input_to_reg,1.253258,1.4690876,0.21582960070800783
boxcar16,mem[7][3],train,zipcpu_filters,arithmetic_dsp,input_to_reg,1.253258,1.4690876,0.21582960070800783
boxcar16,mem[7][4],train,zipcpu_filters,arithmetic_dsp,input_to_reg,1.253258,1.4690876,0.21582960070800783
boxcar16,mem[7][5],train,zipcpu_filters,arithmetic_dsp,input_to_reg,1.253258,1.4690876,0.21582960070800783
boxcar16,mem[7][6],train,zipcpu_filters,arithmetic_dsp,input_to_reg,1.253258,1.4690876,0.21582960070800783
boxcar16,mem[7][7],train,zipcpu_filters,arithmetic_dsp,input_to_reg,1.253258,1.4690876,0.21582960070800783
boxcar16,mem[7][8],train,zipcpu_filters,arithmetic_dsp,input_to_reg,1.253258,1.4690876,0.21582960070800783
boxcar16,mem[7][9],train,zipcpu_filters,arithmetic_dsp,input_to_reg,1.253258,1.4690876,0.21582960070800783
boxcar16,mem[8][0],train,zipcpu_filters,arithmetic_dsp,input_to_reg,1.283107,1.4690876,0.18598060070800781
boxcar16,mem[8][10],train,zipcpu_filters,arithmetic_dsp,input_to_reg,1.283107,1.4690876,0.18598060070800781
boxcar16,mem[8][11],train,zipcpu_filters,arithmetic_dsp,input_to_reg,1.283107,1.4690876,0.18598060070800781
boxcar16,mem[8][12],train,zipcpu_filters,arithmetic_dsp,input_to_reg,1.283107,1.4690876,0.18598060070800781
boxcar16,mem[8][13],train,zipcpu_filters,arithmetic_dsp,input_to_reg,1.283107,1.4690876,0.18598060070800781
boxcar16,mem[8][14],train,zipcpu_filters,arithmetic_dsp,input_to_reg,1.283107,1.4690876,0.18598060070800781
boxcar16,mem[8][15],train,zipcpu_filters,arithmetic_dsp,input_to_reg,1.283107,1.4690876,0.18598060070800781
boxcar16,mem[8][1],train,zipcpu_filters,arithmetic_dsp,input_to_reg,1.283107,1.4690876,0.18598060070800781
boxcar16,mem[8][2],train,zipcpu_filters,arithmetic_dsp,input_to_reg,1.283107,1.4690876,0.18598060070800781
boxcar16,mem[8][3],train,zipcpu_filters,arithmetic_dsp,input_to_reg,1.283107,1.4690876,0.18598060070800781
boxcar16,mem[8][4],train,zipcpu_filters,arithmetic_dsp,input_to_reg,1.283107,1.4690876,0.18598060070800781
boxcar16,mem[8][5],train,zipcpu_filters,arithmetic_dsp,input_to_reg,1.283107,1.4690876,0.18598060070800781
boxcar16,mem[8][6],train,zipcpu_filters,arithmetic_dsp,input_to_reg,1.283107,1.4690876,0.18598060070800781
boxcar16,mem[8][7],train,zipcpu_filters,arithmetic_dsp,input_to_reg,1.283107,1.4690876,0.18598060070800781
boxcar16,mem[8][8],train,zipcpu_filters,arithmetic_dsp,input_to_reg,1.283107,1.4690876,0.18598060070800781
boxcar16,mem[8][9],train,zipcpu_filters,arithmetic_dsp,input_to_reg,1.283107,1.4690876,0.18598060070800781
boxcar16,mem[9][0],train,zipcpu_filters,arithmetic_dsp,input_to_reg,1.283107,1.4690876,0.18598060070800781
boxcar16,mem[9][10],train,zipcpu_filters,arithmetic_dsp,input_to_reg,1.283107,1.4690876,0.18598060070800781
boxcar16,mem[9][11],train,zipcpu_filters,arithmetic_dsp,input_to_reg,1.283107,1.4690876,0.18598060070800781
boxcar16,mem[9][12],train,zipcpu_filters,arithmetic_dsp,input_to_reg,1.283107,1.4690876,0.18598060070800781
boxcar16,mem[9][13],train,zipcpu_filters,arithmetic_dsp,input_to_reg,1.283107,1.4690876,0.18598060070800781
boxcar16,mem[9][14],train,zipcpu_filters,arithmetic_dsp,input_to_reg,1.283107,1.4690876,0.18598060070800781
boxcar16,mem[9][15],train,zipcpu_filters,arithmetic_dsp,input_to_reg,1.283107,1.4690876,0.18598060070800781
boxcar16,mem[9][1],train,zipcpu_filters,arithmetic_dsp,input_to_reg,1.283107,1.4690876,0.18598060070800781
boxcar16,mem[9][2],train,zipcpu_filters,arithmetic_dsp,input_to_reg,1.283107,1.4690876,0.18598060070800781
boxcar16,mem[9][3],train,zipcpu_filters,arithmetic_dsp,input_to_reg,1.283107,1.4690876,0.18598060070800781
boxcar16,mem[9][4],train,zipcpu_filters,arithmetic_dsp,input_to_reg,1.283107,1.4690876,0.18598060070800781
boxcar16,mem[9][5],train,zipcpu_filters,arithmetic_dsp,input_to_reg,1.283107,1.4690876,0.18598060070800781
boxcar16,mem[9][6],train,zipcpu_filters,arithmetic_dsp,input_to_reg,1.283107,1.4690876,0.18598060070800781
boxcar16,mem[9][7],train,zipcpu_filters,arithmetic_dsp,input_to_reg,1.283107,1.4690876,0.18598060070800781
boxcar16,mem[9][8],train,zipcpu_filters,arithmetic_dsp,input_to_reg,1.283107,1.4690876,0.18598060070800781
boxcar16,mem[9][9],train,zipcpu_filters,arithmetic_dsp,input_to_reg,1.283107,1.4690876,0.18598060070800781
boxcar16,memval[0],train,zipcpu_filters,arithmetic_dsp,input_to_reg,1.583821,1.4690876,0.11473339929199211
boxcar16,memval[10],train,zipcpu_filters,arithmetic_dsp,input_to_reg,1.583821,1.4806852,0.1031357659301757
boxcar16,memval[11],train,zipcpu_filters,arithmetic_dsp,input_to_reg,1.521812,1.5046269,0.01718512984466547
boxcar16,memval[12],train,zipcpu_filters,arithmetic_dsp,input_to_reg,1.521812,1.5046269,0.01718512984466547
boxcar16,memval[13],train,zipcpu_filters,arithmetic_dsp,input_to_reg,1.521812,1.5046269,0.01718512984466547
boxcar16,memval[14],train,zipcpu_filters,arithmetic_dsp,input_to_reg,1.521812,1.5046269,0.01718512984466547
boxcar16,memval[15],train,zipcpu_filters,arithmetic_dsp,input_to_reg,1.583821,1.4690876,0.11473339929199211
boxcar16,memval[1],train,zipcpu_filters,arithmetic_dsp,input_to_reg,1.583821,1.4690876,0.11473339929199211
boxcar16,memval[2],train,zipcpu_filters,arithmetic_dsp,input_to_reg,1.583821,1.4806852,0.1031357659301757
boxcar16,memval[3],train,zipcpu_filters,arithmetic_dsp,input_to_reg,1.521812,1.5046269,0.01718512984466547
boxcar16,memval[4],train,zipcpu_filters,arithmetic_dsp,input_to_reg,1.521812,1.5046269,0.01718512984466547
boxcar16,memval[5],train,zipcpu_filters,arithmetic_dsp,input_to_reg,1.583821,1.4690876,0.11473339929199211
boxcar16,memval[6],train,zipcpu_filters,arithmetic_dsp,input_to_reg,1.583821,1.4690876,0.11473339929199211
boxcar16,memval[7],train,zipcpu_filters,arithmetic_dsp,input_to_reg,1.519901,1.5046269,0.015274129844665474
boxcar16,memval[8],train,zipcpu_filters,arithmetic_dsp,input_to_reg,1.519901,1.5046269,0.015274129844665474
boxcar16,memval[9],train,zipcpu_filters,arithmetic_dsp,input_to_reg,1.521812,1.5046269,0.01718512984466547
boxcar16,o_result[0],train,zipcpu_filters,arithmetic_dsp,input_to_reg,1.548161,1.5037671,0.04439386724090566
boxcar16,o_result[10],train,zipcpu_filters,arithmetic_dsp,input_to_reg,1.548161,1.5037671,0.04439386724090566
boxcar16,o_result[11],train,zipcpu_filters,arithmetic_dsp,input_to_reg,1.548161,1.5037671,0.04439386724090566
boxcar16,o_result[12],train,zipcpu_filters,arithmetic_dsp,input_to_reg,1.548161,1.5037671,0.04439386724090566
boxcar16,o_result[13],train,zipcpu_filters,arithmetic_dsp,input_to_reg,1.548161,1.5037671,0.04439386724090566
boxcar16,o_result[14],train,zipcpu_filters,arithmetic_dsp,input_to_reg,1.548161,1.5037671,0.04439386724090566
boxcar16,o_result[15],train,zipcpu_filters,arithmetic_dsp,input_to_reg,1.548161,1.5037671,0.04439386724090566
boxcar16,o_result[16],train,zipcpu_filters,arithmetic_dsp,input_to_reg,1.069889,1.5037671,0.43387813275909415
boxcar16,o_result[17],train,zipcpu_filters,arithmetic_dsp,input_to_reg,1.532403,1.5037671,0.02863586724090572
boxcar16,o_result[18],train,zipcpu_filters,arithmetic_dsp,input_to_reg,1.548161,1.5037671,0.04439386724090566
boxcar16,o_result[19],train,zipcpu_filters,arithmetic_dsp,input_to_reg,1.548161,1.5037671,0.04439386724090566
boxcar16,o_result[1],train,zipcpu_filters,arithmetic_dsp,input_to_reg,1.548161,1.5037671,0.04439386724090566
boxcar16,o_result[2],train,zipcpu_filters,arithmetic_dsp,input_to_reg,1.548161,1.5037671,0.04439386724090566
boxcar16,o_result[3],train,zipcpu_filters,arithmetic_dsp,input_to_reg,1.548161,1.5037671,0.04439386724090566
boxcar16,o_result[4],train,zipcpu_filters,arithmetic_dsp,input_to_reg,1.548161,1.5037671,0.04439386724090566
boxcar16,o_result[5],train,zipcpu_filters,arithmetic_dsp,input_to_reg,1.548161,1.5037671,0.04439386724090566
boxcar16,o_result[6],train,zipcpu_filters,arithmetic_dsp,input_to_reg,1.548161,1.5037671,0.04439386724090566
boxcar16,o_result[7],train,zipcpu_filters,arithmetic_dsp,input_to_reg,1.548161,1.5037671,0.04439386724090566
boxcar16,o_result[8],train,zipcpu_filters,arithmetic_dsp,input_to_reg,1.548161,1.5037671,0.04439386724090566
boxcar16,o_result[9],train,zipcpu_filters,arithmetic_dsp,input_to_reg,1.548161,1.5037671,0.04439386724090566
boxcar16,preval[0],train,zipcpu_filters,arithmetic_dsp,input_to_reg,1.548161,1.5037671,0.04439386724090566
boxcar16,preval[10],train,zipcpu_filters,arithmetic_dsp,input_to_reg,1.548161,1.5037671,0.04439386724090566
boxcar16,preval[11],train,zipcpu_filters,arithmetic_dsp,input_to_reg,1.548161,1.5037671,0.04439386724090566
boxcar16,preval[12],train,zipcpu_filters,arithmetic_dsp,input_to_reg,1.548161,1.5037671,0.04439386724090566
boxcar16,preval[13],train,zipcpu_filters,arithmetic_dsp,input_to_reg,1.548161,1.5037671,0.04439386724090566
boxcar16,preval[14],train,zipcpu_filters,arithmetic_dsp,input_to_reg,1.548161,1.5037671,0.04439386724090566
boxcar16,preval[15],train,zipcpu_filters,arithmetic_dsp,input_to_reg,1.548161,1.5037671,0.04439386724090566
boxcar16,preval[1],train,zipcpu_filters,arithmetic_dsp,input_to_reg,1.548161,1.5037671,0.04439386724090566
boxcar16,preval[2],train,zipcpu_filters,arithmetic_dsp,input_to_reg,1.548161,1.5037671,0.04439386724090566
boxcar16,preval[3],train,zipcpu_filters,arithmetic_dsp,input_to_reg,1.548161,1.5037671,0.04439386724090566
boxcar16,preval[4],train,zipcpu_filters,arithmetic_dsp,input_to_reg,1.548161,1.5037671,0.04439386724090566
boxcar16,preval[5],train,zipcpu_filters,arithmetic_dsp,input_to_reg,1.548161,1.5037671,0.04439386724090566
boxcar16,preval[6],train,zipcpu_filters,arithmetic_dsp,input_to_reg,1.548161,1.5037671,0.04439386724090566
boxcar16,preval[7],train,zipcpu_filters,arithmetic_dsp,input_to_reg,1.548161,1.5037671,0.04439386724090566
boxcar16,preval[8],train,zipcpu_filters,arithmetic_dsp,input_to_reg,1.548161,1.5037671,0.04439386724090566
boxcar16,preval[9],train,zipcpu_filters,arithmetic_dsp,input_to_reg,1.548161,1.5037671,0.04439386724090566
boxcar16,rdaddr[0],train,zipcpu_filters,arithmetic_dsp,input_to_reg,1.054386,1.4780674,0.423681398071289
boxcar16,rdaddr[1],train,zipcpu_filters,arithmetic_dsp,input_to_reg,1.08549,1.5037671,0.4182771327590942
boxcar16,rdaddr[2],train,zipcpu_filters,arithmetic_dsp,input_to_reg,1.522238,1.4690876,0.05315039929199217
boxcar16,rdaddr[3],train,zipcpu_filters,arithmetic_dsp,input_to_reg,1.528004,1.4690876,0.058916399291992105
boxcar16,sub[0],train,zipcpu_filters,arithmetic_dsp,input_to_reg,1.063915,1.4690876,0.40517260070800787
boxcar16,sub[10],train,zipcpu_filters,arithmetic_dsp,input_to_reg,1.515529,1.4806852,0.034843765930175685
boxcar16,sub[11],train,zipcpu_filters,arithmetic_dsp,input_to_reg,1.525437,1.4806852,0.04475176593017571
boxcar16,sub[12],train,zipcpu_filters,arithmetic_dsp,reg_to_reg,1.515529,1.4760703,0.03945871515655508
boxcar16,sub[13],train,zipcpu_filters,arithmetic_dsp,reg_to_reg,1.525437,1.552675,0.02723800877380378
boxcar16,sub[14],train,zipcpu_filters,arithmetic_dsp,reg_to_reg,1.515529,1.552675,0.03714600877380381
boxcar16,sub[15],train,zipcpu_filters,arithmetic_dsp,reg_to_reg,1.525437,1.552675,0.02723800877380378
boxcar16,sub[16],train,zipcpu_filters,arithmetic_dsp,reg_to_reg,1.515529,1.552675,0.03714600877380381
boxcar16,sub[1],train,zipcpu_filters,arithmetic_dsp,input_to_reg,1.081605,1.4806852,0.3990802340698243
boxcar16,sub[2],train,zipcpu_filters,arithmetic_dsp,input_to_reg,1.081605,1.4806852,0.3990802340698243
boxcar16,sub[3],train,zipcpu_filters,arithmetic_dsp,input_to_reg,1.525437,1.4806852,0.04475176593017571
boxcar16,sub[4],train,zipcpu_filters,arithmetic_dsp,input_to_reg,1.515529,1.4806852,0.034843765930175685
boxcar16,sub[5],train,zipcpu_filters,arithmetic_dsp,input_to_reg,1.534702,1.4806852,0.05401676593017579
boxcar16,sub[6],train,zipcpu_filters,arithmetic_dsp,input_to_reg,1.515529,1.4806852,0.034843765930175685
boxcar16,sub[7],train,zipcpu_filters,arithmetic_dsp,input_to_reg,1.525437,1.4806852,0.04475176593017571
boxcar16,sub[8],train,zipcpu_filters,arithmetic_dsp,input_to_reg,1.515529,1.4806852,0.034843765930175685
boxcar16,sub[9],train,zipcpu_filters,arithmetic_dsp,input_to_reg,1.525437,1.4806852,0.04475176593017571
boxcar16,wraddr[0],train,zipcpu_filters,arithmetic_dsp,input_to_reg,1.525437,1.5037671,0.021669867240905694
boxcar16,wraddr[1],train,zipcpu_filters,arithmetic_dsp,input_to_reg,1.093897,1.4690876,0.3751906007080079
boxcar16,wraddr[2],train,zipcpu_filters,arithmetic_dsp,input_to_reg,1.121612,1.4690876,0.34747560070800776
boxcar16,wraddr[3],train,zipcpu_filters,arithmetic_dsp,input_to_reg,1.166365,1.4690876,0.3027226007080077
aes128,dcnt[0],train,opencores_aes,crypto_checksum,input_to_reg,1.066097,1.4389086,0.37281157696533196
aes128,dcnt[1],train,opencores_aes,crypto_checksum,input_to_reg,1.053188,1.4389086,0.385720576965332
aes128,dcnt[2],train,opencores_aes,crypto_checksum,input_to_reg,1.05941,1.6607498,0.6013397930526734
aes128,dcnt[3],train,opencores_aes,crypto_checksum,input_to_reg,1.459203,1.4389086,0.020294423034667997
aes128,done,train,opencores_aes,crypto_checksum,input_to_reg,1.48683,1.6607498,0.17391979305267324
aes128,ld_r,train,opencores_aes,crypto_checksum,input_to_reg,1.0,1.1750736,0.17507362365722656
aes128,sa00_sr[0],train,opencores_aes,crypto_checksum,reg_to_reg,1.89437,1.7699193,0.12445072376251232
aes128,sa00_sr[1],train,opencores_aes,crypto_checksum,reg_to_reg,1.88635,1.7699193,0.11643072376251218
aes128,sa00_sr[2],train,opencores_aes,crypto_checksum,reg_to_reg,1.889581,1.7699193,0.11966172376251216
aes128,sa00_sr[3],train,opencores_aes,crypto_checksum,reg_to_reg,1.888188,1.7699193,0.11826872376251218
aes128,sa00_sr[4],train,opencores_aes,crypto_checksum,reg_to_reg,1.875272,1.7699193,0.10535272376251226
aes128,sa00_sr[5],train,opencores_aes,crypto_checksum,reg_to_reg,1.845651,1.7699193,0.07573172376251214
aes128,sa00_sr[6],train,opencores_aes,crypto_checksum,reg_to_reg,1.893014,1.7699193,0.12309472376251218
aes128,sa00_sr[7],train,opencores_aes,crypto_checksum,reg_to_reg,1.879272,1.7565145,0.12275745074462896
aes128,sa01_sr[0],train,opencores_aes,crypto_checksum,reg_to_reg,1.871693,1.7699193,0.10177372376251226
aes128,sa01_sr[1],train,opencores_aes,crypto_checksum,reg_to_reg,1.863366,1.7699193,0.09344672376251228
aes128,sa01_sr[2],train,opencores_aes,crypto_checksum,reg_to_reg,1.875133,1.7520834,0.12304957924652093
aes128,sa01_sr[3],train,opencores_aes,crypto_checksum,reg_to_reg,1.86869,1.7699193,0.09877072376251217
aes128,sa01_sr[4],train,opencores_aes,crypto_checksum,reg_to_reg,1.873803,1.7699193,0.10388372376251231
aes128,sa01_sr[5],train,opencores_aes,crypto_checksum,reg_to_reg,1.876886,1.7699193,0.10696672376251226
aes128,sa01_sr[6],train,opencores_aes,crypto_checksum,reg_to_reg,1.946147,1.7699193,0.17622772376251228
aes128,sa01_sr[7],train,opencores_aes,crypto_checksum,reg_to_reg,1.878714,1.7565145,0.1221994507446289
aes128,sa02_sr[0],train,opencores_aes,crypto_checksum,reg_to_reg,1.841262,1.7699193,0.07134272376251216
aes128,sa02_sr[1],train,opencores_aes,crypto_checksum,reg_to_reg,1.861371,1.7699193,0.09145172376251232
aes128,sa02_sr[2],train,opencores_aes,crypto_checksum,reg_to_reg,1.883432,1.7699193,0.1135127237625122
aes128,sa02_sr[3],train,opencores_aes,crypto_checksum,reg_to_reg,1.879714,1.7699193,0.10979472376251231
aes128,sa02_sr[4],train,opencores_aes,crypto_checksum,reg_to_reg,1.912418,1.7565145,0.15590345074462886
aes128,sa02_sr[5],train,opencores_aes,crypto_checksum,reg_to_reg,1.853255,1.7699193,0.0833357237625123
aes128,sa02_sr[6],train,opencores_aes,crypto_checksum,reg_to_reg,1.841718,1.7699193,0.07179872376251217
aes128,sa02_sr[7],train,opencores_aes,crypto_checksum,reg_to_reg,1.89051,1.7699193,0.12059072376251212
aes128,sa03_sr[0],train,opencores_aes,crypto_checksum,reg_to_reg,1.866273,1.749035,0.11723799919891364
aes128,sa03_sr[1],train,opencores_aes,crypto_checksum,reg_to_reg,1.910054,1.7699193,0.14013472376251213
aes128,sa03_sr[2],train,opencores_aes,crypto_checksum,reg_to_reg,1.895354,1.7699193,0.1254347237625122
aes128,sa03_sr[3],train,opencores_aes,crypto_checksum,reg_to_reg,1.881695,1.7699193,0.1117757237625121
aes128,sa03_sr[4],train,opencores_aes,crypto_checksum,reg_to_reg,1.90983,1.7699193,0.13991072376251212
aes128,sa03_sr[5],train,opencores_aes,crypto_checksum,reg_to_reg,1.900886,1.7699193,0.13096672376251228
aes128,sa03_sr[6],train,opencores_aes,crypto_checksum,reg_to_reg,1.921583,1.7699193,0.15166372376251225
aes128,sa03_sr[7],train,opencores_aes,crypto_checksum,reg_to_reg,1.903721,1.7699193,0.1338017237625122
aes128,sa10_sr[0],train,opencores_aes,crypto_checksum,reg_to_reg,1.873865,1.7699193,0.1039457237625121
aes128,sa10_sr[1],train,opencores_aes,crypto_checksum,reg_to_reg,1.867103,1.7699193,0.09718372376251216
aes128,sa10_sr[2],train,opencores_aes,crypto_checksum,reg_to_reg,1.8863,1.7699193,0.1163807237625123
aes128,sa10_sr[3],train,opencores_aes,crypto_checksum,reg_to_reg,1.873963,1.7699193,0.10404372376251225
aes128,sa10_sr[4],train,opencores_aes,crypto_checksum,reg_to_reg,1.883751,1.7565145,0.12723645074462886
aes128,sa10_sr[5],train,opencores_aes,crypto_checksum,reg_to_reg,1.863361,1.7699193,0.09344172376251225
aes128,sa10_sr[6],train,opencores_aes,crypto_checksum,reg_to_reg,1.873047,1.7699193,0.10312772376251211
aes128,sa10_sr[7],train,opencores_aes,crypto_checksum,reg_to_reg,1.89018,1.7565145,0.13366545074462888
aes128,sa11_sr[0],train,opencores_aes,crypto_checksum,reg_to_reg,1.992827,1.7699193,0.2229077237625121
aes128,sa11_sr[1],train,opencores_aes,crypto_checksum,reg_to_reg,1.920577,1.7565145,0.16406245074462888
aes128,sa11_sr[2],train,opencores_aes,crypto_checksum,reg_to_reg,1.952002,1.7699193,0.18208272376251222
aes128,sa11_sr[3],train,opencores_aes,crypto_checksum,reg_to_reg,1.922676,1.7699193,0.15275672376251226
aes128,sa11_sr[4],train,opencores_aes,crypto_checksum,reg_to_reg,1.944303,1.7699193,0.1743837237625121
aes128,sa11_sr[5],train,opencores_aes,crypto_checksum,reg_to_reg,1.949265,1.7699193,0.17934572376251223
aes128,sa11_sr[6],train,opencores_aes,crypto_checksum,reg_to_reg,1.950613,1.7699193,0.18069372376251214
aes128,sa11_sr[7],train,opencores_aes,crypto_checksum,reg_to_reg,1.915748,1.7699193,0.1458287237625122
aes128,sa12_sr[0],train,opencores_aes,crypto_checksum,reg_to_reg,1.874806,1.7565145,0.11829145074462888
aes128,sa12_sr[1],train,opencores_aes,crypto_checksum,reg_to_reg,1.8941,1.7699193,0.1241807237625121
aes128,sa12_sr[2],train,opencores_aes,crypto_checksum,reg_to_reg,1.896739,1.7699193,0.12681972376251216
aes128,sa12_sr[3],train,opencores_aes,crypto_checksum,reg_to_reg,1.90658,1.7699193,0.13666072376251215
aes128,sa12_sr[4],train,opencores_aes,crypto_checksum,reg_to_reg,1.869592,1.7699193,0.09967272376251213
aes128,sa12_sr[5],train,opencores_aes,crypto_checksum,reg_to_reg,1.902028,1.7699193,0.13210872376251226
aes128,sa12_sr[6],train,opencores_aes,crypto_checksum,reg_to_reg,1.895421,1.7699193,0.12550172376251223
aes128,sa12_sr[7],train,opencores_aes,crypto_checksum,reg_to_reg,1.870561,1.7699193,0.10064172376251213
aes128,sa13_sr[0],train,opencores_aes,crypto_checksum,reg_to_reg,1.94102,1.7699193,0.17110072376251217
aes128,sa13_sr[1],train,opencores_aes,crypto_checksum,reg_to_reg,1.910463,1.7565145,0.15394845074462893
aes128,sa13_sr[2],train,opencores_aes,crypto_checksum,reg_to_reg,1.924801,1.7699193,0.1548817237625122
aes128,sa13_sr[3],train,opencores_aes,crypto_checksum,reg_to_reg,1.913275,1.7699193,0.14335572376251227
aes128,sa13_sr[4],train,opencores_aes,crypto_checksum,reg_to_reg,1.916089,1.7699193,0.14616972376251214
aes128,sa13_sr[5],train,opencores_aes,crypto_checksum,reg_to_reg,1.885897,1.7699193,0.11597772376251214
aes128,sa13_sr[6],train,opencores_aes,crypto_checksum,reg_to_reg,1.931978,1.7699193,0.16205872376251218
aes128,sa13_sr[7],train,opencores_aes,crypto_checksum,reg_to_reg,1.924252,1.7565145,0.16773745074462898
aes128,sa20_sr[0],train,opencores_aes,crypto_checksum,reg_to_reg,1.947138,1.7699193,0.17721872376251224
aes128,sa20_sr[1],train,opencores_aes,crypto_checksum,reg_to_reg,1.932507,1.7699193,0.16258772376251218
aes128,sa20_sr[2],train,opencores_aes,crypto_checksum,reg_to_reg,1.95818,1.7699193,0.18826072376251224
aes128,sa20_sr[3],train,opencores_aes,crypto_checksum,reg_to_reg,1.963948,1.7699193,0.19402872376251223
aes128,sa20_sr[4],train,opencores_aes,crypto_checksum,reg_to_reg,1.966176,1.7699193,0.19625672376251213
aes128,sa20_sr[5],train,opencores_aes,crypto_checksum,reg_to_reg,1.91148,1.7699193,0.14156072376251227
aes128,sa20_sr[6],train,opencores_aes,crypto_checksum,reg_to_reg,1.942015,1.7699193,0.17209572376251225
aes128,sa20_sr[7],train,opencores_aes,crypto_checksum,reg_to_reg,1.953962,1.7699193,0.18404272376251218
aes128,sa21_sr[0],train,opencores_aes,crypto_checksum,reg_to_reg,1.931227,1.7699193,0.16130772376251223
aes128,sa21_sr[1],train,opencores_aes,crypto_checksum,reg_to_reg,1.947534,1.7699193,0.1776147237625123
aes128,sa21_sr[2],train,opencores_aes,crypto_checksum,reg_to_reg,1.936571,1.7699193,0.16665172376251225
aes128,sa21_sr[3],train,opencores_aes,crypto_checksum,reg_to_reg,1.93576,1.7699193,0.16584072376251213
aes128,sa21_sr[4],train,opencores_aes,crypto_checksum,reg_to_reg,1.968755,1.7699193,0.19883572376251224
aes128,sa21_sr[5],train,opencores_aes,crypto_checksum,reg_to_reg,1.94383,1.7699193,0.17391072376251215
aes128,sa21_sr[6],train,opencores_aes,crypto_checksum,reg_to_reg,1.927808,1.7699193,0.15788872376251217
aes128,sa21_sr[7],train,opencores_aes,crypto_checksum,reg_to_reg,1.95877,1.7699193,0.1888507237625121
aes128,sa22_sr[0],train,opencores_aes,crypto_checksum,reg_to_reg,1.883525,1.7699193,0.1136057237625121
aes128,sa22_sr[1],train,opencores_aes,crypto_checksum,reg_to_reg,1.890349,1.7699193,0.12042972376251226
aes128,sa22_sr[2],train,opencores_aes,crypto_checksum,reg_to_reg,1.893497,1.7699193,0.12357772376251219
aes128,sa22_sr[3],train,opencores_aes,crypto_checksum,reg_to_reg,1.881352,1.7699193,0.11143272376251212
aes128,sa22_sr[4],train,opencores_aes,crypto_checksum,reg_to_reg,1.863097,1.7565145,0.10658245074462891
aes128,sa22_sr[5],train,opencores_aes,crypto_checksum,reg_to_reg,1.877184,1.7699193,0.10726472376251217
aes128,sa22_sr[6],train,opencores_aes,crypto_checksum,reg_to_reg,1.887388,1.7699193,0.11746872376251227
aes128,sa22_sr[7],train,opencores_aes,crypto_checksum,reg_to_reg,1.869337,1.7699193,0.09941772376251223
aes128,sa23_sr[0],train,opencores_aes,crypto_checksum,reg_to_reg,1.9223,1.7699193,0.1523807237625121
aes128,sa23_sr[1],train,opencores_aes,crypto_checksum,reg_to_reg,1.941555,1.7699193,0.17163572376251213
aes128,sa23_sr[2],train,opencores_aes,crypto_checksum,reg_to_reg,1.933828,1.7699193,0.1639087237625123
aes128,sa23_sr[3],train,opencores_aes,crypto_checksum,reg_to_reg,1.970689,1.7699193,0.20076972376251212
aes128,sa23_sr[4],train,opencores_aes,crypto_checksum,reg_to_reg,1.914328,1.7699193,0.14440872376251224
aes128,sa23_sr[5],train,opencores_aes,crypto_checksum,reg_to_reg,1.897916,1.7699193,0.12799672376251214
aes128,sa23_sr[6],train,opencores_aes,crypto_checksum,reg_to_reg,1.929725,1.7699193,0.15980572376251212
aes128,sa23_sr[7],train,opencores_aes,crypto_checksum,reg_to_reg,1.901579,1.7565145,0.14506445074462881
aes128,sa30_sr[0],train,opencores_aes,crypto_checksum,reg_to_reg,1.93748,1.7699193,0.1675607237625123
aes128,sa30_sr[1],train,opencores_aes,crypto_checksum,reg_to_reg,1.882312,1.7699193,0.11239272376251219
aes128,sa30_sr[2],train,opencores_aes,crypto_checksum,reg_to_reg,1.892604,1.7699193,0.12268472376251216
aes128,sa30_sr[3],train,opencores_aes,crypto_checksum,reg_to_reg,1.922498,1.7565145,0.16598345074462895
aes128,sa30_sr[4],train,opencores_aes,crypto_checksum,reg_to_reg,1.886599,1.7565145,0.13008445074462882
aes128,sa30_sr[5],train,opencores_aes,crypto_checksum,reg_to_reg,1.918609,1.7699193,0.14868972376251222
aes128,sa30_sr[6],train,opencores_aes,crypto_checksum,reg_to_reg,1.897397,1.7699193,0.1274777237625122
aes128,sa30_sr[7],train,opencores_aes,crypto_checksum,reg_to_reg,1.857116,1.7699193,0.0871967237625122
aes128,sa31_sr[0],train,opencores_aes,crypto_checksum,reg_to_reg,1.910648,1.7699193,0.1407287237625121
aes128,sa31_sr[1],train,opencores_aes,crypto_checksum,reg_to_reg,1.860858,1.7699193,0.09093872376251211
aes128,sa31_sr[2],train,opencores_aes,crypto_checksum,reg_to_reg,1.882366,1.7318126,0.15055340367889403
aes128,sa31_sr[3],train,opencores_aes,crypto_checksum,reg_to_reg,1.829336,1.7699193,0.05941672376251228
aes128,sa31_sr[4],train,opencores_aes,crypto_checksum,reg_to_reg,1.883183,1.7565145,0.12666845074462896
aes128,sa31_sr[5],train,opencores_aes,crypto_checksum,reg_to_reg,1.856932,1.7699193,0.08701272376251223
aes128,sa31_sr[6],train,opencores_aes,crypto_checksum,reg_to_reg,1.8595,1.7699193,0.08958072376251214
aes128,sa31_sr[7],train,opencores_aes,crypto_checksum,reg_to_reg,1.886455,1.7565145,0.1299404507446289
aes128,sa32_sr[0],train,opencores_aes,crypto_checksum,reg_to_reg,1.936489,1.7699193,0.1665697237625121
aes128,sa32_sr[1],train,opencores_aes,crypto_checksum,reg_to_reg,1.948777,1.7699193,0.1788577237625122
aes128,sa32_sr[2],train,opencores_aes,crypto_checksum,reg_to_reg,1.934634,1.7699193,0.16471472376251217
aes128,sa32_sr[3],train,opencores_aes,crypto_checksum,reg_to_reg,1.9129,1.7699193,0.14298072376251225
aes128,sa32_sr[4],train,opencores_aes,crypto_checksum,reg_to_reg,1.908195,1.7699193,0.1382757237625123
aes128,sa32_sr[5],train,opencores_aes,crypto_checksum,reg_to_reg,1.904837,1.7699193,0.1349177237625121
aes128,sa32_sr[6],train,opencores_aes,crypto_checksum,reg_to_reg,1.984541,1.7699193,0.21462172376251232
aes128,sa32_sr[7],train,opencores_aes,crypto_checksum,reg_to_reg,1.922416,1.7699193,0.1524967237625121
aes128,sa33_sr[0],train,opencores_aes,crypto_checksum,reg_to_reg,1.941136,1.7699193,0.17121672376251218
aes128,sa33_sr[1],train,opencores_aes,crypto_checksum,reg_to_reg,1.884637,1.7699193,0.1147177237625121
aes128,sa33_sr[2],train,opencores_aes,crypto_checksum,reg_to_reg,1.851783,1.7699193,0.08186372376251216
aes128,sa33_sr[3],train,opencores_aes,crypto_checksum,reg_to_reg,1.884283,1.7699193,0.11436372376251214
aes128,sa33_sr[4],train,opencores_aes,crypto_checksum,reg_to_reg,1.949365,1.7565145,0.19285045074462892
aes128,sa33_sr[5],train,opencores_aes,crypto_checksum,reg_to_reg,1.912963,1.7699193,0.14304372376251218
aes128,sa33_sr[6],train,opencores_aes,crypto_checksum,reg_to_reg,1.931566,1.7699193,0.1616467237625121
aes128,sa33_sr[7],train,opencores_aes,crypto_checksum,reg_to_reg,1.874147,1.7699193,0.10422772376251221
aes128,text_in_r[0],train,opencores_aes,crypto_checksum,input_to_reg,1.072093,1.3229415,0.25084854167175297
aes128,text_in_r[100],train,opencores_aes,crypto_checksum,input_to_reg,1.072093,1.3229415,0.25084854167175297
aes128,text_in_r[101],train,opencores_aes,crypto_checksum,input_to_reg,1.072093,1.3229415,0.25084854167175297
aes128,text_in_r[102],train,opencores_aes,crypto_checksum,input_to_reg,1.072093,1.3229415,0.25084854167175297
aes128,text_in_r[103],train,opencores_aes,crypto_checksum,input_to_reg,1.072093,1.3229415,0.25084854167175297
aes128,text_in_r[104],train,opencores_aes,crypto_checksum,input_to_reg,1.072093,1.3229415,0.25084854167175297
aes128,text_in_r[105],train,opencores_aes,crypto_checksum,input_to_reg,1.072093,1.3229415,0.25084854167175297
aes128,text_in_r[106],train,opencores_aes,crypto_checksum,input_to_reg,1.072093,1.3229415,0.25084854167175297
aes128,text_in_r[107],train,opencores_aes,crypto_checksum,input_to_reg,1.072093,1.3229415,0.25084854167175297
aes128,text_in_r[108],train,opencores_aes,crypto_checksum,input_to_reg,1.072093,1.3229415,0.25084854167175297
aes128,text_in_r[109],train,opencores_aes,crypto_checksum,input_to_reg,1.072093,1.3229415,0.25084854167175297
aes128,text_in_r[10],train,opencores_aes,crypto_checksum,input_to_reg,1.072093,1.3229415,0.25084854167175297
aes128,text_in_r[110],train,opencores_aes,crypto_checksum,input_to_reg,1.072093,1.3229415,0.25084854167175297
aes128,text_in_r[111],train,opencores_aes,crypto_checksum,input_to_reg,1.072093,1.3229415,0.25084854167175297
aes128,text_in_r[112],train,opencores_aes,crypto_checksum,input_to_reg,1.072093,1.3229415,0.25084854167175297
aes128,text_in_r[113],train,opencores_aes,crypto_checksum,input_to_reg,1.072093,1.3229415,0.25084854167175297
aes128,text_in_r[114],train,opencores_aes,crypto_checksum,input_to_reg,1.072093,1.3229415,0.25084854167175297
aes128,text_in_r[115],train,opencores_aes,crypto_checksum,input_to_reg,1.072093,1.3229415,0.25084854167175297
aes128,text_in_r[116],train,opencores_aes,crypto_checksum,input_to_reg,1.072093,1.3229415,0.25084854167175297
aes128,text_in_r[117],train,opencores_aes,crypto_checksum,input_to_reg,1.072093,1.3229415,0.25084854167175297
aes128,text_in_r[118],train,opencores_aes,crypto_checksum,input_to_reg,1.072093,1.3229415,0.25084854167175297
aes128,text_in_r[119],train,opencores_aes,crypto_checksum,input_to_reg,1.072093,1.3229415,0.25084854167175297
aes128,text_in_r[11],train,opencores_aes,crypto_checksum,input_to_reg,1.072093,1.3229415,0.25084854167175297
aes128,text_in_r[120],train,opencores_aes,crypto_checksum,input_to_reg,1.072093,1.3229415,0.25084854167175297
aes128,text_in_r[121],train,opencores_aes,crypto_checksum,input_to_reg,1.072093,1.3229415,0.25084854167175297
aes128,text_in_r[122],train,opencores_aes,crypto_checksum,input_to_reg,1.072093,1.3229415,0.25084854167175297
aes128,text_in_r[123],train,opencores_aes,crypto_checksum,input_to_reg,1.072093,1.3229415,0.25084854167175297
aes128,text_in_r[124],train,opencores_aes,crypto_checksum,input_to_reg,1.072093,1.3229415,0.25084854167175297
aes128,text_in_r[125],train,opencores_aes,crypto_checksum,input_to_reg,1.072093,1.3229415,0.25084854167175297
aes128,text_in_r[126],train,opencores_aes,crypto_checksum,input_to_reg,1.072093,1.3229415,0.25084854167175297
aes128,text_in_r[127],train,opencores_aes,crypto_checksum,input_to_reg,1.072093,1.3229415,0.25084854167175297
aes128,text_in_r[12],train,opencores_aes,crypto_checksum,input_to_reg,1.072093,1.3229415,0.25084854167175297
aes128,text_in_r[13],train,opencores_aes,crypto_checksum,input_to_reg,1.072093,1.3229415,0.25084854167175297
aes128,text_in_r[14],train,opencores_aes,crypto_checksum,input_to_reg,1.072093,1.3229415,0.25084854167175297
aes128,text_in_r[15],train,opencores_aes,crypto_checksum,input_to_reg,1.072093,1.3229415,0.25084854167175297
aes128,text_in_r[16],train,opencores_aes,crypto_checksum,input_to_reg,1.072093,1.3229415,0.25084854167175297
aes128,text_in_r[17],train,opencores_aes,crypto_checksum,input_to_reg,1.072093,1.3229415,0.25084854167175297
aes128,text_in_r[18],train,opencores_aes,crypto_checksum,input_to_reg,1.072093,1.3229415,0.25084854167175297
aes128,text_in_r[19],train,opencores_aes,crypto_checksum,input_to_reg,1.072093,1.3229415,0.25084854167175297
aes128,text_in_r[1],train,opencores_aes,crypto_checksum,input_to_reg,1.072093,1.3229415,0.25084854167175297
aes128,text_in_r[20],train,opencores_aes,crypto_checksum,input_to_reg,1.072093,1.3229415,0.25084854167175297
aes128,text_in_r[21],train,opencores_aes,crypto_checksum,input_to_reg,1.072093,1.3229415,0.25084854167175297
aes128,text_in_r[22],train,opencores_aes,crypto_checksum,input_to_reg,1.072093,1.3229415,0.25084854167175297
aes128,text_in_r[23],train,opencores_aes,crypto_checksum,input_to_reg,1.072093,1.3229415,0.25084854167175297
aes128,text_in_r[24],train,opencores_aes,crypto_checksum,input_to_reg,1.072093,1.3229415,0.25084854167175297
aes128,text_in_r[25],train,opencores_aes,crypto_checksum,input_to_reg,1.072093,1.3229415,0.25084854167175297
aes128,text_in_r[26],train,opencores_aes,crypto_checksum,input_to_reg,1.072093,1.3229415,0.25084854167175297
aes128,text_in_r[27],train,opencores_aes,crypto_checksum,input_to_reg,1.072093,1.3229415,0.25084854167175297
aes128,text_in_r[28],train,opencores_aes,crypto_checksum,input_to_reg,1.072093,1.3229415,0.25084854167175297
aes128,text_in_r[29],train,opencores_aes,crypto_checksum,input_to_reg,1.072093,1.3229415,0.25084854167175297
aes128,text_in_r[2],train,opencores_aes,crypto_checksum,input_to_reg,1.072093,1.3229415,0.25084854167175297
aes128,text_in_r[30],train,opencores_aes,crypto_checksum,input_to_reg,1.072093,1.3229415,0.25084854167175297
aes128,text_in_r[31],train,opencores_aes,crypto_checksum,input_to_reg,1.072093,1.3229415,0.25084854167175297
aes128,text_in_r[32],train,opencores_aes,crypto_checksum,input_to_reg,1.072093,1.3229415,0.25084854167175297
aes128,text_in_r[33],train,opencores_aes,crypto_checksum,input_to_reg,1.072093,1.3229415,0.25084854167175297
aes128,text_in_r[34],train,opencores_aes,crypto_checksum,input_to_reg,1.072093,1.3229415,0.25084854167175297
aes128,text_in_r[35],train,opencores_aes,crypto_checksum,input_to_reg,1.072093,1.3229415,0.25084854167175297
aes128,text_in_r[36],train,opencores_aes,crypto_checksum,input_to_reg,1.072093,1.3229415,0.25084854167175297
aes128,text_in_r[37],train,opencores_aes,crypto_checksum,input_to_reg,1.072093,1.3229415,0.25084854167175297
aes128,text_in_r[38],train,opencores_aes,crypto_checksum,input_to_reg,1.072093,1.3229415,0.25084854167175297
aes128,text_in_r[39],train,opencores_aes,crypto_checksum,input_to_reg,1.072093,1.3229415,0.25084854167175297
aes128,text_in_r[3],train,opencores_aes,crypto_checksum,input_to_reg,1.072093,1.3229415,0.25084854167175297
aes128,text_in_r[40],train,opencores_aes,crypto_checksum,input_to_reg,1.072093,1.3229415,0.25084854167175297
aes128,text_in_r[41],train,opencores_aes,crypto_checksum,input_to_reg,1.072093,1.3229415,0.25084854167175297
aes128,text_in_r[42],train,opencores_aes,crypto_checksum,input_to_reg,1.072093,1.3229415,0.25084854167175297
aes128,text_in_r[43],train,opencores_aes,crypto_checksum,input_to_reg,1.072093,1.3229415,0.25084854167175297
aes128,text_in_r[44],train,opencores_aes,crypto_checksum,input_to_reg,1.072093,1.3229415,0.25084854167175297
aes128,text_in_r[45],train,opencores_aes,crypto_checksum,input_to_reg,1.072093,1.3229415,0.25084854167175297
aes128,text_in_r[46],train,opencores_aes,crypto_checksum,input_to_reg,1.072093,1.3229415,0.25084854167175297
aes128,text_in_r[47],train,opencores_aes,crypto_checksum,input_to_reg,1.072093,1.3229415,0.25084854167175297
aes128,text_in_r[48],train,opencores_aes,crypto_checksum,input_to_reg,1.072093,1.3229415,0.25084854167175297
aes128,text_in_r[49],train,opencores_aes,crypto_checksum,input_to_reg,1.072093,1.3229415,0.25084854167175297
aes128,text_in_r[4],train,opencores_aes,crypto_checksum,input_to_reg,1.072093,1.3229415,0.25084854167175297
aes128,text_in_r[50],train,opencores_aes,crypto_checksum,input_to_reg,1.072093,1.3229415,0.25084854167175297
aes128,text_in_r[51],train,opencores_aes,crypto_checksum,input_to_reg,1.072093,1.3229415,0.25084854167175297
aes128,text_in_r[52],train,opencores_aes,crypto_checksum,input_to_reg,1.072093,1.3229415,0.25084854167175297
aes128,text_in_r[53],train,opencores_aes,crypto_checksum,input_to_reg,1.072093,1.3229415,0.25084854167175297
aes128,text_in_r[54],train,opencores_aes,crypto_checksum,input_to_reg,1.072093,1.3229415,0.25084854167175297
aes128,text_in_r[55],train,opencores_aes,crypto_checksum,input_to_reg,1.072093,1.3229415,0.25084854167175297
aes128,text_in_r[56],train,opencores_aes,crypto_checksum,input_to_reg,1.072093,1.3229415,0.25084854167175297
aes128,text_in_r[57],train,opencores_aes,crypto_checksum,input_to_reg,1.072093,1.3229415,0.25084854167175297
aes128,text_in_r[58],train,opencores_aes,crypto_checksum,input_to_reg,1.072093,1.3229415,0.25084854167175297
aes128,text_in_r[59],train,opencores_aes,crypto_checksum,input_to_reg,1.072093,1.3229415,0.25084854167175297
aes128,text_in_r[5],train,opencores_aes,crypto_checksum,input_to_reg,1.072093,1.3229415,0.25084854167175297
aes128,text_in_r[60],train,opencores_aes,crypto_checksum,input_to_reg,1.072093,1.3229415,0.25084854167175297
aes128,text_in_r[61],train,opencores_aes,crypto_checksum,input_to_reg,1.072093,1.3229415,0.25084854167175297
aes128,text_in_r[62],train,opencores_aes,crypto_checksum,input_to_reg,1.072093,1.3229415,0.25084854167175297
aes128,text_in_r[63],train,opencores_aes,crypto_checksum,input_to_reg,1.072093,1.3229415,0.25084854167175297
aes128,text_in_r[64],train,opencores_aes,crypto_checksum,input_to_reg,1.072093,1.3229415,0.25084854167175297
aes128,text_in_r[65],train,opencores_aes,crypto_checksum,input_to_reg,1.072093,1.3229415,0.25084854167175297
aes128,text_in_r[66],train,opencores_aes,crypto_checksum,input_to_reg,1.072093,1.3229415,0.25084854167175297
aes128,text_in_r[67],train,opencores_aes,crypto_checksum,input_to_reg,1.072093,1.3229415,0.25084854167175297
aes128,text_in_r[68],train,opencores_aes,crypto_checksum,input_to_reg,1.072093,1.3229415,0.25084854167175297
aes128,text_in_r[69],train,opencores_aes,crypto_checksum,input_to_reg,1.072093,1.3229415,0.25084854167175297
aes128,text_in_r[6],train,opencores_aes,crypto_checksum,input_to_reg,1.072093,1.3229415,0.25084854167175297
aes128,text_in_r[70],train,opencores_aes,crypto_checksum,input_to_reg,1.072093,1.3229415,0.25084854167175297
aes128,text_in_r[71],train,opencores_aes,crypto_checksum,input_to_reg,1.072093,1.3229415,0.25084854167175297
aes128,text_in_r[72],train,opencores_aes,crypto_checksum,input_to_reg,1.072093,1.3229415,0.25084854167175297
aes128,text_in_r[73],train,opencores_aes,crypto_checksum,input_to_reg,1.072093,1.3229415,0.25084854167175297
aes128,text_in_r[74],train,opencores_aes,crypto_checksum,input_to_reg,1.072093,1.3229415,0.25084854167175297
aes128,text_in_r[75],train,opencores_aes,crypto_checksum,input_to_reg,1.072093,1.3229415,0.25084854167175297
aes128,text_in_r[76],train,opencores_aes,crypto_checksum,input_to_reg,1.072093,1.3229415,0.25084854167175297
aes128,text_in_r[77],train,opencores_aes,crypto_checksum,input_to_reg,1.072093,1.3229415,0.25084854167175297
aes128,text_in_r[78],train,opencores_aes,crypto_checksum,input_to_reg,1.072093,1.3229415,0.25084854167175297
aes128,text_in_r[79],train,opencores_aes,crypto_checksum,input_to_reg,1.072093,1.3229415,0.25084854167175297
aes128,text_in_r[7],train,opencores_aes,crypto_checksum,input_to_reg,1.072093,1.3229415,0.25084854167175297
aes128,text_in_r[80],train,opencores_aes,crypto_checksum,input_to_reg,1.072093,1.3229415,0.25084854167175297
aes128,text_in_r[81],train,opencores_aes,crypto_checksum,input_to_reg,1.072093,1.3229415,0.25084854167175297
aes128,text_in_r[82],train,opencores_aes,crypto_checksum,input_to_reg,1.072093,1.3229415,0.25084854167175297
aes128,text_in_r[83],train,opencores_aes,crypto_checksum,input_to_reg,1.072093,1.3229415,0.25084854167175297
aes128,text_in_r[84],train,opencores_aes,crypto_checksum,input_to_reg,1.072093,1.3229415,0.25084854167175297
aes128,text_in_r[85],train,opencores_aes,crypto_checksum,input_to_reg,1.072093,1.3229415,0.25084854167175297
aes128,text_in_r[86],train,opencores_aes,crypto_checksum,input_to_reg,1.072093,1.3229415,0.25084854167175297
aes128,text_in_r[87],train,opencores_aes,crypto_checksum,input_to_reg,1.072093,1.3229415,0.25084854167175297
aes128,text_in_r[88],train,opencores_aes,crypto_checksum,input_to_reg,1.072093,1.3229415,0.25084854167175297
aes128,text_in_r[89],train,opencores_aes,crypto_checksum,input_to_reg,1.072093,1.3229415,0.25084854167175297
aes128,text_in_r[8],train,opencores_aes,crypto_checksum,input_to_reg,1.072093,1.3229415,0.25084854167175297
aes128,text_in_r[90],train,opencores_aes,crypto_checksum,input_to_reg,1.072093,1.3229415,0.25084854167175297
aes128,text_in_r[91],train,opencores_aes,crypto_checksum,input_to_reg,1.072093,1.3229415,0.25084854167175297
aes128,text_in_r[92],train,opencores_aes,crypto_checksum,input_to_reg,1.072093,1.3229415,0.25084854167175297
aes128,text_in_r[93],train,opencores_aes,crypto_checksum,input_to_reg,1.072093,1.3229415,0.25084854167175297
aes128,text_in_r[94],train,opencores_aes,crypto_checksum,input_to_reg,1.072093,1.3229415,0.25084854167175297
aes128,text_in_r[95],train,opencores_aes,crypto_checksum,input_to_reg,1.072093,1.3229415,0.25084854167175297
aes128,text_in_r[96],train,opencores_aes,crypto_checksum,input_to_reg,1.072093,1.3229415,0.25084854167175297
aes128,text_in_r[97],train,opencores_aes,crypto_checksum,input_to_reg,1.072093,1.3229415,0.25084854167175297
aes128,text_in_r[98],train,opencores_aes,crypto_checksum,input_to_reg,1.072093,1.3229415,0.25084854167175297
aes128,text_in_r[99],train,opencores_aes,crypto_checksum,input_to_reg,1.072093,1.3229415,0.25084854167175297
aes128,text_in_r[9],train,opencores_aes,crypto_checksum,input_to_reg,1.072093,1.3229415,0.25084854167175297
aes128,text_out[0],train,opencores_aes,crypto_checksum,reg_to_reg,0.168249,0.70093733,0.5326883307228089
aes128,text_out[100],train,opencores_aes,crypto_checksum,reg_to_reg,0.167293,0.70093733,0.5336443307228088
aes128,text_out[101],train,opencores_aes,crypto_checksum,reg_to_reg,0.162129,0.70093733,0.5388083307228089
aes128,text_out[102],train,opencores_aes,crypto_checksum,reg_to_reg,0.174515,0.70093733,0.5264223307228089
aes128,text_out[103],train,opencores_aes,crypto_checksum,reg_to_reg,0.186007,0.70093733,0.5149303307228088
aes128,text_out[104],train,opencores_aes,crypto_checksum,reg_to_reg,0.162129,0.70093733,0.5388083307228089
aes128,text_out[105],train,opencores_aes,crypto_checksum,reg_to_reg,0.168616,0.70093733,0.5323213307228088
aes128,text_out[106],train,opencores_aes,crypto_checksum,reg_to_reg,0.167293,0.70093733,0.5336443307228088
aes128,text_out[107],train,opencores_aes,crypto_checksum,reg_to_reg,0.167293,0.70093733,0.5336443307228088
aes128,text_out[108],train,opencores_aes,crypto_checksum,reg_to_reg,0.162129,0.70093733,0.5388083307228089
aes128,text_out[109],train,opencores_aes,crypto_checksum,reg_to_reg,0.168618,0.70093733,0.5323193307228089
aes128,text_out[10],train,opencores_aes,crypto_checksum,reg_to_reg,0.173558,0.70093733,0.5273793307228088
aes128,text_out[110],train,opencores_aes,crypto_checksum,reg_to_reg,0.162129,0.70093733,0.5388083307228089
aes128,text_out[111],train,opencores_aes,crypto_checksum,reg_to_reg,0.183859,0.70093733,0.5170783307228088
aes128,text_out[112],train,opencores_aes,crypto_checksum,reg_to_reg,0.162129,0.70093733,0.5388083307228089
aes128,text_out[113],train,opencores_aes,crypto_checksum,reg_to_reg,0.162129,0.70093733,0.5388083307228089
aes128,text_out[114],train,opencores_aes,crypto_checksum,reg_to_reg,0.162129,0.70093733,0.5388083307228089
aes128,text_out[115],train,opencores_aes,crypto_checksum,reg_to_reg,0.162129,0.70093733,0.5388083307228089
aes128,text_out[116],train,opencores_aes,crypto_checksum,reg_to_reg,0.162129,0.70093733,0.5388083307228089
aes128,text_out[117],train,opencores_aes,crypto_checksum,reg_to_reg,0.162129,0.70093733,0.5388083307228089
aes128,text_out[118],train,opencores_aes,crypto_checksum,reg_to_reg,0.162129,0.70093733,0.5388083307228089
aes128,text_out[119],train,opencores_aes,crypto_checksum,reg_to_reg,0.189384,0.70093733,0.5115533307228088
aes128,text_out[11],train,opencores_aes,crypto_checksum,reg_to_reg,0.167295,0.70093733,0.5336423307228089
aes128,text_out[120],train,opencores_aes,crypto_checksum,reg_to_reg,0.163372,0.70093733,0.5375653307228089
aes128,text_out[121],train,opencores_aes,crypto_checksum,reg_to_reg,0.163372,0.70093733,0.5375653307228089
aes128,text_out[122],train,opencores_aes,crypto_checksum,reg_to_reg,0.162353,0.70093733,0.5385843307228089
aes128,text_out[123],train,opencores_aes,crypto_checksum,reg_to_reg,0.162129,0.70093733,0.5388083307228089
aes128,text_out[124],train,opencores_aes,crypto_checksum,reg_to_reg,0.162942,0.70093733,0.5379953307228088
aes128,text_out[125],train,opencores_aes,crypto_checksum,reg_to_reg,0.162129,0.70093733,0.5388083307228089
aes128,text_out[126],train,opencores_aes,crypto_checksum,reg_to_reg,0.168618,0.70093733,0.5323193307228089
aes128,text_out[127],train,opencores_aes,crypto_checksum,reg_to_reg,0.182682,0.70093733,0.5182553307228088
aes128,text_out[12],train,opencores_aes,crypto_checksum,reg_to_reg,0.157411,0.70093733,0.5435263307228089
aes128,text_out[13],train,opencores_aes,crypto_checksum,reg_to_reg,0.163309,0.70093733,0.5376283307228088
aes128,text_out[14],train,opencores_aes,crypto_checksum,reg_to_reg,0.168251,0.70093733,0.5326863307228088
aes128,text_out[15],train,opencores_aes,crypto_checksum,reg_to_reg,0.191386,0.70093733,0.5095513307228088
aes128,text_out[16],train,opencores_aes,crypto_checksum,reg_to_reg,0.161396,0.70093733,0.5395413307228089
aes128,text_out[17],train,opencores_aes,crypto_checksum,reg_to_reg,0.161986,0.70093733,0.5389513307228089
aes128,text_out[18],train,opencores_aes,crypto_checksum,reg_to_reg,0.161029,0.70093733,0.5399083307228089
aes128,text_out[19],train,opencores_aes,crypto_checksum,reg_to_reg,0.161986,0.70093733,0.5389513307228089
aes128,text_out[1],train,opencores_aes,crypto_checksum,reg_to_reg,0.167293,0.70093733,0.5336443307228088
aes128,text_out[20],train,opencores_aes,crypto_checksum,reg_to_reg,0.161854,0.70093733,0.5390833307228089
aes128,text_out[21],train,opencores_aes,crypto_checksum,reg_to_reg,0.161029,0.70093733,0.5399083307228089
aes128,text_out[22],train,opencores_aes,crypto_checksum,reg_to_reg,0.161986,0.70093733,0.5389513307228089
aes128,text_out[23],train,opencores_aes,crypto_checksum,reg_to_reg,0.185516,0.70093733,0.5154213307228088
aes128,text_out[24],train,opencores_aes,crypto_checksum,reg_to_reg,0.166221,0.70093733,0.5347163307228089
aes128,text_out[25],train,opencores_aes,crypto_checksum,reg_to_reg,0.1601,0.70093733,0.5408373307228088
aes128,text_out[26],train,opencores_aes,crypto_checksum,reg_to_reg,0.162942,0.70093733,0.5379953307228088
aes128,text_out[27],train,opencores_aes,crypto_checksum,reg_to_reg,0.161984,0.70093733,0.5389533307228088
aes128,text_out[28],train,opencores_aes,crypto_checksum,reg_to_reg,0.168251,0.70093733,0.5326863307228088
aes128,text_out[29],train,opencores_aes,crypto_checksum,reg_to_reg,0.162942,0.70093733,0.5379953307228088
aes128,text_out[2],train,opencores_aes,crypto_checksum,reg_to_reg,0.169207,0.70093733,0.5317303307228088
aes128,text_out[30],train,opencores_aes,crypto_checksum,reg_to_reg,0.162942,0.70093733,0.5379953307228088
aes128,text_out[31],train,opencores_aes,crypto_checksum,reg_to_reg,0.175196,0.70093733,0.5257413307228088
aes128,text_out[32],train,opencores_aes,crypto_checksum,reg_to_reg,0.168249,0.70093733,0.5326883307228089
aes128,text_out[33],train,opencores_aes,crypto_checksum,reg_to_reg,0.167293,0.70093733,0.5336443307228088
aes128,text_out[34],train,opencores_aes,crypto_checksum,reg_to_reg,0.169207,0.70093733,0.5317303307228088
aes128,text_out[35],train,opencores_aes,crypto_checksum,reg_to_reg,0.169207,0.70093733,0.5317303307228088
aes128,text_out[36],train,opencores_aes,crypto_checksum,reg_to_reg,0.167295,0.70093733,0.5336423307228089
aes128,text_out[37],train,opencores_aes,crypto_checksum,reg_to_reg,0.165056,0.70093733,0.5358813307228089
aes128,text_out[38],train,opencores_aes,crypto_checksum,reg_to_reg,0.173558,0.70093733,0.5273793307228088
aes128,text_out[39],train,opencores_aes,crypto_checksum,reg_to_reg,0.186007,0.70093733,0.5149303307228088
aes128,text_out[3],train,opencores_aes,crypto_checksum,reg_to_reg,0.169207,0.70093733,0.5317303307228088
aes128,text_out[40],train,opencores_aes,crypto_checksum,reg_to_reg,0.168036,0.70093733,0.5329013307228089
aes128,text_out[41],train,opencores_aes,crypto_checksum,reg_to_reg,0.175473,0.70093733,0.5254643307228088
aes128,text_out[42],train,opencores_aes,crypto_checksum,reg_to_reg,0.173558,0.70093733,0.5273793307228088
aes128,text_out[43],train,opencores_aes,crypto_checksum,reg_to_reg,0.167293,0.70093733,0.5336443307228088
aes128,text_out[44],train,opencores_aes,crypto_checksum,reg_to_reg,0.165056,0.70093733,0.5358813307228089
aes128,text_out[45],train,opencores_aes,crypto_checksum,reg_to_reg,0.165056,0.70093733,0.5358813307228089
aes128,text_out[46],train,opencores_aes,crypto_checksum,reg_to_reg,0.168251,0.70093733,0.5326863307228088
aes128,text_out[47],train,opencores_aes,crypto_checksum,reg_to_reg,0.191386,0.70093733,0.5095513307228088
aes128,text_out[48],train,opencores_aes,crypto_checksum,reg_to_reg,0.168036,0.70093733,0.5329013307228089
aes128,text_out[49],train,opencores_aes,crypto_checksum,reg_to_reg,0.168036,0.70093733,0.5329013307228089
aes128,text_out[4],train,opencores_aes,crypto_checksum,reg_to_reg,0.167295,0.70093733,0.5336423307228089
aes128,text_out[50],train,opencores_aes,crypto_checksum,reg_to_reg,0.168036,0.70093733,0.5329013307228089
aes128,text_out[51],train,opencores_aes,crypto_checksum,reg_to_reg,0.162129,0.70093733,0.5388083307228089
aes128,text_out[52],train,opencores_aes,crypto_checksum,reg_to_reg,0.162129,0.70093733,0.5388083307228089
aes128,text_out[53],train,opencores_aes,crypto_checksum,reg_to_reg,0.165056,0.70093733,0.5358813307228089
aes128,text_out[54],train,opencores_aes,crypto_checksum,reg_to_reg,0.165056,0.70093733,0.5358813307228089
aes128,text_out[55],train,opencores_aes,crypto_checksum,reg_to_reg,0.185516,0.70093733,0.5154213307228088
aes128,text_out[56],train,opencores_aes,crypto_checksum,reg_to_reg,0.163718,0.70093733,0.5372193307228088
aes128,text_out[57],train,opencores_aes,crypto_checksum,reg_to_reg,0.163718,0.70093733,0.5372193307228088
aes128,text_out[58],train,opencores_aes,crypto_checksum,reg_to_reg,0.163718,0.70093733,0.5372193307228088
aes128,text_out[59],train,opencores_aes,crypto_checksum,reg_to_reg,0.163031,0.70093733,0.5379063307228088
aes128,text_out[5],train,opencores_aes,crypto_checksum,reg_to_reg,0.161028,0.70093733,0.5399093307228089
aes128,text_out[60],train,opencores_aes,crypto_checksum,reg_to_reg,0.168251,0.70093733,0.5326863307228088
aes128,text_out[61],train,opencores_aes,crypto_checksum,reg_to_reg,0.163031,0.70093733,0.5379063307228088
aes128,text_out[62],train,opencores_aes,crypto_checksum,reg_to_reg,0.163031,0.70093733,0.5379063307228088
aes128,text_out[63],train,opencores_aes,crypto_checksum,reg_to_reg,0.175196,0.70093733,0.5257413307228088
aes128,text_out[64],train,opencores_aes,crypto_checksum,reg_to_reg,0.168248,0.70093733,0.5326893307228089
aes128,text_out[65],train,opencores_aes,crypto_checksum,reg_to_reg,0.167293,0.70093733,0.5336443307228088
aes128,text_out[66],train,opencores_aes,crypto_checksum,reg_to_reg,0.168251,0.70093733,0.5326863307228088
aes128,text_out[67],train,opencores_aes,crypto_checksum,reg_to_reg,0.169207,0.70093733,0.5317303307228088
aes128,text_out[68],train,opencores_aes,crypto_checksum,reg_to_reg,0.167293,0.70093733,0.5336443307228088
aes128,text_out[69],train,opencores_aes,crypto_checksum,reg_to_reg,0.162129,0.70093733,0.5388083307228089
aes128,text_out[6],train,opencores_aes,crypto_checksum,reg_to_reg,0.173558,0.70093733,0.5273793307228088
aes128,text_out[70],train,opencores_aes,crypto_checksum,reg_to_reg,0.174516,0.70093733,0.5264213307228088
aes128,text_out[71],train,opencores_aes,crypto_checksum,reg_to_reg,0.186007,0.70093733,0.5149303307228088
aes128,text_out[72],train,opencores_aes,crypto_checksum,reg_to_reg,0.162129,0.70093733,0.5388083307228089
aes128,text_out[73],train,opencores_aes,crypto_checksum,reg_to_reg,0.168618,0.70093733,0.5323193307228089
aes128,text_out[74],train,opencores_aes,crypto_checksum,reg_to_reg,0.167293,0.70093733,0.5336443307228088
aes128,text_out[75],train,opencores_aes,crypto_checksum,reg_to_reg,0.167293,0.70093733,0.5336443307228088
aes128,text_out[76],train,opencores_aes,crypto_checksum,reg_to_reg,0.162129,0.70093733,0.5388083307228089
aes128,text_out[77],train,opencores_aes,crypto_checksum,reg_to_reg,0.168618,0.70093733,0.5323193307228089
aes128,text_out[78],train,opencores_aes,crypto_checksum,reg_to_reg,0.162129,0.70093733,0.5388083307228089
aes128,text_out[79],train,opencores_aes,crypto_checksum,reg_to_reg,0.184411,0.70093733,0.5165263307228088
aes128,text_out[7],train,opencores_aes,crypto_checksum,reg_to_reg,0.186007,0.70093733,0.5149303307228088
aes128,text_out[80],train,opencores_aes,crypto_checksum,reg_to_reg,0.162129,0.70093733,0.5388083307228089
aes128,text_out[81],train,opencores_aes,crypto_checksum,reg_to_reg,0.162129,0.70093733,0.5388083307228089
aes128,text_out[82],train,opencores_aes,crypto_checksum,reg_to_reg,0.162129,0.70093733,0.5388083307228089
aes128,text_out[83],train,opencores_aes,crypto_checksum,reg_to_reg,0.162129,0.70093733,0.5388083307228089
aes128,text_out[84],train,opencores_aes,crypto_checksum,reg_to_reg,0.162129,0.70093733,0.5388083307228089
aes128,text_out[85],train,opencores_aes,crypto_checksum,reg_to_reg,0.162129,0.70093733,0.5388083307228089
aes128,text_out[86],train,opencores_aes,crypto_checksum,reg_to_reg,0.162129,0.70093733,0.5388083307228089
aes128,text_out[87],train,opencores_aes,crypto_checksum,reg_to_reg,0.184066,0.70093733,0.5168713307228088
aes128,text_out[88],train,opencores_aes,crypto_checksum,reg_to_reg,0.165875,0.70093733,0.5350623307228088
aes128,text_out[89],train,opencores_aes,crypto_checksum,reg_to_reg,0.165875,0.70093733,0.5350623307228088
aes128,text_out[8],train,opencores_aes,crypto_checksum,reg_to_reg,0.167481,0.70093733,0.5334563307228088
aes128,text_out[90],train,opencores_aes,crypto_checksum,reg_to_reg,0.163224,0.70093733,0.5377133307228088
aes128,text_out[91],train,opencores_aes,crypto_checksum,reg_to_reg,0.163226,0.70093733,0.5377113307228089
aes128,text_out[92],train,opencores_aes,crypto_checksum,reg_to_reg,0.163226,0.70093733,0.5377113307228089
aes128,text_out[93],train,opencores_aes,crypto_checksum,reg_to_reg,0.163226,0.70093733,0.5377113307228089
aes128,text_out[94],train,opencores_aes,crypto_checksum,reg_to_reg,0.168618,0.70093733,0.5323193307228089
aes128,text_out[95],train,opencores_aes,crypto_checksum,reg_to_reg,0.175752,0.70093733,0.5251853307228088
aes128,text_out[96],train,opencores_aes,crypto_checksum,reg_to_reg,0.168248,0.70093733,0.5326893307228089
aes128,text_out[97],train,opencores_aes,crypto_checksum,reg_to_reg,0.167293,0.70093733,0.5336443307228088
aes128,text_out[98],train,opencores_aes,crypto_checksum,reg_to_reg,0.168251,0.70093733,0.5326863307228088
aes128,text_out[99],train,opencores_aes,crypto_checksum,reg_to_reg,0.169207,0.70093733,0.5317303307228088
aes128,text_out[9],train,opencores_aes,crypto_checksum,reg_to_reg,0.175473,0.70093733,0.5254643307228088
aes128,u0.r0.rcnt[0],train,opencores_aes,crypto_checksum,input_to_reg,1.036377,1.5491283,0.5127512939910888
aes128,u0.r0.rcnt[1],train,opencores_aes,crypto_checksum,input_to_reg,1.036377,1.5491283,0.5127512939910888
aes128,u0.r0.rcnt[2],train,opencores_aes,crypto_checksum,input_to_reg,1.036377,1.5491283,0.5127512939910888
aes128,u0.r0.rcnt[3],train,opencores_aes,crypto_checksum,input_to_reg,1.036377,1.5491283,0.5127512939910888
aes128,u0.rcon[24],train,opencores_aes,crypto_checksum,input_to_reg,1.397692,1.2894856,0.10820642623138421
aes128,u0.rcon[25],train,opencores_aes,crypto_checksum,input_to_reg,1.07628,1.505802,0.42952203533172617
aes128,u0.rcon[26],train,opencores_aes,crypto_checksum,input_to_reg,1.102141,1.6607498,0.5586087930526733
aes128,u0.rcon[27],train,opencores_aes,crypto_checksum,input_to_reg,1.456481,1.6607498,0.20426879305267343
aes128,u0.rcon[28],train,opencores_aes,crypto_checksum,input_to_reg,1.036377,1.4389086,0.4025315769653319
aes128,u0.rcon[29],train,opencores_aes,crypto_checksum,input_to_reg,1.119909,1.6607498,0.5408407930526733
aes128,u0.rcon[30],train,opencores_aes,crypto_checksum,input_to_reg,1.121842,1.6607498,0.5389077930526733
aes128,u0.rcon[31],train,opencores_aes,crypto_checksum,input_to_reg,1.121842,1.6607498,0.5389077930526733
aes128,u0.subword[0],train,opencores_aes,crypto_checksum,input_to_reg,2.165375,1.7388325,0.42654252624511724
aes128,u0.subword[10],train,opencores_aes,crypto_checksum,input_to_reg,1.994066,1.6899737,0.30409228803253163
aes128,u0.subword[11],train,opencores_aes,crypto_checksum,input_to_reg,1.982385,1.6560972,0.32628782630920417
aes128,u0.subword[12],train,opencores_aes,crypto_checksum,input_to_reg,1.990223,1.715171,0.2750520205001832
aes128,u0.subword[13],train,opencores_aes,crypto_checksum,input_to_reg,1.96609,1.715171,0.250919020500183
aes128,u0.subword[14],train,opencores_aes,crypto_checksum,input_to_reg,1.975461,1.6899737,0.28548728803253165
aes128,u0.subword[15],train,opencores_aes,crypto_checksum,input_to_reg,1.97052,1.715171,0.25534902050018315
aes128,u0.subword[16],train,opencores_aes,crypto_checksum,input_to_reg,2.145836,1.715171,0.4306650205001832
aes128,u0.subword[17],train,opencores_aes,crypto_checksum,input_to_reg,2.131712,1.715171,0.41654102050018293
aes128,u0.subword[18],train,opencores_aes,crypto_checksum,input_to_reg,2.128542,1.715171,0.41337102050018304
aes128,u0.subword[19],train,opencores_aes,crypto_checksum,input_to_reg,2.161461,1.715171,0.4462900205001832
aes128,u0.subword[1],train,opencores_aes,crypto_checksum,input_to_reg,2.106983,1.7226653,0.3843176900939942
aes128,u0.subword[20],train,opencores_aes,crypto_checksum,input_to_reg,2.114072,1.715171,0.3989010205001833
aes128,u0.subword[21],train,opencores_aes,crypto_checksum,input_to_reg,2.128853,1.715171,0.413682020500183
aes128,u0.subword[22],train,opencores_aes,crypto_checksum,input_to_reg,2.127608,1.7434717,0.3841362583236694
aes128,u0.subword[23],train,opencores_aes,crypto_checksum,input_to_reg,2.175395,1.715171,0.4602240205001831
aes128,u0.subword[24],train,opencores_aes,crypto_checksum,input_to_reg,2.047082,1.715171,0.3319110205001832
aes128,u0.subword[25],train,opencores_aes,crypto_checksum,input_to_reg,2.005312,1.7714937,0.23381832667541502
aes128,u0.subword[26],train,opencores_aes,crypto_checksum,input_to_reg,2.039913,1.6738065,0.36610645188140856
aes128,u0.subword[27],train,opencores_aes,crypto_checksum,input_to_reg,1.994434,1.6560972,0.33833682630920414
aes128,u0.subword[28],train,opencores_aes,crypto_checksum,input_to_reg,1.998435,1.715171,0.28326402050018307
aes128,u0.subword[29],train,opencores_aes,crypto_checksum,input_to_reg,2.033788,1.7508332,0.2829548462753295
aes128,u0.subword[2],train,opencores_aes,crypto_checksum,input_to_reg,2.144617,1.7388325,0.4057845262451174
aes128,u0.subword[30],train,opencores_aes,crypto_checksum,input_to_reg,2.041682,1.7508332,0.2908488462753298
aes128,u0.subword[31],train,opencores_aes,crypto_checksum,input_to_reg,2.020896,1.715171,0.30572502050018313
aes128,u0.subword[3],train,opencores_aes,crypto_checksum,input_to_reg,2.144337,1.7817504,0.362586559402466
aes128,u0.subword[4],train,opencores_aes,crypto_checksum,input_to_reg,2.137203,1.7388325,0.39837052624511715
aes128,u0.subword[5],train,opencores_aes,crypto_checksum,input_to_reg,2.090238,1.7388325,0.351405526245117
aes128,u0.subword[6],train,opencores_aes,crypto_checksum,input_to_reg,2.142582,1.7923305,0.35025149653625487
aes128,u0.subword[7],train,opencores_aes,crypto_checksum,input_to_reg,2.174152,1.7817504,0.3924015594024657
aes128,u0.subword[8],train,opencores_aes,crypto_checksum,input_to_reg,2.033922,1.715171,0.3187510205001831
aes128,u0.subword[9],train,opencores_aes,crypto_checksum,input_to_reg,1.961377,1.7508332,0.21054384627532952
aes128,w0[0],train,opencores_aes,crypto_checksum,input_to_reg,1.051226,1.5491283,0.4979022939910889
aes128,w0[10],train,opencores_aes,crypto_checksum,input_to_reg,1.051226,1.5491283,0.4979022939910889
aes128,w0[11],train,opencores_aes,crypto_checksum,input_to_reg,1.051226,1.5491283,0.4979022939910889
aes128,w0[12],train,opencores_aes,crypto_checksum,input_to_reg,1.051226,1.5491283,0.4979022939910889
aes128,w0[13],train,opencores_aes,crypto_checksum,input_to_reg,1.051226,1.5491283,0.4979022939910889
aes128,w0[14],train,opencores_aes,crypto_checksum,input_to_reg,1.051226,1.5491283,0.4979022939910889
aes128,w0[15],train,opencores_aes,crypto_checksum,input_to_reg,1.051226,1.5491283,0.4979022939910889
aes128,w0[16],train,opencores_aes,crypto_checksum,input_to_reg,1.051226,1.5491283,0.4979022939910889
aes128,w0[17],train,opencores_aes,crypto_checksum,input_to_reg,1.051226,1.5491283,0.4979022939910889
aes128,w0[18],train,opencores_aes,crypto_checksum,input_to_reg,1.051226,1.5491283,0.4979022939910889
aes128,w0[19],train,opencores_aes,crypto_checksum,input_to_reg,1.051226,1.5491283,0.4979022939910889
aes128,w0[1],train,opencores_aes,crypto_checksum,input_to_reg,1.051226,1.5491283,0.4979022939910889
aes128,w0[20],train,opencores_aes,crypto_checksum,input_to_reg,1.051226,1.5491283,0.4979022939910889
aes128,w0[21],train,opencores_aes,crypto_checksum,input_to_reg,1.051226,1.5491283,0.4979022939910889
aes128,w0[22],train,opencores_aes,crypto_checksum,input_to_reg,1.051226,1.5491283,0.4979022939910889
aes128,w0[23],train,opencores_aes,crypto_checksum,input_to_reg,1.051226,1.5491283,0.4979022939910889
aes128,w0[24],train,opencores_aes,crypto_checksum,input_to_reg,1.051226,1.5491283,0.4979022939910889
aes128,w0[25],train,opencores_aes,crypto_checksum,input_to_reg,1.051226,1.5491283,0.4979022939910889
aes128,w0[26],train,opencores_aes,crypto_checksum,input_to_reg,1.051226,1.5491283,0.4979022939910889
aes128,w0[27],train,opencores_aes,crypto_checksum,input_to_reg,1.051226,1.5491283,0.4979022939910889
aes128,w0[28],train,opencores_aes,crypto_checksum,input_to_reg,1.051226,1.5491283,0.4979022939910889
aes128,w0[29],train,opencores_aes,crypto_checksum,input_to_reg,1.082255,1.5491283,0.4668732939910889
aes128,w0[2],train,opencores_aes,crypto_checksum,input_to_reg,1.051226,1.5491283,0.4979022939910889
aes128,w0[30],train,opencores_aes,crypto_checksum,input_to_reg,1.082255,1.5491283,0.4668732939910889
aes128,w0[31],train,opencores_aes,crypto_checksum,input_to_reg,1.051226,1.5491283,0.4979022939910889
aes128,w0[3],train,opencores_aes,crypto_checksum,input_to_reg,1.051226,1.5491283,0.4979022939910889
aes128,w0[4],train,opencores_aes,crypto_checksum,input_to_reg,1.051226,1.5491283,0.4979022939910889
aes128,w0[5],train,opencores_aes,crypto_checksum,input_to_reg,1.051226,1.5491283,0.4979022939910889
aes128,w0[6],train,opencores_aes,crypto_checksum,input_to_reg,1.051226,1.5491283,0.4979022939910889
aes128,w0[7],train,opencores_aes,crypto_checksum,input_to_reg,1.051226,1.5491283,0.4979022939910889
aes128,w0[8],train,opencores_aes,crypto_checksum,input_to_reg,1.051226,1.5491283,0.4979022939910889
aes128,w0[9],train,opencores_aes,crypto_checksum,input_to_reg,1.051226,1.5491283,0.4979022939910889
aes128,w1[0],train,opencores_aes,crypto_checksum,input_to_reg,1.449305,1.5491283,0.0998232939910888
aes128,w1[10],train,opencores_aes,crypto_checksum,input_to_reg,1.449305,1.5491283,0.0998232939910888
aes128,w1[11],train,opencores_aes,crypto_checksum,input_to_reg,1.449305,1.5491283,0.0998232939910888
aes128,w1[12],train,opencores_aes,crypto_checksum,input_to_reg,1.449305,1.5491283,0.0998232939910888
aes128,w1[13],train,opencores_aes,crypto_checksum,input_to_reg,1.449305,1.5491283,0.0998232939910888
aes128,w1[14],train,opencores_aes,crypto_checksum,input_to_reg,1.449305,1.5491283,0.0998232939910888
aes128,w1[15],train,opencores_aes,crypto_checksum,input_to_reg,1.449305,1.5491283,0.0998232939910888
aes128,w1[16],train,opencores_aes,crypto_checksum,input_to_reg,1.449305,1.5491283,0.0998232939910888
aes128,w1[17],train,opencores_aes,crypto_checksum,input_to_reg,1.449305,1.5491283,0.0998232939910888
aes128,w1[18],train,opencores_aes,crypto_checksum,input_to_reg,1.449305,1.5491283,0.0998232939910888
aes128,w1[19],train,opencores_aes,crypto_checksum,input_to_reg,1.449305,1.5491283,0.0998232939910888
aes128,w1[1],train,opencores_aes,crypto_checksum,input_to_reg,1.449305,1.5491283,0.0998232939910888
aes128,w1[20],train,opencores_aes,crypto_checksum,input_to_reg,1.449305,1.5491283,0.0998232939910888
aes128,w1[21],train,opencores_aes,crypto_checksum,input_to_reg,1.449305,1.5491283,0.0998232939910888
aes128,w1[22],train,opencores_aes,crypto_checksum,input_to_reg,1.449305,1.5491283,0.0998232939910888
aes128,w1[23],train,opencores_aes,crypto_checksum,input_to_reg,1.449305,1.5491283,0.0998232939910888
aes128,w1[24],train,opencores_aes,crypto_checksum,input_to_reg,1.127768,1.3988148,0.2710467974014281
aes128,w1[25],train,opencores_aes,crypto_checksum,input_to_reg,1.127768,1.3988148,0.2710467974014281
aes128,w1[26],train,opencores_aes,crypto_checksum,input_to_reg,1.127768,1.3988148,0.2710467974014281
aes128,w1[27],train,opencores_aes,crypto_checksum,input_to_reg,1.127768,1.3988148,0.2710467974014281
aes128,w1[28],train,opencores_aes,crypto_checksum,input_to_reg,1.127768,1.3988148,0.2710467974014281
aes128,w1[29],train,opencores_aes,crypto_checksum,input_to_reg,1.127768,1.3988148,0.2710467974014281
aes128,w1[2],train,opencores_aes,crypto_checksum,input_to_reg,1.449305,1.5491283,0.0998232939910888
aes128,w1[30],train,opencores_aes,crypto_checksum,input_to_reg,1.127768,1.3988148,0.2710467974014281
aes128,w1[31],train,opencores_aes,crypto_checksum,input_to_reg,1.449305,1.5491283,0.0998232939910888
aes128,w1[3],train,opencores_aes,crypto_checksum,input_to_reg,1.449305,1.5491283,0.0998232939910888
aes128,w1[4],train,opencores_aes,crypto_checksum,input_to_reg,1.449305,1.5491283,0.0998232939910888
aes128,w1[5],train,opencores_aes,crypto_checksum,input_to_reg,1.449305,1.5491283,0.0998232939910888
aes128,w1[6],train,opencores_aes,crypto_checksum,input_to_reg,1.449305,1.5491283,0.0998232939910888
aes128,w1[7],train,opencores_aes,crypto_checksum,input_to_reg,1.449305,1.5491283,0.0998232939910888
aes128,w1[8],train,opencores_aes,crypto_checksum,input_to_reg,1.449305,1.5491283,0.0998232939910888
aes128,w1[9],train,opencores_aes,crypto_checksum,input_to_reg,1.449305,1.5491283,0.0998232939910888
aes128,w2[0],train,opencores_aes,crypto_checksum,input_to_reg,1.449305,1.5491283,0.0998232939910888
aes128,w2[10],train,opencores_aes,crypto_checksum,input_to_reg,1.449305,1.5491283,0.0998232939910888
aes128,w2[11],train,opencores_aes,crypto_checksum,input_to_reg,1.051226,1.5491283,0.4979022939910889
aes128,w2[12],train,opencores_aes,crypto_checksum,input_to_reg,1.515802,1.5491283,0.03332629399108877
aes128,w2[13],train,opencores_aes,crypto_checksum,input_to_reg,1.515802,1.5491283,0.03332629399108877
aes128,w2[14],train,opencores_aes,crypto_checksum,input_to_reg,1.515802,1.5491283,0.03332629399108877
aes128,w2[15],train,opencores_aes,crypto_checksum,input_to_reg,1.515802,1.5491283,0.03332629399108877
aes128,w2[16],train,opencores_aes,crypto_checksum,input_to_reg,1.449305,1.5491283,0.0998232939910888
aes128,w2[17],train,opencores_aes,crypto_checksum,input_to_reg,1.449305,1.5491283,0.0998232939910888
aes128,w2[18],train,opencores_aes,crypto_checksum,input_to_reg,1.449305,1.5491283,0.0998232939910888
aes128,w2[19],train,opencores_aes,crypto_checksum,input_to_reg,1.051226,1.5491283,0.4979022939910889
aes128,w2[1],train,opencores_aes,crypto_checksum,input_to_reg,1.449305,1.5491283,0.0998232939910888
aes128,w2[20],train,opencores_aes,crypto_checksum,input_to_reg,1.051226,1.5491283,0.4979022939910889
aes128,w2[21],train,opencores_aes,crypto_checksum,input_to_reg,1.515802,1.5491283,0.03332629399108877
aes128,w2[22],train,opencores_aes,crypto_checksum,input_to_reg,1.515802,1.5491283,0.03332629399108877
aes128,w2[23],train,opencores_aes,crypto_checksum,input_to_reg,1.515802,1.5491283,0.03332629399108877
aes128,w2[24],train,opencores_aes,crypto_checksum,input_to_reg,1.449305,1.505802,0.05649703533172601
aes128,w2[25],train,opencores_aes,crypto_checksum,input_to_reg,1.449305,1.505802,0.05649703533172601
aes128,w2[26],train,opencores_aes,crypto_checksum,input_to_reg,1.449305,1.505802,0.05649703533172601
aes128,w2[27],train,opencores_aes,crypto_checksum,input_to_reg,1.051226,1.505802,0.4545760353317261
aes128,w2[28],train,opencores_aes,crypto_checksum,input_to_reg,1.082255,1.505802,0.4235470353317261
aes128,w2[29],train,opencores_aes,crypto_checksum,input_to_reg,1.082255,1.505802,0.4235470353317261
aes128,w2[2],train,opencores_aes,crypto_checksum,input_to_reg,1.449305,1.5491283,0.0998232939910888
aes128,w2[30],train,opencores_aes,crypto_checksum,input_to_reg,1.082255,1.505802,0.4235470353317261
aes128,w2[31],train,opencores_aes,crypto_checksum,input_to_reg,1.457847,1.5491283,0.09128129399108897
aes128,w2[3],train,opencores_aes,crypto_checksum,input_to_reg,1.051226,1.5491283,0.4979022939910889
aes128,w2[4],train,opencores_aes,crypto_checksum,input_to_reg,1.051226,1.5491283,0.4979022939910889
aes128,w2[5],train,opencores_aes,crypto_checksum,input_to_reg,1.515802,1.5491283,0.03332629399108877
aes128,w2[6],train,opencores_aes,crypto_checksum,input_to_reg,1.515802,1.5491283,0.03332629399108877
aes128,w2[7],train,opencores_aes,crypto_checksum,input_to_reg,1.515802,1.5491283,0.03332629399108877
aes128,w2[8],train,opencores_aes,crypto_checksum,input_to_reg,1.449305,1.5491283,0.0998232939910888
aes128,w2[9],train,opencores_aes,crypto_checksum,input_to_reg,1.449305,1.5491283,0.0998232939910888
aes128,w3[0],train,opencores_aes,crypto_checksum,input_to_reg,1.640775,1.5333757,0.10739925994873056
aes128,w3[10],train,opencores_aes,crypto_checksum,input_to_reg,1.70706,1.5333757,0.1736842599487305
aes128,w3[11],train,opencores_aes,crypto_checksum,input_to_reg,1.439802,1.6798501,0.24004810147094724
aes128,w3[12],train,opencores_aes,crypto_checksum,input_to_reg,1.907862,1.6961905,0.21167152358245844
aes128,w3[13],train,opencores_aes,crypto_checksum,input_to_reg,1.776578,1.6798501,0.09672789852905272
aes128,w3[14],train,opencores_aes,crypto_checksum,input_to_reg,1.676521,1.5333757,0.1431452599487304
aes128,w3[15],train,opencores_aes,crypto_checksum,input_to_reg,1.595916,1.5333757,0.06254025994873036
aes128,w3[16],train,opencores_aes,crypto_checksum,input_to_reg,1.638209,1.5333757,0.1048332599487305
aes128,w3[17],train,opencores_aes,crypto_checksum,input_to_reg,1.632882,1.5333757,0.09950625994873041
aes128,w3[18],train,opencores_aes,crypto_checksum,input_to_reg,1.718519,1.5333757,0.18514325994873038
aes128,w3[19],train,opencores_aes,crypto_checksum,input_to_reg,1.434791,1.6504166,0.21562561262512214
aes128,w3[1],train,opencores_aes,crypto_checksum,input_to_reg,1.676235,1.5333757,0.1428592599487304
aes128,w3[20],train,opencores_aes,crypto_checksum,input_to_reg,1.781507,1.6783546,0.10315237906646724
aes128,w3[21],train,opencores_aes,crypto_checksum,input_to_reg,1.796144,1.6798501,0.1162938985290527
aes128,w3[22],train,opencores_aes,crypto_checksum,input_to_reg,1.677123,1.5333757,0.1437472599487304
aes128,w3[23],train,opencores_aes,crypto_checksum,input_to_reg,1.582005,1.6607498,0.07874479305267323
aes128,w3[24],train,opencores_aes,crypto_checksum,input_to_reg,1.608738,1.5333757,0.07536225994873047
aes128,w3[25],train,opencores_aes,crypto_checksum,input_to_reg,1.669448,1.5333757,0.1360722599487305
aes128,w3[26],train,opencores_aes,crypto_checksum,input_to_reg,1.656578,1.5333757,0.12320225994873057
aes128,w3[27],train,opencores_aes,crypto_checksum,input_to_reg,1.439632,1.6798501,0.24021810147094724
aes128,w3[28],train,opencores_aes,crypto_checksum,input_to_reg,1.921717,1.6961905,0.2255265235824584
aes128,w3[29],train,opencores_aes,crypto_checksum,input_to_reg,1.723344,1.6048417,0.1185022908630371
aes128,w3[2],train,opencores_aes,crypto_checksum,input_to_reg,1.676427,1.5333757,0.14305125994873036
aes128,w3[30],train,opencores_aes,crypto_checksum,input_to_reg,1.601599,1.5333757,0.06822325994873046
aes128,w3[31],train,opencores_aes,crypto_checksum,input_to_reg,1.560473,1.6607498,0.10027679305267334
aes128,w3[3],train,opencores_aes,crypto_checksum,input_to_reg,1.454265,1.6504166,0.19615161262512215
aes128,w3[4],train,opencores_aes,crypto_checksum,input_to_reg,1.709363,1.686983,0.022380010688781704
aes128,w3[5],train,opencores_aes,crypto_checksum,input_to_reg,1.796798,1.6798501,0.11694789852905263
aes128,w3[6],train,opencores_aes,crypto_checksum,input_to_reg,1.676001,1.5333757,0.14262525994873054
aes128,w3[7],train,opencores_aes,crypto_checksum,input_to_reg,1.580229,1.6607498,0.08052079305267323
aes128,w3[8],train,opencores_aes,crypto_checksum,input_to_reg,1.644375,1.5333757,0.11099925994873039
aes128,w3[9],train,opencores_aes,crypto_checksum,input_to_reg,1.62217,1.5333757,0.08879425994873036
sha256,H0_reg[0],train,secworks_sha2,crypto_checksum,input_to_reg,1.829552,2.2854245,0.4558724709014892
sha256,H0_reg[10],train,secworks_sha2,crypto_checksum,input_to_reg,3.207692,1.959051,1.2486409870071413
sha256,H0_reg[11],train,secworks_sha2,crypto_checksum,input_to_reg,2.56184,2.2854245,0.27641552909851086
sha256,H0_reg[12],train,secworks_sha2,crypto_checksum,input_to_reg,3.257041,2.2854245,0.9716165290985108
sha256,H0_reg[13],train,secworks_sha2,crypto_checksum,input_to_reg,1.830853,2.2854245,0.4545714709014892
sha256,H0_reg[14],train,secworks_sha2,crypto_checksum,input_to_reg,3.220473,2.2854245,0.9350485290985109
sha256,H0_reg[15],train,secworks_sha2,crypto_checksum,input_to_reg,1.650676,1.959051,0.30837501299285885
sha256,H0_reg[16],train,secworks_sha2,crypto_checksum,input_to_reg,1.600407,1.959051,0.358644012992859
sha256,H0_reg[17],train,secworks_sha2,crypto_checksum,reg_to_reg,3.257041,1.8314228,1.4256181942138673
sha256,H0_reg[18],train,secworks_sha2,crypto_checksum,input_to_reg,3.298007,2.2854245,1.0125825290985109
sha256,H0_reg[19],train,secworks_sha2,crypto_checksum,input_to_reg,1.830654,2.2854245,0.45477047090148925
sha256,H0_reg[1],train,secworks_sha2,crypto_checksum,input_to_reg,1.830654,2.2854245,0.45477047090148925
sha256,H0_reg[20],train,secworks_sha2,crypto_checksum,reg_to_reg,1.840531,1.8314228,0.009108194213867105
sha256,H0_reg[21],train,secworks_sha2,crypto_checksum,reg_to_reg,1.773995,1.6859565,0.0880385218811035
sha256,H0_reg[22],train,secworks_sha2,crypto_checksum,reg_to_reg,1.840531,2.1577957,0.3172646676483155
sha256,H0_reg[23],train,secworks_sha2,crypto_checksum,reg_to_reg,1.773995,2.1577957,0.38380066764831544
sha256,H0_reg[24],train,secworks_sha2,crypto_checksum,reg_to_reg,3.298007,2.1577957,1.1402113323516847
sha256,H0_reg[25],train,secworks_sha2,crypto_checksum,reg_to_reg,1.830654,2.1577957,0.3271416676483154
sha256,H0_reg[26],train,secworks_sha2,crypto_checksum,reg_to_reg,1.840531,2.1577957,0.3172646676483155
sha256,H0_reg[27],train,secworks_sha2,crypto_checksum,reg_to_reg,1.830654,2.2002358,0.36958184365844726
sha256,H0_reg[28],train,secworks_sha2,crypto_checksum,reg_to_reg,3.257041,2.2180567,1.0389843212280274
sha256,H0_reg[29],train,secworks_sha2,crypto_checksum,reg_to_reg,1.829552,2.2180567,0.3885046787719726
sha256,H0_reg[2],train,secworks_sha2,crypto_checksum,input_to_reg,3.34919,2.2854245,1.0637655290985109
sha256,H0_reg[30],train,secworks_sha2,crypto_checksum,reg_to_reg,3.207692,2.2180567,0.9896353212280276
sha256,H0_reg[31],train,secworks_sha2,crypto_checksum,reg_to_reg,2.562065,2.1461198,0.4159451670074463
sha256,H0_reg[3],train,secworks_sha2,crypto_checksum,input_to_reg,3.207692,2.2854245,0.922267529098511
sha256,H0_reg[4],train,secworks_sha2,crypto_checksum,input_to_reg,2.560428,2.2854245,0.27500352909851067
sha256,H0_reg[5],train,secworks_sha2,crypto_checksum,input_to_reg,1.829552,2.2854245,0.4558724709014892
sha256,H0_reg[6],train,secworks_sha2,crypto_checksum,input_to_reg,3.207692,1.959051,1.2486409870071413
sha256,H0_reg[7],train,secworks_sha2,crypto_checksum,input_to_reg,3.203033,2.2854245,0.9176085290985108
sha256,H0_reg[8],train,secworks_sha2,crypto_checksum,input_to_reg,1.838147,1.9057978,0.06765083916473391
sha256,H0_reg[9],train,secworks_sha2,crypto_checksum,input_to_reg,3.207692,1.959051,1.2486409870071413
sha256,H1_reg[0],train,secworks_sha2,crypto_checksum,input_to_reg,3.207692,1.959051,1.2486409870071413
sha256,H1_reg[10],train,secworks_sha2,crypto_checksum,input_to_reg,1.532512,1.959051,0.4265390129928588
sha256,H1_reg[11],train,secworks_sha2,crypto_checksum,input_to_reg,3.257041,2.2854245,0.9716165290985108
sha256,H1_reg[12],train,secworks_sha2,crypto_checksum,input_to_reg,3.298007,2.2854245,1.0125825290985109
sha256,H1_reg[13],train,secworks_sha2,crypto_checksum,input_to_reg,3.257041,2.2854245,0.9716165290985108
sha256,H1_reg[14],train,secworks_sha2,crypto_checksum,input_to_reg,3.298007,2.2854245,1.0125825290985109
sha256,H1_reg[15],train,secworks_sha2,crypto_checksum,input_to_reg,1.763051,1.959051,0.19600001299285896
sha256,H1_reg[16],train,secworks_sha2,crypto_checksum,input_to_reg,3.257041,2.2854245,0.9716165290985108
sha256,H1_reg[17],train,secworks_sha2,crypto_checksum,input_to_reg,1.830968,2.2854245,0.45445647090148933
sha256,H1_reg[18],train,secworks_sha2,crypto_checksum,input_to_reg,1.532512,1.959051,0.4265390129928588
sha256,H1_reg[19],train,secworks_sha2,crypto_checksum,input_to_reg,2.56184,2.2854245,0.27641552909851086
sha256,H1_reg[1],train,secworks_sha2,crypto_checksum,input_to_reg,2.579719,2.2507193,0.32899969114685046
sha256,H1_reg[20],train,secworks_sha2,crypto_checksum,input_to_reg,2.560894,2.2854245,0.2754695290985105
sha256,H1_reg[21],train,secworks_sha2,crypto_checksum,reg_to_reg,1.532512,1.6859565,0.1534444781188964
sha256,H1_reg[22],train,secworks_sha2,crypto_checksum,reg_to_reg,1.532512,2.1577957,0.6252836676483153
sha256,H1_reg[23],train,secworks_sha2,crypto_checksum,reg_to_reg,3.257041,2.1577957,1.0992453323516846
sha256,H1_reg[24],train,secworks_sha2,crypto_checksum,reg_to_reg,1.829873,2.1577957,0.32792266764831535
sha256,H1_reg[25],train,secworks_sha2,crypto_checksum,reg_to_reg,1.532512,2.1577957,0.6252836676483153
sha256,H1_reg[26],train,secworks_sha2,crypto_checksum,reg_to_reg,2.56184,2.1577957,0.4040443323516847
sha256,H1_reg[27],train,secworks_sha2,crypto_checksum,reg_to_reg,3.198982,2.2002358,0.9987461563415527
sha256,H1_reg[28],train,secworks_sha2,crypto_checksum,reg_to_reg,1.536291,2.2180567,0.6817656787719726
sha256,H1_reg[29],train,secworks_sha2,crypto_checksum,reg_to_reg,3.234362,2.2180567,1.0163053212280273
sha256,H1_reg[2],train,secworks_sha2,crypto_checksum,input_to_reg,3.34919,1.959051,1.3901389870071412
sha256,H1_reg[30],train,secworks_sha2,crypto_checksum,reg_to_reg,3.257041,2.2180567,1.0389843212280274
sha256,H1_reg[31],train,secworks_sha2,crypto_checksum,reg_to_reg,1.829552,2.169518,0.3399659939270019
sha256,H1_reg[3],train,secworks_sha2,crypto_checksum,input_to_reg,3.207692,1.9057978,1.3018941608352663
sha256,H1_reg[4],train,secworks_sha2,crypto_checksum,reg_to_reg,3.207692,2.0465622,1.1611298051757815
sha256,H1_reg[5],train,secworks_sha2,crypto_checksum,input_to_reg,1.773995,1.9057978,0.1318028391647339
sha256,H1_reg[6],train,secworks_sha2,crypto_checksum,input_to_reg,1.838415,1.9057978,0.06738283916473398
sha256,H1_reg[7],train,secworks_sha2,crypto_checksum,input_to_reg,3.257041,2.2854245,0.9716165290985108
sha256,H1_reg[8],train,secworks_sha2,crypto_checksum,input_to_reg,2.56184,2.2854245,0.27641552909851086
sha256,H1_reg[9],train,secworks_sha2,crypto_checksum,input_to_reg,3.234362,2.2854245,0.9489375290985107
sha256,H2_reg[0],train,secworks_sha2,crypto_checksum,input_to_reg,3.257041,2.2507193,1.0063216911468507
sha256,H2_reg[10],train,secworks_sha2,crypto_checksum,input_to_reg,2.561688,2.2854245,0.27626352909851093
sha256,H2_reg[11],train,secworks_sha2,crypto_checksum,input_to_reg,2.563217,2.2854245,0.2777925290985106
sha256,H2_reg[12],train,secworks_sha2,crypto_checksum,input_to_reg,1.532512,1.959051,0.4265390129928588
sha256,H2_reg[13],train,secworks_sha2,crypto_checksum,input_to_reg,3.198982,2.2854245,0.9135575290985107
sha256,H2_reg[14],train,secworks_sha2,crypto_checksum,input_to_reg,1.532512,1.959051,0.4265390129928588
sha256,H2_reg[15],train,secworks_sha2,crypto_checksum,input_to_reg,3.20697,1.959051,1.2479189870071412
sha256,H2_reg[16],train,secworks_sha2,crypto_checksum,reg_to_reg,3.257041,1.8314228,1.4256181942138673
sha256,H2_reg[17],train,secworks_sha2,crypto_checksum,input_to_reg,1.831501,2.2854245,0.4539234709014892
sha256,H2_reg[18],train,secworks_sha2,crypto_checksum,input_to_reg,1.830516,2.2854245,0.4549084709014892
sha256,H2_reg[19],train,secworks_sha2,crypto_checksum,input_to_reg,3.198982,2.2854245,0.9135575290985107
sha256,H2_reg[1],train,secworks_sha2,crypto_checksum,input_to_reg,1.592879,1.959051,0.36617201299285895
sha256,H2_reg[20],train,secworks_sha2,crypto_checksum,input_to_reg,2.561828,2.2854245,0.27640352909851096
sha256,H2_reg[21],train,secworks_sha2,crypto_checksum,reg_to_reg,1.532512,1.6859565,0.1534444781188964
sha256,H2_reg[22],train,secworks_sha2,crypto_checksum,reg_to_reg,1.532512,2.1577957,0.6252836676483153
sha256,H2_reg[23],train,secworks_sha2,crypto_checksum,reg_to_reg,1.842711,2.1577957,0.31508466764831544
sha256,H2_reg[24],train,secworks_sha2,crypto_checksum,reg_to_reg,3.257041,2.1577957,1.0992453323516846
sha256,H2_reg[25],train,secworks_sha2,crypto_checksum,reg_to_reg,3.257041,2.1577957,1.0992453323516846
sha256,H2_reg[26],train,secworks_sha2,crypto_checksum,reg_to_reg,1.830516,2.1577957,0.3272796676483154
sha256,H2_reg[27],train,secworks_sha2,crypto_checksum,reg_to_reg,1.830419,2.2002358,0.36981684365844725
sha256,H2_reg[28],train,secworks_sha2,crypto_checksum,reg_to_reg,1.532512,2.2180567,0.6855446787719726
sha256,H2_reg[29],train,secworks_sha2,crypto_checksum,reg_to_reg,1.537444,2.2180567,0.6806126787719726
sha256,H2_reg[2],train,secworks_sha2,crypto_checksum,input_to_reg,2.580546,2.2507193,0.3298266911468506
sha256,H2_reg[30],train,secworks_sha2,crypto_checksum,reg_to_reg,3.257041,2.2180567,1.0389843212280274
sha256,H2_reg[31],train,secworks_sha2,crypto_checksum,reg_to_reg,3.253245,2.1461198,1.1071251670074465
sha256,H2_reg[3],train,secworks_sha2,crypto_checksum,input_to_reg,1.837461,1.9057978,0.06833683916473388
sha256,H2_reg[4],train,secworks_sha2,crypto_checksum,input_to_reg,1.532512,1.959051,0.4265390129928588
sha256,H2_reg[5],train,secworks_sha2,crypto_checksum,input_to_reg,3.234362,2.2854245,0.9489375290985107
sha256,H2_reg[6],train,secworks_sha2,crypto_checksum,input_to_reg,1.830516,2.2854245,0.4549084709014892
sha256,H2_reg[7],train,secworks_sha2,crypto_checksum,input_to_reg,3.257041,1.9057978,1.3512431608352662
sha256,H2_reg[8],train,secworks_sha2,crypto_checksum,input_to_reg,1.532512,1.959051,0.4265390129928588
sha256,H2_reg[9],train,secworks_sha2,crypto_checksum,input_to_reg,3.20697,2.2854245,0.9215455290985108
sha256,H3_reg[0],train,secworks_sha2,crypto_checksum,input_to_reg,2.579719,2.2507193,0.32899969114685046
sha256,H3_reg[10],train,secworks_sha2,crypto_checksum,input_to_reg,1.829552,2.2854245,0.4558724709014892
sha256,H3_reg[11],train,secworks_sha2,crypto_checksum,input_to_reg,2.562298,2.2854245,0.27687352909851093
sha256,H3_reg[12],train,secworks_sha2,crypto_checksum,input_to_reg,1.532512,1.959051,0.4265390129928588
sha256,H3_reg[13],train,secworks_sha2,crypto_checksum,input_to_reg,3.198982,2.2854245,0.9135575290985107
sha256,H3_reg[14],train,secworks_sha2,crypto_checksum,input_to_reg,1.532512,1.959051,0.4265390129928588
sha256,H3_reg[15],train,secworks_sha2,crypto_checksum,input_to_reg,3.257041,2.2854245,0.9716165290985108
sha256,H3_reg[16],train,secworks_sha2,crypto_checksum,input_to_reg,1.829552,2.2854245,0.4558724709014892
sha256,H3_reg[17],train,secworks_sha2,crypto_checksum,input_to_reg,1.532512,1.959051,0.4265390129928588
sha256,H3_reg[18],train,secworks_sha2,crypto_checksum,input_to_reg,1.532512,1.959051,0.4265390129928588
sha256,H3_reg[19],train,secworks_sha2,crypto_checksum,input_to_reg,1.532512,1.959051,0.4265390129928588
sha256,H3_reg[1],train,secworks_sha2,crypto_checksum,input_to_reg,1.84957,2.2507193,0.4011493088531495
sha256,H3_reg[20],train,secworks_sha2,crypto_checksum,reg_to_reg,1.841257,1.8314228,0.009834194213867109
sha256,H3_reg[21],train,secworks_sha2,crypto_checksum,reg_to_reg,1.773995,1.6859565,0.0880385218811035
sha256,H3_reg[22],train,secworks_sha2,crypto_checksum,reg_to_reg,1.830552,2.1577957,0.3272436676483155
sha256,H3_reg[23],train,secworks_sha2,crypto_checksum,reg_to_reg,3.257041,2.1577957,1.0992453323516846
sha256,H3_reg[24],train,secworks_sha2,crypto_checksum,reg_to_reg,1.532512,2.1577957,0.6252836676483153
sha256,H3_reg[25],train,secworks_sha2,crypto_checksum,reg_to_reg,2.56184,2.1577957,0.4040443323516847
sha256,H3_reg[26],train,secworks_sha2,crypto_checksum,reg_to_reg,1.532512,2.1577957,0.6252836676483153
sha256,H3_reg[27],train,secworks_sha2,crypto_checksum,reg_to_reg,3.257041,2.2002358,1.0568051563415528
sha256,H3_reg[28],train,secworks_sha2,crypto_checksum,reg_to_reg,3.298007,2.2180567,1.0799503212280275
sha256,H3_reg[29],train,secworks_sha2,crypto_checksum,reg_to_reg,1.637811,2.2180567,0.5802456787719728
sha256,H3_reg[2],train,secworks_sha2,crypto_checksum,reg_to_reg,1.841257,1.9385114,0.0972543716125489
sha256,H3_reg[30],train,secworks_sha2,crypto_checksum,reg_to_reg,2.560428,2.2180567,0.34237132122802727
sha256,H3_reg[31],train,secworks_sha2,crypto_checksum,reg_to_reg,1.757522,2.04408,0.28655801899719235
sha256,H3_reg[3],train,secworks_sha2,crypto_checksum,input_to_reg,3.20697,1.959051,1.2479189870071412
sha256,H3_reg[4],train,secworks_sha2,crypto_checksum,input_to_reg,3.207692,1.959051,1.2486409870071413
sha256,H3_reg[5],train,secworks_sha2,crypto_checksum,input_to_reg,3.234362,1.959051,1.275310987007141
sha256,H3_reg[6],train,secworks_sha2,crypto_checksum,input_to_reg,3.137074,1.9057978,1.2312761608352663
sha256,H3_reg[7],train,secworks_sha2,crypto_checksum,input_to_reg,1.773995,1.9057978,0.1318028391647339
sha256,H3_reg[8],train,secworks_sha2,crypto_checksum,input_to_reg,1.532512,1.959051,0.4265390129928588
sha256,H3_reg[9],train,secworks_sha2,crypto_checksum,input_to_reg,1.841257,1.9057978,0.06454083916473397
sha256,H4_reg[0],train,secworks_sha2,crypto_checksum,input_to_reg,3.207692,1.959051,1.2486409870071413
sha256,H4_reg[10],train,secworks_sha2,crypto_checksum,input_to_reg,1.840567,1.9057978,0.06523083916473382
sha256,H4_reg[11],train,secworks_sha2,crypto_checksum,input_to_reg,3.234362,2.2854245,0.9489375290985107
sha256,H4_reg[12],train,secworks_sha2,crypto_checksum,input_to_reg,3.234011,2.2854245,0.9485865290985109
sha256,H4_reg[13],train,secworks_sha2,crypto_checksum,input_to_reg,3.257041,1.9057978,1.3512431608352662
sha256,H4_reg[14],train,secworks_sha2,crypto_checksum,input_to_reg,1.829861,2.2854245,0.4555634709014893
sha256,H4_reg[15],train,secworks_sha2,crypto_checksum,reg_to_reg,3.257041,1.8314228,1.4256181942138673
sha256,H4_reg[16],train,secworks_sha2,crypto_checksum,reg_to_reg,1.840567,1.8314228,0.009144194213867252
sha256,H4_reg[17],train,secworks_sha2,crypto_checksum,input_to_reg,1.826709,2.2854245,0.45871547090148934
sha256,H4_reg[18],train,secworks_sha2,crypto_checksum,input_to_reg,1.691851,2.2854245,0.5935734709014893
sha256,H4_reg[19],train,secworks_sha2,crypto_checksum,input_to_reg,1.830669,2.2854245,0.45475547090148916
sha256,H4_reg[1],train,secworks_sha2,crypto_checksum,input_to_reg,1.849429,2.2507193,0.4012903088531494
sha256,H4_reg[20],train,secworks_sha2,crypto_checksum,reg_to_reg,1.840992,1.8314228,0.00956919421386715
sha256,H4_reg[21],train,secworks_sha2,crypto_checksum,reg_to_reg,3.257041,1.6859565,1.5710845218811036
sha256,H4_reg[22],train,secworks_sha2,crypto_checksum,reg_to_reg,2.562282,2.1577957,0.40448633235168474
sha256,H4_reg[23],train,secworks_sha2,crypto_checksum,reg_to_reg,2.577527,2.1577957,0.41973133235168447
sha256,H4_reg[24],train,secworks_sha2,crypto_checksum,reg_to_reg,3.207692,2.1577957,1.0498963323516848
sha256,H4_reg[25],train,secworks_sha2,crypto_checksum,reg_to_reg,3.257041,2.1577957,1.0992453323516846
sha256,H4_reg[26],train,secworks_sha2,crypto_checksum,reg_to_reg,2.560451,2.1577957,0.4026553323516846
sha256,H4_reg[27],train,secworks_sha2,crypto_checksum,reg_to_reg,2.56213,2.2002358,0.36189415634155253
sha256,H4_reg[28],train,secworks_sha2,crypto_checksum,reg_to_reg,3.207692,2.2180567,0.9896353212280276
sha256,H4_reg[29],train,secworks_sha2,crypto_checksum,reg_to_reg,2.563079,2.2180567,0.34502232122802745
sha256,H4_reg[2],train,secworks_sha2,crypto_checksum,input_to_reg,3.34919,2.2507193,1.0984706911468507
sha256,H4_reg[30],train,secworks_sha2,crypto_checksum,reg_to_reg,1.649854,2.2180567,0.5682026787719727
sha256,H4_reg[31],train,secworks_sha2,crypto_checksum,reg_to_reg,2.560428,2.169518,0.390910006072998
sha256,H4_reg[3],train,secworks_sha2,crypto_checksum,input_to_reg,1.830419,2.2854245,0.45500547090148924
sha256,H4_reg[4],train,secworks_sha2,crypto_checksum,input_to_reg,1.600407,1.959051,0.358644012992859
sha256,H4_reg[5],train,secworks_sha2,crypto_checksum,input_to_reg,1.532512,1.959051,0.4265390129928588
sha256,H4_reg[6],train,secworks_sha2,crypto_checksum,input_to_reg,1.829755,2.2854245,0.45566947090148924
sha256,H4_reg[7],train,secworks_sha2,crypto_checksum,input_to_reg,3.257041,1.9057978,1.3512431608352662
sha256,H4_reg[8],train,secworks_sha2,crypto_checksum,input_to_reg,3.298007,2.2854245,1.0125825290985109
sha256,H4_reg[9],train,secworks_sha2,crypto_checksum,input_to_reg,1.532512,1.959051,0.4265390129928588
sha256,H5_reg[0],train,secworks_sha2,crypto_checksum,input_to_reg,2.579232,2.2507193,0.3285126911468508
sha256,H5_reg[10],train,secworks_sha2,crypto_checksum,input_to_reg,3.298007,2.2854245,1.0125825290985109
sha256,H5_reg[11],train,secworks_sha2,crypto_checksum,input_to_reg,3.198982,2.2854245,0.9135575290985107
sha256,H5_reg[12],train,secworks_sha2,crypto_checksum,input_to_reg,3.298007,2.2854245,1.0125825290985109
sha256,H5_reg[13],train,secworks_sha2,crypto_checksum,input_to_reg,3.198982,2.2854245,0.9135575290985107
sha256,H5_reg[14],train,secworks_sha2,crypto_checksum,input_to_reg,1.829873,2.2854245,0.4555514709014892
sha256,H5_reg[15],train,secworks_sha2,crypto_checksum,reg_to_reg,3.257041,1.8314228,1.4256181942138673
sha256,H5_reg[16],train,secworks_sha2,crypto_checksum,input_to_reg,1.829552,2.2854245,0.4558724709014892
sha256,H5_reg[17],train,secworks_sha2,crypto_checksum,reg_to_reg,1.773995,1.8314228,0.057427805786132824
sha256,H5_reg[18],train,secworks_sha2,crypto_checksum,input_to_reg,3.198982,2.2854245,0.9135575290985107
sha256,H5_reg[19],train,secworks_sha2,crypto_checksum,input_to_reg,3.207692,2.2854245,0.922267529098511
sha256,H5_reg[1],train,secworks_sha2,crypto_checksum,reg_to_reg,1.841257,1.9385114,0.0972543716125489
sha256,H5_reg[20],train,secworks_sha2,crypto_checksum,input_to_reg,3.298007,2.2854245,1.0125825290985109
sha256,H5_reg[21],train,secworks_sha2,crypto_checksum,reg_to_reg,1.773995,1.6859565,0.0880385218811035
sha256,H5_reg[22],train,secworks_sha2,crypto_checksum,reg_to_reg,3.298007,2.1577957,1.1402113323516847
sha256,H5_reg[23],train,secworks_sha2,crypto_checksum,reg_to_reg,3.257041,2.1577957,1.0992453323516846
sha256,H5_reg[24],train,secworks_sha2,crypto_checksum,reg_to_reg,3.257041,2.1577957,1.0992453323516846
sha256,H5_reg[25],train,secworks_sha2,crypto_checksum,reg_to_reg,3.20697,2.1577957,1.0491743323516847
sha256,H5_reg[26],train,secworks_sha2,crypto_checksum,reg_to_reg,1.841257,2.1577957,0.3165386676483155
sha256,H5_reg[27],train,secworks_sha2,crypto_checksum,reg_to_reg,3.234362,2.2002358,1.0341261563415527
sha256,H5_reg[28],train,secworks_sha2,crypto_checksum,reg_to_reg,1.829873,2.2180567,0.3881836787719726
sha256,H5_reg[29],train,secworks_sha2,crypto_checksum,reg_to_reg,3.257041,2.2180567,1.0389843212280274
sha256,H5_reg[2],train,secworks_sha2,crypto_checksum,input_to_reg,1.848508,2.2507193,0.4022113088531494
sha256,H5_reg[30],train,secworks_sha2,crypto_checksum,reg_to_reg,2.560894,2.2180567,0.3428373212280271
sha256,H5_reg[31],train,secworks_sha2,crypto_checksum,reg_to_reg,1.829873,2.169518,0.33964499392700187
sha256,H5_reg[3],train,secworks_sha2,crypto_checksum,input_to_reg,1.829552,2.2854245,0.4558724709014892
sha256,H5_reg[4],train,secworks_sha2,crypto_checksum,input_to_reg,2.560894,2.2507193,0.31017469114685037
sha256,H5_reg[5],train,secworks_sha2,crypto_checksum,input_to_reg,1.773995,1.9057978,0.1318028391647339
sha256,H5_reg[6],train,secworks_sha2,crypto_checksum,input_to_reg,1.841257,1.9057978,0.06454083916473397
sha256,H5_reg[7],train,secworks_sha2,crypto_checksum,input_to_reg,3.198982,2.2854245,0.9135575290985107
sha256,H5_reg[8],train,secworks_sha2,crypto_checksum,input_to_reg,3.298007,2.2854245,1.0125825290985109
sha256,H5_reg[9],train,secworks_sha2,crypto_checksum,input_to_reg,3.257041,1.9057978,1.3512431608352662
sha256,H6_reg[0],train,secworks_sha2,crypto_checksum,input_to_reg,3.257041,1.959051,1.2979899870071412
sha256,H6_reg[10],train,secworks_sha2,crypto_checksum,input_to_reg,3.298007,2.2854245,1.0125825290985109
sha256,H6_reg[11],train,secworks_sha2,crypto_checksum,input_to_reg,1.532512,1.959051,0.4265390129928588
sha256,H6_reg[12],train,secworks_sha2,crypto_checksum,input_to_reg,1.829873,2.2854245,0.4555514709014892
sha256,H6_reg[13],train,secworks_sha2,crypto_checksum,input_to_reg,3.257041,1.9057978,1.3512431608352662
sha256,H6_reg[14],train,secworks_sha2,crypto_checksum,input_to_reg,1.829552,2.2854245,0.4558724709014892
sha256,H6_reg[15],train,secworks_sha2,crypto_checksum,input_to_reg,1.763051,1.959051,0.19600001299285896
sha256,H6_reg[16],train,secworks_sha2,crypto_checksum,input_to_reg,3.207692,1.959051,1.2486409870071413
sha256,H6_reg[17],train,secworks_sha2,crypto_checksum,input_to_reg,3.198982,2.2854245,0.9135575290985107
sha256,H6_reg[18],train,secworks_sha2,crypto_checksum,reg_to_reg,1.841257,1.8314228,0.009834194213867109
sha256,H6_reg[19],train,secworks_sha2,crypto_checksum,input_to_reg,3.257041,2.2854245,0.9716165290985108
sha256,H6_reg[1],train,secworks_sha2,crypto_checksum,input_to_reg,1.592879,1.959051,0.36617201299285895
sha256,H6_reg[20],train,secworks_sha2,crypto_checksum,input_to_reg,3.298007,2.2854245,1.0125825290985109
sha256,H6_reg[21],train,secworks_sha2,crypto_checksum,input_to_reg,3.257041,2.2854245,0.9716165290985108
sha256,H6_reg[22],train,secworks_sha2,crypto_checksum,reg_to_reg,2.560894,2.1577957,0.40309833235168435
sha256,H6_reg[23],train,secworks_sha2,crypto_checksum,reg_to_reg,1.532512,2.1577957,0.6252836676483153
sha256,H6_reg[24],train,secworks_sha2,crypto_checksum,reg_to_reg,1.829552,2.1577957,0.32824366764831536
sha256,H6_reg[25],train,secworks_sha2,crypto_checksum,reg_to_reg,1.830654,2.1577957,0.3271416676483154
sha256,H6_reg[26],train,secworks_sha2,crypto_checksum,reg_to_reg,1.532512,2.1577957,0.6252836676483153
sha256,H6_reg[27],train,secworks_sha2,crypto_checksum,reg_to_reg,3.234362,2.2002358,1.0341261563415527
sha256,H6_reg[28],train,secworks_sha2,crypto_checksum,reg_to_reg,3.234011,2.2180567,1.0159543212280275
sha256,H6_reg[29],train,secworks_sha2,crypto_checksum,reg_to_reg,3.257041,2.2180567,1.0389843212280274
sha256,H6_reg[2],train,secworks_sha2,crypto_checksum,input_to_reg,2.581117,2.2507193,0.33039769114685047
sha256,H6_reg[30],train,secworks_sha2,crypto_checksum,reg_to_reg,2.560428,2.2180567,0.34237132122802727
sha256,H6_reg[31],train,secworks_sha2,crypto_checksum,reg_to_reg,1.781538,2.1461198,0.36458183299255364
sha256,H6_reg[3],train,secworks_sha2,crypto_checksum,input_to_reg,1.830795,2.2854245,0.4546294709014893
sha256,H6_reg[4],train,secworks_sha2,crypto_checksum,reg_to_reg,3.207692,2.0465622,1.1611298051757815
sha256,H6_reg[5],train,secworks_sha2,crypto_checksum,input_to_reg,1.532512,1.959051,0.4265390129928588
sha256,H6_reg[6],train,secworks_sha2,crypto_checksum,input_to_reg,3.137074,1.9057978,1.2312761608352663
sha256,H6_reg[7],train,secworks_sha2,crypto_checksum,input_to_reg,1.532512,1.959051,0.4265390129928588
sha256,H6_reg[8],train,secworks_sha2,crypto_checksum,input_to_reg,1.532512,1.959051,0.4265390129928588
sha256,H6_reg[9],train,secworks_sha2,crypto_checksum,input_to_reg,3.257041,2.2854245,0.9716165290985108
sha256,H7_reg[0],train,secworks_sha2,crypto_checksum,input_to_reg,1.831869,2.2854245,0.4535554709014893
sha256,H7_reg[10],train,secworks_sha2,crypto_checksum,input_to_reg,3.207692,1.959051,1.2486409870071413
sha256,H7_reg[11],train,secworks_sha2,crypto_checksum,input_to_reg,1.532512,1.959051,0.4265390129928588
sha256,H7_reg[12],train,secworks_sha2,crypto_checksum,input_to_reg,1.838415,1.9057978,0.06738283916473398
sha256,H7_reg[13],train,secworks_sha2,crypto_checksum,input_to_reg,3.257041,1.9057978,1.3512431608352662
sha256,H7_reg[14],train,secworks_sha2,crypto_checksum,input_to_reg,3.207692,1.959051,1.2486409870071413
sha256,H7_reg[15],train,secworks_sha2,crypto_checksum,input_to_reg,3.20697,2.2854245,0.9215455290985108
sha256,H7_reg[16],train,secworks_sha2,crypto_checksum,reg_to_reg,1.841257,1.8314228,0.009834194213867109
sha256,H7_reg[17],train,secworks_sha2,crypto_checksum,input_to_reg,2.560894,2.2854245,0.2754695290985105
sha256,H7_reg[18],train,secworks_sha2,crypto_checksum,reg_to_reg,1.841257,1.8314228,0.009834194213867109
sha256,H7_reg[19],train,secworks_sha2,crypto_checksum,input_to_reg,3.207692,2.2854245,0.922267529098511
sha256,H7_reg[1],train,secworks_sha2,crypto_checksum,input_to_reg,1.841257,1.9057978,0.06454083916473397
sha256,H7_reg[20],train,secworks_sha2,crypto_checksum,input_to_reg,2.560894,2.2854245,0.2754695290985105
sha256,H7_reg[21],train,secworks_sha2,crypto_checksum,reg_to_reg,1.532512,1.6859565,0.1534444781188964
sha256,H7_reg[22],train,secworks_sha2,crypto_checksum,reg_to_reg,3.207692,2.1577957,1.0498963323516848
sha256,H7_reg[23],train,secworks_sha2,crypto_checksum,reg_to_reg,1.532512,2.1577957,0.6252836676483153
sha256,H7_reg[24],train,secworks_sha2,crypto_checksum,reg_to_reg,1.830552,2.1577957,0.3272436676483155
sha256,H7_reg[25],train,secworks_sha2,crypto_checksum,reg_to_reg,1.532512,2.1577957,0.6252836676483153
sha256,H7_reg[26],train,secworks_sha2,crypto_checksum,reg_to_reg,3.257041,2.1577957,1.0992453323516846
sha256,H7_reg[27],train,secworks_sha2,crypto_checksum,reg_to_reg,3.207692,2.2002358,1.007456156341553
sha256,H7_reg[28],train,secworks_sha2,crypto_checksum,reg_to_reg,3.207692,2.2180567,0.9896353212280276
sha256,H7_reg[29],train,secworks_sha2,crypto_checksum,reg_to_reg,3.234362,2.2180567,1.0163053212280273
sha256,H7_reg[2],train,secworks_sha2,crypto_checksum,input_to_reg,2.563618,2.2854245,0.2781935290985107
sha256,H7_reg[30],train,secworks_sha2,crypto_checksum,reg_to_reg,1.830795,2.2180567,0.3872616787719727
sha256,H7_reg[31],train,secworks_sha2,crypto_checksum,reg_to_reg,2.560428,2.169518,0.390910006072998
sha256,H7_reg[3],train,secworks_sha2,crypto_checksum,input_to_reg,1.830795,2.2854245,0.4546294709014893
sha256,H7_reg[4],train,secworks_sha2,crypto_checksum,input_to_reg,1.829873,2.2854245,0.4555514709014892
sha256,H7_reg[5],train,secworks_sha2,crypto_checksum,input_to_reg,2.563618,2.2854245,0.2781935290985107
sha256,H7_reg[6],train,secworks_sha2,crypto_checksum,input_to_reg,1.841257,1.9057978,0.06454083916473397
sha256,H7_reg[7],train,secworks_sha2,crypto_checksum,input_to_reg,3.34919,2.2854245,1.0637655290985109
sha256,H7_reg[8],train,secworks_sha2,crypto_checksum,input_to_reg,3.207692,1.959051,1.2486409870071413
sha256,H7_reg[9],train,secworks_sha2,crypto_checksum,input_to_reg,2.560428,2.2854245,0.27500352909851067
sha256,a_reg[0],train,secworks_sha2,crypto_checksum,input_to_reg,4.857494,3.6470404,1.2104536328735351
sha256,a_reg[10],train,secworks_sha2,crypto_checksum,input_to_reg,4.857494,3.947376,0.910117987197876
sha256,a_reg[11],train,secworks_sha2,crypto_checksum,input_to_reg,4.857494,3.947376,0.910117987197876
sha256,a_reg[12],train,secworks_sha2,crypto_checksum,input_to_reg,4.842731,3.7259605,1.1167705069122311
sha256,a_reg[13],train,secworks_sha2,crypto_checksum,input_to_reg,4.842731,3.947376,0.8953549871978757
sha256,a_reg[14],train,secworks_sha2,crypto_checksum,input_to_reg,4.842731,3.947376,0.8953549871978757
sha256,a_reg[15],train,secworks_sha2,crypto_checksum,input_to_reg,4.842731,3.947376,0.8953549871978757
sha256,a_reg[16],train,secworks_sha2,crypto_checksum,input_to_reg,5.05425,3.7259605,1.3282895069122311
sha256,a_reg[17],train,secworks_sha2,crypto_checksum,input_to_reg,4.842731,3.947376,0.8953549871978757
sha256,a_reg[18],train,secworks_sha2,crypto_checksum,input_to_reg,4.857494,3.947376,0.910117987197876
sha256,a_reg[19],train,secworks_sha2,crypto_checksum,input_to_reg,4.857494,3.947376,0.910117987197876
sha256,a_reg[1],train,secworks_sha2,crypto_checksum,input_to_reg,4.857494,3.6470404,1.2104536328735351
sha256,a_reg[20],train,secworks_sha2,crypto_checksum,input_to_reg,4.857494,3.947376,0.910117987197876
sha256,a_reg[21],train,secworks_sha2,crypto_checksum,input_to_reg,5.024037,3.947376,1.0766609871978758
sha256,a_reg[22],train,secworks_sha2,crypto_checksum,reg_to_reg,4.857494,3.7707338,1.0867601666870117
sha256,a_reg[23],train,secworks_sha2,crypto_checksum,reg_to_reg,4.849196,3.7707338,1.0784621666870118
sha256,a_reg[24],train,secworks_sha2,crypto_checksum,reg_to_reg,4.857494,3.7707338,1.0867601666870117
sha256,a_reg[25],train,secworks_sha2,crypto_checksum,reg_to_reg,4.857494,3.7707338,1.0867601666870117
sha256,a_reg[26],train,secworks_sha2,crypto_checksum,reg_to_reg,4.857494,3.7707338,1.0867601666870117
sha256,a_reg[27],train,secworks_sha2,crypto_checksum,reg_to_reg,4.857494,3.7707338,1.0867601666870117
sha256,a_reg[28],train,secworks_sha2,crypto_checksum,reg_to_reg,4.857494,3.7707338,1.0867601666870117
sha256,a_reg[29],train,secworks_sha2,crypto_checksum,reg_to_reg,4.857494,3.7707338,1.0867601666870117
sha256,a_reg[2],train,secworks_sha2,crypto_checksum,input_to_reg,4.857494,3.6470404,1.2104536328735351
sha256,a_reg[30],train,secworks_sha2,crypto_checksum,reg_to_reg,4.857494,3.7707338,1.0867601666870117
sha256,a_reg[31],train,secworks_sha2,crypto_checksum,reg_to_reg,4.857494,3.7707338,1.0867601666870117
sha256,a_reg[3],train,secworks_sha2,crypto_checksum,input_to_reg,4.857494,3.7259605,1.1315335069122314
sha256,a_reg[4],train,secworks_sha2,crypto_checksum,input_to_reg,4.857494,3.7259605,1.1315335069122314
sha256,a_reg[5],train,secworks_sha2,crypto_checksum,input_to_reg,4.26931,3.947376,0.3219339871978759
sha256,a_reg[6],train,secworks_sha2,crypto_checksum,input_to_reg,4.857494,3.947376,0.910117987197876
sha256,a_reg[7],train,secworks_sha2,crypto_checksum,input_to_reg,4.857494,3.7259605,1.1315335069122314
sha256,a_reg[8],train,secworks_sha2,crypto_checksum,input_to_reg,4.842731,3.947376,0.8953549871978757
sha256,a_reg[9],train,secworks_sha2,crypto_checksum,input_to_reg,4.842731,3.947376,0.8953549871978757
sha256,b_reg[0],train,secworks_sha2,crypto_checksum,input_to_reg,4.26931,3.2126808,1.0566291833496093
sha256,b_reg[10],train,secworks_sha2,crypto_checksum,input_to_reg,2.106987,3.2126808,1.1056938166503905
sha256,b_reg[11],train,secworks_sha2,crypto_checksum,input_to_reg,4.903439,3.9563375,0.9471015480651852
sha256,b_reg[12],train,secworks_sha2,crypto_checksum,input_to_reg,4.903439,3.9563375,0.9471015480651852
sha256,b_reg[13],train,secworks_sha2,crypto_checksum,input_to_reg,4.26931,3.2126808,1.0566291833496093
sha256,b_reg[14],train,secworks_sha2,crypto_checksum,input_to_reg,4.903439,3.9563375,0.9471015480651852
sha256,b_reg[15],train,secworks_sha2,crypto_checksum,input_to_reg,4.891293,3.9563375,0.9349555480651857
sha256,b_reg[16],train,secworks_sha2,crypto_checksum,input_to_reg,4.268808,3.2126808,1.0561271833496093
sha256,b_reg[17],train,secworks_sha2,crypto_checksum,input_to_reg,4.903439,3.9563375,0.9471015480651852
sha256,b_reg[18],train,secworks_sha2,crypto_checksum,input_to_reg,2.128833,3.2126808,1.0838478166503904
sha256,b_reg[19],train,secworks_sha2,crypto_checksum,input_to_reg,4.26931,3.2126808,1.0566291833496093
sha256,b_reg[1],train,secworks_sha2,crypto_checksum,input_to_reg,4.903439,3.9563375,0.9471015480651852
sha256,b_reg[20],train,secworks_sha2,crypto_checksum,input_to_reg,4.903439,3.9563375,0.9471015480651852
sha256,b_reg[21],train,secworks_sha2,crypto_checksum,input_to_reg,2.1148,3.2126808,1.0978808166503908
sha256,b_reg[22],train,secworks_sha2,crypto_checksum,input_to_reg,4.891293,3.9563375,0.9349555480651857
sha256,b_reg[23],train,secworks_sha2,crypto_checksum,input_to_reg,4.903439,3.9563375,0.9471015480651852
sha256,b_reg[24],train,secworks_sha2,crypto_checksum,input_to_reg,4.903439,3.9563375,0.9471015480651852
sha256,b_reg[25],train,secworks_sha2,crypto_checksum,input_to_reg,2.1148,3.2126808,1.0978808166503908
sha256,b_reg[26],train,secworks_sha2,crypto_checksum,input_to_reg,4.26931,3.2126808,1.0566291833496093
sha256,b_reg[27],train,secworks_sha2,crypto_checksum,input_to_reg,5.024037,3.2126808,1.8113561833496092
sha256,b_reg[28],train,secworks_sha2,crypto_checksum,input_to_reg,2.1148,3.2126808,1.0978808166503908
sha256,b_reg[29],train,secworks_sha2,crypto_checksum,input_to_reg,4.903439,3.9563375,0.9471015480651852
sha256,b_reg[2],train,secworks_sha2,crypto_checksum,input_to_reg,4.268808,3.2126808,1.0561271833496093
sha256,b_reg[30],train,secworks_sha2,crypto_checksum,input_to_reg,4.903439,3.9563375,0.9471015480651852
sha256,b_reg[31],train,secworks_sha2,crypto_checksum,input_to_reg,4.26931,3.2126808,1.0566291833496093
sha256,b_reg[3],train,secworks_sha2,crypto_checksum,input_to_reg,4.903439,3.9563375,0.9471015480651852
sha256,b_reg[4],train,secworks_sha2,crypto_checksum,input_to_reg,4.903439,3.9563375,0.9471015480651852
sha256,b_reg[5],train,secworks_sha2,crypto_checksum,input_to_reg,4.966108,3.9563375,1.0097705480651857
sha256,b_reg[6],train,secworks_sha2,crypto_checksum,input_to_reg,4.903439,3.9563375,0.9471015480651852
sha256,b_reg[7],train,secworks_sha2,crypto_checksum,input_to_reg,4.903439,3.9563375,0.9471015480651852
sha256,b_reg[8],train,secworks_sha2,crypto_checksum,input_to_reg,4.26931,3.2126808,1.0566291833496093
sha256,b_reg[9],train,secworks_sha2,crypto_checksum,input_to_reg,4.268808,3.2126808,1.0561271833496093
sha256,c_reg[0],train,secworks_sha2,crypto_checksum,input_to_reg,4.857494,3.1928754,1.6646186147155762
sha256,c_reg[10],train,secworks_sha2,crypto_checksum,input_to_reg,4.857494,3.1928754,1.6646186147155762
sha256,c_reg[11],train,secworks_sha2,crypto_checksum,input_to_reg,4.903439,3.9045644,0.9988746193542477
sha256,c_reg[12],train,secworks_sha2,crypto_checksum,input_to_reg,2.1148,3.1928754,1.078075385284424
sha256,c_reg[13],train,secworks_sha2,crypto_checksum,input_to_reg,4.876479,3.1928754,1.683603614715576
sha256,c_reg[14],train,secworks_sha2,crypto_checksum,input_to_reg,2.1148,3.1928754,1.078075385284424
sha256,c_reg[15],train,secworks_sha2,crypto_checksum,input_to_reg,4.903439,3.9045644,0.9988746193542477
sha256,c_reg[16],train,secworks_sha2,crypto_checksum,input_to_reg,4.903439,3.9045644,0.9988746193542477
sha256,c_reg[17],train,secworks_sha2,crypto_checksum,input_to_reg,4.281955,3.1928754,1.0890796147155761
sha256,c_reg[18],train,secworks_sha2,crypto_checksum,input_to_reg,4.903439,3.9045644,0.9988746193542477
sha256,c_reg[19],train,secworks_sha2,crypto_checksum,input_to_reg,5.024037,3.1928754,1.831161614715576
sha256,c_reg[1],train,secworks_sha2,crypto_checksum,input_to_reg,4.903439,3.9045644,0.9988746193542477
sha256,c_reg[20],train,secworks_sha2,crypto_checksum,input_to_reg,4.903439,3.9045644,0.9988746193542477
sha256,c_reg[21],train,secworks_sha2,crypto_checksum,input_to_reg,2.106987,3.1928754,1.0858883852844237
sha256,c_reg[22],train,secworks_sha2,crypto_checksum,input_to_reg,2.1148,3.1928754,1.078075385284424
sha256,c_reg[23],train,secworks_sha2,crypto_checksum,input_to_reg,4.903439,3.9045644,0.9988746193542477
sha256,c_reg[24],train,secworks_sha2,crypto_checksum,input_to_reg,4.903439,3.9045644,0.9988746193542477
sha256,c_reg[25],train,secworks_sha2,crypto_checksum,input_to_reg,4.903439,3.9045644,0.9988746193542477
sha256,c_reg[26],train,secworks_sha2,crypto_checksum,input_to_reg,4.903439,3.9045644,0.9988746193542477
sha256,c_reg[27],train,secworks_sha2,crypto_checksum,input_to_reg,4.281955,3.1928754,1.0890796147155761
sha256,c_reg[28],train,secworks_sha2,crypto_checksum,input_to_reg,2.128833,3.1928754,1.0640423852844236
sha256,c_reg[29],train,secworks_sha2,crypto_checksum,input_to_reg,2.1148,3.1928754,1.078075385284424
sha256,c_reg[2],train,secworks_sha2,crypto_checksum,input_to_reg,4.857494,3.1928754,1.6646186147155762
sha256,c_reg[30],train,secworks_sha2,crypto_checksum,input_to_reg,4.903439,3.9045644,0.9988746193542477
sha256,c_reg[31],train,secworks_sha2,crypto_checksum,input_to_reg,5.010781,3.9563375,1.0544435480651853
sha256,c_reg[3],train,secworks_sha2,crypto_checksum,input_to_reg,4.891293,3.9045644,0.9867286193542482
sha256,c_reg[4],train,secworks_sha2,crypto_checksum,input_to_reg,2.1148,3.1928754,1.078075385284424
sha256,c_reg[5],train,secworks_sha2,crypto_checksum,input_to_reg,4.281955,3.1928754,1.0890796147155761
sha256,c_reg[6],train,secworks_sha2,crypto_checksum,input_to_reg,4.903439,3.9045644,0.9988746193542477
sha256,c_reg[7],train,secworks_sha2,crypto_checksum,input_to_reg,4.903439,3.9045644,0.9988746193542477
sha256,c_reg[8],train,secworks_sha2,crypto_checksum,input_to_reg,4.891293,3.9045644,0.9867286193542482
sha256,c_reg[9],train,secworks_sha2,crypto_checksum,input_to_reg,4.903439,3.9045644,0.9988746193542477
sha256,d_reg[0],train,secworks_sha2,crypto_checksum,input_to_reg,4.903439,3.9563375,0.9471015480651852
sha256,d_reg[10],train,secworks_sha2,crypto_checksum,input_to_reg,4.26931,3.2126808,1.0566291833496093
sha256,d_reg[11],train,secworks_sha2,crypto_checksum,input_to_reg,4.903439,3.9563375,0.9471015480651852
sha256,d_reg[12],train,secworks_sha2,crypto_checksum,input_to_reg,4.891293,3.9563375,0.9349555480651857
sha256,d_reg[13],train,secworks_sha2,crypto_checksum,input_to_reg,5.024037,3.2126808,1.8113561833496092
sha256,d_reg[14],train,secworks_sha2,crypto_checksum,input_to_reg,2.128833,3.2126808,1.0838478166503904
sha256,d_reg[15],train,secworks_sha2,crypto_checksum,input_to_reg,4.26931,3.2126808,1.0566291833496093
sha256,d_reg[16],train,secworks_sha2,crypto_checksum,input_to_reg,4.26931,3.2126808,1.0566291833496093
sha256,d_reg[17],train,secworks_sha2,crypto_checksum,input_to_reg,2.128833,3.2126808,1.0838478166503904
sha256,d_reg[18],train,secworks_sha2,crypto_checksum,input_to_reg,2.1148,3.2126808,1.0978808166503908
sha256,d_reg[19],train,secworks_sha2,crypto_checksum,input_to_reg,2.1148,3.2126808,1.0978808166503908
sha256,d_reg[1],train,secworks_sha2,crypto_checksum,input_to_reg,4.876479,3.2126808,1.6637981833496092
sha256,d_reg[20],train,secworks_sha2,crypto_checksum,input_to_reg,4.903439,3.9563375,0.9471015480651852
sha256,d_reg[21],train,secworks_sha2,crypto_checksum,input_to_reg,4.966108,3.9563375,1.0097705480651857
sha256,d_reg[22],train,secworks_sha2,crypto_checksum,input_to_reg,5.024037,3.2126808,1.8113561833496092
sha256,d_reg[23],train,secworks_sha2,crypto_checksum,input_to_reg,4.903439,3.9563375,0.9471015480651852
sha256,d_reg[24],train,secworks_sha2,crypto_checksum,input_to_reg,2.1148,3.2126808,1.0978808166503908
sha256,d_reg[25],train,secworks_sha2,crypto_checksum,input_to_reg,4.26931,3.2126808,1.0566291833496093
sha256,d_reg[26],train,secworks_sha2,crypto_checksum,input_to_reg,2.1148,3.2126808,1.0978808166503908
sha256,d_reg[27],train,secworks_sha2,crypto_checksum,input_to_reg,4.903439,3.9563375,0.9471015480651852
sha256,d_reg[28],train,secworks_sha2,crypto_checksum,input_to_reg,4.857494,3.2126808,1.6448131833496094
sha256,d_reg[29],train,secworks_sha2,crypto_checksum,input_to_reg,2.128833,3.2126808,1.0838478166503904
sha256,d_reg[2],train,secworks_sha2,crypto_checksum,input_to_reg,4.903439,3.9563375,0.9471015480651852
sha256,d_reg[30],train,secworks_sha2,crypto_checksum,input_to_reg,4.26931,3.2126808,1.0566291833496093
sha256,d_reg[31],train,secworks_sha2,crypto_checksum,input_to_reg,2.1148,3.2126808,1.0978808166503908
sha256,d_reg[3],train,secworks_sha2,crypto_checksum,input_to_reg,4.26931,3.2126808,1.0566291833496093
sha256,d_reg[4],train,secworks_sha2,crypto_checksum,input_to_reg,4.268808,3.2126808,1.0561271833496093
sha256,d_reg[5],train,secworks_sha2,crypto_checksum,input_to_reg,4.268808,3.9563375,0.3124705480651855
sha256,d_reg[6],train,secworks_sha2,crypto_checksum,input_to_reg,4.891293,3.9563375,0.9349555480651857
sha256,d_reg[7],train,secworks_sha2,crypto_checksum,input_to_reg,4.966108,3.9563375,1.0097705480651857
sha256,d_reg[8],train,secworks_sha2,crypto_checksum,input_to_reg,2.1148,3.2126808,1.0978808166503908
sha256,d_reg[9],train,secworks_sha2,crypto_checksum,input_to_reg,4.903439,3.9563375,0.9471015480651852
sha256,digest_update,train,secworks_sha2,crypto_checksum,reg_to_reg,1.55069,1.3718543,0.17883569473266592
sha256,digest_valid,train,secworks_sha2,crypto_checksum,input_to_reg,1.53179,1.4841324,0.047657590904235825
sha256,e_reg[0],train,secworks_sha2,crypto_checksum,input_to_reg,4.857494,3.868456,0.9890381131591797
sha256,e_reg[10],train,secworks_sha2,crypto_checksum,input_to_reg,5.024037,3.947376,1.0766609871978758
sha256,e_reg[11],train,secworks_sha2,crypto_checksum,input_to_reg,4.90535,3.947376,0.9579739871978763
sha256,e_reg[12],train,secworks_sha2,crypto_checksum,input_to_reg,4.842731,3.947376,0.8953549871978757
sha256,e_reg[13],train,secworks_sha2,crypto_checksum,input_to_reg,4.90535,3.947376,0.9579739871978763
sha256,e_reg[14],train,secworks_sha2,crypto_checksum,input_to_reg,4.260757,3.947376,0.3133809871978759
sha256,e_reg[15],train,secworks_sha2,crypto_checksum,input_to_reg,4.857494,3.4366379,1.4208561215820312
sha256,e_reg[16],train,secworks_sha2,crypto_checksum,input_to_reg,4.996705,3.947376,1.0493289871978764
sha256,e_reg[17],train,secworks_sha2,crypto_checksum,input_to_reg,4.294123,3.947376,0.3467469871978759
sha256,e_reg[18],train,secworks_sha2,crypto_checksum,input_to_reg,4.903439,3.947376,0.9560629871978756
sha256,e_reg[19],train,secworks_sha2,crypto_checksum,input_to_reg,4.90535,3.947376,0.9579739871978763
sha256,e_reg[1],train,secworks_sha2,crypto_checksum,input_to_reg,4.857494,3.868456,0.9890381131591797
sha256,e_reg[20],train,secworks_sha2,crypto_checksum,input_to_reg,4.842731,3.947376,0.8953549871978757
sha256,e_reg[21],train,secworks_sha2,crypto_checksum,input_to_reg,4.842731,3.947376,0.8953549871978757
sha256,e_reg[22],train,secworks_sha2,crypto_checksum,input_to_reg,4.260757,3.947376,0.3133809871978759
sha256,e_reg[23],train,secworks_sha2,crypto_checksum,input_to_reg,4.83619,3.947376,0.8888139871978762
sha256,e_reg[24],train,secworks_sha2,crypto_checksum,reg_to_reg,4.857494,3.7707338,1.0867601666870117
sha256,e_reg[25],train,secworks_sha2,crypto_checksum,reg_to_reg,4.857494,3.7707338,1.0867601666870117
sha256,e_reg[26],train,secworks_sha2,crypto_checksum,reg_to_reg,4.90535,3.7707338,1.134616166687012
sha256,e_reg[27],train,secworks_sha2,crypto_checksum,reg_to_reg,4.842731,3.7707338,1.0719971666870114
sha256,e_reg[28],train,secworks_sha2,crypto_checksum,reg_to_reg,4.842731,3.7707338,1.0719971666870114
sha256,e_reg[29],train,secworks_sha2,crypto_checksum,reg_to_reg,4.857494,3.7707338,1.0867601666870117
sha256,e_reg[2],train,secworks_sha2,crypto_checksum,input_to_reg,4.842731,3.868456,0.9742751131591794
sha256,e_reg[30],train,secworks_sha2,crypto_checksum,reg_to_reg,4.849196,3.7707338,1.0784621666870118
sha256,e_reg[31],train,secworks_sha2,crypto_checksum,reg_to_reg,4.857494,3.7707338,1.0867601666870117
sha256,e_reg[3],train,secworks_sha2,crypto_checksum,input_to_reg,4.857494,3.868456,0.9890381131591797
sha256,e_reg[4],train,secworks_sha2,crypto_checksum,input_to_reg,5.024037,3.947376,1.0766609871978758
sha256,e_reg[5],train,secworks_sha2,crypto_checksum,input_to_reg,5.024037,3.947376,1.0766609871978758
sha256,e_reg[6],train,secworks_sha2,crypto_checksum,input_to_reg,4.842731,3.947376,0.8953549871978757
sha256,e_reg[7],train,secworks_sha2,crypto_checksum,input_to_reg,4.857494,3.4366379,1.4208561215820312
sha256,e_reg[8],train,secworks_sha2,crypto_checksum,input_to_reg,4.857494,3.947376,0.910117987197876
sha256,e_reg[9],train,secworks_sha2,crypto_checksum,input_to_reg,5.024037,3.947376,1.0766609871978758
sha256,f_reg[0],train,secworks_sha2,crypto_checksum,input_to_reg,4.26931,3.2126808,1.0566291833496093
sha256,f_reg[10],train,secworks_sha2,crypto_checksum,input_to_reg,4.26931,3.2126808,1.0566291833496093
sha256,f_reg[11],train,secworks_sha2,crypto_checksum,input_to_reg,5.024037,3.2126808,1.8113561833496092
sha256,f_reg[12],train,secworks_sha2,crypto_checksum,input_to_reg,4.26931,3.2126808,1.0566291833496093
sha256,f_reg[13],train,secworks_sha2,crypto_checksum,input_to_reg,5.024037,3.2126808,1.8113561833496092
sha256,f_reg[14],train,secworks_sha2,crypto_checksum,input_to_reg,4.903439,3.9563375,0.9471015480651852
sha256,f_reg[15],train,secworks_sha2,crypto_checksum,input_to_reg,4.903439,3.9563375,0.9471015480651852
sha256,f_reg[16],train,secworks_sha2,crypto_checksum,input_to_reg,4.26931,3.2126808,1.0566291833496093
sha256,f_reg[17],train,secworks_sha2,crypto_checksum,input_to_reg,4.966108,3.9563375,1.0097705480651857
sha256,f_reg[18],train,secworks_sha2,crypto_checksum,input_to_reg,5.024037,3.2126808,1.8113561833496092
sha256,f_reg[19],train,secworks_sha2,crypto_checksum,input_to_reg,4.903439,3.9563375,0.9471015480651852
sha256,f_reg[1],train,secworks_sha2,crypto_checksum,input_to_reg,4.903439,3.9563375,0.9471015480651852
sha256,f_reg[20],train,secworks_sha2,crypto_checksum,input_to_reg,4.26931,3.2126808,1.0566291833496093
sha256,f_reg[21],train,secworks_sha2,crypto_checksum,input_to_reg,4.417511,3.9563375,0.46117354806518573
sha256,f_reg[22],train,secworks_sha2,crypto_checksum,input_to_reg,4.903439,3.9563375,0.9471015480651852
sha256,f_reg[23],train,secworks_sha2,crypto_checksum,input_to_reg,4.903439,3.9563375,0.9471015480651852
sha256,f_reg[24],train,secworks_sha2,crypto_checksum,input_to_reg,4.26931,3.2126808,1.0566291833496093
sha256,f_reg[25],train,secworks_sha2,crypto_checksum,input_to_reg,4.903439,3.9563375,0.9471015480651852
sha256,f_reg[26],train,secworks_sha2,crypto_checksum,input_to_reg,4.903439,3.9563375,0.9471015480651852
sha256,f_reg[27],train,secworks_sha2,crypto_checksum,input_to_reg,4.903439,3.9563375,0.9471015480651852
sha256,f_reg[28],train,secworks_sha2,crypto_checksum,input_to_reg,4.903439,3.9563375,0.9471015480651852
sha256,f_reg[29],train,secworks_sha2,crypto_checksum,input_to_reg,4.26931,3.2126808,1.0566291833496093
sha256,f_reg[2],train,secworks_sha2,crypto_checksum,input_to_reg,4.26931,3.2126808,1.0566291833496093
sha256,f_reg[30],train,secworks_sha2,crypto_checksum,input_to_reg,4.903439,3.9563375,0.9471015480651852
sha256,f_reg[31],train,secworks_sha2,crypto_checksum,input_to_reg,4.932748,3.734922,1.1978260677795411
sha256,f_reg[3],train,secworks_sha2,crypto_checksum,input_to_reg,4.26931,3.2126808,1.0566291833496093
sha256,f_reg[4],train,secworks_sha2,crypto_checksum,input_to_reg,4.903439,3.9563375,0.9471015480651852
sha256,f_reg[5],train,secworks_sha2,crypto_checksum,input_to_reg,4.417511,3.9563375,0.46117354806518573
sha256,f_reg[6],train,secworks_sha2,crypto_checksum,input_to_reg,4.903439,3.9563375,0.9471015480651852
sha256,f_reg[7],train,secworks_sha2,crypto_checksum,input_to_reg,5.024037,3.2126808,1.8113561833496092
sha256,f_reg[8],train,secworks_sha2,crypto_checksum,input_to_reg,4.26931,3.2126808,1.0566291833496093
sha256,f_reg[9],train,secworks_sha2,crypto_checksum,input_to_reg,4.903439,3.9563375,0.9471015480651852
sha256,g_reg[0],train,secworks_sha2,crypto_checksum,input_to_reg,4.268808,3.2126808,1.0561271833496093
sha256,g_reg[10],train,secworks_sha2,crypto_checksum,input_to_reg,4.857494,3.2126808,1.6448131833496094
sha256,g_reg[11],train,secworks_sha2,crypto_checksum,input_to_reg,2.1148,3.2126808,1.0978808166503908
sha256,g_reg[12],train,secworks_sha2,crypto_checksum,input_to_reg,4.903439,3.9563375,0.9471015480651852
sha256,g_reg[13],train,secworks_sha2,crypto_checksum,input_to_reg,4.903439,3.9563375,0.9471015480651852
sha256,g_reg[14],train,secworks_sha2,crypto_checksum,input_to_reg,4.26931,3.2126808,1.0566291833496093
sha256,g_reg[15],train,secworks_sha2,crypto_checksum,input_to_reg,2.1148,3.2126808,1.0978808166503908
sha256,g_reg[16],train,secworks_sha2,crypto_checksum,input_to_reg,4.903439,3.9563375,0.9471015480651852
sha256,g_reg[17],train,secworks_sha2,crypto_checksum,input_to_reg,5.024037,3.2126808,1.8113561833496092
sha256,g_reg[18],train,secworks_sha2,crypto_checksum,input_to_reg,4.903439,3.9563375,0.9471015480651852
sha256,g_reg[19],train,secworks_sha2,crypto_checksum,input_to_reg,4.26931,3.2126808,1.0566291833496093
sha256,g_reg[1],train,secworks_sha2,crypto_checksum,input_to_reg,4.903439,3.9563375,0.9471015480651852
sha256,g_reg[20],train,secworks_sha2,crypto_checksum,input_to_reg,4.857494,3.2126808,1.6448131833496094
sha256,g_reg[21],train,secworks_sha2,crypto_checksum,input_to_reg,4.268808,3.2126808,1.0561271833496093
sha256,g_reg[22],train,secworks_sha2,crypto_checksum,input_to_reg,4.903439,3.9563375,0.9471015480651852
sha256,g_reg[23],train,secworks_sha2,crypto_checksum,input_to_reg,2.1148,3.2126808,1.0978808166503908
sha256,g_reg[24],train,secworks_sha2,crypto_checksum,input_to_reg,4.857494,3.2126808,1.6448131833496094
sha256,g_reg[25],train,secworks_sha2,crypto_checksum,input_to_reg,4.26931,3.2126808,1.0566291833496093
sha256,g_reg[26],train,secworks_sha2,crypto_checksum,input_to_reg,2.1148,3.2126808,1.0978808166503908
sha256,g_reg[27],train,secworks_sha2,crypto_checksum,input_to_reg,4.26931,3.2126808,1.0566291833496093
sha256,g_reg[28],train,secworks_sha2,crypto_checksum,input_to_reg,4.903439,3.9563375,0.9471015480651852
sha256,g_reg[29],train,secworks_sha2,crypto_checksum,input_to_reg,4.268808,3.2126808,1.0561271833496093
sha256,g_reg[2],train,secworks_sha2,crypto_checksum,input_to_reg,4.268808,3.2126808,1.0561271833496093
sha256,g_reg[30],train,secworks_sha2,crypto_checksum,input_to_reg,4.26931,3.2126808,1.0566291833496093
sha256,g_reg[31],train,secworks_sha2,crypto_checksum,input_to_reg,5.010781,3.9563375,1.0544435480651853
sha256,g_reg[3],train,secworks_sha2,crypto_checksum,input_to_reg,4.268808,3.2126808,1.0561271833496093
sha256,g_reg[4],train,secworks_sha2,crypto_checksum,input_to_reg,4.903439,3.9563375,0.9471015480651852
sha256,g_reg[5],train,secworks_sha2,crypto_checksum,input_to_reg,2.106987,3.2126808,1.1056938166503905
sha256,g_reg[6],train,secworks_sha2,crypto_checksum,input_to_reg,4.891293,3.9563375,0.9349555480651857
sha256,g_reg[7],train,secworks_sha2,crypto_checksum,input_to_reg,2.1148,3.2126808,1.0978808166503908
sha256,g_reg[8],train,secworks_sha2,crypto_checksum,input_to_reg,2.106987,3.2126808,1.1056938166503905
sha256,g_reg[9],train,secworks_sha2,crypto_checksum,input_to_reg,4.26931,3.2126808,1.0566291833496093
sha256,h_reg[0],train,secworks_sha2,crypto_checksum,input_to_reg,4.268808,3.9563375,0.3124705480651855
sha256,h_reg[10],train,secworks_sha2,crypto_checksum,input_to_reg,4.903439,3.9563375,0.9471015480651852
sha256,h_reg[11],train,secworks_sha2,crypto_checksum,input_to_reg,2.106987,3.2126808,1.1056938166503905
sha256,h_reg[12],train,secworks_sha2,crypto_checksum,input_to_reg,4.903439,3.9563375,0.9471015480651852
sha256,h_reg[13],train,secworks_sha2,crypto_checksum,input_to_reg,4.903439,3.9563375,0.9471015480651852
sha256,h_reg[14],train,secworks_sha2,crypto_checksum,input_to_reg,4.268808,3.2126808,1.0561271833496093
sha256,h_reg[15],train,secworks_sha2,crypto_checksum,input_to_reg,4.268808,3.2126808,1.0561271833496093
sha256,h_reg[16],train,secworks_sha2,crypto_checksum,input_to_reg,4.903439,3.9563375,0.9471015480651852
sha256,h_reg[17],train,secworks_sha2,crypto_checksum,input_to_reg,4.903439,3.9563375,0.9471015480651852
sha256,h_reg[18],train,secworks_sha2,crypto_checksum,input_to_reg,4.903439,3.9563375,0.9471015480651852
sha256,h_reg[19],train,secworks_sha2,crypto_checksum,input_to_reg,5.024037,3.2126808,1.8113561833496092
sha256,h_reg[1],train,secworks_sha2,crypto_checksum,input_to_reg,4.903439,3.9563375,0.9471015480651852
sha256,h_reg[20],train,secworks_sha2,crypto_checksum,input_to_reg,4.903439,3.9563375,0.9471015480651852
sha256,h_reg[21],train,secworks_sha2,crypto_checksum,input_to_reg,2.128833,3.2126808,1.0838478166503904
sha256,h_reg[22],train,secworks_sha2,crypto_checksum,input_to_reg,4.903439,3.9563375,0.9471015480651852
sha256,h_reg[23],train,secworks_sha2,crypto_checksum,input_to_reg,2.128833,3.2126808,1.0838478166503904
sha256,h_reg[24],train,secworks_sha2,crypto_checksum,input_to_reg,5.024037,3.2126808,1.8113561833496092
sha256,h_reg[25],train,secworks_sha2,crypto_checksum,input_to_reg,2.128833,3.2126808,1.0838478166503904
sha256,h_reg[26],train,secworks_sha2,crypto_checksum,input_to_reg,4.268808,3.2126808,1.0561271833496093
sha256,h_reg[27],train,secworks_sha2,crypto_checksum,input_to_reg,4.268808,3.9563375,0.3124705480651855
sha256,h_reg[28],train,secworks_sha2,crypto_checksum,input_to_reg,4.903439,3.9563375,0.9471015480651852
sha256,h_reg[29],train,secworks_sha2,crypto_checksum,input_to_reg,4.268808,3.2126808,1.0561271833496093
sha256,h_reg[2],train,secworks_sha2,crypto_checksum,input_to_reg,4.268808,3.2126808,1.0561271833496093
sha256,h_reg[30],train,secworks_sha2,crypto_checksum,input_to_reg,4.268808,3.9563375,0.3124705480651855
sha256,h_reg[31],train,secworks_sha2,crypto_checksum,input_to_reg,4.26931,3.2126808,1.0566291833496093
sha256,h_reg[3],train,secworks_sha2,crypto_checksum,input_to_reg,4.268808,3.2126808,1.0561271833496093
sha256,h_reg[4],train,secworks_sha2,crypto_checksum,input_to_reg,4.903439,3.9563375,0.9471015480651852
sha256,h_reg[5],train,secworks_sha2,crypto_checksum,input_to_reg,4.268808,3.9563375,0.3124705480651855
sha256,h_reg[6],train,secworks_sha2,crypto_checksum,input_to_reg,4.903439,3.9563375,0.9471015480651852
sha256,h_reg[7],train,secworks_sha2,crypto_checksum,input_to_reg,4.903439,3.9563375,0.9471015480651852
sha256,h_reg[8],train,secworks_sha2,crypto_checksum,input_to_reg,4.268808,3.2126808,1.0561271833496093
sha256,h_reg[9],train,secworks_sha2,crypto_checksum,input_to_reg,4.857494,3.2126808,1.6448131833496094
sha256,ready,train,secworks_sha2,crypto_checksum,input_to_reg,1.53209,1.4392935,0.09279649623870845
sha256,t_ctr_reg[0],train,secworks_sha2,crypto_checksum,input_to_reg,4.87526,1.9205282,2.9547318265533447
sha256,t_ctr_reg[1],train,secworks_sha2,crypto_checksum,input_to_reg,2.072618,1.9205282,0.15208982655334458
sha256,t_ctr_reg[2],train,secworks_sha2,crypto_checksum,input_to_reg,2.102827,1.9205282,0.18229882655334473
sha256,t_ctr_reg[3],train,secworks_sha2,crypto_checksum,input_to_reg,2.143017,1.9205282,0.22248882655334468
sha256,t_ctr_reg[4],train,secworks_sha2,crypto_checksum,input_to_reg,1.603836,1.4841324,0.11970359090423588
sha256,t_ctr_reg[5],train,secworks_sha2,crypto_checksum,input_to_reg,4.256701,1.5006365,2.756064541603088
sha256,w_mem_inst.w_mem[0][0],train,secworks_sha2,crypto_checksum,reg_to_reg,15.24252,11.401017,3.841502810974122
sha256,w_mem_inst.w_mem[0][10],train,secworks_sha2,crypto_checksum,reg_to_reg,15.24252,11.401017,3.841502810974122
sha256,w_mem_inst.w_mem[0][11],train,secworks_sha2,crypto_checksum,reg_to_reg,15.24252,11.401017,3.841502810974122
sha256,w_mem_inst.w_mem[0][12],train,secworks_sha2,crypto_checksum,reg_to_reg,15.24252,11.401017,3.841502810974122
sha256,w_mem_inst.w_mem[0][13],train,secworks_sha2,crypto_checksum,reg_to_reg,15.24252,11.401017,3.841502810974122
sha256,w_mem_inst.w_mem[0][14],train,secworks_sha2,crypto_checksum,reg_to_reg,15.24252,11.401017,3.841502810974122
sha256,w_mem_inst.w_mem[0][15],train,secworks_sha2,crypto_checksum,reg_to_reg,15.24252,11.401017,3.841502810974122
sha256,w_mem_inst.w_mem[0][16],train,secworks_sha2,crypto_checksum,reg_to_reg,15.24252,11.401017,3.841502810974122
sha256,w_mem_inst.w_mem[0][17],train,secworks_sha2,crypto_checksum,reg_to_reg,15.24252,11.401017,3.841502810974122
sha256,w_mem_inst.w_mem[0][18],train,secworks_sha2,crypto_checksum,reg_to_reg,15.24252,11.401017,3.841502810974122
sha256,w_mem_inst.w_mem[0][19],train,secworks_sha2,crypto_checksum,reg_to_reg,15.24252,11.401017,3.841502810974122
sha256,w_mem_inst.w_mem[0][1],train,secworks_sha2,crypto_checksum,reg_to_reg,15.24252,11.401017,3.841502810974122
sha256,w_mem_inst.w_mem[0][20],train,secworks_sha2,crypto_checksum,reg_to_reg,15.24252,11.401017,3.841502810974122
sha256,w_mem_inst.w_mem[0][21],train,secworks_sha2,crypto_checksum,reg_to_reg,15.24252,11.401017,3.841502810974122
sha256,w_mem_inst.w_mem[0][22],train,secworks_sha2,crypto_checksum,reg_to_reg,15.24252,11.401017,3.841502810974122
sha256,w_mem_inst.w_mem[0][23],train,secworks_sha2,crypto_checksum,reg_to_reg,15.24252,11.401017,3.841502810974122
sha256,w_mem_inst.w_mem[0][24],train,secworks_sha2,crypto_checksum,reg_to_reg,15.24252,11.401017,3.841502810974122
sha256,w_mem_inst.w_mem[0][25],train,secworks_sha2,crypto_checksum,reg_to_reg,15.24252,11.401017,3.841502810974122
sha256,w_mem_inst.w_mem[0][26],train,secworks_sha2,crypto_checksum,reg_to_reg,15.24252,11.401017,3.841502810974122
sha256,w_mem_inst.w_mem[0][27],train,secworks_sha2,crypto_checksum,reg_to_reg,15.24252,11.401017,3.841502810974122
sha256,w_mem_inst.w_mem[0][28],train,secworks_sha2,crypto_checksum,reg_to_reg,15.24252,11.401017,3.841502810974122
sha256,w_mem_inst.w_mem[0][29],train,secworks_sha2,crypto_checksum,reg_to_reg,15.24252,11.401017,3.841502810974122
sha256,w_mem_inst.w_mem[0][2],train,secworks_sha2,crypto_checksum,reg_to_reg,15.24252,11.401017,3.841502810974122
sha256,w_mem_inst.w_mem[0][30],train,secworks_sha2,crypto_checksum,reg_to_reg,15.24252,11.401017,3.841502810974122
sha256,w_mem_inst.w_mem[0][31],train,secworks_sha2,crypto_checksum,reg_to_reg,15.24252,11.401017,3.841502810974122
sha256,w_mem_inst.w_mem[0][3],train,secworks_sha2,crypto_checksum,reg_to_reg,15.24252,11.401017,3.841502810974122
sha256,w_mem_inst.w_mem[0][4],train,secworks_sha2,crypto_checksum,reg_to_reg,15.24252,11.401017,3.841502810974122
sha256,w_mem_inst.w_mem[0][5],train,secworks_sha2,crypto_checksum,reg_to_reg,15.24252,11.401017,3.841502810974122
sha256,w_mem_inst.w_mem[0][6],train,secworks_sha2,crypto_checksum,reg_to_reg,15.24252,11.401017,3.841502810974122
sha256,w_mem_inst.w_mem[0][7],train,secworks_sha2,crypto_checksum,reg_to_reg,15.24252,11.401017,3.841502810974122
sha256,w_mem_inst.w_mem[0][8],train,secworks_sha2,crypto_checksum,reg_to_reg,15.24252,11.401017,3.841502810974122
sha256,w_mem_inst.w_mem[0][9],train,secworks_sha2,crypto_checksum,reg_to_reg,15.24252,11.401017,3.841502810974122
sha256,w_mem_inst.w_mem[10][0],train,secworks_sha2,crypto_checksum,reg_to_reg,15.24252,11.401017,3.841502810974122
sha256,w_mem_inst.w_mem[10][10],train,secworks_sha2,crypto_checksum,reg_to_reg,15.24252,11.401017,3.841502810974122
sha256,w_mem_inst.w_mem[10][11],train,secworks_sha2,crypto_checksum,reg_to_reg,15.24252,11.401017,3.841502810974122
sha256,w_mem_inst.w_mem[10][12],train,secworks_sha2,crypto_checksum,reg_to_reg,15.24252,11.401017,3.841502810974122
sha256,w_mem_inst.w_mem[10][13],train,secworks_sha2,crypto_checksum,reg_to_reg,15.24252,11.401017,3.841502810974122
sha256,w_mem_inst.w_mem[10][14],train,secworks_sha2,crypto_checksum,reg_to_reg,15.24252,11.401017,3.841502810974122
sha256,w_mem_inst.w_mem[10][15],train,secworks_sha2,crypto_checksum,reg_to_reg,15.24252,11.401017,3.841502810974122
sha256,w_mem_inst.w_mem[10][16],train,secworks_sha2,crypto_checksum,reg_to_reg,15.24252,11.401017,3.841502810974122
sha256,w_mem_inst.w_mem[10][17],train,secworks_sha2,crypto_checksum,reg_to_reg,15.24252,11.401017,3.841502810974122
sha256,w_mem_inst.w_mem[10][18],train,secworks_sha2,crypto_checksum,reg_to_reg,15.24252,11.401017,3.841502810974122
sha256,w_mem_inst.w_mem[10][19],train,secworks_sha2,crypto_checksum,reg_to_reg,15.24252,11.401017,3.841502810974122
sha256,w_mem_inst.w_mem[10][1],train,secworks_sha2,crypto_checksum,reg_to_reg,15.24252,11.401017,3.841502810974122
sha256,w_mem_inst.w_mem[10][20],train,secworks_sha2,crypto_checksum,reg_to_reg,15.24252,11.401017,3.841502810974122
sha256,w_mem_inst.w_mem[10][21],train,secworks_sha2,crypto_checksum,reg_to_reg,15.24252,11.401017,3.841502810974122
sha256,w_mem_inst.w_mem[10][22],train,secworks_sha2,crypto_checksum,reg_to_reg,15.24252,11.401017,3.841502810974122
sha256,w_mem_inst.w_mem[10][23],train,secworks_sha2,crypto_checksum,reg_to_reg,15.24252,11.401017,3.841502810974122
sha256,w_mem_inst.w_mem[10][24],train,secworks_sha2,crypto_checksum,reg_to_reg,15.24252,11.401017,3.841502810974122
sha256,w_mem_inst.w_mem[10][25],train,secworks_sha2,crypto_checksum,reg_to_reg,15.24252,11.401017,3.841502810974122
sha256,w_mem_inst.w_mem[10][26],train,secworks_sha2,crypto_checksum,reg_to_reg,15.24252,11.401017,3.841502810974122
sha256,w_mem_inst.w_mem[10][27],train,secworks_sha2,crypto_checksum,reg_to_reg,15.24252,11.401017,3.841502810974122
sha256,w_mem_inst.w_mem[10][28],train,secworks_sha2,crypto_checksum,reg_to_reg,15.24252,11.401017,3.841502810974122
sha256,w_mem_inst.w_mem[10][29],train,secworks_sha2,crypto_checksum,reg_to_reg,15.24252,11.401017,3.841502810974122
sha256,w_mem_inst.w_mem[10][2],train,secworks_sha2,crypto_checksum,reg_to_reg,15.24252,11.401017,3.841502810974122
sha256,w_mem_inst.w_mem[10][30],train,secworks_sha2,crypto_checksum,reg_to_reg,15.24252,11.401017,3.841502810974122
sha256,w_mem_inst.w_mem[10][31],train,secworks_sha2,crypto_checksum,reg_to_reg,15.921643,11.401017,4.520625810974121
sha256,w_mem_inst.w_mem[10][3],train,secworks_sha2,crypto_checksum,reg_to_reg,15.24252,11.401017,3.841502810974122
sha256,w_mem_inst.w_mem[10][4],train,secworks_sha2,crypto_checksum,reg_to_reg,15.24252,11.401017,3.841502810974122
sha256,w_mem_inst.w_mem[10][5],train,secworks_sha2,crypto_checksum,reg_to_reg,15.24252,11.401017,3.841502810974122
sha256,w_mem_inst.w_mem[10][6],train,secworks_sha2,crypto_checksum,reg_to_reg,15.24252,11.401017,3.841502810974122
sha256,w_mem_inst.w_mem[10][7],train,secworks_sha2,crypto_checksum,reg_to_reg,15.24252,11.401017,3.841502810974122
sha256,w_mem_inst.w_mem[10][8],train,secworks_sha2,crypto_checksum,reg_to_reg,15.24252,11.401017,3.841502810974122
sha256,w_mem_inst.w_mem[10][9],train,secworks_sha2,crypto_checksum,reg_to_reg,15.24252,11.401017,3.841502810974122
sha256,w_mem_inst.w_mem[11][0],train,secworks_sha2,crypto_checksum,reg_to_reg,15.24252,11.401017,3.841502810974122
sha256,w_mem_inst.w_mem[11][10],train,secworks_sha2,crypto_checksum,reg_to_reg,15.24252,11.401017,3.841502810974122
sha256,w_mem_inst.w_mem[11][11],train,secworks_sha2,crypto_checksum,reg_to_reg,15.24252,11.401017,3.841502810974122
sha256,w_mem_inst.w_mem[11][12],train,secworks_sha2,crypto_checksum,reg_to_reg,15.24252,11.401017,3.841502810974122
sha256,w_mem_inst.w_mem[11][13],train,secworks_sha2,crypto_checksum,reg_to_reg,15.24252,11.401017,3.841502810974122
sha256,w_mem_inst.w_mem[11][14],train,secworks_sha2,crypto_checksum,reg_to_reg,15.24252,11.401017,3.841502810974122
sha256,w_mem_inst.w_mem[11][15],train,secworks_sha2,crypto_checksum,reg_to_reg,15.24252,11.401017,3.841502810974122
sha256,w_mem_inst.w_mem[11][16],train,secworks_sha2,crypto_checksum,reg_to_reg,15.24252,11.401017,3.841502810974122
sha256,w_mem_inst.w_mem[11][17],train,secworks_sha2,crypto_checksum,reg_to_reg,15.24252,11.401017,3.841502810974122
sha256,w_mem_inst.w_mem[11][18],train,secworks_sha2,crypto_checksum,reg_to_reg,15.24252,11.401017,3.841502810974122
sha256,w_mem_inst.w_mem[11][19],train,secworks_sha2,crypto_checksum,reg_to_reg,15.24252,11.401017,3.841502810974122
sha256,w_mem_inst.w_mem[11][1],train,secworks_sha2,crypto_checksum,reg_to_reg,15.24252,11.401017,3.841502810974122
sha256,w_mem_inst.w_mem[11][20],train,secworks_sha2,crypto_checksum,reg_to_reg,15.24252,11.401017,3.841502810974122
sha256,w_mem_inst.w_mem[11][21],train,secworks_sha2,crypto_checksum,reg_to_reg,15.24252,11.401017,3.841502810974122
sha256,w_mem_inst.w_mem[11][22],train,secworks_sha2,crypto_checksum,reg_to_reg,15.24252,11.401017,3.841502810974122
sha256,w_mem_inst.w_mem[11][23],train,secworks_sha2,crypto_checksum,reg_to_reg,15.24252,11.401017,3.841502810974122
sha256,w_mem_inst.w_mem[11][24],train,secworks_sha2,crypto_checksum,reg_to_reg,15.24252,11.401017,3.841502810974122
sha256,w_mem_inst.w_mem[11][25],train,secworks_sha2,crypto_checksum,reg_to_reg,15.24252,11.401017,3.841502810974122
sha256,w_mem_inst.w_mem[11][26],train,secworks_sha2,crypto_checksum,reg_to_reg,15.24252,11.401017,3.841502810974122
sha256,w_mem_inst.w_mem[11][27],train,secworks_sha2,crypto_checksum,reg_to_reg,15.24252,11.401017,3.841502810974122
sha256,w_mem_inst.w_mem[11][28],train,secworks_sha2,crypto_checksum,reg_to_reg,15.24252,11.401017,3.841502810974122
sha256,w_mem_inst.w_mem[11][29],train,secworks_sha2,crypto_checksum,reg_to_reg,15.24252,11.401017,3.841502810974122
sha256,w_mem_inst.w_mem[11][2],train,secworks_sha2,crypto_checksum,reg_to_reg,15.24252,11.401017,3.841502810974122
sha256,w_mem_inst.w_mem[11][30],train,secworks_sha2,crypto_checksum,reg_to_reg,15.24252,11.401017,3.841502810974122
sha256,w_mem_inst.w_mem[11][31],train,secworks_sha2,crypto_checksum,reg_to_reg,15.921643,11.401017,4.520625810974121
sha256,w_mem_inst.w_mem[11][3],train,secworks_sha2,crypto_checksum,reg_to_reg,15.24252,11.401017,3.841502810974122
sha256,w_mem_inst.w_mem[11][4],train,secworks_sha2,crypto_checksum,reg_to_reg,15.24252,11.401017,3.841502810974122
sha256,w_mem_inst.w_mem[11][5],train,secworks_sha2,crypto_checksum,reg_to_reg,15.24252,11.401017,3.841502810974122
sha256,w_mem_inst.w_mem[11][6],train,secworks_sha2,crypto_checksum,reg_to_reg,15.24252,11.401017,3.841502810974122
sha256,w_mem_inst.w_mem[11][7],train,secworks_sha2,crypto_checksum,reg_to_reg,15.24252,11.401017,3.841502810974122
sha256,w_mem_inst.w_mem[11][8],train,secworks_sha2,crypto_checksum,reg_to_reg,15.24252,11.401017,3.841502810974122
sha256,w_mem_inst.w_mem[11][9],train,secworks_sha2,crypto_checksum,reg_to_reg,15.24252,11.401017,3.841502810974122
sha256,w_mem_inst.w_mem[12][0],train,secworks_sha2,crypto_checksum,reg_to_reg,15.24252,11.401017,3.841502810974122
sha256,w_mem_inst.w_mem[12][10],train,secworks_sha2,crypto_checksum,reg_to_reg,15.24252,11.401017,3.841502810974122
sha256,w_mem_inst.w_mem[12][11],train,secworks_sha2,crypto_checksum,reg_to_reg,15.24252,11.401017,3.841502810974122
sha256,w_mem_inst.w_mem[12][12],train,secworks_sha2,crypto_checksum,reg_to_reg,15.24252,11.401017,3.841502810974122
sha256,w_mem_inst.w_mem[12][13],train,secworks_sha2,crypto_checksum,reg_to_reg,15.24252,11.401017,3.841502810974122
sha256,w_mem_inst.w_mem[12][14],train,secworks_sha2,crypto_checksum,reg_to_reg,15.24252,11.401017,3.841502810974122
sha256,w_mem_inst.w_mem[12][15],train,secworks_sha2,crypto_checksum,reg_to_reg,15.24252,11.401017,3.841502810974122
sha256,w_mem_inst.w_mem[12][16],train,secworks_sha2,crypto_checksum,reg_to_reg,15.24252,11.401017,3.841502810974122
sha256,w_mem_inst.w_mem[12][17],train,secworks_sha2,crypto_checksum,reg_to_reg,15.24252,11.401017,3.841502810974122
sha256,w_mem_inst.w_mem[12][18],train,secworks_sha2,crypto_checksum,reg_to_reg,15.24252,11.401017,3.841502810974122
sha256,w_mem_inst.w_mem[12][19],train,secworks_sha2,crypto_checksum,reg_to_reg,15.24252,11.401017,3.841502810974122
sha256,w_mem_inst.w_mem[12][1],train,secworks_sha2,crypto_checksum,reg_to_reg,15.24252,11.401017,3.841502810974122
sha256,w_mem_inst.w_mem[12][20],train,secworks_sha2,crypto_checksum,reg_to_reg,15.24252,11.401017,3.841502810974122
sha256,w_mem_inst.w_mem[12][21],train,secworks_sha2,crypto_checksum,reg_to_reg,15.24252,11.401017,3.841502810974122
sha256,w_mem_inst.w_mem[12][22],train,secworks_sha2,crypto_checksum,reg_to_reg,15.24252,11.401017,3.841502810974122
sha256,w_mem_inst.w_mem[12][23],train,secworks_sha2,crypto_checksum,reg_to_reg,15.24252,11.401017,3.841502810974122
sha256,w_mem_inst.w_mem[12][24],train,secworks_sha2,crypto_checksum,reg_to_reg,15.24252,11.401017,3.841502810974122
sha256,w_mem_inst.w_mem[12][25],train,secworks_sha2,crypto_checksum,reg_to_reg,15.24252,11.401017,3.841502810974122
sha256,w_mem_inst.w_mem[12][26],train,secworks_sha2,crypto_checksum,reg_to_reg,15.24252,11.401017,3.841502810974122
sha256,w_mem_inst.w_mem[12][27],train,secworks_sha2,crypto_checksum,reg_to_reg,15.24252,11.401017,3.841502810974122
sha256,w_mem_inst.w_mem[12][28],train,secworks_sha2,crypto_checksum,reg_to_reg,15.24252,11.401017,3.841502810974122
sha256,w_mem_inst.w_mem[12][29],train,secworks_sha2,crypto_checksum,reg_to_reg,15.24252,11.401017,3.841502810974122
sha256,w_mem_inst.w_mem[12][2],train,secworks_sha2,crypto_checksum,reg_to_reg,15.24252,11.401017,3.841502810974122
sha256,w_mem_inst.w_mem[12][30],train,secworks_sha2,crypto_checksum,reg_to_reg,15.24252,11.401017,3.841502810974122
sha256,w_mem_inst.w_mem[12][31],train,secworks_sha2,crypto_checksum,reg_to_reg,15.921643,11.401017,4.520625810974121
sha256,w_mem_inst.w_mem[12][3],train,secworks_sha2,crypto_checksum,reg_to_reg,15.24252,11.401017,3.841502810974122
sha256,w_mem_inst.w_mem[12][4],train,secworks_sha2,crypto_checksum,reg_to_reg,15.24252,11.401017,3.841502810974122
sha256,w_mem_inst.w_mem[12][5],train,secworks_sha2,crypto_checksum,reg_to_reg,15.24252,11.401017,3.841502810974122
sha256,w_mem_inst.w_mem[12][6],train,secworks_sha2,crypto_checksum,reg_to_reg,15.24252,11.401017,3.841502810974122
sha256,w_mem_inst.w_mem[12][7],train,secworks_sha2,crypto_checksum,reg_to_reg,15.24252,11.401017,3.841502810974122
sha256,w_mem_inst.w_mem[12][8],train,secworks_sha2,crypto_checksum,reg_to_reg,15.24252,11.401017,3.841502810974122
sha256,w_mem_inst.w_mem[12][9],train,secworks_sha2,crypto_checksum,reg_to_reg,15.24252,11.401017,3.841502810974122
sha256,w_mem_inst.w_mem[13][0],train,secworks_sha2,crypto_checksum,reg_to_reg,15.24252,11.401017,3.841502810974122
sha256,w_mem_inst.w_mem[13][10],train,secworks_sha2,crypto_checksum,reg_to_reg,15.24252,11.401017,3.841502810974122
sha256,w_mem_inst.w_mem[13][11],train,secworks_sha2,crypto_checksum,reg_to_reg,15.24252,11.401017,3.841502810974122
sha256,w_mem_inst.w_mem[13][12],train,secworks_sha2,crypto_checksum,reg_to_reg,15.24252,11.401017,3.841502810974122
sha256,w_mem_inst.w_mem[13][13],train,secworks_sha2,crypto_checksum,reg_to_reg,15.24252,11.401017,3.841502810974122
sha256,w_mem_inst.w_mem[13][14],train,secworks_sha2,crypto_checksum,reg_to_reg,15.24252,11.401017,3.841502810974122
sha256,w_mem_inst.w_mem[13][15],train,secworks_sha2,crypto_checksum,reg_to_reg,15.24252,11.401017,3.841502810974122
sha256,w_mem_inst.w_mem[13][16],train,secworks_sha2,crypto_checksum,reg_to_reg,15.24252,11.401017,3.841502810974122
sha256,w_mem_inst.w_mem[13][17],train,secworks_sha2,crypto_checksum,reg_to_reg,15.24252,11.401017,3.841502810974122
sha256,w_mem_inst.w_mem[13][18],train,secworks_sha2,crypto_checksum,reg_to_reg,15.24252,11.401017,3.841502810974122
sha256,w_mem_inst.w_mem[13][19],train,secworks_sha2,crypto_checksum,reg_to_reg,15.24252,11.401017,3.841502810974122
sha256,w_mem_inst.w_mem[13][1],train,secworks_sha2,crypto_checksum,reg_to_reg,15.24252,11.401017,3.841502810974122
sha256,w_mem_inst.w_mem[13][20],train,secworks_sha2,crypto_checksum,reg_to_reg,15.24252,11.401017,3.841502810974122
sha256,w_mem_inst.w_mem[13][21],train,secworks_sha2,crypto_checksum,reg_to_reg,15.24252,11.401017,3.841502810974122
sha256,w_mem_inst.w_mem[13][22],train,secworks_sha2,crypto_checksum,reg_to_reg,15.24252,11.401017,3.841502810974122
sha256,w_mem_inst.w_mem[13][23],train,secworks_sha2,crypto_checksum,reg_to_reg,15.24252,11.401017,3.841502810974122
sha256,w_mem_inst.w_mem[13][24],train,secworks_sha2,crypto_checksum,reg_to_reg,15.24252,11.401017,3.841502810974122
sha256,w_mem_inst.w_mem[13][25],train,secworks_sha2,crypto_checksum,reg_to_reg,15.24252,11.401017,3.841502810974122
sha256,w_mem_inst.w_mem[13][26],train,secworks_sha2,crypto_checksum,reg_to_reg,15.24252,11.401017,3.841502810974122
sha256,w_mem_inst.w_mem[13][27],train,secworks_sha2,crypto_checksum,reg_to_reg,15.24252,11.401017,3.841502810974122
sha256,w_mem_inst.w_mem[13][28],train,secworks_sha2,crypto_checksum,reg_to_reg,15.24252,11.401017,3.841502810974122
sha256,w_mem_inst.w_mem[13][29],train,secworks_sha2,crypto_checksum,reg_to_reg,15.24252,11.401017,3.841502810974122
sha256,w_mem_inst.w_mem[13][2],train,secworks_sha2,crypto_checksum,reg_to_reg,15.24252,11.401017,3.841502810974122
sha256,w_mem_inst.w_mem[13][30],train,secworks_sha2,crypto_checksum,reg_to_reg,15.24252,11.401017,3.841502810974122
sha256,w_mem_inst.w_mem[13][31],train,secworks_sha2,crypto_checksum,reg_to_reg,15.24252,11.401017,3.841502810974122
sha256,w_mem_inst.w_mem[13][3],train,secworks_sha2,crypto_checksum,reg_to_reg,15.24252,11.401017,3.841502810974122
sha256,w_mem_inst.w_mem[13][4],train,secworks_sha2,crypto_checksum,reg_to_reg,15.24252,11.401017,3.841502810974122
sha256,w_mem_inst.w_mem[13][5],train,secworks_sha2,crypto_checksum,reg_to_reg,15.24252,11.401017,3.841502810974122
sha256,w_mem_inst.w_mem[13][6],train,secworks_sha2,crypto_checksum,reg_to_reg,15.24252,11.401017,3.841502810974122
sha256,w_mem_inst.w_mem[13][7],train,secworks_sha2,crypto_checksum,reg_to_reg,15.24252,11.401017,3.841502810974122
sha256,w_mem_inst.w_mem[13][8],train,secworks_sha2,crypto_checksum,reg_to_reg,15.24252,11.401017,3.841502810974122
sha256,w_mem_inst.w_mem[13][9],train,secworks_sha2,crypto_checksum,reg_to_reg,15.24252,11.401017,3.841502810974122
sha256,w_mem_inst.w_mem[14][0],train,secworks_sha2,crypto_checksum,reg_to_reg,15.921643,11.401017,4.520625810974121
sha256,w_mem_inst.w_mem[14][10],train,secworks_sha2,crypto_checksum,reg_to_reg,15.921643,11.401017,4.520625810974121
sha256,w_mem_inst.w_mem[14][11],train,secworks_sha2,crypto_checksum,reg_to_reg,15.921643,11.401017,4.520625810974121
sha256,w_mem_inst.w_mem[14][12],train,secworks_sha2,crypto_checksum,reg_to_reg,15.921643,11.401017,4.520625810974121
sha256,w_mem_inst.w_mem[14][13],train,secworks_sha2,crypto_checksum,reg_to_reg,15.921643,11.401017,4.520625810974121
sha256,w_mem_inst.w_mem[14][14],train,secworks_sha2,crypto_checksum,reg_to_reg,15.921643,11.401017,4.520625810974121
sha256,w_mem_inst.w_mem[14][15],train,secworks_sha2,crypto_checksum,reg_to_reg,15.921643,11.401017,4.520625810974121
sha256,w_mem_inst.w_mem[14][16],train,secworks_sha2,crypto_checksum,reg_to_reg,15.921643,11.401017,4.520625810974121
sha256,w_mem_inst.w_mem[14][17],train,secworks_sha2,crypto_checksum,reg_to_reg,15.921643,11.401017,4.520625810974121
sha256,w_mem_inst.w_mem[14][18],train,secworks_sha2,crypto_checksum,reg_to_reg,15.921643,11.401017,4.520625810974121
sha256,w_mem_inst.w_mem[14][19],train,secworks_sha2,crypto_checksum,reg_to_reg,15.921643,11.401017,4.520625810974121
sha256,w_mem_inst.w_mem[14][1],train,secworks_sha2,crypto_checksum,reg_to_reg,15.921643,11.401017,4.520625810974121
sha256,w_mem_inst.w_mem[14][20],train,secworks_sha2,crypto_checksum,reg_to_reg,15.921643,11.401017,4.520625810974121
sha256,w_mem_inst.w_mem[14][21],train,secworks_sha2,crypto_checksum,reg_to_reg,15.921643,11.401017,4.520625810974121
sha256,w_mem_inst.w_mem[14][22],train,secworks_sha2,crypto_checksum,reg_to_reg,15.921643,11.401017,4.520625810974121
sha256,w_mem_inst.w_mem[14][23],train,secworks_sha2,crypto_checksum,reg_to_reg,15.921643,11.401017,4.520625810974121
sha256,w_mem_inst.w_mem[14][24],train,secworks_sha2,crypto_checksum,reg_to_reg,15.921643,11.401017,4.520625810974121
sha256,w_mem_inst.w_mem[14][25],train,secworks_sha2,crypto_checksum,reg_to_reg,15.921643,11.401017,4.520625810974121
sha256,w_mem_inst.w_mem[14][26],train,secworks_sha2,crypto_checksum,reg_to_reg,15.921643,11.401017,4.520625810974121
sha256,w_mem_inst.w_mem[14][27],train,secworks_sha2,crypto_checksum,reg_to_reg,15.921643,11.401017,4.520625810974121
sha256,w_mem_inst.w_mem[14][28],train,secworks_sha2,crypto_checksum,reg_to_reg,15.921643,11.401017,4.520625810974121
sha256,w_mem_inst.w_mem[14][29],train,secworks_sha2,crypto_checksum,reg_to_reg,15.921643,11.401017,4.520625810974121
sha256,w_mem_inst.w_mem[14][2],train,secworks_sha2,crypto_checksum,reg_to_reg,15.921643,11.401017,4.520625810974121
sha256,w_mem_inst.w_mem[14][30],train,secworks_sha2,crypto_checksum,reg_to_reg,15.921643,11.401017,4.520625810974121
sha256,w_mem_inst.w_mem[14][31],train,secworks_sha2,crypto_checksum,reg_to_reg,15.921643,11.401017,4.520625810974121
sha256,w_mem_inst.w_mem[14][3],train,secworks_sha2,crypto_checksum,reg_to_reg,15.921643,11.401017,4.520625810974121
sha256,w_mem_inst.w_mem[14][4],train,secworks_sha2,crypto_checksum,reg_to_reg,15.921643,11.401017,4.520625810974121
sha256,w_mem_inst.w_mem[14][5],train,secworks_sha2,crypto_checksum,reg_to_reg,15.921643,11.401017,4.520625810974121
sha256,w_mem_inst.w_mem[14][6],train,secworks_sha2,crypto_checksum,reg_to_reg,15.921643,11.401017,4.520625810974121
sha256,w_mem_inst.w_mem[14][7],train,secworks_sha2,crypto_checksum,reg_to_reg,15.921643,11.401017,4.520625810974121
sha256,w_mem_inst.w_mem[14][8],train,secworks_sha2,crypto_checksum,reg_to_reg,15.921643,11.401017,4.520625810974121
sha256,w_mem_inst.w_mem[14][9],train,secworks_sha2,crypto_checksum,reg_to_reg,15.921643,11.401017,4.520625810974121
sha256,w_mem_inst.w_mem[15][0],train,secworks_sha2,crypto_checksum,reg_to_reg,3.647261,3.049811,0.5974501136169432
sha256,w_mem_inst.w_mem[15][10],train,secworks_sha2,crypto_checksum,reg_to_reg,3.119219,2.9279864,0.19123261656188983
sha256,w_mem_inst.w_mem[15][11],train,secworks_sha2,crypto_checksum,reg_to_reg,3.647261,2.9279864,0.7192746165618895
sha256,w_mem_inst.w_mem[15][12],train,secworks_sha2,crypto_checksum,reg_to_reg,3.119219,2.9279864,0.19123261656188983
sha256,w_mem_inst.w_mem[15][13],train,secworks_sha2,crypto_checksum,reg_to_reg,3.647261,2.9279864,0.7192746165618895
sha256,w_mem_inst.w_mem[15][14],train,secworks_sha2,crypto_checksum,reg_to_reg,3.119219,2.9279864,0.19123261656188983
sha256,w_mem_inst.w_mem[15][15],train,secworks_sha2,crypto_checksum,reg_to_reg,3.647261,2.9279864,0.7192746165618895
sha256,w_mem_inst.w_mem[15][16],train,secworks_sha2,crypto_checksum,reg_to_reg,3.119219,2.9279864,0.19123261656188983
sha256,w_mem_inst.w_mem[15][17],train,secworks_sha2,crypto_checksum,reg_to_reg,3.647261,2.9279864,0.7192746165618895
sha256,w_mem_inst.w_mem[15][18],train,secworks_sha2,crypto_checksum,reg_to_reg,3.119219,2.9279864,0.19123261656188983
sha256,w_mem_inst.w_mem[15][19],train,secworks_sha2,crypto_checksum,reg_to_reg,3.647261,2.9279864,0.7192746165618895
sha256,w_mem_inst.w_mem[15][1],train,secworks_sha2,crypto_checksum,reg_to_reg,3.119219,2.9279864,0.19123261656188983
sha256,w_mem_inst.w_mem[15][20],train,secworks_sha2,crypto_checksum,reg_to_reg,3.119219,2.9279864,0.19123261656188983
sha256,w_mem_inst.w_mem[15][21],train,secworks_sha2,crypto_checksum,reg_to_reg,3.647261,2.9279864,0.7192746165618895
sha256,w_mem_inst.w_mem[15][22],train,secworks_sha2,crypto_checksum,reg_to_reg,3.119219,2.9078677,0.21135132994079608
sha256,w_mem_inst.w_mem[15][23],train,secworks_sha2,crypto_checksum,reg_to_reg,3.119219,2.9078677,0.21135132994079608
sha256,w_mem_inst.w_mem[15][24],train,secworks_sha2,crypto_checksum,reg_to_reg,3.119219,2.9078677,0.21135132994079608
sha256,w_mem_inst.w_mem[15][25],train,secworks_sha2,crypto_checksum,reg_to_reg,3.647261,2.9078677,0.7393933299407958
sha256,w_mem_inst.w_mem[15][26],train,secworks_sha2,crypto_checksum,reg_to_reg,3.119219,2.857994,0.26122492041015644
sha256,w_mem_inst.w_mem[15][27],train,secworks_sha2,crypto_checksum,reg_to_reg,3.119219,2.857994,0.26122492041015644
sha256,w_mem_inst.w_mem[15][28],train,secworks_sha2,crypto_checksum,reg_to_reg,3.119219,2.857994,0.26122492041015644
sha256,w_mem_inst.w_mem[15][29],train,secworks_sha2,crypto_checksum,reg_to_reg,3.119219,2.857994,0.26122492041015644
sha256,w_mem_inst.w_mem[15][2],train,secworks_sha2,crypto_checksum,reg_to_reg,3.119219,2.9279864,0.19123261656188983
sha256,w_mem_inst.w_mem[15][30],train,secworks_sha2,crypto_checksum,reg_to_reg,3.119219,2.857994,0.26122492041015644
sha256,w_mem_inst.w_mem[15][31],train,secworks_sha2,crypto_checksum,reg_to_reg,3.119219,2.7081866,0.411032373565674
sha256,w_mem_inst.w_mem[15][3],train,secworks_sha2,crypto_checksum,reg_to_reg,3.119219,2.9279864,0.19123261656188983
sha256,w_mem_inst.w_mem[15][4],train,secworks_sha2,crypto_checksum,reg_to_reg,3.119219,2.9279864,0.19123261656188983
sha256,w_mem_inst.w_mem[15][5],train,secworks_sha2,crypto_checksum,reg_to_reg,3.114306,2.9279864,0.18631961656188967
sha256,w_mem_inst.w_mem[15][6],train,secworks_sha2,crypto_checksum,reg_to_reg,3.647261,2.9279864,0.7192746165618895
sha256,w_mem_inst.w_mem[15][7],train,secworks_sha2,crypto_checksum,reg_to_reg,3.647261,2.9279864,0.7192746165618895
sha256,w_mem_inst.w_mem[15][8],train,secworks_sha2,crypto_checksum,reg_to_reg,3.119219,2.9279864,0.19123261656188983
sha256,w_mem_inst.w_mem[15][9],train,secworks_sha2,crypto_checksum,reg_to_reg,3.647261,2.9279864,0.7192746165618895
sha256,w_mem_inst.w_mem[1][0],train,secworks_sha2,crypto_checksum,reg_to_reg,15.921643,11.401017,4.520625810974121
sha256,w_mem_inst.w_mem[1][10],train,secworks_sha2,crypto_checksum,reg_to_reg,15.921643,11.401017,4.520625810974121
sha256,w_mem_inst.w_mem[1][11],train,secworks_sha2,crypto_checksum,reg_to_reg,15.921643,11.401017,4.520625810974121
sha256,w_mem_inst.w_mem[1][12],train,secworks_sha2,crypto_checksum,reg_to_reg,15.921643,11.401017,4.520625810974121
sha256,w_mem_inst.w_mem[1][13],train,secworks_sha2,crypto_checksum,reg_to_reg,15.921643,11.401017,4.520625810974121
sha256,w_mem_inst.w_mem[1][14],train,secworks_sha2,crypto_checksum,reg_to_reg,15.921643,11.401017,4.520625810974121
sha256,w_mem_inst.w_mem[1][15],train,secworks_sha2,crypto_checksum,reg_to_reg,15.921643,11.401017,4.520625810974121
sha256,w_mem_inst.w_mem[1][16],train,secworks_sha2,crypto_checksum,reg_to_reg,15.921643,11.401017,4.520625810974121
sha256,w_mem_inst.w_mem[1][17],train,secworks_sha2,crypto_checksum,reg_to_reg,15.921643,11.401017,4.520625810974121
sha256,w_mem_inst.w_mem[1][18],train,secworks_sha2,crypto_checksum,reg_to_reg,15.921643,11.401017,4.520625810974121
sha256,w_mem_inst.w_mem[1][19],train,secworks_sha2,crypto_checksum,reg_to_reg,15.921643,11.401017,4.520625810974121
sha256,w_mem_inst.w_mem[1][1],train,secworks_sha2,crypto_checksum,reg_to_reg,15.921643,11.401017,4.520625810974121
sha256,w_mem_inst.w_mem[1][20],train,secworks_sha2,crypto_checksum,reg_to_reg,15.921643,11.401017,4.520625810974121
sha256,w_mem_inst.w_mem[1][21],train,secworks_sha2,crypto_checksum,reg_to_reg,15.921643,11.401017,4.520625810974121
sha256,w_mem_inst.w_mem[1][22],train,secworks_sha2,crypto_checksum,reg_to_reg,15.921643,11.401017,4.520625810974121
sha256,w_mem_inst.w_mem[1][23],train,secworks_sha2,crypto_checksum,reg_to_reg,15.921643,11.401017,4.520625810974121
sha256,w_mem_inst.w_mem[1][24],train,secworks_sha2,crypto_checksum,reg_to_reg,15.921643,11.401017,4.520625810974121
sha256,w_mem_inst.w_mem[1][25],train,secworks_sha2,crypto_checksum,reg_to_reg,15.921643,11.401017,4.520625810974121
sha256,w_mem_inst.w_mem[1][26],train,secworks_sha2,crypto_checksum,reg_to_reg,15.921643,11.401017,4.520625810974121
sha256,w_mem_inst.w_mem[1][27],train,secworks_sha2,crypto_checksum,reg_to_reg,15.921643,11.401017,4.520625810974121
sha256,w_mem_inst.w_mem[1][28],train,secworks_sha2,crypto_checksum,reg_to_reg,15.921643,11.401017,4.520625810974121
sha256,w_mem_inst.w_mem[1][29],train,secworks_sha2,crypto_checksum,reg_to_reg,15.921643,11.401017,4.520625810974121
sha256,w_mem_inst.w_mem[1][2],train,secworks_sha2,crypto_checksum,reg_to_reg,15.921643,11.401017,4.520625810974121
sha256,w_mem_inst.w_mem[1][30],train,secworks_sha2,crypto_checksum,reg_to_reg,15.921643,11.401017,4.520625810974121
sha256,w_mem_inst.w_mem[1][31],train,secworks_sha2,crypto_checksum,reg_to_reg,15.921643,11.401017,4.520625810974121
sha256,w_mem_inst.w_mem[1][3],train,secworks_sha2,crypto_checksum,reg_to_reg,15.921643,11.401017,4.520625810974121
sha256,w_mem_inst.w_mem[1][4],train,secworks_sha2,crypto_checksum,reg_to_reg,15.921643,11.401017,4.520625810974121
sha256,w_mem_inst.w_mem[1][5],train,secworks_sha2,crypto_checksum,reg_to_reg,15.921643,11.401017,4.520625810974121
sha256,w_mem_inst.w_mem[1][6],train,secworks_sha2,crypto_checksum,reg_to_reg,15.921643,11.401017,4.520625810974121
sha256,w_mem_inst.w_mem[1][7],train,secworks_sha2,crypto_checksum,reg_to_reg,15.921643,11.401017,4.520625810974121
sha256,w_mem_inst.w_mem[1][8],train,secworks_sha2,crypto_checksum,reg_to_reg,15.921643,11.401017,4.520625810974121
sha256,w_mem_inst.w_mem[1][9],train,secworks_sha2,crypto_checksum,reg_to_reg,15.921643,11.401017,4.520625810974121
sha256,w_mem_inst.w_mem[2][0],train,secworks_sha2,crypto_checksum,reg_to_reg,15.24252,11.401017,3.841502810974122
sha256,w_mem_inst.w_mem[2][10],train,secworks_sha2,crypto_checksum,reg_to_reg,15.24252,11.401017,3.841502810974122
sha256,w_mem_inst.w_mem[2][11],train,secworks_sha2,crypto_checksum,reg_to_reg,15.24252,11.401017,3.841502810974122
sha256,w_mem_inst.w_mem[2][12],train,secworks_sha2,crypto_checksum,reg_to_reg,15.24252,11.401017,3.841502810974122
sha256,w_mem_inst.w_mem[2][13],train,secworks_sha2,crypto_checksum,reg_to_reg,15.24252,11.401017,3.841502810974122
sha256,w_mem_inst.w_mem[2][14],train,secworks_sha2,crypto_checksum,reg_to_reg,15.24252,11.401017,3.841502810974122
sha256,w_mem_inst.w_mem[2][15],train,secworks_sha2,crypto_checksum,reg_to_reg,15.24252,11.401017,3.841502810974122
sha256,w_mem_inst.w_mem[2][16],train,secworks_sha2,crypto_checksum,reg_to_reg,15.24252,11.401017,3.841502810974122
sha256,w_mem_inst.w_mem[2][17],train,secworks_sha2,crypto_checksum,reg_to_reg,15.24252,11.401017,3.841502810974122
sha256,w_mem_inst.w_mem[2][18],train,secworks_sha2,crypto_checksum,reg_to_reg,15.24252,11.401017,3.841502810974122
sha256,w_mem_inst.w_mem[2][19],train,secworks_sha2,crypto_checksum,reg_to_reg,15.24252,11.401017,3.841502810974122
sha256,w_mem_inst.w_mem[2][1],train,secworks_sha2,crypto_checksum,reg_to_reg,15.24252,11.401017,3.841502810974122
sha256,w_mem_inst.w_mem[2][20],train,secworks_sha2,crypto_checksum,reg_to_reg,15.24252,11.401017,3.841502810974122
sha256,w_mem_inst.w_mem[2][21],train,secworks_sha2,crypto_checksum,reg_to_reg,15.24252,11.401017,3.841502810974122
sha256,w_mem_inst.w_mem[2][22],train,secworks_sha2,crypto_checksum,reg_to_reg,15.24252,11.401017,3.841502810974122
sha256,w_mem_inst.w_mem[2][23],train,secworks_sha2,crypto_checksum,reg_to_reg,15.24252,11.401017,3.841502810974122
sha256,w_mem_inst.w_mem[2][24],train,secworks_sha2,crypto_checksum,reg_to_reg,15.24252,11.401017,3.841502810974122
sha256,w_mem_inst.w_mem[2][25],train,secworks_sha2,crypto_checksum,reg_to_reg,15.24252,11.401017,3.841502810974122
sha256,w_mem_inst.w_mem[2][26],train,secworks_sha2,crypto_checksum,reg_to_reg,15.24252,11.401017,3.841502810974122
sha256,w_mem_inst.w_mem[2][27],train,secworks_sha2,crypto_checksum,reg_to_reg,15.24252,11.401017,3.841502810974122
sha256,w_mem_inst.w_mem[2][28],train,secworks_sha2,crypto_checksum,reg_to_reg,15.24252,11.401017,3.841502810974122
sha256,w_mem_inst.w_mem[2][29],train,secworks_sha2,crypto_checksum,reg_to_reg,15.24252,11.401017,3.841502810974122
sha256,w_mem_inst.w_mem[2][2],train,secworks_sha2,crypto_checksum,reg_to_reg,15.24252,11.401017,3.841502810974122
sha256,w_mem_inst.w_mem[2][30],train,secworks_sha2,crypto_checksum,reg_to_reg,15.24252,11.401017,3.841502810974122
sha256,w_mem_inst.w_mem[2][31],train,secworks_sha2,crypto_checksum,reg_to_reg,15.921643,11.401017,4.520625810974121
sha256,w_mem_inst.w_mem[2][3],train,secworks_sha2,crypto_checksum,reg_to_reg,15.24252,11.401017,3.841502810974122
sha256,w_mem_inst.w_mem[2][4],train,secworks_sha2,crypto_checksum,reg_to_reg,15.24252,11.401017,3.841502810974122
sha256,w_mem_inst.w_mem[2][5],train,secworks_sha2,crypto_checksum,reg_to_reg,15.24252,11.401017,3.841502810974122
sha256,w_mem_inst.w_mem[2][6],train,secworks_sha2,crypto_checksum,reg_to_reg,15.24252,11.401017,3.841502810974122
sha256,w_mem_inst.w_mem[2][7],train,secworks_sha2,crypto_checksum,reg_to_reg,15.24252,11.401017,3.841502810974122
sha256,w_mem_inst.w_mem[2][8],train,secworks_sha2,crypto_checksum,reg_to_reg,15.24252,11.401017,3.841502810974122
sha256,w_mem_inst.w_mem[2][9],train,secworks_sha2,crypto_checksum,reg_to_reg,15.24252,11.401017,3.841502810974122
sha256,w_mem_inst.w_mem[3][0],train,secworks_sha2,crypto_checksum,reg_to_reg,15.24252,11.401017,3.841502810974122
sha256,w_mem_inst.w_mem[3][10],train,secworks_sha2,crypto_checksum,reg_to_reg,15.24252,11.401017,3.841502810974122
sha256,w_mem_inst.w_mem[3][11],train,secworks_sha2,crypto_checksum,reg_to_reg,15.24252,11.401017,3.841502810974122
sha256,w_mem_inst.w_mem[3][12],train,secworks_sha2,crypto_checksum,reg_to_reg,15.24252,11.401017,3.841502810974122
sha256,w_mem_inst.w_mem[3][13],train,secworks_sha2,crypto_checksum,reg_to_reg,15.24252,11.401017,3.841502810974122
sha256,w_mem_inst.w_mem[3][14],train,secworks_sha2,crypto_checksum,reg_to_reg,15.24252,11.401017,3.841502810974122
sha256,w_mem_inst.w_mem[3][15],train,secworks_sha2,crypto_checksum,reg_to_reg,15.24252,11.401017,3.841502810974122
sha256,w_mem_inst.w_mem[3][16],train,secworks_sha2,crypto_checksum,reg_to_reg,15.24252,11.401017,3.841502810974122
sha256,w_mem_inst.w_mem[3][17],train,secworks_sha2,crypto_checksum,reg_to_reg,15.24252,11.401017,3.841502810974122
sha256,w_mem_inst.w_mem[3][18],train,secworks_sha2,crypto_checksum,reg_to_reg,15.24252,11.401017,3.841502810974122
sha256,w_mem_inst.w_mem[3][19],train,secworks_sha2,crypto_checksum,reg_to_reg,15.24252,11.401017,3.841502810974122
sha256,w_mem_inst.w_mem[3][1],train,secworks_sha2,crypto_checksum,reg_to_reg,15.24252,11.401017,3.841502810974122
sha256,w_mem_inst.w_mem[3][20],train,secworks_sha2,crypto_checksum,reg_to_reg,15.24252,11.401017,3.841502810974122
sha256,w_mem_inst.w_mem[3][21],train,secworks_sha2,crypto_checksum,reg_to_reg,15.24252,11.401017,3.841502810974122
sha256,w_mem_inst.w_mem[3][22],train,secworks_sha2,crypto_checksum,reg_to_reg,15.24252,11.401017,3.841502810974122
sha256,w_mem_inst.w_mem[3][23],train,secworks_sha2,crypto_checksum,reg_to_reg,15.24252,11.401017,3.841502810974122
sha256,w_mem_inst.w_mem[3][24],train,secworks_sha2,crypto_checksum,reg_to_reg,15.24252,11.401017,3.841502810974122
sha256,w_mem_inst.w_mem[3][25],train,secworks_sha2,crypto_checksum,reg_to_reg,15.24252,11.401017,3.841502810974122
sha256,w_mem_inst.w_mem[3][26],train,secworks_sha2,crypto_checksum,reg_to_reg,15.24252,11.401017,3.841502810974122
sha256,w_mem_inst.w_mem[3][27],train,secworks_sha2,crypto_checksum,reg_to_reg,15.24252,11.401017,3.841502810974122
sha256,w_mem_inst.w_mem[3][28],train,secworks_sha2,crypto_checksum,reg_to_reg,15.24252,11.401017,3.841502810974122
sha256,w_mem_inst.w_mem[3][29],train,secworks_sha2,crypto_checksum,reg_to_reg,15.24252,11.401017,3.841502810974122
sha256,w_mem_inst.w_mem[3][2],train,secworks_sha2,crypto_checksum,reg_to_reg,15.24252,11.401017,3.841502810974122
sha256,w_mem_inst.w_mem[3][30],train,secworks_sha2,crypto_checksum,reg_to_reg,15.24252,11.401017,3.841502810974122
sha256,w_mem_inst.w_mem[3][31],train,secworks_sha2,crypto_checksum,reg_to_reg,15.921643,11.401017,4.520625810974121
sha256,w_mem_inst.w_mem[3][3],train,secworks_sha2,crypto_checksum,reg_to_reg,15.24252,11.401017,3.841502810974122
sha256,w_mem_inst.w_mem[3][4],train,secworks_sha2,crypto_checksum,reg_to_reg,15.24252,11.401017,3.841502810974122
sha256,w_mem_inst.w_mem[3][5],train,secworks_sha2,crypto_checksum,reg_to_reg,15.24252,11.401017,3.841502810974122
sha256,w_mem_inst.w_mem[3][6],train,secworks_sha2,crypto_checksum,reg_to_reg,15.24252,11.401017,3.841502810974122
sha256,w_mem_inst.w_mem[3][7],train,secworks_sha2,crypto_checksum,reg_to_reg,15.24252,11.401017,3.841502810974122
sha256,w_mem_inst.w_mem[3][8],train,secworks_sha2,crypto_checksum,reg_to_reg,15.24252,11.401017,3.841502810974122
sha256,w_mem_inst.w_mem[3][9],train,secworks_sha2,crypto_checksum,reg_to_reg,15.24252,11.401017,3.841502810974122
sha256,w_mem_inst.w_mem[4][0],train,secworks_sha2,crypto_checksum,reg_to_reg,15.24252,11.401017,3.841502810974122
sha256,w_mem_inst.w_mem[4][10],train,secworks_sha2,crypto_checksum,reg_to_reg,15.24252,11.401017,3.841502810974122
sha256,w_mem_inst.w_mem[4][11],train,secworks_sha2,crypto_checksum,reg_to_reg,15.24252,11.401017,3.841502810974122
sha256,w_mem_inst.w_mem[4][12],train,secworks_sha2,crypto_checksum,reg_to_reg,15.24252,11.401017,3.841502810974122
sha256,w_mem_inst.w_mem[4][13],train,secworks_sha2,crypto_checksum,reg_to_reg,15.24252,11.401017,3.841502810974122
sha256,w_mem_inst.w_mem[4][14],train,secworks_sha2,crypto_checksum,reg_to_reg,15.24252,11.401017,3.841502810974122
sha256,w_mem_inst.w_mem[4][15],train,secworks_sha2,crypto_checksum,reg_to_reg,15.24252,11.401017,3.841502810974122
sha256,w_mem_inst.w_mem[4][16],train,secworks_sha2,crypto_checksum,reg_to_reg,15.24252,11.401017,3.841502810974122
sha256,w_mem_inst.w_mem[4][17],train,secworks_sha2,crypto_checksum,reg_to_reg,15.24252,11.401017,3.841502810974122
sha256,w_mem_inst.w_mem[4][18],train,secworks_sha2,crypto_checksum,reg_to_reg,15.24252,11.401017,3.841502810974122
sha256,w_mem_inst.w_mem[4][19],train,secworks_sha2,crypto_checksum,reg_to_reg,15.24252,11.401017,3.841502810974122
sha256,w_mem_inst.w_mem[4][1],train,secworks_sha2,crypto_checksum,reg_to_reg,15.24252,11.401017,3.841502810974122
sha256,w_mem_inst.w_mem[4][20],train,secworks_sha2,crypto_checksum,reg_to_reg,15.24252,11.401017,3.841502810974122
sha256,w_mem_inst.w_mem[4][21],train,secworks_sha2,crypto_checksum,reg_to_reg,15.24252,11.401017,3.841502810974122
sha256,w_mem_inst.w_mem[4][22],train,secworks_sha2,crypto_checksum,reg_to_reg,15.24252,11.401017,3.841502810974122
sha256,w_mem_inst.w_mem[4][23],train,secworks_sha2,crypto_checksum,reg_to_reg,15.24252,11.401017,3.841502810974122
sha256,w_mem_inst.w_mem[4][24],train,secworks_sha2,crypto_checksum,reg_to_reg,15.24252,11.401017,3.841502810974122
sha256,w_mem_inst.w_mem[4][25],train,secworks_sha2,crypto_checksum,reg_to_reg,15.24252,11.401017,3.841502810974122
sha256,w_mem_inst.w_mem[4][26],train,secworks_sha2,crypto_checksum,reg_to_reg,15.24252,11.401017,3.841502810974122
sha256,w_mem_inst.w_mem[4][27],train,secworks_sha2,crypto_checksum,reg_to_reg,15.24252,11.401017,3.841502810974122
sha256,w_mem_inst.w_mem[4][28],train,secworks_sha2,crypto_checksum,reg_to_reg,15.24252,11.401017,3.841502810974122
sha256,w_mem_inst.w_mem[4][29],train,secworks_sha2,crypto_checksum,reg_to_reg,15.24252,11.401017,3.841502810974122
sha256,w_mem_inst.w_mem[4][2],train,secworks_sha2,crypto_checksum,reg_to_reg,15.24252,11.401017,3.841502810974122
sha256,w_mem_inst.w_mem[4][30],train,secworks_sha2,crypto_checksum,reg_to_reg,15.24252,11.401017,3.841502810974122
sha256,w_mem_inst.w_mem[4][31],train,secworks_sha2,crypto_checksum,reg_to_reg,15.921643,11.401017,4.520625810974121
sha256,w_mem_inst.w_mem[4][3],train,secworks_sha2,crypto_checksum,reg_to_reg,15.24252,11.401017,3.841502810974122
sha256,w_mem_inst.w_mem[4][4],train,secworks_sha2,crypto_checksum,reg_to_reg,15.24252,11.401017,3.841502810974122
sha256,w_mem_inst.w_mem[4][5],train,secworks_sha2,crypto_checksum,reg_to_reg,15.24252,11.401017,3.841502810974122
sha256,w_mem_inst.w_mem[4][6],train,secworks_sha2,crypto_checksum,reg_to_reg,15.24252,11.401017,3.841502810974122
sha256,w_mem_inst.w_mem[4][7],train,secworks_sha2,crypto_checksum,reg_to_reg,15.24252,11.401017,3.841502810974122
sha256,w_mem_inst.w_mem[4][8],train,secworks_sha2,crypto_checksum,reg_to_reg,15.24252,11.401017,3.841502810974122
sha256,w_mem_inst.w_mem[4][9],train,secworks_sha2,crypto_checksum,reg_to_reg,15.24252,11.401017,3.841502810974122
sha256,w_mem_inst.w_mem[5][0],train,secworks_sha2,crypto_checksum,reg_to_reg,15.24252,11.401017,3.841502810974122
sha256,w_mem_inst.w_mem[5][10],train,secworks_sha2,crypto_checksum,reg_to_reg,15.24252,11.401017,3.841502810974122
sha256,w_mem_inst.w_mem[5][11],train,secworks_sha2,crypto_checksum,reg_to_reg,15.24252,11.401017,3.841502810974122
sha256,w_mem_inst.w_mem[5][12],train,secworks_sha2,crypto_checksum,reg_to_reg,15.24252,11.401017,3.841502810974122
sha256,w_mem_inst.w_mem[5][13],train,secworks_sha2,crypto_checksum,reg_to_reg,15.24252,11.401017,3.841502810974122
sha256,w_mem_inst.w_mem[5][14],train,secworks_sha2,crypto_checksum,reg_to_reg,15.24252,11.401017,3.841502810974122
sha256,w_mem_inst.w_mem[5][15],train,secworks_sha2,crypto_checksum,reg_to_reg,15.24252,11.401017,3.841502810974122
sha256,w_mem_inst.w_mem[5][16],train,secworks_sha2,crypto_checksum,reg_to_reg,15.24252,11.401017,3.841502810974122
sha256,w_mem_inst.w_mem[5][17],train,secworks_sha2,crypto_checksum,reg_to_reg,15.24252,11.401017,3.841502810974122
sha256,w_mem_inst.w_mem[5][18],train,secworks_sha2,crypto_checksum,reg_to_reg,15.24252,11.401017,3.841502810974122
sha256,w_mem_inst.w_mem[5][19],train,secworks_sha2,crypto_checksum,reg_to_reg,15.24252,11.401017,3.841502810974122
sha256,w_mem_inst.w_mem[5][1],train,secworks_sha2,crypto_checksum,reg_to_reg,15.24252,11.401017,3.841502810974122
sha256,w_mem_inst.w_mem[5][20],train,secworks_sha2,crypto_checksum,reg_to_reg,15.24252,11.401017,3.841502810974122
sha256,w_mem_inst.w_mem[5][21],train,secworks_sha2,crypto_checksum,reg_to_reg,15.24252,11.401017,3.841502810974122
sha256,w_mem_inst.w_mem[5][22],train,secworks_sha2,crypto_checksum,reg_to_reg,15.24252,11.401017,3.841502810974122
sha256,w_mem_inst.w_mem[5][23],train,secworks_sha2,crypto_checksum,reg_to_reg,15.24252,11.401017,3.841502810974122
sha256,w_mem_inst.w_mem[5][24],train,secworks_sha2,crypto_checksum,reg_to_reg,15.24252,11.401017,3.841502810974122
sha256,w_mem_inst.w_mem[5][25],train,secworks_sha2,crypto_checksum,reg_to_reg,15.24252,11.401017,3.841502810974122
sha256,w_mem_inst.w_mem[5][26],train,secworks_sha2,crypto_checksum,reg_to_reg,15.24252,11.401017,3.841502810974122
sha256,w_mem_inst.w_mem[5][27],train,secworks_sha2,crypto_checksum,reg_to_reg,15.24252,11.401017,3.841502810974122
sha256,w_mem_inst.w_mem[5][28],train,secworks_sha2,crypto_checksum,reg_to_reg,15.24252,11.401017,3.841502810974122
sha256,w_mem_inst.w_mem[5][29],train,secworks_sha2,crypto_checksum,reg_to_reg,15.24252,11.401017,3.841502810974122
sha256,w_mem_inst.w_mem[5][2],train,secworks_sha2,crypto_checksum,reg_to_reg,15.24252,11.401017,3.841502810974122
sha256,w_mem_inst.w_mem[5][30],train,secworks_sha2,crypto_checksum,reg_to_reg,15.24252,11.401017,3.841502810974122
sha256,w_mem_inst.w_mem[5][31],train,secworks_sha2,crypto_checksum,reg_to_reg,15.921643,11.401017,4.520625810974121
sha256,w_mem_inst.w_mem[5][3],train,secworks_sha2,crypto_checksum,reg_to_reg,15.24252,11.401017,3.841502810974122
sha256,w_mem_inst.w_mem[5][4],train,secworks_sha2,crypto_checksum,reg_to_reg,15.24252,11.401017,3.841502810974122
sha256,w_mem_inst.w_mem[5][5],train,secworks_sha2,crypto_checksum,reg_to_reg,15.24252,11.401017,3.841502810974122
sha256,w_mem_inst.w_mem[5][6],train,secworks_sha2,crypto_checksum,reg_to_reg,15.24252,11.401017,3.841502810974122
sha256,w_mem_inst.w_mem[5][7],train,secworks_sha2,crypto_checksum,reg_to_reg,15.24252,11.401017,3.841502810974122
sha256,w_mem_inst.w_mem[5][8],train,secworks_sha2,crypto_checksum,reg_to_reg,15.24252,11.401017,3.841502810974122
sha256,w_mem_inst.w_mem[5][9],train,secworks_sha2,crypto_checksum,reg_to_reg,15.24252,11.401017,3.841502810974122
sha256,w_mem_inst.w_mem[6][0],train,secworks_sha2,crypto_checksum,reg_to_reg,15.24252,11.401017,3.841502810974122
sha256,w_mem_inst.w_mem[6][10],train,secworks_sha2,crypto_checksum,reg_to_reg,15.24252,11.401017,3.841502810974122
sha256,w_mem_inst.w_mem[6][11],train,secworks_sha2,crypto_checksum,reg_to_reg,15.24252,11.401017,3.841502810974122
sha256,w_mem_inst.w_mem[6][12],train,secworks_sha2,crypto_checksum,reg_to_reg,15.24252,11.401017,3.841502810974122
sha256,w_mem_inst.w_mem[6][13],train,secworks_sha2,crypto_checksum,reg_to_reg,15.24252,11.401017,3.841502810974122
sha256,w_mem_inst.w_mem[6][14],train,secworks_sha2,crypto_checksum,reg_to_reg,15.24252,11.401017,3.841502810974122
sha256,w_mem_inst.w_mem[6][15],train,secworks_sha2,crypto_checksum,reg_to_reg,15.24252,11.401017,3.841502810974122
sha256,w_mem_inst.w_mem[6][16],train,secworks_sha2,crypto_checksum,reg_to_reg,15.24252,11.401017,3.841502810974122
sha256,w_mem_inst.w_mem[6][17],train,secworks_sha2,crypto_checksum,reg_to_reg,15.24252,11.401017,3.841502810974122
sha256,w_mem_inst.w_mem[6][18],train,secworks_sha2,crypto_checksum,reg_to_reg,15.24252,11.401017,3.841502810974122
sha256,w_mem_inst.w_mem[6][19],train,secworks_sha2,crypto_checksum,reg_to_reg,15.24252,11.401017,3.841502810974122
sha256,w_mem_inst.w_mem[6][1],train,secworks_sha2,crypto_checksum,reg_to_reg,15.24252,11.401017,3.841502810974122
sha256,w_mem_inst.w_mem[6][20],train,secworks_sha2,crypto_checksum,reg_to_reg,15.24252,11.401017,3.841502810974122
sha256,w_mem_inst.w_mem[6][21],train,secworks_sha2,crypto_checksum,reg_to_reg,15.24252,11.401017,3.841502810974122
sha256,w_mem_inst.w_mem[6][22],train,secworks_sha2,crypto_checksum,reg_to_reg,15.24252,11.401017,3.841502810974122
sha256,w_mem_inst.w_mem[6][23],train,secworks_sha2,crypto_checksum,reg_to_reg,15.24252,11.401017,3.841502810974122
sha256,w_mem_inst.w_mem[6][24],train,secworks_sha2,crypto_checksum,reg_to_reg,15.24252,11.401017,3.841502810974122
sha256,w_mem_inst.w_mem[6][25],train,secworks_sha2,crypto_checksum,reg_to_reg,15.24252,11.401017,3.841502810974122
sha256,w_mem_inst.w_mem[6][26],train,secworks_sha2,crypto_checksum,reg_to_reg,15.24252,11.401017,3.841502810974122
sha256,w_mem_inst.w_mem[6][27],train,secworks_sha2,crypto_checksum,reg_to_reg,15.24252,11.401017,3.841502810974122
sha256,w_mem_inst.w_mem[6][28],train,secworks_sha2,crypto_checksum,reg_to_reg,15.24252,11.401017,3.841502810974122
sha256,w_mem_inst.w_mem[6][29],train,secworks_sha2,crypto_checksum,reg_to_reg,15.24252,11.401017,3.841502810974122
sha256,w_mem_inst.w_mem[6][2],train,secworks_sha2,crypto_checksum,reg_to_reg,15.24252,11.401017,3.841502810974122
sha256,w_mem_inst.w_mem[6][30],train,secworks_sha2,crypto_checksum,reg_to_reg,15.24252,11.401017,3.841502810974122
sha256,w_mem_inst.w_mem[6][31],train,secworks_sha2,crypto_checksum,reg_to_reg,15.921643,11.401017,4.520625810974121
sha256,w_mem_inst.w_mem[6][3],train,secworks_sha2,crypto_checksum,reg_to_reg,15.24252,11.401017,3.841502810974122
sha256,w_mem_inst.w_mem[6][4],train,secworks_sha2,crypto_checksum,reg_to_reg,15.24252,11.401017,3.841502810974122
sha256,w_mem_inst.w_mem[6][5],train,secworks_sha2,crypto_checksum,reg_to_reg,15.24252,11.401017,3.841502810974122
sha256,w_mem_inst.w_mem[6][6],train,secworks_sha2,crypto_checksum,reg_to_reg,15.24252,11.401017,3.841502810974122
sha256,w_mem_inst.w_mem[6][7],train,secworks_sha2,crypto_checksum,reg_to_reg,15.24252,11.401017,3.841502810974122
sha256,w_mem_inst.w_mem[6][8],train,secworks_sha2,crypto_checksum,reg_to_reg,15.24252,11.401017,3.841502810974122
sha256,w_mem_inst.w_mem[6][9],train,secworks_sha2,crypto_checksum,reg_to_reg,15.24252,11.401017,3.841502810974122
sha256,w_mem_inst.w_mem[7][0],train,secworks_sha2,crypto_checksum,reg_to_reg,15.24252,11.401017,3.841502810974122
sha256,w_mem_inst.w_mem[7][10],train,secworks_sha2,crypto_checksum,reg_to_reg,15.24252,11.401017,3.841502810974122
sha256,w_mem_inst.w_mem[7][11],train,secworks_sha2,crypto_checksum,reg_to_reg,15.24252,11.401017,3.841502810974122
sha256,w_mem_inst.w_mem[7][12],train,secworks_sha2,crypto_checksum,reg_to_reg,15.24252,11.401017,3.841502810974122
sha256,w_mem_inst.w_mem[7][13],train,secworks_sha2,crypto_checksum,reg_to_reg,15.24252,11.401017,3.841502810974122
sha256,w_mem_inst.w_mem[7][14],train,secworks_sha2,crypto_checksum,reg_to_reg,15.24252,11.401017,3.841502810974122
sha256,w_mem_inst.w_mem[7][15],train,secworks_sha2,crypto_checksum,reg_to_reg,15.24252,11.401017,3.841502810974122
sha256,w_mem_inst.w_mem[7][16],train,secworks_sha2,crypto_checksum,reg_to_reg,15.24252,11.401017,3.841502810974122
sha256,w_mem_inst.w_mem[7][17],train,secworks_sha2,crypto_checksum,reg_to_reg,15.24252,11.401017,3.841502810974122
sha256,w_mem_inst.w_mem[7][18],train,secworks_sha2,crypto_checksum,reg_to_reg,15.24252,11.401017,3.841502810974122
sha256,w_mem_inst.w_mem[7][19],train,secworks_sha2,crypto_checksum,reg_to_reg,15.24252,11.401017,3.841502810974122
sha256,w_mem_inst.w_mem[7][1],train,secworks_sha2,crypto_checksum,reg_to_reg,15.24252,11.401017,3.841502810974122
sha256,w_mem_inst.w_mem[7][20],train,secworks_sha2,crypto_checksum,reg_to_reg,15.24252,11.401017,3.841502810974122
sha256,w_mem_inst.w_mem[7][21],train,secworks_sha2,crypto_checksum,reg_to_reg,15.24252,11.401017,3.841502810974122
sha256,w_mem_inst.w_mem[7][22],train,secworks_sha2,crypto_checksum,reg_to_reg,15.24252,11.401017,3.841502810974122
sha256,w_mem_inst.w_mem[7][23],train,secworks_sha2,crypto_checksum,reg_to_reg,15.24252,11.401017,3.841502810974122
sha256,w_mem_inst.w_mem[7][24],train,secworks_sha2,crypto_checksum,reg_to_reg,15.24252,11.401017,3.841502810974122
sha256,w_mem_inst.w_mem[7][25],train,secworks_sha2,crypto_checksum,reg_to_reg,15.24252,11.401017,3.841502810974122
sha256,w_mem_inst.w_mem[7][26],train,secworks_sha2,crypto_checksum,reg_to_reg,15.24252,11.401017,3.841502810974122
sha256,w_mem_inst.w_mem[7][27],train,secworks_sha2,crypto_checksum,reg_to_reg,15.24252,11.401017,3.841502810974122
sha256,w_mem_inst.w_mem[7][28],train,secworks_sha2,crypto_checksum,reg_to_reg,15.24252,11.401017,3.841502810974122
sha256,w_mem_inst.w_mem[7][29],train,secworks_sha2,crypto_checksum,reg_to_reg,15.24252,11.401017,3.841502810974122
sha256,w_mem_inst.w_mem[7][2],train,secworks_sha2,crypto_checksum,reg_to_reg,15.24252,11.401017,3.841502810974122
sha256,w_mem_inst.w_mem[7][30],train,secworks_sha2,crypto_checksum,reg_to_reg,15.24252,11.401017,3.841502810974122
sha256,w_mem_inst.w_mem[7][31],train,secworks_sha2,crypto_checksum,reg_to_reg,15.921643,11.401017,4.520625810974121
sha256,w_mem_inst.w_mem[7][3],train,secworks_sha2,crypto_checksum,reg_to_reg,15.24252,11.401017,3.841502810974122
sha256,w_mem_inst.w_mem[7][4],train,secworks_sha2,crypto_checksum,reg_to_reg,15.24252,11.401017,3.841502810974122
sha256,w_mem_inst.w_mem[7][5],train,secworks_sha2,crypto_checksum,reg_to_reg,15.24252,11.401017,3.841502810974122
sha256,w_mem_inst.w_mem[7][6],train,secworks_sha2,crypto_checksum,reg_to_reg,15.24252,11.401017,3.841502810974122
sha256,w_mem_inst.w_mem[7][7],train,secworks_sha2,crypto_checksum,reg_to_reg,15.24252,11.401017,3.841502810974122
sha256,w_mem_inst.w_mem[7][8],train,secworks_sha2,crypto_checksum,reg_to_reg,15.24252,11.401017,3.841502810974122
sha256,w_mem_inst.w_mem[7][9],train,secworks_sha2,crypto_checksum,reg_to_reg,15.24252,11.401017,3.841502810974122
sha256,w_mem_inst.w_mem[8][0],train,secworks_sha2,crypto_checksum,reg_to_reg,15.24252,11.401017,3.841502810974122
sha256,w_mem_inst.w_mem[8][10],train,secworks_sha2,crypto_checksum,reg_to_reg,15.24252,11.401017,3.841502810974122
sha256,w_mem_inst.w_mem[8][11],train,secworks_sha2,crypto_checksum,reg_to_reg,15.24252,11.401017,3.841502810974122
sha256,w_mem_inst.w_mem[8][12],train,secworks_sha2,crypto_checksum,reg_to_reg,15.24252,11.401017,3.841502810974122
sha256,w_mem_inst.w_mem[8][13],train,secworks_sha2,crypto_checksum,reg_to_reg,15.24252,11.401017,3.841502810974122
sha256,w_mem_inst.w_mem[8][14],train,secworks_sha2,crypto_checksum,reg_to_reg,15.24252,11.401017,3.841502810974122
sha256,w_mem_inst.w_mem[8][15],train,secworks_sha2,crypto_checksum,reg_to_reg,15.24252,11.401017,3.841502810974122
sha256,w_mem_inst.w_mem[8][16],train,secworks_sha2,crypto_checksum,reg_to_reg,15.24252,11.401017,3.841502810974122
sha256,w_mem_inst.w_mem[8][17],train,secworks_sha2,crypto_checksum,reg_to_reg,15.24252,11.401017,3.841502810974122
sha256,w_mem_inst.w_mem[8][18],train,secworks_sha2,crypto_checksum,reg_to_reg,15.24252,11.401017,3.841502810974122
sha256,w_mem_inst.w_mem[8][19],train,secworks_sha2,crypto_checksum,reg_to_reg,15.24252,11.401017,3.841502810974122
sha256,w_mem_inst.w_mem[8][1],train,secworks_sha2,crypto_checksum,reg_to_reg,15.24252,11.401017,3.841502810974122
sha256,w_mem_inst.w_mem[8][20],train,secworks_sha2,crypto_checksum,reg_to_reg,15.24252,11.401017,3.841502810974122
sha256,w_mem_inst.w_mem[8][21],train,secworks_sha2,crypto_checksum,reg_to_reg,15.24252,11.401017,3.841502810974122
sha256,w_mem_inst.w_mem[8][22],train,secworks_sha2,crypto_checksum,reg_to_reg,15.24252,11.401017,3.841502810974122
sha256,w_mem_inst.w_mem[8][23],train,secworks_sha2,crypto_checksum,reg_to_reg,15.24252,11.401017,3.841502810974122
sha256,w_mem_inst.w_mem[8][24],train,secworks_sha2,crypto_checksum,reg_to_reg,15.24252,11.401017,3.841502810974122
sha256,w_mem_inst.w_mem[8][25],train,secworks_sha2,crypto_checksum,reg_to_reg,15.24252,11.401017,3.841502810974122
sha256,w_mem_inst.w_mem[8][26],train,secworks_sha2,crypto_checksum,reg_to_reg,15.24252,11.401017,3.841502810974122
sha256,w_mem_inst.w_mem[8][27],train,secworks_sha2,crypto_checksum,reg_to_reg,15.24252,11.401017,3.841502810974122
sha256,w_mem_inst.w_mem[8][28],train,secworks_sha2,crypto_checksum,reg_to_reg,15.24252,11.401017,3.841502810974122
sha256,w_mem_inst.w_mem[8][29],train,secworks_sha2,crypto_checksum,reg_to_reg,15.24252,11.401017,3.841502810974122
sha256,w_mem_inst.w_mem[8][2],train,secworks_sha2,crypto_checksum,reg_to_reg,15.24252,11.401017,3.841502810974122
sha256,w_mem_inst.w_mem[8][30],train,secworks_sha2,crypto_checksum,reg_to_reg,15.24252,11.401017,3.841502810974122
sha256,w_mem_inst.w_mem[8][31],train,secworks_sha2,crypto_checksum,reg_to_reg,15.921643,11.401017,4.520625810974121
sha256,w_mem_inst.w_mem[8][3],train,secworks_sha2,crypto_checksum,reg_to_reg,15.24252,11.401017,3.841502810974122
sha256,w_mem_inst.w_mem[8][4],train,secworks_sha2,crypto_checksum,reg_to_reg,15.24252,11.401017,3.841502810974122
sha256,w_mem_inst.w_mem[8][5],train,secworks_sha2,crypto_checksum,reg_to_reg,15.24252,11.401017,3.841502810974122
sha256,w_mem_inst.w_mem[8][6],train,secworks_sha2,crypto_checksum,reg_to_reg,15.24252,11.401017,3.841502810974122
sha256,w_mem_inst.w_mem[8][7],train,secworks_sha2,crypto_checksum,reg_to_reg,15.24252,11.401017,3.841502810974122
sha256,w_mem_inst.w_mem[8][8],train,secworks_sha2,crypto_checksum,reg_to_reg,15.24252,11.401017,3.841502810974122
sha256,w_mem_inst.w_mem[8][9],train,secworks_sha2,crypto_checksum,reg_to_reg,15.24252,11.401017,3.841502810974122
sha256,w_mem_inst.w_mem[9][0],train,secworks_sha2,crypto_checksum,reg_to_reg,15.24252,11.401017,3.841502810974122
sha256,w_mem_inst.w_mem[9][10],train,secworks_sha2,crypto_checksum,reg_to_reg,15.24252,11.401017,3.841502810974122
sha256,w_mem_inst.w_mem[9][11],train,secworks_sha2,crypto_checksum,reg_to_reg,15.24252,11.401017,3.841502810974122
sha256,w_mem_inst.w_mem[9][12],train,secworks_sha2,crypto_checksum,reg_to_reg,15.24252,11.401017,3.841502810974122
sha256,w_mem_inst.w_mem[9][13],train,secworks_sha2,crypto_checksum,reg_to_reg,15.24252,11.401017,3.841502810974122
sha256,w_mem_inst.w_mem[9][14],train,secworks_sha2,crypto_checksum,reg_to_reg,15.24252,11.401017,3.841502810974122
sha256,w_mem_inst.w_mem[9][15],train,secworks_sha2,crypto_checksum,reg_to_reg,15.24252,11.401017,3.841502810974122
sha256,w_mem_inst.w_mem[9][16],train,secworks_sha2,crypto_checksum,reg_to_reg,15.24252,11.401017,3.841502810974122
sha256,w_mem_inst.w_mem[9][17],train,secworks_sha2,crypto_checksum,reg_to_reg,15.24252,11.401017,3.841502810974122
sha256,w_mem_inst.w_mem[9][18],train,secworks_sha2,crypto_checksum,reg_to_reg,15.24252,11.401017,3.841502810974122
sha256,w_mem_inst.w_mem[9][19],train,secworks_sha2,crypto_checksum,reg_to_reg,15.24252,11.401017,3.841502810974122
sha256,w_mem_inst.w_mem[9][1],train,secworks_sha2,crypto_checksum,reg_to_reg,15.24252,11.401017,3.841502810974122
sha256,w_mem_inst.w_mem[9][20],train,secworks_sha2,crypto_checksum,reg_to_reg,15.24252,11.401017,3.841502810974122
sha256,w_mem_inst.w_mem[9][21],train,secworks_sha2,crypto_checksum,reg_to_reg,15.24252,11.401017,3.841502810974122
sha256,w_mem_inst.w_mem[9][22],train,secworks_sha2,crypto_checksum,reg_to_reg,15.24252,11.401017,3.841502810974122
sha256,w_mem_inst.w_mem[9][23],train,secworks_sha2,crypto_checksum,reg_to_reg,15.24252,11.401017,3.841502810974122
sha256,w_mem_inst.w_mem[9][24],train,secworks_sha2,crypto_checksum,reg_to_reg,15.24252,11.401017,3.841502810974122
sha256,w_mem_inst.w_mem[9][25],train,secworks_sha2,crypto_checksum,reg_to_reg,15.24252,11.401017,3.841502810974122
sha256,w_mem_inst.w_mem[9][26],train,secworks_sha2,crypto_checksum,reg_to_reg,15.24252,11.401017,3.841502810974122
sha256,w_mem_inst.w_mem[9][27],train,secworks_sha2,crypto_checksum,reg_to_reg,15.24252,11.401017,3.841502810974122
sha256,w_mem_inst.w_mem[9][28],train,secworks_sha2,crypto_checksum,reg_to_reg,15.24252,11.401017,3.841502810974122
sha256,w_mem_inst.w_mem[9][29],train,secworks_sha2,crypto_checksum,reg_to_reg,15.24252,11.401017,3.841502810974122
sha256,w_mem_inst.w_mem[9][2],train,secworks_sha2,crypto_checksum,reg_to_reg,15.24252,11.401017,3.841502810974122
sha256,w_mem_inst.w_mem[9][30],train,secworks_sha2,crypto_checksum,reg_to_reg,15.24252,11.401017,3.841502810974122
sha256,w_mem_inst.w_mem[9][31],train,secworks_sha2,crypto_checksum,reg_to_reg,15.921643,11.401017,4.520625810974121
sha256,w_mem_inst.w_mem[9][3],train,secworks_sha2,crypto_checksum,reg_to_reg,15.24252,11.401017,3.841502810974122
sha256,w_mem_inst.w_mem[9][4],train,secworks_sha2,crypto_checksum,reg_to_reg,15.24252,11.401017,3.841502810974122
sha256,w_mem_inst.w_mem[9][5],train,secworks_sha2,crypto_checksum,reg_to_reg,15.24252,11.401017,3.841502810974122
sha256,w_mem_inst.w_mem[9][6],train,secworks_sha2,crypto_checksum,reg_to_reg,15.24252,11.401017,3.841502810974122
sha256,w_mem_inst.w_mem[9][7],train,secworks_sha2,crypto_checksum,reg_to_reg,15.24252,11.401017,3.841502810974122
sha256,w_mem_inst.w_mem[9][8],train,secworks_sha2,crypto_checksum,reg_to_reg,15.24252,11.401017,3.841502810974122
sha256,w_mem_inst.w_mem[9][9],train,secworks_sha2,crypto_checksum,reg_to_reg,15.24252,11.401017,3.841502810974122
sha256,w_next,train,secworks_sha2,crypto_checksum,input_to_reg,1.516617,2.1406996,0.6240826250152587
uart_tx,bit_cnt[0],train,forencich_uart,protocol_control,input_to_reg,1.216014,1.4440116,0.2279975690231324
uart_tx,bit_cnt[1],train,forencich_uart,protocol_control,input_to_reg,1.246195,1.4440116,0.19781656902313238
uart_tx,bit_cnt[2],train,forencich_uart,protocol_control,input_to_reg,1.190274,1.4440116,0.25373756902313227
uart_tx,bit_cnt[3],train,forencich_uart,protocol_control,input_to_reg,1.232639,1.4440116,0.21137256902313228
uart_tx,busy,train,forencich_uart,protocol_control,input_to_reg,1.064921,1.3303297,0.26540865660095214
uart_tx,data_reg[0],train,forencich_uart,protocol_control,input_to_reg,1.235526,1.4440116,0.20848556902313242
uart_tx,data_reg[1],train,forencich_uart,protocol_control,input_to_reg,1.235526,1.4440116,0.20848556902313242
uart_tx,data_reg[2],train,forencich_uart,protocol_control,input_to_reg,1.235526,1.4440116,0.20848556902313242
uart_tx,data_reg[3],train,forencich_uart,protocol_control,input_to_reg,1.235526,1.4440116,0.20848556902313242
uart_tx,data_reg[4],train,forencich_uart,protocol_control,input_to_reg,1.235526,1.4440116,0.20848556902313242
uart_tx,data_reg[5],train,forencich_uart,protocol_control,input_to_reg,1.235526,1.4440116,0.20848556902313242
uart_tx,data_reg[6],train,forencich_uart,protocol_control,input_to_reg,1.235526,1.4440116,0.20848556902313242
uart_tx,data_reg[7],train,forencich_uart,protocol_control,input_to_reg,1.235526,1.4440116,0.20848556902313242
uart_tx,data_reg[8],train,forencich_uart,protocol_control,input_to_reg,1.221561,1.4965237,0.27496273790740977
uart_tx,prescale_reg[0],train,forencich_uart,protocol_control,input_to_reg,1.336462,1.49443,0.1579679459457397
uart_tx,prescale_reg[10],train,forencich_uart,protocol_control,input_to_reg,1.390994,1.5100209,0.11902685208892816
uart_tx,prescale_reg[11],train,forencich_uart,protocol_control,input_to_reg,1.366605,1.5100209,0.14341585208892815
uart_tx,prescale_reg[12],train,forencich_uart,protocol_control,input_to_reg,1.358616,1.5100209,0.15140485208892818
uart_tx,prescale_reg[13],train,forencich_uart,protocol_control,input_to_reg,1.410299,1.5100209,0.09972185208892825
uart_tx,prescale_reg[14],train,forencich_uart,protocol_control,input_to_reg,1.463028,1.5485675,0.085539533493042
uart_tx,prescale_reg[15],train,forencich_uart,protocol_control,input_to_reg,1.505545,1.5734209,0.06787588222503671
uart_tx,prescale_reg[16],train,forencich_uart,protocol_control,input_to_reg,1.596466,1.5734209,0.02304511777496332
uart_tx,prescale_reg[17],train,forencich_uart,protocol_control,input_to_reg,1.620029,1.5734209,0.04660811777496332
uart_tx,prescale_reg[18],train,forencich_uart,protocol_control,input_to_reg,1.625638,1.5734209,0.052217117774963295
uart_tx,prescale_reg[1],train,forencich_uart,protocol_control,input_to_reg,1.332745,1.4576089,0.12486393821716302
uart_tx,prescale_reg[2],train,forencich_uart,protocol_control,input_to_reg,1.276552,1.4576089,0.18105693821716318
uart_tx,prescale_reg[3],train,forencich_uart,protocol_control,input_to_reg,1.344099,1.4690876,0.12498860070800788
uart_tx,prescale_reg[4],train,forencich_uart,protocol_control,input_to_reg,1.313215,1.4690876,0.1558726007080078
uart_tx,prescale_reg[5],train,forencich_uart,protocol_control,input_to_reg,1.276552,1.4690876,0.1925356007080079
uart_tx,prescale_reg[6],train,forencich_uart,protocol_control,input_to_reg,1.313215,1.4879912,0.17477621379852293
uart_tx,prescale_reg[7],train,forencich_uart,protocol_control,input_to_reg,1.29416,1.5014883,0.20732832798004153
uart_tx,prescale_reg[8],train,forencich_uart,protocol_control,input_to_reg,1.313215,1.5100209,0.1968058520889282
uart_tx,prescale_reg[9],train,forencich_uart,protocol_control,input_to_reg,1.361907,1.5100209,0.14811385208892824
uart_tx,s_axis_tready,train,forencich_uart,protocol_control,input_to_reg,1.113484,1.3898273,0.27634325143432625
uart_tx,txd,train,forencich_uart,protocol_control,input_to_reg,1.197343,1.4440116,0.24666856902313228
uart_rx,bit_cnt[0],train,forencich_uart,protocol_control,reg_to_reg,0.499863,0.9091444,0.40928140155029297
uart_rx,bit_cnt[1],train,forencich_uart,protocol_control,reg_to_reg,0.488453,0.91356426,0.4251112647743225
uart_rx,bit_cnt[2],train,forencich_uart,protocol_control,reg_to_reg,0.527208,0.9091444,0.38193640155029296
uart_rx,bit_cnt[3],train,forencich_uart,protocol_control,reg_to_reg,0.540703,0.9091444,0.3684414015502929
uart_rx,busy,train,forencich_uart,protocol_control,reg_to_reg,0.597095,0.9288785,0.3317834861564636
uart_rx,data_reg[0],train,forencich_uart,protocol_control,reg_to_reg,0.765344,1.0806873,0.31534328446960447
uart_rx,data_reg[1],train,forencich_uart,protocol_control,reg_to_reg,0.765344,1.0806873,0.31534328446960447
uart_rx,data_reg[2],train,forencich_uart,protocol_control,reg_to_reg,0.765344,1.0806873,0.31534328446960447
uart_rx,data_reg[3],train,forencich_uart,protocol_control,reg_to_reg,0.765344,1.0806873,0.31534328446960447
uart_rx,data_reg[4],train,forencich_uart,protocol_control,reg_to_reg,0.765344,1.0806873,0.31534328446960447
uart_rx,data_reg[5],train,forencich_uart,protocol_control,reg_to_reg,0.765344,1.0806873,0.31534328446960447
uart_rx,data_reg[6],train,forencich_uart,protocol_control,reg_to_reg,0.765344,1.0806873,0.31534328446960447
uart_rx,data_reg[7],train,forencich_uart,protocol_control,reg_to_reg,0.765344,1.0806873,0.31534328446960447
uart_rx,frame_error,train,forencich_uart,protocol_control,reg_to_reg,0.408626,0.84904957,0.44042356817626954
uart_rx,m_axis_tdata[0],train,forencich_uart,protocol_control,reg_to_reg,0.643843,1.0246027,0.3807596515960693
uart_rx,m_axis_tdata[1],train,forencich_uart,protocol_control,reg_to_reg,0.643843,1.0246027,0.3807596515960693
uart_rx,m_axis_tdata[2],train,forencich_uart,protocol_control,reg_to_reg,0.643843,1.0246027,0.3807596515960693
uart_rx,m_axis_tdata[3],train,forencich_uart,protocol_control,reg_to_reg,0.643843,1.0246027,0.3807596515960693
uart_rx,m_axis_tdata[4],train,forencich_uart,protocol_control,reg_to_reg,0.643843,1.0246027,0.3807596515960693
uart_rx,m_axis_tdata[5],train,forencich_uart,protocol_control,reg_to_reg,0.643843,1.0246027,0.3807596515960693
uart_rx,m_axis_tdata[6],train,forencich_uart,protocol_control,reg_to_reg,0.643843,1.0246027,0.3807596515960693
uart_rx,m_axis_tdata[7],train,forencich_uart,protocol_control,reg_to_reg,0.643843,1.0246027,0.3807596515960693
uart_rx,m_axis_tvalid,train,forencich_uart,protocol_control,input_to_reg,1.077172,1.3834264,0.3062544278411865
uart_rx,overrun_error,train,forencich_uart,protocol_control,reg_to_reg,0.415393,0.84904957,0.4336565681762695
uart_rx,prescale_reg[0],train,forencich_uart,protocol_control,reg_to_reg,0.534981,0.94059855,0.40561754745864864
uart_rx,prescale_reg[10],train,forencich_uart,protocol_control,input_to_reg,1.406186,1.5100209,0.10383485208892829
uart_rx,prescale_reg[11],train,forencich_uart,protocol_control,input_to_reg,1.417135,1.5100209,0.09288585208892819
uart_rx,prescale_reg[12],train,forencich_uart,protocol_control,input_to_reg,1.498528,1.5734209,0.07489288222503654
uart_rx,prescale_reg[13],train,forencich_uart,protocol_control,input_to_reg,1.555913,1.5868256,0.03091260920715322
uart_rx,prescale_reg[14],train,forencich_uart,protocol_control,input_to_reg,1.53287,1.5868256,0.053955609207153366
uart_rx,prescale_reg[15],train,forencich_uart,protocol_control,input_to_reg,1.574766,1.5868256,0.01205960920715321
uart_rx,prescale_reg[16],train,forencich_uart,protocol_control,input_to_reg,1.624789,1.5868256,0.03796339079284672
uart_rx,prescale_reg[17],train,forencich_uart,protocol_control,input_to_reg,1.650635,1.5734209,0.07721411777496345
uart_rx,prescale_reg[18],train,forencich_uart,protocol_control,input_to_reg,1.618697,1.5734209,0.04527611777496343
uart_rx,prescale_reg[1],train,forencich_uart,protocol_control,reg_to_reg,0.490037,0.90874386,0.41870685833740234
uart_rx,prescale_reg[2],train,forencich_uart,protocol_control,input_to_reg,1.119081,1.3834264,0.26434542784118653
uart_rx,prescale_reg[3],train,forencich_uart,protocol_control,input_to_reg,1.190377,1.4455991,0.25522207913208006
uart_rx,prescale_reg[4],train,forencich_uart,protocol_control,input_to_reg,1.182233,1.4776515,0.2954184768600463
uart_rx,prescale_reg[5],train,forencich_uart,protocol_control,input_to_reg,1.205279,1.4840902,0.2788112090072632
uart_rx,prescale_reg[6],train,forencich_uart,protocol_control,input_to_reg,1.315009,1.5079271,0.1929180601272582
uart_rx,prescale_reg[7],train,forencich_uart,protocol_control,input_to_reg,1.334224,1.5100209,0.17579685208892815
uart_rx,prescale_reg[8],train,forencich_uart,protocol_control,input_to_reg,1.300109,1.5079271,0.20781806012725834
uart_rx,prescale_reg[9],train,forencich_uart,protocol_control,input_to_reg,1.374161,1.5100209,0.13585985208892826
uart_rx,rxd_reg,train,forencich_uart,protocol_control,input_to_reg,1.06328,1.3036522,0.24037216732025146
simple_spi,ack_o,train,herveille_spi,protocol_control,input_to_reg,1.07198,1.3834264,0.3114464278411866
simple_spi,bcnt[0],train,herveille_spi,protocol_control,reg_to_reg,0.524386,0.91356426,0.3891782647743225
simple_spi,bcnt[1],train,herveille_spi,protocol_control,reg_to_reg,0.570263,0.91356426,0.34330126477432255
simple_spi,bcnt[2],train,herveille_spi,protocol_control,reg_to_reg,0.570263,0.91356426,0.34330126477432255
simple_spi,clkcnt[0],train,herveille_spi,protocol_control,reg_to_reg,0.338757,0.9091444,0.570387401550293
simple_spi,clkcnt[10],train,herveille_spi,protocol_control,reg_to_reg,0.479479,0.94498307,0.4655040651283264
simple_spi,clkcnt[11],train,herveille_spi,protocol_control,reg_to_reg,0.506131,0.9913588,0.48522781662368775
simple_spi,clkcnt[1],train,herveille_spi,protocol_control,reg_to_reg,0.390542,0.9091444,0.518602401550293
simple_spi,clkcnt[2],train,herveille_spi,protocol_control,reg_to_reg,0.390542,0.9091444,0.518602401550293
simple_spi,clkcnt[3],train,herveille_spi,protocol_control,reg_to_reg,0.362892,0.91356426,0.5506722647743225
simple_spi,clkcnt[4],train,herveille_spi,protocol_control,reg_to_reg,0.35204,0.8737507,0.5217106866455078
simple_spi,clkcnt[5],train,herveille_spi,protocol_control,reg_to_reg,0.338085,0.8737507,0.5356656866455078
simple_spi,clkcnt[6],train,herveille_spi,protocol_control,reg_to_reg,0.367137,0.904324,0.5371869951133728
simple_spi,clkcnt[7],train,herveille_spi,protocol_control,reg_to_reg,0.391728,0.9041158,0.5123877960891723
simple_spi,clkcnt[8],train,herveille_spi,protocol_control,reg_to_reg,0.474831,0.90874386,0.43391285833740234
simple_spi,clkcnt[9],train,herveille_spi,protocol_control,reg_to_reg,0.496588,0.90874386,0.41215585833740237
simple_spi,cpha,train,herveille_spi,protocol_control,input_to_reg,1.321089,1.4690876,0.14799860070800785
simple_spi,cpol,train,herveille_spi,protocol_control,input_to_reg,1.321089,1.4690876,0.14799860070800785
simple_spi,dat_o[0],train,herveille_spi,protocol_control,input_to_reg,1.227472,1.4994326,0.2719605637817384
simple_spi,dat_o[1],train,herveille_spi,protocol_control,input_to_reg,1.227799,1.4440116,0.21621256902313224
simple_spi,dat_o[2],train,herveille_spi,protocol_control,input_to_reg,1.230464,1.4440116,0.21354756902313232
simple_spi,dat_o[3],train,herveille_spi,protocol_control,input_to_reg,1.225501,1.4440116,0.21851056902313237
simple_spi,dat_o[4],train,herveille_spi,protocol_control,input_to_reg,1.21506,1.4440116,0.2289515690231323
simple_spi,dat_o[5],train,herveille_spi,protocol_control,input_to_reg,1.224125,1.4440116,0.21988656902313242
simple_spi,dat_o[6],train,herveille_spi,protocol_control,input_to_reg,1.228503,1.4398667,0.21136366202545176
simple_spi,dat_o[7],train,herveille_spi,protocol_control,input_to_reg,1.228503,1.4398667,0.21136366202545176
simple_spi,dwom,train,herveille_spi,protocol_control,input_to_reg,1.321089,1.4690876,0.14799860070800785
simple_spi,espr[2],train,herveille_spi,protocol_control,input_to_reg,1.319573,1.4999412,0.18036822982025136
simple_spi,espr[3],train,herveille_spi,protocol_control,input_to_reg,1.320622,1.4999412,0.1793192298202515
simple_spi,icnt[0],train,herveille_spi,protocol_control,input_to_reg,1.320622,1.4999412,0.1793192298202515
simple_spi,icnt[1],train,herveille_spi,protocol_control,input_to_reg,1.319573,1.4999412,0.18036822982025136
simple_spi,inta_o,train,herveille_spi,protocol_control,reg_to_reg,0.135547,0.7104336,0.5748866023330689
simple_spi,rfifo.gb,train,herveille_spi,protocol_control,input_to_reg,1.207304,1.5100209,0.3027168520889283
simple_spi,rfifo.mem[0][0],train,herveille_spi,protocol_control,reg_to_reg,0.252664,0.7277094,0.47504541257476807
simple_spi,rfifo.mem[0][1],train,herveille_spi,protocol_control,reg_to_reg,0.252664,0.7277094,0.47504541257476807
simple_spi,rfifo.mem[0][2],train,herveille_spi,protocol_control,reg_to_reg,0.252664,0.7277094,0.47504541257476807
simple_spi,rfifo.mem[0][3],train,herveille_spi,protocol_control,reg_to_reg,0.252664,0.7277094,0.47504541257476807
simple_spi,rfifo.mem[0][4],train,herveille_spi,protocol_control,reg_to_reg,0.252664,0.7277094,0.47504541257476807
simple_spi,rfifo.mem[0][5],train,herveille_spi,protocol_control,reg_to_reg,0.252664,0.7277094,0.47504541257476807
simple_spi,rfifo.mem[0][6],train,herveille_spi,protocol_control,reg_to_reg,0.252664,0.7277094,0.47504541257476807
simple_spi,rfifo.mem[0][7],train,herveille_spi,protocol_control,reg_to_reg,0.252664,0.7277094,0.47504541257476807
simple_spi,rfifo.mem[1][0],train,herveille_spi,protocol_control,reg_to_reg,0.261012,0.7277094,0.46669741257476804
simple_spi,rfifo.mem[1][1],train,herveille_spi,protocol_control,reg_to_reg,0.261012,0.7277094,0.46669741257476804
simple_spi,rfifo.mem[1][2],train,herveille_spi,protocol_control,reg_to_reg,0.261012,0.7277094,0.46669741257476804
simple_spi,rfifo.mem[1][3],train,herveille_spi,protocol_control,reg_to_reg,0.261012,0.7277094,0.46669741257476804
simple_spi,rfifo.mem[1][4],train,herveille_spi,protocol_control,reg_to_reg,0.261012,0.7277094,0.46669741257476804
simple_spi,rfifo.mem[1][5],train,herveille_spi,protocol_control,reg_to_reg,0.261012,0.7277094,0.46669741257476804
simple_spi,rfifo.mem[1][6],train,herveille_spi,protocol_control,reg_to_reg,0.261012,0.7277094,0.46669741257476804
simple_spi,rfifo.mem[1][7],train,herveille_spi,protocol_control,reg_to_reg,0.261012,0.7277094,0.46669741257476804
simple_spi,rfifo.mem[2][0],train,herveille_spi,protocol_control,reg_to_reg,0.255215,0.7277094,0.47249441257476804
simple_spi,rfifo.mem[2][1],train,herveille_spi,protocol_control,reg_to_reg,0.255215,0.7277094,0.47249441257476804
simple_spi,rfifo.mem[2][2],train,herveille_spi,protocol_control,reg_to_reg,0.255215,0.7277094,0.47249441257476804
simple_spi,rfifo.mem[2][3],train,herveille_spi,protocol_control,reg_to_reg,0.255215,0.7277094,0.47249441257476804
simple_spi,rfifo.mem[2][4],train,herveille_spi,protocol_control,reg_to_reg,0.255215,0.7277094,0.47249441257476804
simple_spi,rfifo.mem[2][5],train,herveille_spi,protocol_control,reg_to_reg,0.255215,0.7277094,0.47249441257476804
simple_spi,rfifo.mem[2][6],train,herveille_spi,protocol_control,reg_to_reg,0.255215,0.7277094,0.47249441257476804
simple_spi,rfifo.mem[2][7],train,herveille_spi,protocol_control,reg_to_reg,0.255215,0.7277094,0.47249441257476804
simple_spi,rfifo.mem[3][0],train,herveille_spi,protocol_control,reg_to_reg,0.261018,0.7277094,0.4666914125747681
simple_spi,rfifo.mem[3][1],train,herveille_spi,protocol_control,reg_to_reg,0.261018,0.7277094,0.4666914125747681
simple_spi,rfifo.mem[3][2],train,herveille_spi,protocol_control,reg_to_reg,0.261018,0.7277094,0.4666914125747681
simple_spi,rfifo.mem[3][3],train,herveille_spi,protocol_control,reg_to_reg,0.261018,0.7277094,0.4666914125747681
simple_spi,rfifo.mem[3][4],train,herveille_spi,protocol_control,reg_to_reg,0.261018,0.7277094,0.4666914125747681
simple_spi,rfifo.mem[3][5],train,herveille_spi,protocol_control,reg_to_reg,0.261018,0.7277094,0.4666914125747681
simple_spi,rfifo.mem[3][6],train,herveille_spi,protocol_control,reg_to_reg,0.261018,0.7277094,0.4666914125747681
simple_spi,rfifo.mem[3][7],train,herveille_spi,protocol_control,reg_to_reg,0.261018,0.7277094,0.4666914125747681
simple_spi,rfifo.rp[0],train,herveille_spi,protocol_control,input_to_reg,1.252307,1.5035775,0.2512704707794189
simple_spi,rfifo.rp[1],train,herveille_spi,protocol_control,input_to_reg,1.262672,1.5100209,0.2473488520889282
simple_spi,rfifo.wp[0],train,herveille_spi,protocol_control,reg_to_reg,0.200601,0.7104336,0.5098326023330688
simple_spi,rfifo.wp[1],train,herveille_spi,protocol_control,reg_to_reg,0.200198,0.7104336,0.5102356023330689
simple_spi,rfwe,train,herveille_spi,protocol_control,reg_to_reg,0.42548,0.76452947,0.3390494666290283
simple_spi,sck_o,train,herveille_spi,protocol_control,reg_to_reg,0.454033,1.0379959,0.5839629344863891
simple_spi,spcr[7],train,herveille_spi,protocol_control,input_to_reg,1.319817,1.4690876,0.1492706007080078
simple_spi,spe,train,herveille_spi,protocol_control,input_to_reg,1.321089,1.4690876,0.14799860070800785
simple_spi,sper[2],train,herveille_spi,protocol_control,input_to_reg,1.320622,1.4999412,0.1793192298202515
simple_spi,sper[3],train,herveille_spi,protocol_control,input_to_reg,1.320622,1.4999412,0.1793192298202515
simple_spi,sper[4],train,herveille_spi,protocol_control,input_to_reg,1.320622,1.4999412,0.1793192298202515
simple_spi,sper[5],train,herveille_spi,protocol_control,input_to_reg,1.320622,1.4999412,0.1793192298202515
simple_spi,spif,train,herveille_spi,protocol_control,input_to_reg,1.218412,1.4440116,0.22559956902313227
simple_spi,spr[0],train,herveille_spi,protocol_control,input_to_reg,1.319817,1.4690876,0.1492706007080078
simple_spi,spr[1],train,herveille_spi,protocol_control,input_to_reg,1.321089,1.4690876,0.14799860070800785
simple_spi,spsr[6],train,herveille_spi,protocol_control,input_to_reg,1.250385,1.4440116,0.19362656902313224
simple_spi,ss_r,train,herveille_spi,protocol_control,input_to_reg,1.148186,1.4254137,0.277227727760315
simple_spi,state[0],train,herveille_spi,protocol_control,reg_to_reg,0.46661,0.97886723,0.5122572327995301
simple_spi,state[1],train,herveille_spi,protocol_control,reg_to_reg,0.465901,0.97886723,0.51296623279953
simple_spi,tcnt[0],train,herveille_spi,protocol_control,reg_to_reg,0.268147,0.73257756,0.4644305623321533
simple_spi,tcnt[1],train,herveille_spi,protocol_control,reg_to_reg,0.268147,0.73257756,0.4644305623321533
simple_spi,treg[0],train,herveille_spi,protocol_control,input_to_reg,1.064844,1.3834264,0.3185824278411866
simple_spi,treg[1],train,herveille_spi,protocol_control,reg_to_reg,0.55184,0.91356426,0.3617242647743225
simple_spi,treg[2],train,herveille_spi,protocol_control,reg_to_reg,0.55184,0.91356426,0.3617242647743225
simple_spi,treg[3],train,herveille_spi,protocol_control,reg_to_reg,0.55184,0.91356426,0.3617242647743225
simple_spi,treg[4],train,herveille_spi,protocol_control,reg_to_reg,0.55184,0.91356426,0.3617242647743225
simple_spi,treg[5],train,herveille_spi,protocol_control,reg_to_reg,0.562115,0.91356426,0.3514492647743225
simple_spi,treg[6],train,herveille_spi,protocol_control,reg_to_reg,0.585055,0.91356426,0.3285092647743225
simple_spi,treg[7],train,herveille_spi,protocol_control,reg_to_reg,0.562115,0.91356426,0.3514492647743225
simple_spi,wfifo.gb,train,herveille_spi,protocol_control,input_to_reg,1.221628,1.4965237,0.27489573790740973
simple_spi,wfifo.mem[0][0],train,herveille_spi,protocol_control,input_to_reg,1.294505,1.5100209,0.2155158520889282
simple_spi,wfifo.mem[0][1],train,herveille_spi,protocol_control,input_to_reg,1.294505,1.5100209,0.2155158520889282
simple_spi,wfifo.mem[0][2],train,herveille_spi,protocol_control,input_to_reg,1.294505,1.5100209,0.2155158520889282
simple_spi,wfifo.mem[0][3],train,herveille_spi,protocol_control,input_to_reg,1.294505,1.5100209,0.2155158520889282
simple_spi,wfifo.mem[0][4],train,herveille_spi,protocol_control,input_to_reg,1.294505,1.5100209,0.2155158520889282
simple_spi,wfifo.mem[0][5],train,herveille_spi,protocol_control,input_to_reg,1.294505,1.5100209,0.2155158520889282
simple_spi,wfifo.mem[0][6],train,herveille_spi,protocol_control,input_to_reg,1.294505,1.5100209,0.2155158520889282
simple_spi,wfifo.mem[0][7],train,herveille_spi,protocol_control,input_to_reg,1.294505,1.5100209,0.2155158520889282
simple_spi,wfifo.mem[1][0],train,herveille_spi,protocol_control,input_to_reg,1.294505,1.5100209,0.2155158520889282
simple_spi,wfifo.mem[1][1],train,herveille_spi,protocol_control,input_to_reg,1.294505,1.5100209,0.2155158520889282
simple_spi,wfifo.mem[1][2],train,herveille_spi,protocol_control,input_to_reg,1.294505,1.5100209,0.2155158520889282
simple_spi,wfifo.mem[1][3],train,herveille_spi,protocol_control,input_to_reg,1.294505,1.5100209,0.2155158520889282
simple_spi,wfifo.mem[1][4],train,herveille_spi,protocol_control,input_to_reg,1.294505,1.5100209,0.2155158520889282
simple_spi,wfifo.mem[1][5],train,herveille_spi,protocol_control,input_to_reg,1.294505,1.5100209,0.2155158520889282
simple_spi,wfifo.mem[1][6],train,herveille_spi,protocol_control,input_to_reg,1.294505,1.5100209,0.2155158520889282
simple_spi,wfifo.mem[1][7],train,herveille_spi,protocol_control,input_to_reg,1.294505,1.5100209,0.2155158520889282
simple_spi,wfifo.mem[2][0],train,herveille_spi,protocol_control,input_to_reg,1.294505,1.5100209,0.2155158520889282
simple_spi,wfifo.mem[2][1],train,herveille_spi,protocol_control,input_to_reg,1.294505,1.5100209,0.2155158520889282
simple_spi,wfifo.mem[2][2],train,herveille_spi,protocol_control,input_to_reg,1.294505,1.5100209,0.2155158520889282
simple_spi,wfifo.mem[2][3],train,herveille_spi,protocol_control,input_to_reg,1.294505,1.5100209,0.2155158520889282
simple_spi,wfifo.mem[2][4],train,herveille_spi,protocol_control,input_to_reg,1.294505,1.5100209,0.2155158520889282
simple_spi,wfifo.mem[2][5],train,herveille_spi,protocol_control,input_to_reg,1.294505,1.5100209,0.2155158520889282
simple_spi,wfifo.mem[2][6],train,herveille_spi,protocol_control,input_to_reg,1.294505,1.5100209,0.2155158520889282
simple_spi,wfifo.mem[2][7],train,herveille_spi,protocol_control,input_to_reg,1.294505,1.5100209,0.2155158520889282
simple_spi,wfifo.mem[3][0],train,herveille_spi,protocol_control,input_to_reg,1.294505,1.5100209,0.2155158520889282
simple_spi,wfifo.mem[3][1],train,herveille_spi,protocol_control,input_to_reg,1.294505,1.5100209,0.2155158520889282
simple_spi,wfifo.mem[3][2],train,herveille_spi,protocol_control,input_to_reg,1.294505,1.5100209,0.2155158520889282
simple_spi,wfifo.mem[3][3],train,herveille_spi,protocol_control,input_to_reg,1.294505,1.5100209,0.2155158520889282
simple_spi,wfifo.mem[3][4],train,herveille_spi,protocol_control,input_to_reg,1.294505,1.5100209,0.2155158520889282
simple_spi,wfifo.mem[3][5],train,herveille_spi,protocol_control,input_to_reg,1.294505,1.5100209,0.2155158520889282
simple_spi,wfifo.mem[3][6],train,herveille_spi,protocol_control,input_to_reg,1.294505,1.5100209,0.2155158520889282
simple_spi,wfifo.mem[3][7],train,herveille_spi,protocol_control,input_to_reg,1.294505,1.5100209,0.2155158520889282
simple_spi,wfifo.rp[0],train,herveille_spi,protocol_control,reg_to_reg,0.264815,0.7177641,0.45294907957077024
simple_spi,wfifo.rp[1],train,herveille_spi,protocol_control,reg_to_reg,0.338679,0.7546393,0.4159603275260925
simple_spi,wfifo.wp[0],train,herveille_spi,protocol_control,input_to_reg,1.244033,1.4965237,0.2524907379074097
simple_spi,wfifo.wp[1],train,herveille_spi,protocol_control,input_to_reg,1.262386,1.4965237,0.23413773790740966
simple_spi,wfre,train,herveille_spi,protocol_control,reg_to_reg,0.374667,0.9667553,0.5920882709579468
axis_fifo16,depth_reg[0],train,forencich_axis,interconnect_buffer,reg_to_reg,0.181172,0.70580554,0.5246335400848389
axis_fifo16,depth_reg[1],train,forencich_axis,interconnect_buffer,reg_to_reg,0.22142,0.70093733,0.47951733072280883
axis_fifo16,depth_reg[2],train,forencich_axis,interconnect_buffer,reg_to_reg,0.265984,0.724322,0.45833802100753784
axis_fifo16,depth_reg[3],train,forencich_axis,interconnect_buffer,reg_to_reg,0.324043,0.8015439,0.4775008914299011
axis_fifo16,depth_reg[4],train,forencich_axis,interconnect_buffer,reg_to_reg,0.338993,0.8616387,0.5226457248039246
axis_fifo16,m_axis[0],train,forencich_axis,interconnect_buffer,input_to_reg,1.423041,1.5199041,0.09686313665771484
axis_fifo16,m_axis[10],train,forencich_axis,interconnect_buffer,input_to_reg,1.423041,1.5199041,0.09686313665771484
axis_fifo16,m_axis[11],train,forencich_axis,interconnect_buffer,input_to_reg,1.423041,1.5199041,0.09686313665771484
axis_fifo16,m_axis[12],train,forencich_axis,interconnect_buffer,input_to_reg,1.423041,1.5199041,0.09686313665771484
axis_fifo16,m_axis[13],train,forencich_axis,interconnect_buffer,input_to_reg,1.423041,1.5199041,0.09686313665771484
axis_fifo16,m_axis[14],train,forencich_axis,interconnect_buffer,input_to_reg,1.423041,1.5199041,0.09686313665771484
axis_fifo16,m_axis[15],train,forencich_axis,interconnect_buffer,input_to_reg,1.423041,1.5199041,0.09686313665771484
axis_fifo16,m_axis[16],train,forencich_axis,interconnect_buffer,input_to_reg,1.423041,1.5199041,0.09686313665771484
axis_fifo16,m_axis[17],train,forencich_axis,interconnect_buffer,input_to_reg,1.423041,1.5199041,0.09686313665771484
axis_fifo16,m_axis[18],train,forencich_axis,interconnect_buffer,input_to_reg,1.423041,1.5199041,0.09686313665771484
axis_fifo16,m_axis[19],train,forencich_axis,interconnect_buffer,input_to_reg,1.423041,1.5199041,0.09686313665771484
axis_fifo16,m_axis[1],train,forencich_axis,interconnect_buffer,input_to_reg,1.423041,1.5199041,0.09686313665771484
axis_fifo16,m_axis[20],train,forencich_axis,interconnect_buffer,input_to_reg,1.423041,1.5199041,0.09686313665771484
axis_fifo16,m_axis[21],train,forencich_axis,interconnect_buffer,input_to_reg,1.423041,1.5199041,0.09686313665771484
axis_fifo16,m_axis[22],train,forencich_axis,interconnect_buffer,input_to_reg,1.423041,1.5199041,0.09686313665771484
axis_fifo16,m_axis[23],train,forencich_axis,interconnect_buffer,input_to_reg,1.423041,1.5199041,0.09686313665771484
axis_fifo16,m_axis[24],train,forencich_axis,interconnect_buffer,input_to_reg,1.423041,1.5199041,0.09686313665771484
axis_fifo16,m_axis[25],train,forencich_axis,interconnect_buffer,input_to_reg,1.423041,1.5199041,0.09686313665771484
axis_fifo16,m_axis[26],train,forencich_axis,interconnect_buffer,input_to_reg,1.423041,1.5199041,0.09686313665771484
axis_fifo16,m_axis[27],train,forencich_axis,interconnect_buffer,input_to_reg,1.423041,1.5199041,0.09686313665771484
axis_fifo16,m_axis[28],train,forencich_axis,interconnect_buffer,input_to_reg,1.423041,1.5199041,0.09686313665771484
axis_fifo16,m_axis[29],train,forencich_axis,interconnect_buffer,input_to_reg,1.423041,1.5199041,0.09686313665771484
axis_fifo16,m_axis[2],train,forencich_axis,interconnect_buffer,input_to_reg,1.423041,1.5199041,0.09686313665771484
axis_fifo16,m_axis[30],train,forencich_axis,interconnect_buffer,input_to_reg,1.423041,1.5199041,0.09686313665771484
axis_fifo16,m_axis[31],train,forencich_axis,interconnect_buffer,input_to_reg,1.423041,1.5199041,0.09686313665771484
axis_fifo16,m_axis[3],train,forencich_axis,interconnect_buffer,input_to_reg,1.423041,1.5199041,0.09686313665771484
axis_fifo16,m_axis[4],train,forencich_axis,interconnect_buffer,input_to_reg,1.423041,1.5199041,0.09686313665771484
axis_fifo16,m_axis[5],train,forencich_axis,interconnect_buffer,input_to_reg,1.423041,1.5199041,0.09686313665771484
axis_fifo16,m_axis[6],train,forencich_axis,interconnect_buffer,input_to_reg,1.423041,1.5199041,0.09686313665771484
axis_fifo16,m_axis[7],train,forencich_axis,interconnect_buffer,input_to_reg,1.423041,1.5199041,0.09686313665771484
axis_fifo16,m_axis[8],train,forencich_axis,interconnect_buffer,input_to_reg,1.423041,1.5199041,0.09686313665771484
axis_fifo16,m_axis[9],train,forencich_axis,interconnect_buffer,input_to_reg,1.423041,1.5199041,0.09686313665771484
axis_fifo16,m_axis_pipe_reg[0][0],train,forencich_axis,interconnect_buffer,input_to_reg,2.492029,1.770254,0.7217749840774537
axis_fifo16,m_axis_pipe_reg[0][10],train,forencich_axis,interconnect_buffer,input_to_reg,2.49081,1.770254,0.7205559840774538
axis_fifo16,m_axis_pipe_reg[0][11],train,forencich_axis,interconnect_buffer,input_to_reg,2.525643,1.770254,0.7553889840774537
axis_fifo16,m_axis_pipe_reg[0][12],train,forencich_axis,interconnect_buffer,input_to_reg,2.494442,1.770254,0.7241879840774534
axis_fifo16,m_axis_pipe_reg[0][13],train,forencich_axis,interconnect_buffer,input_to_reg,2.508454,1.770254,0.7381999840774536
axis_fifo16,m_axis_pipe_reg[0][14],train,forencich_axis,interconnect_buffer,input_to_reg,2.508454,1.770254,0.7381999840774536
axis_fifo16,m_axis_pipe_reg[0][15],train,forencich_axis,interconnect_buffer,input_to_reg,2.523598,1.770254,0.7533439840774534
axis_fifo16,m_axis_pipe_reg[0][16],train,forencich_axis,interconnect_buffer,input_to_reg,2.51432,1.770254,0.7440659840774537
axis_fifo16,m_axis_pipe_reg[0][17],train,forencich_axis,interconnect_buffer,input_to_reg,2.508454,1.770254,0.7381999840774536
axis_fifo16,m_axis_pipe_reg[0][18],train,forencich_axis,interconnect_buffer,input_to_reg,2.483945,1.770254,0.7136909840774535
axis_fifo16,m_axis_pipe_reg[0][19],train,forencich_axis,interconnect_buffer,input_to_reg,2.511865,1.770254,0.7416109840774534
axis_fifo16,m_axis_pipe_reg[0][1],train,forencich_axis,interconnect_buffer,input_to_reg,2.508454,1.770254,0.7381999840774536
axis_fifo16,m_axis_pipe_reg[0][20],train,forencich_axis,interconnect_buffer,input_to_reg,2.482611,1.770254,0.7123569840774535
axis_fifo16,m_axis_pipe_reg[0][21],train,forencich_axis,interconnect_buffer,input_to_reg,2.494442,1.770254,0.7241879840774534
axis_fifo16,m_axis_pipe_reg[0][22],train,forencich_axis,interconnect_buffer,input_to_reg,2.494442,1.770254,0.7241879840774534
axis_fifo16,m_axis_pipe_reg[0][23],train,forencich_axis,interconnect_buffer,input_to_reg,2.489401,1.770254,0.7191469840774536
axis_fifo16,m_axis_pipe_reg[0][24],train,forencich_axis,interconnect_buffer,input_to_reg,2.508454,1.770254,0.7381999840774536
axis_fifo16,m_axis_pipe_reg[0][25],train,forencich_axis,interconnect_buffer,input_to_reg,2.534393,1.770254,0.7641389840774537
axis_fifo16,m_axis_pipe_reg[0][26],train,forencich_axis,interconnect_buffer,input_to_reg,2.51432,1.770254,0.7440659840774537
axis_fifo16,m_axis_pipe_reg[0][27],train,forencich_axis,interconnect_buffer,input_to_reg,2.51432,1.770254,0.7440659840774537
axis_fifo16,m_axis_pipe_reg[0][28],train,forencich_axis,interconnect_buffer,input_to_reg,2.492968,1.770254,0.7227139840774535
axis_fifo16,m_axis_pipe_reg[0][29],train,forencich_axis,interconnect_buffer,input_to_reg,2.463883,1.770254,0.6936289840774537
axis_fifo16,m_axis_pipe_reg[0][2],train,forencich_axis,interconnect_buffer,input_to_reg,2.492968,1.770254,0.7227139840774535
axis_fifo16,m_axis_pipe_reg[0][30],train,forencich_axis,interconnect_buffer,input_to_reg,2.492029,1.770254,0.7217749840774537
axis_fifo16,m_axis_pipe_reg[0][31],train,forencich_axis,interconnect_buffer,input_to_reg,2.486594,1.770254,0.7163399840774538
axis_fifo16,m_axis_pipe_reg[0][3],train,forencich_axis,interconnect_buffer,input_to_reg,2.492968,1.770254,0.7227139840774535
axis_fifo16,m_axis_pipe_reg[0][4],train,forencich_axis,interconnect_buffer,input_to_reg,2.483694,1.770254,0.7134399840774535
axis_fifo16,m_axis_pipe_reg[0][5],train,forencich_axis,interconnect_buffer,input_to_reg,2.484387,1.770254,0.7141329840774535
axis_fifo16,m_axis_pipe_reg[0][6],train,forencich_axis,interconnect_buffer,input_to_reg,2.511865,1.770254,0.7416109840774534
axis_fifo16,m_axis_pipe_reg[0][7],train,forencich_axis,interconnect_buffer,input_to_reg,2.497119,1.770254,0.7268649840774537
axis_fifo16,m_axis_pipe_reg[0][8],train,forencich_axis,interconnect_buffer,input_to_reg,2.494442,1.770254,0.7241879840774534
axis_fifo16,m_axis_pipe_reg[0][9],train,forencich_axis,interconnect_buffer,input_to_reg,2.492968,1.770254,0.7227139840774535
axis_fifo16,m_axis_tvalid,train,forencich_axis,interconnect_buffer,input_to_reg,1.430523,1.7403789,0.30985585665893556
axis_fifo16,m_axis_tvalid_pipe_reg[0],train,forencich_axis,interconnect_buffer,input_to_reg,2.037334,1.7508332,0.28650084627532957
axis_fifo16,mem[0][0],train,forencich_axis,interconnect_buffer,input_to_reg,1.614031,1.6448717,0.030840711730957038
axis_fifo16,mem[0][10],train,forencich_axis,interconnect_buffer,input_to_reg,1.614031,1.6448717,0.030840711730957038
axis_fifo16,mem[0][11],train,forencich_axis,interconnect_buffer,input_to_reg,1.614031,1.6448717,0.030840711730957038
axis_fifo16,mem[0][12],train,forencich_axis,interconnect_buffer,input_to_reg,1.614031,1.6448717,0.030840711730957038
axis_fifo16,mem[0][13],train,forencich_axis,interconnect_buffer,input_to_reg,1.614031,1.6448717,0.030840711730957038
axis_fifo16,mem[0][14],train,forencich_axis,interconnect_buffer,input_to_reg,1.614031,1.6448717,0.030840711730957038
axis_fifo16,mem[0][15],train,forencich_axis,interconnect_buffer,input_to_reg,1.614031,1.6448717,0.030840711730957038
axis_fifo16,mem[0][16],train,forencich_axis,interconnect_buffer,input_to_reg,1.614031,1.6448717,0.030840711730957038
axis_fifo16,mem[0][17],train,forencich_axis,interconnect_buffer,input_to_reg,1.614031,1.6448717,0.030840711730957038
axis_fifo16,mem[0][18],train,forencich_axis,interconnect_buffer,input_to_reg,1.614031,1.6448717,0.030840711730957038
axis_fifo16,mem[0][19],train,forencich_axis,interconnect_buffer,input_to_reg,1.614031,1.6448717,0.030840711730957038
axis_fifo16,mem[0][1],train,forencich_axis,interconnect_buffer,input_to_reg,1.614031,1.6448717,0.030840711730957038
axis_fifo16,mem[0][20],train,forencich_axis,interconnect_buffer,input_to_reg,1.614031,1.6448717,0.030840711730957038
axis_fifo16,mem[0][21],train,forencich_axis,interconnect_buffer,input_to_reg,1.614031,1.6448717,0.030840711730957038
axis_fifo16,mem[0][22],train,forencich_axis,interconnect_buffer,input_to_reg,1.614031,1.6448717,0.030840711730957038
axis_fifo16,mem[0][23],train,forencich_axis,interconnect_buffer,input_to_reg,1.614031,1.6448717,0.030840711730957038
axis_fifo16,mem[0][24],train,forencich_axis,interconnect_buffer,input_to_reg,1.614031,1.6448717,0.030840711730957038
axis_fifo16,mem[0][25],train,forencich_axis,interconnect_buffer,input_to_reg,1.614031,1.6448717,0.030840711730957038
axis_fifo16,mem[0][26],train,forencich_axis,interconnect_buffer,input_to_reg,1.614031,1.6448717,0.030840711730957038
axis_fifo16,mem[0][27],train,forencich_axis,interconnect_buffer,input_to_reg,1.614031,1.6448717,0.030840711730957038
axis_fifo16,mem[0][28],train,forencich_axis,interconnect_buffer,input_to_reg,1.614031,1.6448717,0.030840711730957038
axis_fifo16,mem[0][29],train,forencich_axis,interconnect_buffer,input_to_reg,1.614031,1.6448717,0.030840711730957038
axis_fifo16,mem[0][2],train,forencich_axis,interconnect_buffer,input_to_reg,1.614031,1.6448717,0.030840711730957038
axis_fifo16,mem[0][30],train,forencich_axis,interconnect_buffer,input_to_reg,1.614031,1.6448717,0.030840711730957038
axis_fifo16,mem[0][31],train,forencich_axis,interconnect_buffer,input_to_reg,1.614031,1.6448717,0.030840711730957038
axis_fifo16,mem[0][3],train,forencich_axis,interconnect_buffer,input_to_reg,1.614031,1.6448717,0.030840711730957038
axis_fifo16,mem[0][4],train,forencich_axis,interconnect_buffer,input_to_reg,1.614031,1.6448717,0.030840711730957038
axis_fifo16,mem[0][5],train,forencich_axis,interconnect_buffer,input_to_reg,1.614031,1.6448717,0.030840711730957038
axis_fifo16,mem[0][6],train,forencich_axis,interconnect_buffer,input_to_reg,1.614031,1.6448717,0.030840711730957038
axis_fifo16,mem[0][7],train,forencich_axis,interconnect_buffer,input_to_reg,1.614031,1.6448717,0.030840711730957038
axis_fifo16,mem[0][8],train,forencich_axis,interconnect_buffer,input_to_reg,1.614031,1.6448717,0.030840711730957038
axis_fifo16,mem[0][9],train,forencich_axis,interconnect_buffer,input_to_reg,1.614031,1.6448717,0.030840711730957038
axis_fifo16,mem[10][0],train,forencich_axis,interconnect_buffer,input_to_reg,1.614031,1.6426924,0.028661446708679206
axis_fifo16,mem[10][10],train,forencich_axis,interconnect_buffer,input_to_reg,1.614031,1.6426924,0.028661446708679206
axis_fifo16,mem[10][11],train,forencich_axis,interconnect_buffer,input_to_reg,1.614031,1.6426924,0.028661446708679206
axis_fifo16,mem[10][12],train,forencich_axis,interconnect_buffer,input_to_reg,1.614031,1.6426924,0.028661446708679206
axis_fifo16,mem[10][13],train,forencich_axis,interconnect_buffer,input_to_reg,1.614031,1.6426924,0.028661446708679206
axis_fifo16,mem[10][14],train,forencich_axis,interconnect_buffer,input_to_reg,1.614031,1.6426924,0.028661446708679206
axis_fifo16,mem[10][15],train,forencich_axis,interconnect_buffer,input_to_reg,1.614031,1.6426924,0.028661446708679206
axis_fifo16,mem[10][16],train,forencich_axis,interconnect_buffer,input_to_reg,1.614031,1.6426924,0.028661446708679206
axis_fifo16,mem[10][17],train,forencich_axis,interconnect_buffer,input_to_reg,1.614031,1.6426924,0.028661446708679206
axis_fifo16,mem[10][18],train,forencich_axis,interconnect_buffer,input_to_reg,1.614031,1.6426924,0.028661446708679206
axis_fifo16,mem[10][19],train,forencich_axis,interconnect_buffer,input_to_reg,1.614031,1.6426924,0.028661446708679206
axis_fifo16,mem[10][1],train,forencich_axis,interconnect_buffer,input_to_reg,1.614031,1.6426924,0.028661446708679206
axis_fifo16,mem[10][20],train,forencich_axis,interconnect_buffer,input_to_reg,1.614031,1.6426924,0.028661446708679206
axis_fifo16,mem[10][21],train,forencich_axis,interconnect_buffer,input_to_reg,1.614031,1.6426924,0.028661446708679206
axis_fifo16,mem[10][22],train,forencich_axis,interconnect_buffer,input_to_reg,1.614031,1.6426924,0.028661446708679206
axis_fifo16,mem[10][23],train,forencich_axis,interconnect_buffer,input_to_reg,1.614031,1.6426924,0.028661446708679206
axis_fifo16,mem[10][24],train,forencich_axis,interconnect_buffer,input_to_reg,1.614031,1.6426924,0.028661446708679206
axis_fifo16,mem[10][25],train,forencich_axis,interconnect_buffer,input_to_reg,1.614031,1.6426924,0.028661446708679206
axis_fifo16,mem[10][26],train,forencich_axis,interconnect_buffer,input_to_reg,1.614031,1.6426924,0.028661446708679206
axis_fifo16,mem[10][27],train,forencich_axis,interconnect_buffer,input_to_reg,1.614031,1.6426924,0.028661446708679206
axis_fifo16,mem[10][28],train,forencich_axis,interconnect_buffer,input_to_reg,1.614031,1.6426924,0.028661446708679206
axis_fifo16,mem[10][29],train,forencich_axis,interconnect_buffer,input_to_reg,1.614031,1.6426924,0.028661446708679206
axis_fifo16,mem[10][2],train,forencich_axis,interconnect_buffer,input_to_reg,1.614031,1.6426924,0.028661446708679206
axis_fifo16,mem[10][30],train,forencich_axis,interconnect_buffer,input_to_reg,1.614031,1.6426924,0.028661446708679206
axis_fifo16,mem[10][31],train,forencich_axis,interconnect_buffer,input_to_reg,1.614031,1.6426924,0.028661446708679206
axis_fifo16,mem[10][3],train,forencich_axis,interconnect_buffer,input_to_reg,1.614031,1.6426924,0.028661446708679206
axis_fifo16,mem[10][4],train,forencich_axis,interconnect_buffer,input_to_reg,1.614031,1.6426924,0.028661446708679206
axis_fifo16,mem[10][5],train,forencich_axis,interconnect_buffer,input_to_reg,1.614031,1.6426924,0.028661446708679206
axis_fifo16,mem[10][6],train,forencich_axis,interconnect_buffer,input_to_reg,1.614031,1.6426924,0.028661446708679206
axis_fifo16,mem[10][7],train,forencich_axis,interconnect_buffer,input_to_reg,1.614031,1.6426924,0.028661446708679206
axis_fifo16,mem[10][8],train,forencich_axis,interconnect_buffer,input_to_reg,1.614031,1.6426924,0.028661446708679206
axis_fifo16,mem[10][9],train,forencich_axis,interconnect_buffer,input_to_reg,1.614031,1.6426924,0.028661446708679206
axis_fifo16,mem[11][0],train,forencich_axis,interconnect_buffer,input_to_reg,1.420983,1.6265253,0.20554228285980214
axis_fifo16,mem[11][10],train,forencich_axis,interconnect_buffer,input_to_reg,1.420983,1.6265253,0.20554228285980214
axis_fifo16,mem[11][11],train,forencich_axis,interconnect_buffer,input_to_reg,1.420983,1.6265253,0.20554228285980214
axis_fifo16,mem[11][12],train,forencich_axis,interconnect_buffer,input_to_reg,1.420983,1.6265253,0.20554228285980214
axis_fifo16,mem[11][13],train,forencich_axis,interconnect_buffer,input_to_reg,1.420983,1.6265253,0.20554228285980214
axis_fifo16,mem[11][14],train,forencich_axis,interconnect_buffer,input_to_reg,1.420983,1.6265253,0.20554228285980214
axis_fifo16,mem[11][15],train,forencich_axis,interconnect_buffer,input_to_reg,1.420983,1.6265253,0.20554228285980214
axis_fifo16,mem[11][16],train,forencich_axis,interconnect_buffer,input_to_reg,1.420983,1.6265253,0.20554228285980214
axis_fifo16,mem[11][17],train,forencich_axis,interconnect_buffer,input_to_reg,1.420983,1.6265253,0.20554228285980214
axis_fifo16,mem[11][18],train,forencich_axis,interconnect_buffer,input_to_reg,1.420983,1.6265253,0.20554228285980214
axis_fifo16,mem[11][19],train,forencich_axis,interconnect_buffer,input_to_reg,1.420983,1.6265253,0.20554228285980214
axis_fifo16,mem[11][1],train,forencich_axis,interconnect_buffer,input_to_reg,1.420983,1.6265253,0.20554228285980214
axis_fifo16,mem[11][20],train,forencich_axis,interconnect_buffer,input_to_reg,1.420983,1.6265253,0.20554228285980214
axis_fifo16,mem[11][21],train,forencich_axis,interconnect_buffer,input_to_reg,1.420983,1.6265253,0.20554228285980214
axis_fifo16,mem[11][22],train,forencich_axis,interconnect_buffer,input_to_reg,1.420983,1.6265253,0.20554228285980214
axis_fifo16,mem[11][23],train,forencich_axis,interconnect_buffer,input_to_reg,1.420983,1.6265253,0.20554228285980214
axis_fifo16,mem[11][24],train,forencich_axis,interconnect_buffer,input_to_reg,1.420983,1.6265253,0.20554228285980214
axis_fifo16,mem[11][25],train,forencich_axis,interconnect_buffer,input_to_reg,1.420983,1.6265253,0.20554228285980214
axis_fifo16,mem[11][26],train,forencich_axis,interconnect_buffer,input_to_reg,1.420983,1.6265253,0.20554228285980214
axis_fifo16,mem[11][27],train,forencich_axis,interconnect_buffer,input_to_reg,1.420983,1.6265253,0.20554228285980214
axis_fifo16,mem[11][28],train,forencich_axis,interconnect_buffer,input_to_reg,1.420983,1.6265253,0.20554228285980214
axis_fifo16,mem[11][29],train,forencich_axis,interconnect_buffer,input_to_reg,1.420983,1.6265253,0.20554228285980214
axis_fifo16,mem[11][2],train,forencich_axis,interconnect_buffer,input_to_reg,1.420983,1.6265253,0.20554228285980214
axis_fifo16,mem[11][30],train,forencich_axis,interconnect_buffer,input_to_reg,1.420983,1.6265253,0.20554228285980214
axis_fifo16,mem[11][31],train,forencich_axis,interconnect_buffer,input_to_reg,1.420983,1.6265253,0.20554228285980214
axis_fifo16,mem[11][3],train,forencich_axis,interconnect_buffer,input_to_reg,1.420983,1.6265253,0.20554228285980214
axis_fifo16,mem[11][4],train,forencich_axis,interconnect_buffer,input_to_reg,1.420983,1.6265253,0.20554228285980214
axis_fifo16,mem[11][5],train,forencich_axis,interconnect_buffer,input_to_reg,1.420983,1.6265253,0.20554228285980214
axis_fifo16,mem[11][6],train,forencich_axis,interconnect_buffer,input_to_reg,1.420983,1.6265253,0.20554228285980214
axis_fifo16,mem[11][7],train,forencich_axis,interconnect_buffer,input_to_reg,1.420983,1.6265253,0.20554228285980214
axis_fifo16,mem[11][8],train,forencich_axis,interconnect_buffer,input_to_reg,1.420983,1.6265253,0.20554228285980214
axis_fifo16,mem[11][9],train,forencich_axis,interconnect_buffer,input_to_reg,1.420983,1.6265253,0.20554228285980214
axis_fifo16,mem[12][0],train,forencich_axis,interconnect_buffer,input_to_reg,1.493272,1.6265253,0.1332532828598023
axis_fifo16,mem[12][10],train,forencich_axis,interconnect_buffer,input_to_reg,1.493272,1.6265253,0.1332532828598023
axis_fifo16,mem[12][11],train,forencich_axis,interconnect_buffer,input_to_reg,1.493272,1.6265253,0.1332532828598023
axis_fifo16,mem[12][12],train,forencich_axis,interconnect_buffer,input_to_reg,1.493272,1.6265253,0.1332532828598023
axis_fifo16,mem[12][13],train,forencich_axis,interconnect_buffer,input_to_reg,1.493272,1.6265253,0.1332532828598023
axis_fifo16,mem[12][14],train,forencich_axis,interconnect_buffer,input_to_reg,1.493272,1.6265253,0.1332532828598023
axis_fifo16,mem[12][15],train,forencich_axis,interconnect_buffer,input_to_reg,1.493272,1.6265253,0.1332532828598023
axis_fifo16,mem[12][16],train,forencich_axis,interconnect_buffer,input_to_reg,1.493272,1.6265253,0.1332532828598023
axis_fifo16,mem[12][17],train,forencich_axis,interconnect_buffer,input_to_reg,1.493272,1.6265253,0.1332532828598023
axis_fifo16,mem[12][18],train,forencich_axis,interconnect_buffer,input_to_reg,1.493272,1.6265253,0.1332532828598023
axis_fifo16,mem[12][19],train,forencich_axis,interconnect_buffer,input_to_reg,1.493272,1.6265253,0.1332532828598023
axis_fifo16,mem[12][1],train,forencich_axis,interconnect_buffer,input_to_reg,1.493272,1.6265253,0.1332532828598023
axis_fifo16,mem[12][20],train,forencich_axis,interconnect_buffer,input_to_reg,1.493272,1.6265253,0.1332532828598023
axis_fifo16,mem[12][21],train,forencich_axis,interconnect_buffer,input_to_reg,1.493272,1.6265253,0.1332532828598023
axis_fifo16,mem[12][22],train,forencich_axis,interconnect_buffer,input_to_reg,1.493272,1.6265253,0.1332532828598023
axis_fifo16,mem[12][23],train,forencich_axis,interconnect_buffer,input_to_reg,1.493272,1.6265253,0.1332532828598023
axis_fifo16,mem[12][24],train,forencich_axis,interconnect_buffer,input_to_reg,1.493272,1.6265253,0.1332532828598023
axis_fifo16,mem[12][25],train,forencich_axis,interconnect_buffer,input_to_reg,1.493272,1.6265253,0.1332532828598023
axis_fifo16,mem[12][26],train,forencich_axis,interconnect_buffer,input_to_reg,1.493272,1.6265253,0.1332532828598023
axis_fifo16,mem[12][27],train,forencich_axis,interconnect_buffer,input_to_reg,1.493272,1.6265253,0.1332532828598023
axis_fifo16,mem[12][28],train,forencich_axis,interconnect_buffer,input_to_reg,1.493272,1.6265253,0.1332532828598023
axis_fifo16,mem[12][29],train,forencich_axis,interconnect_buffer,input_to_reg,1.493272,1.6265253,0.1332532828598023
axis_fifo16,mem[12][2],train,forencich_axis,interconnect_buffer,input_to_reg,1.493272,1.6265253,0.1332532828598023
axis_fifo16,mem[12][30],train,forencich_axis,interconnect_buffer,input_to_reg,1.493272,1.6265253,0.1332532828598023
axis_fifo16,mem[12][31],train,forencich_axis,interconnect_buffer,input_to_reg,1.493272,1.6265253,0.1332532828598023
axis_fifo16,mem[12][3],train,forencich_axis,interconnect_buffer,input_to_reg,1.493272,1.6265253,0.1332532828598023
axis_fifo16,mem[12][4],train,forencich_axis,interconnect_buffer,input_to_reg,1.493272,1.6265253,0.1332532828598023
axis_fifo16,mem[12][5],train,forencich_axis,interconnect_buffer,input_to_reg,1.493272,1.6265253,0.1332532828598023
axis_fifo16,mem[12][6],train,forencich_axis,interconnect_buffer,input_to_reg,1.493272,1.6265253,0.1332532828598023
axis_fifo16,mem[12][7],train,forencich_axis,interconnect_buffer,input_to_reg,1.493272,1.6265253,0.1332532828598023
axis_fifo16,mem[12][8],train,forencich_axis,interconnect_buffer,input_to_reg,1.493272,1.6265253,0.1332532828598023
axis_fifo16,mem[12][9],train,forencich_axis,interconnect_buffer,input_to_reg,1.493272,1.6265253,0.1332532828598023
axis_fifo16,mem[13][0],train,forencich_axis,interconnect_buffer,input_to_reg,1.493272,1.6265253,0.1332532828598023
axis_fifo16,mem[13][10],train,forencich_axis,interconnect_buffer,input_to_reg,1.493272,1.6265253,0.1332532828598023
axis_fifo16,mem[13][11],train,forencich_axis,interconnect_buffer,input_to_reg,1.493272,1.6265253,0.1332532828598023
axis_fifo16,mem[13][12],train,forencich_axis,interconnect_buffer,input_to_reg,1.493272,1.6265253,0.1332532828598023
axis_fifo16,mem[13][13],train,forencich_axis,interconnect_buffer,input_to_reg,1.493272,1.6265253,0.1332532828598023
axis_fifo16,mem[13][14],train,forencich_axis,interconnect_buffer,input_to_reg,1.493272,1.6265253,0.1332532828598023
axis_fifo16,mem[13][15],train,forencich_axis,interconnect_buffer,input_to_reg,1.493272,1.6265253,0.1332532828598023
axis_fifo16,mem[13][16],train,forencich_axis,interconnect_buffer,input_to_reg,1.493272,1.6265253,0.1332532828598023
axis_fifo16,mem[13][17],train,forencich_axis,interconnect_buffer,input_to_reg,1.493272,1.6265253,0.1332532828598023
axis_fifo16,mem[13][18],train,forencich_axis,interconnect_buffer,input_to_reg,1.493272,1.6265253,0.1332532828598023
axis_fifo16,mem[13][19],train,forencich_axis,interconnect_buffer,input_to_reg,1.493272,1.6265253,0.1332532828598023
axis_fifo16,mem[13][1],train,forencich_axis,interconnect_buffer,input_to_reg,1.493272,1.6265253,0.1332532828598023
axis_fifo16,mem[13][20],train,forencich_axis,interconnect_buffer,input_to_reg,1.493272,1.6265253,0.1332532828598023
axis_fifo16,mem[13][21],train,forencich_axis,interconnect_buffer,input_to_reg,1.493272,1.6265253,0.1332532828598023
axis_fifo16,mem[13][22],train,forencich_axis,interconnect_buffer,input_to_reg,1.493272,1.6265253,0.1332532828598023
axis_fifo16,mem[13][23],train,forencich_axis,interconnect_buffer,input_to_reg,1.493272,1.6265253,0.1332532828598023
axis_fifo16,mem[13][24],train,forencich_axis,interconnect_buffer,input_to_reg,1.493272,1.6265253,0.1332532828598023
axis_fifo16,mem[13][25],train,forencich_axis,interconnect_buffer,input_to_reg,1.493272,1.6265253,0.1332532828598023
axis_fifo16,mem[13][26],train,forencich_axis,interconnect_buffer,input_to_reg,1.493272,1.6265253,0.1332532828598023
axis_fifo16,mem[13][27],train,forencich_axis,interconnect_buffer,input_to_reg,1.493272,1.6265253,0.1332532828598023
axis_fifo16,mem[13][28],train,forencich_axis,interconnect_buffer,input_to_reg,1.493272,1.6265253,0.1332532828598023
axis_fifo16,mem[13][29],train,forencich_axis,interconnect_buffer,input_to_reg,1.493272,1.6265253,0.1332532828598023
axis_fifo16,mem[13][2],train,forencich_axis,interconnect_buffer,input_to_reg,1.493272,1.6265253,0.1332532828598023
axis_fifo16,mem[13][30],train,forencich_axis,interconnect_buffer,input_to_reg,1.493272,1.6265253,0.1332532828598023
axis_fifo16,mem[13][31],train,forencich_axis,interconnect_buffer,input_to_reg,1.493272,1.6265253,0.1332532828598023
axis_fifo16,mem[13][3],train,forencich_axis,interconnect_buffer,input_to_reg,1.493272,1.6265253,0.1332532828598023
axis_fifo16,mem[13][4],train,forencich_axis,interconnect_buffer,input_to_reg,1.493272,1.6265253,0.1332532828598023
axis_fifo16,mem[13][5],train,forencich_axis,interconnect_buffer,input_to_reg,1.493272,1.6265253,0.1332532828598023
axis_fifo16,mem[13][6],train,forencich_axis,interconnect_buffer,input_to_reg,1.493272,1.6265253,0.1332532828598023
axis_fifo16,mem[13][7],train,forencich_axis,interconnect_buffer,input_to_reg,1.493272,1.6265253,0.1332532828598023
axis_fifo16,mem[13][8],train,forencich_axis,interconnect_buffer,input_to_reg,1.493272,1.6265253,0.1332532828598023
axis_fifo16,mem[13][9],train,forencich_axis,interconnect_buffer,input_to_reg,1.493272,1.6265253,0.1332532828598023
axis_fifo16,mem[14][0],train,forencich_axis,interconnect_buffer,input_to_reg,1.493272,1.6265253,0.1332532828598023
axis_fifo16,mem[14][10],train,forencich_axis,interconnect_buffer,input_to_reg,1.493272,1.6265253,0.1332532828598023
axis_fifo16,mem[14][11],train,forencich_axis,interconnect_buffer,input_to_reg,1.493272,1.6265253,0.1332532828598023
axis_fifo16,mem[14][12],train,forencich_axis,interconnect_buffer,input_to_reg,1.493272,1.6265253,0.1332532828598023
axis_fifo16,mem[14][13],train,forencich_axis,interconnect_buffer,input_to_reg,1.493272,1.6265253,0.1332532828598023
axis_fifo16,mem[14][14],train,forencich_axis,interconnect_buffer,input_to_reg,1.493272,1.6265253,0.1332532828598023
axis_fifo16,mem[14][15],train,forencich_axis,interconnect_buffer,input_to_reg,1.493272,1.6265253,0.1332532828598023
axis_fifo16,mem[14][16],train,forencich_axis,interconnect_buffer,input_to_reg,1.493272,1.6265253,0.1332532828598023
axis_fifo16,mem[14][17],train,forencich_axis,interconnect_buffer,input_to_reg,1.493272,1.6265253,0.1332532828598023
axis_fifo16,mem[14][18],train,forencich_axis,interconnect_buffer,input_to_reg,1.493272,1.6265253,0.1332532828598023
axis_fifo16,mem[14][19],train,forencich_axis,interconnect_buffer,input_to_reg,1.493272,1.6265253,0.1332532828598023
axis_fifo16,mem[14][1],train,forencich_axis,interconnect_buffer,input_to_reg,1.493272,1.6265253,0.1332532828598023
axis_fifo16,mem[14][20],train,forencich_axis,interconnect_buffer,input_to_reg,1.493272,1.6265253,0.1332532828598023
axis_fifo16,mem[14][21],train,forencich_axis,interconnect_buffer,input_to_reg,1.493272,1.6265253,0.1332532828598023
axis_fifo16,mem[14][22],train,forencich_axis,interconnect_buffer,input_to_reg,1.493272,1.6265253,0.1332532828598023
axis_fifo16,mem[14][23],train,forencich_axis,interconnect_buffer,input_to_reg,1.493272,1.6265253,0.1332532828598023
axis_fifo16,mem[14][24],train,forencich_axis,interconnect_buffer,input_to_reg,1.493272,1.6265253,0.1332532828598023
axis_fifo16,mem[14][25],train,forencich_axis,interconnect_buffer,input_to_reg,1.493272,1.6265253,0.1332532828598023
axis_fifo16,mem[14][26],train,forencich_axis,interconnect_buffer,input_to_reg,1.493272,1.6265253,0.1332532828598023
axis_fifo16,mem[14][27],train,forencich_axis,interconnect_buffer,input_to_reg,1.493272,1.6265253,0.1332532828598023
axis_fifo16,mem[14][28],train,forencich_axis,interconnect_buffer,input_to_reg,1.493272,1.6265253,0.1332532828598023
axis_fifo16,mem[14][29],train,forencich_axis,interconnect_buffer,input_to_reg,1.493272,1.6265253,0.1332532828598023
axis_fifo16,mem[14][2],train,forencich_axis,interconnect_buffer,input_to_reg,1.493272,1.6265253,0.1332532828598023
axis_fifo16,mem[14][30],train,forencich_axis,interconnect_buffer,input_to_reg,1.493272,1.6265253,0.1332532828598023
axis_fifo16,mem[14][31],train,forencich_axis,interconnect_buffer,input_to_reg,1.493272,1.6265253,0.1332532828598023
axis_fifo16,mem[14][3],train,forencich_axis,interconnect_buffer,input_to_reg,1.493272,1.6265253,0.1332532828598023
axis_fifo16,mem[14][4],train,forencich_axis,interconnect_buffer,input_to_reg,1.493272,1.6265253,0.1332532828598023
axis_fifo16,mem[14][5],train,forencich_axis,interconnect_buffer,input_to_reg,1.493272,1.6265253,0.1332532828598023
axis_fifo16,mem[14][6],train,forencich_axis,interconnect_buffer,input_to_reg,1.493272,1.6265253,0.1332532828598023
axis_fifo16,mem[14][7],train,forencich_axis,interconnect_buffer,input_to_reg,1.493272,1.6265253,0.1332532828598023
axis_fifo16,mem[14][8],train,forencich_axis,interconnect_buffer,input_to_reg,1.493272,1.6265253,0.1332532828598023
axis_fifo16,mem[14][9],train,forencich_axis,interconnect_buffer,input_to_reg,1.493272,1.6265253,0.1332532828598023
axis_fifo16,mem[15][0],train,forencich_axis,interconnect_buffer,input_to_reg,1.477476,1.6265253,0.14904928285980223
axis_fifo16,mem[15][10],train,forencich_axis,interconnect_buffer,input_to_reg,1.477476,1.6265253,0.14904928285980223
axis_fifo16,mem[15][11],train,forencich_axis,interconnect_buffer,input_to_reg,1.477476,1.6265253,0.14904928285980223
axis_fifo16,mem[15][12],train,forencich_axis,interconnect_buffer,input_to_reg,1.477476,1.6265253,0.14904928285980223
axis_fifo16,mem[15][13],train,forencich_axis,interconnect_buffer,input_to_reg,1.477476,1.6265253,0.14904928285980223
axis_fifo16,mem[15][14],train,forencich_axis,interconnect_buffer,input_to_reg,1.477476,1.6265253,0.14904928285980223
axis_fifo16,mem[15][15],train,forencich_axis,interconnect_buffer,input_to_reg,1.477476,1.6265253,0.14904928285980223
axis_fifo16,mem[15][16],train,forencich_axis,interconnect_buffer,input_to_reg,1.477476,1.6265253,0.14904928285980223
axis_fifo16,mem[15][17],train,forencich_axis,interconnect_buffer,input_to_reg,1.477476,1.6265253,0.14904928285980223
axis_fifo16,mem[15][18],train,forencich_axis,interconnect_buffer,input_to_reg,1.477476,1.6265253,0.14904928285980223
axis_fifo16,mem[15][19],train,forencich_axis,interconnect_buffer,input_to_reg,1.477476,1.6265253,0.14904928285980223
axis_fifo16,mem[15][1],train,forencich_axis,interconnect_buffer,input_to_reg,1.477476,1.6265253,0.14904928285980223
axis_fifo16,mem[15][20],train,forencich_axis,interconnect_buffer,input_to_reg,1.477476,1.6265253,0.14904928285980223
axis_fifo16,mem[15][21],train,forencich_axis,interconnect_buffer,input_to_reg,1.477476,1.6265253,0.14904928285980223
axis_fifo16,mem[15][22],train,forencich_axis,interconnect_buffer,input_to_reg,1.477476,1.6265253,0.14904928285980223
axis_fifo16,mem[15][23],train,forencich_axis,interconnect_buffer,input_to_reg,1.477476,1.6265253,0.14904928285980223
axis_fifo16,mem[15][24],train,forencich_axis,interconnect_buffer,input_to_reg,1.477476,1.6265253,0.14904928285980223
axis_fifo16,mem[15][25],train,forencich_axis,interconnect_buffer,input_to_reg,1.477476,1.6265253,0.14904928285980223
axis_fifo16,mem[15][26],train,forencich_axis,interconnect_buffer,input_to_reg,1.477476,1.6265253,0.14904928285980223
axis_fifo16,mem[15][27],train,forencich_axis,interconnect_buffer,input_to_reg,1.477476,1.6265253,0.14904928285980223
axis_fifo16,mem[15][28],train,forencich_axis,interconnect_buffer,input_to_reg,1.477476,1.6265253,0.14904928285980223
axis_fifo16,mem[15][29],train,forencich_axis,interconnect_buffer,input_to_reg,1.477476,1.6265253,0.14904928285980223
axis_fifo16,mem[15][2],train,forencich_axis,interconnect_buffer,input_to_reg,1.477476,1.6265253,0.14904928285980223
axis_fifo16,mem[15][30],train,forencich_axis,interconnect_buffer,input_to_reg,1.477476,1.6265253,0.14904928285980223
axis_fifo16,mem[15][31],train,forencich_axis,interconnect_buffer,input_to_reg,1.477476,1.6265253,0.14904928285980223
axis_fifo16,mem[15][3],train,forencich_axis,interconnect_buffer,input_to_reg,1.477476,1.6265253,0.14904928285980223
axis_fifo16,mem[15][4],train,forencich_axis,interconnect_buffer,input_to_reg,1.477476,1.6265253,0.14904928285980223
axis_fifo16,mem[15][5],train,forencich_axis,interconnect_buffer,input_to_reg,1.477476,1.6265253,0.14904928285980223
axis_fifo16,mem[15][6],train,forencich_axis,interconnect_buffer,input_to_reg,1.477476,1.6265253,0.14904928285980223
axis_fifo16,mem[15][7],train,forencich_axis,interconnect_buffer,input_to_reg,1.477476,1.6265253,0.14904928285980223
axis_fifo16,mem[15][8],train,forencich_axis,interconnect_buffer,input_to_reg,1.477476,1.6265253,0.14904928285980223
axis_fifo16,mem[15][9],train,forencich_axis,interconnect_buffer,input_to_reg,1.477476,1.6265253,0.14904928285980223
axis_fifo16,mem[1][0],train,forencich_axis,interconnect_buffer,input_to_reg,1.614031,1.6448717,0.030840711730957038
axis_fifo16,mem[1][10],train,forencich_axis,interconnect_buffer,input_to_reg,1.614031,1.6448717,0.030840711730957038
axis_fifo16,mem[1][11],train,forencich_axis,interconnect_buffer,input_to_reg,1.614031,1.6448717,0.030840711730957038
axis_fifo16,mem[1][12],train,forencich_axis,interconnect_buffer,input_to_reg,1.614031,1.6448717,0.030840711730957038
axis_fifo16,mem[1][13],train,forencich_axis,interconnect_buffer,input_to_reg,1.614031,1.6448717,0.030840711730957038
axis_fifo16,mem[1][14],train,forencich_axis,interconnect_buffer,input_to_reg,1.614031,1.6448717,0.030840711730957038
axis_fifo16,mem[1][15],train,forencich_axis,interconnect_buffer,input_to_reg,1.614031,1.6448717,0.030840711730957038
axis_fifo16,mem[1][16],train,forencich_axis,interconnect_buffer,input_to_reg,1.614031,1.6448717,0.030840711730957038
axis_fifo16,mem[1][17],train,forencich_axis,interconnect_buffer,input_to_reg,1.614031,1.6448717,0.030840711730957038
axis_fifo16,mem[1][18],train,forencich_axis,interconnect_buffer,input_to_reg,1.614031,1.6448717,0.030840711730957038
axis_fifo16,mem[1][19],train,forencich_axis,interconnect_buffer,input_to_reg,1.614031,1.6448717,0.030840711730957038
axis_fifo16,mem[1][1],train,forencich_axis,interconnect_buffer,input_to_reg,1.614031,1.6448717,0.030840711730957038
axis_fifo16,mem[1][20],train,forencich_axis,interconnect_buffer,input_to_reg,1.614031,1.6448717,0.030840711730957038
axis_fifo16,mem[1][21],train,forencich_axis,interconnect_buffer,input_to_reg,1.614031,1.6448717,0.030840711730957038
axis_fifo16,mem[1][22],train,forencich_axis,interconnect_buffer,input_to_reg,1.614031,1.6448717,0.030840711730957038
axis_fifo16,mem[1][23],train,forencich_axis,interconnect_buffer,input_to_reg,1.614031,1.6448717,0.030840711730957038
axis_fifo16,mem[1][24],train,forencich_axis,interconnect_buffer,input_to_reg,1.614031,1.6448717,0.030840711730957038
axis_fifo16,mem[1][25],train,forencich_axis,interconnect_buffer,input_to_reg,1.614031,1.6448717,0.030840711730957038
axis_fifo16,mem[1][26],train,forencich_axis,interconnect_buffer,input_to_reg,1.614031,1.6448717,0.030840711730957038
axis_fifo16,mem[1][27],train,forencich_axis,interconnect_buffer,input_to_reg,1.614031,1.6448717,0.030840711730957038
axis_fifo16,mem[1][28],train,forencich_axis,interconnect_buffer,input_to_reg,1.614031,1.6448717,0.030840711730957038
axis_fifo16,mem[1][29],train,forencich_axis,interconnect_buffer,input_to_reg,1.614031,1.6448717,0.030840711730957038
axis_fifo16,mem[1][2],train,forencich_axis,interconnect_buffer,input_to_reg,1.614031,1.6448717,0.030840711730957038
axis_fifo16,mem[1][30],train,forencich_axis,interconnect_buffer,input_to_reg,1.614031,1.6448717,0.030840711730957038
axis_fifo16,mem[1][31],train,forencich_axis,interconnect_buffer,input_to_reg,1.614031,1.6448717,0.030840711730957038
axis_fifo16,mem[1][3],train,forencich_axis,interconnect_buffer,input_to_reg,1.614031,1.6448717,0.030840711730957038
axis_fifo16,mem[1][4],train,forencich_axis,interconnect_buffer,input_to_reg,1.614031,1.6448717,0.030840711730957038
axis_fifo16,mem[1][5],train,forencich_axis,interconnect_buffer,input_to_reg,1.614031,1.6448717,0.030840711730957038
axis_fifo16,mem[1][6],train,forencich_axis,interconnect_buffer,input_to_reg,1.614031,1.6448717,0.030840711730957038
axis_fifo16,mem[1][7],train,forencich_axis,interconnect_buffer,input_to_reg,1.614031,1.6448717,0.030840711730957038
axis_fifo16,mem[1][8],train,forencich_axis,interconnect_buffer,input_to_reg,1.614031,1.6448717,0.030840711730957038
axis_fifo16,mem[1][9],train,forencich_axis,interconnect_buffer,input_to_reg,1.614031,1.6448717,0.030840711730957038
axis_fifo16,mem[2][0],train,forencich_axis,interconnect_buffer,input_to_reg,1.614031,1.6448717,0.030840711730957038
axis_fifo16,mem[2][10],train,forencich_axis,interconnect_buffer,input_to_reg,1.614031,1.6448717,0.030840711730957038
axis_fifo16,mem[2][11],train,forencich_axis,interconnect_buffer,input_to_reg,1.614031,1.6448717,0.030840711730957038
axis_fifo16,mem[2][12],train,forencich_axis,interconnect_buffer,input_to_reg,1.614031,1.6448717,0.030840711730957038
axis_fifo16,mem[2][13],train,forencich_axis,interconnect_buffer,input_to_reg,1.614031,1.6448717,0.030840711730957038
axis_fifo16,mem[2][14],train,forencich_axis,interconnect_buffer,input_to_reg,1.614031,1.6448717,0.030840711730957038
axis_fifo16,mem[2][15],train,forencich_axis,interconnect_buffer,input_to_reg,1.614031,1.6448717,0.030840711730957038
axis_fifo16,mem[2][16],train,forencich_axis,interconnect_buffer,input_to_reg,1.614031,1.6448717,0.030840711730957038
axis_fifo16,mem[2][17],train,forencich_axis,interconnect_buffer,input_to_reg,1.614031,1.6448717,0.030840711730957038
axis_fifo16,mem[2][18],train,forencich_axis,interconnect_buffer,input_to_reg,1.614031,1.6448717,0.030840711730957038
axis_fifo16,mem[2][19],train,forencich_axis,interconnect_buffer,input_to_reg,1.614031,1.6448717,0.030840711730957038
axis_fifo16,mem[2][1],train,forencich_axis,interconnect_buffer,input_to_reg,1.614031,1.6448717,0.030840711730957038
axis_fifo16,mem[2][20],train,forencich_axis,interconnect_buffer,input_to_reg,1.614031,1.6448717,0.030840711730957038
axis_fifo16,mem[2][21],train,forencich_axis,interconnect_buffer,input_to_reg,1.614031,1.6448717,0.030840711730957038
axis_fifo16,mem[2][22],train,forencich_axis,interconnect_buffer,input_to_reg,1.614031,1.6448717,0.030840711730957038
axis_fifo16,mem[2][23],train,forencich_axis,interconnect_buffer,input_to_reg,1.614031,1.6448717,0.030840711730957038
axis_fifo16,mem[2][24],train,forencich_axis,interconnect_buffer,input_to_reg,1.614031,1.6448717,0.030840711730957038
axis_fifo16,mem[2][25],train,forencich_axis,interconnect_buffer,input_to_reg,1.614031,1.6448717,0.030840711730957038
axis_fifo16,mem[2][26],train,forencich_axis,interconnect_buffer,input_to_reg,1.614031,1.6448717,0.030840711730957038
axis_fifo16,mem[2][27],train,forencich_axis,interconnect_buffer,input_to_reg,1.614031,1.6448717,0.030840711730957038
axis_fifo16,mem[2][28],train,forencich_axis,interconnect_buffer,input_to_reg,1.614031,1.6448717,0.030840711730957038
axis_fifo16,mem[2][29],train,forencich_axis,interconnect_buffer,input_to_reg,1.614031,1.6448717,0.030840711730957038
axis_fifo16,mem[2][2],train,forencich_axis,interconnect_buffer,input_to_reg,1.614031,1.6448717,0.030840711730957038
axis_fifo16,mem[2][30],train,forencich_axis,interconnect_buffer,input_to_reg,1.614031,1.6448717,0.030840711730957038
axis_fifo16,mem[2][31],train,forencich_axis,interconnect_buffer,input_to_reg,1.614031,1.6448717,0.030840711730957038
axis_fifo16,mem[2][3],train,forencich_axis,interconnect_buffer,input_to_reg,1.614031,1.6448717,0.030840711730957038
axis_fifo16,mem[2][4],train,forencich_axis,interconnect_buffer,input_to_reg,1.614031,1.6448717,0.030840711730957038
axis_fifo16,mem[2][5],train,forencich_axis,interconnect_buffer,input_to_reg,1.614031,1.6448717,0.030840711730957038
axis_fifo16,mem[2][6],train,forencich_axis,interconnect_buffer,input_to_reg,1.614031,1.6448717,0.030840711730957038
axis_fifo16,mem[2][7],train,forencich_axis,interconnect_buffer,input_to_reg,1.614031,1.6448717,0.030840711730957038
axis_fifo16,mem[2][8],train,forencich_axis,interconnect_buffer,input_to_reg,1.614031,1.6448717,0.030840711730957038
axis_fifo16,mem[2][9],train,forencich_axis,interconnect_buffer,input_to_reg,1.614031,1.6448717,0.030840711730957038
axis_fifo16,mem[3][0],train,forencich_axis,interconnect_buffer,input_to_reg,1.420983,1.6265253,0.20554228285980214
axis_fifo16,mem[3][10],train,forencich_axis,interconnect_buffer,input_to_reg,1.420983,1.6265253,0.20554228285980214
axis_fifo16,mem[3][11],train,forencich_axis,interconnect_buffer,input_to_reg,1.420983,1.6265253,0.20554228285980214
axis_fifo16,mem[3][12],train,forencich_axis,interconnect_buffer,input_to_reg,1.420983,1.6265253,0.20554228285980214
axis_fifo16,mem[3][13],train,forencich_axis,interconnect_buffer,input_to_reg,1.420983,1.6265253,0.20554228285980214
axis_fifo16,mem[3][14],train,forencich_axis,interconnect_buffer,input_to_reg,1.420983,1.6265253,0.20554228285980214
axis_fifo16,mem[3][15],train,forencich_axis,interconnect_buffer,input_to_reg,1.420983,1.6265253,0.20554228285980214
axis_fifo16,mem[3][16],train,forencich_axis,interconnect_buffer,input_to_reg,1.420983,1.6265253,0.20554228285980214
axis_fifo16,mem[3][17],train,forencich_axis,interconnect_buffer,input_to_reg,1.420983,1.6265253,0.20554228285980214
axis_fifo16,mem[3][18],train,forencich_axis,interconnect_buffer,input_to_reg,1.420983,1.6265253,0.20554228285980214
axis_fifo16,mem[3][19],train,forencich_axis,interconnect_buffer,input_to_reg,1.420983,1.6265253,0.20554228285980214
axis_fifo16,mem[3][1],train,forencich_axis,interconnect_buffer,input_to_reg,1.420983,1.6265253,0.20554228285980214
axis_fifo16,mem[3][20],train,forencich_axis,interconnect_buffer,input_to_reg,1.420983,1.6265253,0.20554228285980214
axis_fifo16,mem[3][21],train,forencich_axis,interconnect_buffer,input_to_reg,1.420983,1.6265253,0.20554228285980214
axis_fifo16,mem[3][22],train,forencich_axis,interconnect_buffer,input_to_reg,1.420983,1.6265253,0.20554228285980214
axis_fifo16,mem[3][23],train,forencich_axis,interconnect_buffer,input_to_reg,1.420983,1.6265253,0.20554228285980214
axis_fifo16,mem[3][24],train,forencich_axis,interconnect_buffer,input_to_reg,1.420983,1.6265253,0.20554228285980214
axis_fifo16,mem[3][25],train,forencich_axis,interconnect_buffer,input_to_reg,1.420983,1.6265253,0.20554228285980214
axis_fifo16,mem[3][26],train,forencich_axis,interconnect_buffer,input_to_reg,1.420983,1.6265253,0.20554228285980214
axis_fifo16,mem[3][27],train,forencich_axis,interconnect_buffer,input_to_reg,1.420983,1.6265253,0.20554228285980214
axis_fifo16,mem[3][28],train,forencich_axis,interconnect_buffer,input_to_reg,1.420983,1.6265253,0.20554228285980214
axis_fifo16,mem[3][29],train,forencich_axis,interconnect_buffer,input_to_reg,1.420983,1.6265253,0.20554228285980214
axis_fifo16,mem[3][2],train,forencich_axis,interconnect_buffer,input_to_reg,1.420983,1.6265253,0.20554228285980214
axis_fifo16,mem[3][30],train,forencich_axis,interconnect_buffer,input_to_reg,1.420983,1.6265253,0.20554228285980214
axis_fifo16,mem[3][31],train,forencich_axis,interconnect_buffer,input_to_reg,1.420983,1.6265253,0.20554228285980214
axis_fifo16,mem[3][3],train,forencich_axis,interconnect_buffer,input_to_reg,1.420983,1.6265253,0.20554228285980214
axis_fifo16,mem[3][4],train,forencich_axis,interconnect_buffer,input_to_reg,1.420983,1.6265253,0.20554228285980214
axis_fifo16,mem[3][5],train,forencich_axis,interconnect_buffer,input_to_reg,1.420983,1.6265253,0.20554228285980214
axis_fifo16,mem[3][6],train,forencich_axis,interconnect_buffer,input_to_reg,1.420983,1.6265253,0.20554228285980214
axis_fifo16,mem[3][7],train,forencich_axis,interconnect_buffer,input_to_reg,1.420983,1.6265253,0.20554228285980214
axis_fifo16,mem[3][8],train,forencich_axis,interconnect_buffer,input_to_reg,1.420983,1.6265253,0.20554228285980214
axis_fifo16,mem[3][9],train,forencich_axis,interconnect_buffer,input_to_reg,1.420983,1.6265253,0.20554228285980214
axis_fifo16,mem[4][0],train,forencich_axis,interconnect_buffer,input_to_reg,1.493272,1.6265253,0.1332532828598023
axis_fifo16,mem[4][10],train,forencich_axis,interconnect_buffer,input_to_reg,1.493272,1.6265253,0.1332532828598023
axis_fifo16,mem[4][11],train,forencich_axis,interconnect_buffer,input_to_reg,1.493272,1.6265253,0.1332532828598023
axis_fifo16,mem[4][12],train,forencich_axis,interconnect_buffer,input_to_reg,1.493272,1.6265253,0.1332532828598023
axis_fifo16,mem[4][13],train,forencich_axis,interconnect_buffer,input_to_reg,1.493272,1.6265253,0.1332532828598023
axis_fifo16,mem[4][14],train,forencich_axis,interconnect_buffer,input_to_reg,1.493272,1.6265253,0.1332532828598023
axis_fifo16,mem[4][15],train,forencich_axis,interconnect_buffer,input_to_reg,1.493272,1.6265253,0.1332532828598023
axis_fifo16,mem[4][16],train,forencich_axis,interconnect_buffer,input_to_reg,1.493272,1.6265253,0.1332532828598023
axis_fifo16,mem[4][17],train,forencich_axis,interconnect_buffer,input_to_reg,1.493272,1.6265253,0.1332532828598023
axis_fifo16,mem[4][18],train,forencich_axis,interconnect_buffer,input_to_reg,1.493272,1.6265253,0.1332532828598023
axis_fifo16,mem[4][19],train,forencich_axis,interconnect_buffer,input_to_reg,1.493272,1.6265253,0.1332532828598023
axis_fifo16,mem[4][1],train,forencich_axis,interconnect_buffer,input_to_reg,1.493272,1.6265253,0.1332532828598023
axis_fifo16,mem[4][20],train,forencich_axis,interconnect_buffer,input_to_reg,1.493272,1.6265253,0.1332532828598023
axis_fifo16,mem[4][21],train,forencich_axis,interconnect_buffer,input_to_reg,1.493272,1.6265253,0.1332532828598023
axis_fifo16,mem[4][22],train,forencich_axis,interconnect_buffer,input_to_reg,1.493272,1.6265253,0.1332532828598023
axis_fifo16,mem[4][23],train,forencich_axis,interconnect_buffer,input_to_reg,1.493272,1.6265253,0.1332532828598023
axis_fifo16,mem[4][24],train,forencich_axis,interconnect_buffer,input_to_reg,1.493272,1.6265253,0.1332532828598023
axis_fifo16,mem[4][25],train,forencich_axis,interconnect_buffer,input_to_reg,1.493272,1.6265253,0.1332532828598023
axis_fifo16,mem[4][26],train,forencich_axis,interconnect_buffer,input_to_reg,1.493272,1.6265253,0.1332532828598023
axis_fifo16,mem[4][27],train,forencich_axis,interconnect_buffer,input_to_reg,1.493272,1.6265253,0.1332532828598023
axis_fifo16,mem[4][28],train,forencich_axis,interconnect_buffer,input_to_reg,1.493272,1.6265253,0.1332532828598023
axis_fifo16,mem[4][29],train,forencich_axis,interconnect_buffer,input_to_reg,1.493272,1.6265253,0.1332532828598023
axis_fifo16,mem[4][2],train,forencich_axis,interconnect_buffer,input_to_reg,1.493272,1.6265253,0.1332532828598023
axis_fifo16,mem[4][30],train,forencich_axis,interconnect_buffer,input_to_reg,1.493272,1.6265253,0.1332532828598023
axis_fifo16,mem[4][31],train,forencich_axis,interconnect_buffer,input_to_reg,1.493272,1.6265253,0.1332532828598023
axis_fifo16,mem[4][3],train,forencich_axis,interconnect_buffer,input_to_reg,1.493272,1.6265253,0.1332532828598023
axis_fifo16,mem[4][4],train,forencich_axis,interconnect_buffer,input_to_reg,1.493272,1.6265253,0.1332532828598023
axis_fifo16,mem[4][5],train,forencich_axis,interconnect_buffer,input_to_reg,1.493272,1.6265253,0.1332532828598023
axis_fifo16,mem[4][6],train,forencich_axis,interconnect_buffer,input_to_reg,1.493272,1.6265253,0.1332532828598023
axis_fifo16,mem[4][7],train,forencich_axis,interconnect_buffer,input_to_reg,1.493272,1.6265253,0.1332532828598023
axis_fifo16,mem[4][8],train,forencich_axis,interconnect_buffer,input_to_reg,1.493272,1.6265253,0.1332532828598023
axis_fifo16,mem[4][9],train,forencich_axis,interconnect_buffer,input_to_reg,1.493272,1.6265253,0.1332532828598023
axis_fifo16,mem[5][0],train,forencich_axis,interconnect_buffer,input_to_reg,1.493272,1.6265253,0.1332532828598023
axis_fifo16,mem[5][10],train,forencich_axis,interconnect_buffer,input_to_reg,1.493272,1.6265253,0.1332532828598023
axis_fifo16,mem[5][11],train,forencich_axis,interconnect_buffer,input_to_reg,1.493272,1.6265253,0.1332532828598023
axis_fifo16,mem[5][12],train,forencich_axis,interconnect_buffer,input_to_reg,1.493272,1.6265253,0.1332532828598023
axis_fifo16,mem[5][13],train,forencich_axis,interconnect_buffer,input_to_reg,1.493272,1.6265253,0.1332532828598023
axis_fifo16,mem[5][14],train,forencich_axis,interconnect_buffer,input_to_reg,1.493272,1.6265253,0.1332532828598023
axis_fifo16,mem[5][15],train,forencich_axis,interconnect_buffer,input_to_reg,1.493272,1.6265253,0.1332532828598023
axis_fifo16,mem[5][16],train,forencich_axis,interconnect_buffer,input_to_reg,1.493272,1.6265253,0.1332532828598023
axis_fifo16,mem[5][17],train,forencich_axis,interconnect_buffer,input_to_reg,1.493272,1.6265253,0.1332532828598023
axis_fifo16,mem[5][18],train,forencich_axis,interconnect_buffer,input_to_reg,1.493272,1.6265253,0.1332532828598023
axis_fifo16,mem[5][19],train,forencich_axis,interconnect_buffer,input_to_reg,1.493272,1.6265253,0.1332532828598023
axis_fifo16,mem[5][1],train,forencich_axis,interconnect_buffer,input_to_reg,1.493272,1.6265253,0.1332532828598023
axis_fifo16,mem[5][20],train,forencich_axis,interconnect_buffer,input_to_reg,1.493272,1.6265253,0.1332532828598023
axis_fifo16,mem[5][21],train,forencich_axis,interconnect_buffer,input_to_reg,1.493272,1.6265253,0.1332532828598023
axis_fifo16,mem[5][22],train,forencich_axis,interconnect_buffer,input_to_reg,1.493272,1.6265253,0.1332532828598023
axis_fifo16,mem[5][23],train,forencich_axis,interconnect_buffer,input_to_reg,1.493272,1.6265253,0.1332532828598023
axis_fifo16,mem[5][24],train,forencich_axis,interconnect_buffer,input_to_reg,1.493272,1.6265253,0.1332532828598023
axis_fifo16,mem[5][25],train,forencich_axis,interconnect_buffer,input_to_reg,1.493272,1.6265253,0.1332532828598023
axis_fifo16,mem[5][26],train,forencich_axis,interconnect_buffer,input_to_reg,1.493272,1.6265253,0.1332532828598023
axis_fifo16,mem[5][27],train,forencich_axis,interconnect_buffer,input_to_reg,1.493272,1.6265253,0.1332532828598023
axis_fifo16,mem[5][28],train,forencich_axis,interconnect_buffer,input_to_reg,1.493272,1.6265253,0.1332532828598023
axis_fifo16,mem[5][29],train,forencich_axis,interconnect_buffer,input_to_reg,1.493272,1.6265253,0.1332532828598023
axis_fifo16,mem[5][2],train,forencich_axis,interconnect_buffer,input_to_reg,1.493272,1.6265253,0.1332532828598023
axis_fifo16,mem[5][30],train,forencich_axis,interconnect_buffer,input_to_reg,1.493272,1.6265253,0.1332532828598023
axis_fifo16,mem[5][31],train,forencich_axis,interconnect_buffer,input_to_reg,1.493272,1.6265253,0.1332532828598023
axis_fifo16,mem[5][3],train,forencich_axis,interconnect_buffer,input_to_reg,1.493272,1.6265253,0.1332532828598023
axis_fifo16,mem[5][4],train,forencich_axis,interconnect_buffer,input_to_reg,1.493272,1.6265253,0.1332532828598023
axis_fifo16,mem[5][5],train,forencich_axis,interconnect_buffer,input_to_reg,1.493272,1.6265253,0.1332532828598023
axis_fifo16,mem[5][6],train,forencich_axis,interconnect_buffer,input_to_reg,1.493272,1.6265253,0.1332532828598023
axis_fifo16,mem[5][7],train,forencich_axis,interconnect_buffer,input_to_reg,1.493272,1.6265253,0.1332532828598023
axis_fifo16,mem[5][8],train,forencich_axis,interconnect_buffer,input_to_reg,1.493272,1.6265253,0.1332532828598023
axis_fifo16,mem[5][9],train,forencich_axis,interconnect_buffer,input_to_reg,1.493272,1.6265253,0.1332532828598023
axis_fifo16,mem[6][0],train,forencich_axis,interconnect_buffer,input_to_reg,1.493272,1.6265253,0.1332532828598023
axis_fifo16,mem[6][10],train,forencich_axis,interconnect_buffer,input_to_reg,1.493272,1.6265253,0.1332532828598023
axis_fifo16,mem[6][11],train,forencich_axis,interconnect_buffer,input_to_reg,1.493272,1.6265253,0.1332532828598023
axis_fifo16,mem[6][12],train,forencich_axis,interconnect_buffer,input_to_reg,1.493272,1.6265253,0.1332532828598023
axis_fifo16,mem[6][13],train,forencich_axis,interconnect_buffer,input_to_reg,1.493272,1.6265253,0.1332532828598023
axis_fifo16,mem[6][14],train,forencich_axis,interconnect_buffer,input_to_reg,1.493272,1.6265253,0.1332532828598023
axis_fifo16,mem[6][15],train,forencich_axis,interconnect_buffer,input_to_reg,1.493272,1.6265253,0.1332532828598023
axis_fifo16,mem[6][16],train,forencich_axis,interconnect_buffer,input_to_reg,1.493272,1.6265253,0.1332532828598023
axis_fifo16,mem[6][17],train,forencich_axis,interconnect_buffer,input_to_reg,1.493272,1.6265253,0.1332532828598023
axis_fifo16,mem[6][18],train,forencich_axis,interconnect_buffer,input_to_reg,1.493272,1.6265253,0.1332532828598023
axis_fifo16,mem[6][19],train,forencich_axis,interconnect_buffer,input_to_reg,1.493272,1.6265253,0.1332532828598023
axis_fifo16,mem[6][1],train,forencich_axis,interconnect_buffer,input_to_reg,1.493272,1.6265253,0.1332532828598023
axis_fifo16,mem[6][20],train,forencich_axis,interconnect_buffer,input_to_reg,1.493272,1.6265253,0.1332532828598023
axis_fifo16,mem[6][21],train,forencich_axis,interconnect_buffer,input_to_reg,1.493272,1.6265253,0.1332532828598023
axis_fifo16,mem[6][22],train,forencich_axis,interconnect_buffer,input_to_reg,1.493272,1.6265253,0.1332532828598023
axis_fifo16,mem[6][23],train,forencich_axis,interconnect_buffer,input_to_reg,1.493272,1.6265253,0.1332532828598023
axis_fifo16,mem[6][24],train,forencich_axis,interconnect_buffer,input_to_reg,1.493272,1.6265253,0.1332532828598023
axis_fifo16,mem[6][25],train,forencich_axis,interconnect_buffer,input_to_reg,1.493272,1.6265253,0.1332532828598023
axis_fifo16,mem[6][26],train,forencich_axis,interconnect_buffer,input_to_reg,1.493272,1.6265253,0.1332532828598023
axis_fifo16,mem[6][27],train,forencich_axis,interconnect_buffer,input_to_reg,1.493272,1.6265253,0.1332532828598023
axis_fifo16,mem[6][28],train,forencich_axis,interconnect_buffer,input_to_reg,1.493272,1.6265253,0.1332532828598023
axis_fifo16,mem[6][29],train,forencich_axis,interconnect_buffer,input_to_reg,1.493272,1.6265253,0.1332532828598023
axis_fifo16,mem[6][2],train,forencich_axis,interconnect_buffer,input_to_reg,1.493272,1.6265253,0.1332532828598023
axis_fifo16,mem[6][30],train,forencich_axis,interconnect_buffer,input_to_reg,1.493272,1.6265253,0.1332532828598023
axis_fifo16,mem[6][31],train,forencich_axis,interconnect_buffer,input_to_reg,1.493272,1.6265253,0.1332532828598023
axis_fifo16,mem[6][3],train,forencich_axis,interconnect_buffer,input_to_reg,1.493272,1.6265253,0.1332532828598023
axis_fifo16,mem[6][4],train,forencich_axis,interconnect_buffer,input_to_reg,1.493272,1.6265253,0.1332532828598023
axis_fifo16,mem[6][5],train,forencich_axis,interconnect_buffer,input_to_reg,1.493272,1.6265253,0.1332532828598023
axis_fifo16,mem[6][6],train,forencich_axis,interconnect_buffer,input_to_reg,1.493272,1.6265253,0.1332532828598023
axis_fifo16,mem[6][7],train,forencich_axis,interconnect_buffer,input_to_reg,1.493272,1.6265253,0.1332532828598023
axis_fifo16,mem[6][8],train,forencich_axis,interconnect_buffer,input_to_reg,1.493272,1.6265253,0.1332532828598023
axis_fifo16,mem[6][9],train,forencich_axis,interconnect_buffer,input_to_reg,1.493272,1.6265253,0.1332532828598023
axis_fifo16,mem[7][0],train,forencich_axis,interconnect_buffer,input_to_reg,1.420983,1.6265253,0.20554228285980214
axis_fifo16,mem[7][10],train,forencich_axis,interconnect_buffer,input_to_reg,1.420983,1.6265253,0.20554228285980214
axis_fifo16,mem[7][11],train,forencich_axis,interconnect_buffer,input_to_reg,1.420983,1.6265253,0.20554228285980214
axis_fifo16,mem[7][12],train,forencich_axis,interconnect_buffer,input_to_reg,1.420983,1.6265253,0.20554228285980214
axis_fifo16,mem[7][13],train,forencich_axis,interconnect_buffer,input_to_reg,1.420983,1.6265253,0.20554228285980214
axis_fifo16,mem[7][14],train,forencich_axis,interconnect_buffer,input_to_reg,1.420983,1.6265253,0.20554228285980214
axis_fifo16,mem[7][15],train,forencich_axis,interconnect_buffer,input_to_reg,1.420983,1.6265253,0.20554228285980214
axis_fifo16,mem[7][16],train,forencich_axis,interconnect_buffer,input_to_reg,1.420983,1.6265253,0.20554228285980214
axis_fifo16,mem[7][17],train,forencich_axis,interconnect_buffer,input_to_reg,1.420983,1.6265253,0.20554228285980214
axis_fifo16,mem[7][18],train,forencich_axis,interconnect_buffer,input_to_reg,1.420983,1.6265253,0.20554228285980214
axis_fifo16,mem[7][19],train,forencich_axis,interconnect_buffer,input_to_reg,1.420983,1.6265253,0.20554228285980214
axis_fifo16,mem[7][1],train,forencich_axis,interconnect_buffer,input_to_reg,1.420983,1.6265253,0.20554228285980214
axis_fifo16,mem[7][20],train,forencich_axis,interconnect_buffer,input_to_reg,1.420983,1.6265253,0.20554228285980214
axis_fifo16,mem[7][21],train,forencich_axis,interconnect_buffer,input_to_reg,1.420983,1.6265253,0.20554228285980214
axis_fifo16,mem[7][22],train,forencich_axis,interconnect_buffer,input_to_reg,1.420983,1.6265253,0.20554228285980214
axis_fifo16,mem[7][23],train,forencich_axis,interconnect_buffer,input_to_reg,1.420983,1.6265253,0.20554228285980214
axis_fifo16,mem[7][24],train,forencich_axis,interconnect_buffer,input_to_reg,1.420983,1.6265253,0.20554228285980214
axis_fifo16,mem[7][25],train,forencich_axis,interconnect_buffer,input_to_reg,1.420983,1.6265253,0.20554228285980214
axis_fifo16,mem[7][26],train,forencich_axis,interconnect_buffer,input_to_reg,1.420983,1.6265253,0.20554228285980214
axis_fifo16,mem[7][27],train,forencich_axis,interconnect_buffer,input_to_reg,1.420983,1.6265253,0.20554228285980214
axis_fifo16,mem[7][28],train,forencich_axis,interconnect_buffer,input_to_reg,1.420983,1.6265253,0.20554228285980214
axis_fifo16,mem[7][29],train,forencich_axis,interconnect_buffer,input_to_reg,1.420983,1.6265253,0.20554228285980214
axis_fifo16,mem[7][2],train,forencich_axis,interconnect_buffer,input_to_reg,1.420983,1.6265253,0.20554228285980214
axis_fifo16,mem[7][30],train,forencich_axis,interconnect_buffer,input_to_reg,1.420983,1.6265253,0.20554228285980214
axis_fifo16,mem[7][31],train,forencich_axis,interconnect_buffer,input_to_reg,1.420983,1.6265253,0.20554228285980214
axis_fifo16,mem[7][3],train,forencich_axis,interconnect_buffer,input_to_reg,1.420983,1.6265253,0.20554228285980214
axis_fifo16,mem[7][4],train,forencich_axis,interconnect_buffer,input_to_reg,1.420983,1.6265253,0.20554228285980214
axis_fifo16,mem[7][5],train,forencich_axis,interconnect_buffer,input_to_reg,1.420983,1.6265253,0.20554228285980214
axis_fifo16,mem[7][6],train,forencich_axis,interconnect_buffer,input_to_reg,1.420983,1.6265253,0.20554228285980214
axis_fifo16,mem[7][7],train,forencich_axis,interconnect_buffer,input_to_reg,1.420983,1.6265253,0.20554228285980214
axis_fifo16,mem[7][8],train,forencich_axis,interconnect_buffer,input_to_reg,1.420983,1.6265253,0.20554228285980214
axis_fifo16,mem[7][9],train,forencich_axis,interconnect_buffer,input_to_reg,1.420983,1.6265253,0.20554228285980214
axis_fifo16,mem[8][0],train,forencich_axis,interconnect_buffer,input_to_reg,1.614031,1.6426924,0.028661446708679206
axis_fifo16,mem[8][10],train,forencich_axis,interconnect_buffer,input_to_reg,1.614031,1.6426924,0.028661446708679206
axis_fifo16,mem[8][11],train,forencich_axis,interconnect_buffer,input_to_reg,1.614031,1.6426924,0.028661446708679206
axis_fifo16,mem[8][12],train,forencich_axis,interconnect_buffer,input_to_reg,1.614031,1.6426924,0.028661446708679206
axis_fifo16,mem[8][13],train,forencich_axis,interconnect_buffer,input_to_reg,1.614031,1.6426924,0.028661446708679206
axis_fifo16,mem[8][14],train,forencich_axis,interconnect_buffer,input_to_reg,1.614031,1.6426924,0.028661446708679206
axis_fifo16,mem[8][15],train,forencich_axis,interconnect_buffer,input_to_reg,1.614031,1.6426924,0.028661446708679206
axis_fifo16,mem[8][16],train,forencich_axis,interconnect_buffer,input_to_reg,1.614031,1.6426924,0.028661446708679206
axis_fifo16,mem[8][17],train,forencich_axis,interconnect_buffer,input_to_reg,1.614031,1.6426924,0.028661446708679206
axis_fifo16,mem[8][18],train,forencich_axis,interconnect_buffer,input_to_reg,1.614031,1.6426924,0.028661446708679206
axis_fifo16,mem[8][19],train,forencich_axis,interconnect_buffer,input_to_reg,1.614031,1.6426924,0.028661446708679206
axis_fifo16,mem[8][1],train,forencich_axis,interconnect_buffer,input_to_reg,1.614031,1.6426924,0.028661446708679206
axis_fifo16,mem[8][20],train,forencich_axis,interconnect_buffer,input_to_reg,1.614031,1.6426924,0.028661446708679206
axis_fifo16,mem[8][21],train,forencich_axis,interconnect_buffer,input_to_reg,1.614031,1.6426924,0.028661446708679206
axis_fifo16,mem[8][22],train,forencich_axis,interconnect_buffer,input_to_reg,1.614031,1.6426924,0.028661446708679206
axis_fifo16,mem[8][23],train,forencich_axis,interconnect_buffer,input_to_reg,1.614031,1.6426924,0.028661446708679206
axis_fifo16,mem[8][24],train,forencich_axis,interconnect_buffer,input_to_reg,1.614031,1.6426924,0.028661446708679206
axis_fifo16,mem[8][25],train,forencich_axis,interconnect_buffer,input_to_reg,1.614031,1.6426924,0.028661446708679206
axis_fifo16,mem[8][26],train,forencich_axis,interconnect_buffer,input_to_reg,1.614031,1.6426924,0.028661446708679206
axis_fifo16,mem[8][27],train,forencich_axis,interconnect_buffer,input_to_reg,1.614031,1.6426924,0.028661446708679206
axis_fifo16,mem[8][28],train,forencich_axis,interconnect_buffer,input_to_reg,1.614031,1.6426924,0.028661446708679206
axis_fifo16,mem[8][29],train,forencich_axis,interconnect_buffer,input_to_reg,1.614031,1.6426924,0.028661446708679206
axis_fifo16,mem[8][2],train,forencich_axis,interconnect_buffer,input_to_reg,1.614031,1.6426924,0.028661446708679206
axis_fifo16,mem[8][30],train,forencich_axis,interconnect_buffer,input_to_reg,1.614031,1.6426924,0.028661446708679206
axis_fifo16,mem[8][31],train,forencich_axis,interconnect_buffer,input_to_reg,1.614031,1.6426924,0.028661446708679206
axis_fifo16,mem[8][3],train,forencich_axis,interconnect_buffer,input_to_reg,1.614031,1.6426924,0.028661446708679206
axis_fifo16,mem[8][4],train,forencich_axis,interconnect_buffer,input_to_reg,1.614031,1.6426924,0.028661446708679206
axis_fifo16,mem[8][5],train,forencich_axis,interconnect_buffer,input_to_reg,1.614031,1.6426924,0.028661446708679206
axis_fifo16,mem[8][6],train,forencich_axis,interconnect_buffer,input_to_reg,1.614031,1.6426924,0.028661446708679206
axis_fifo16,mem[8][7],train,forencich_axis,interconnect_buffer,input_to_reg,1.614031,1.6426924,0.028661446708679206
axis_fifo16,mem[8][8],train,forencich_axis,interconnect_buffer,input_to_reg,1.614031,1.6426924,0.028661446708679206
axis_fifo16,mem[8][9],train,forencich_axis,interconnect_buffer,input_to_reg,1.614031,1.6426924,0.028661446708679206
axis_fifo16,mem[9][0],train,forencich_axis,interconnect_buffer,input_to_reg,1.614031,1.6426924,0.028661446708679206
axis_fifo16,mem[9][10],train,forencich_axis,interconnect_buffer,input_to_reg,1.614031,1.6426924,0.028661446708679206
axis_fifo16,mem[9][11],train,forencich_axis,interconnect_buffer,input_to_reg,1.614031,1.6426924,0.028661446708679206
axis_fifo16,mem[9][12],train,forencich_axis,interconnect_buffer,input_to_reg,1.614031,1.6426924,0.028661446708679206
axis_fifo16,mem[9][13],train,forencich_axis,interconnect_buffer,input_to_reg,1.614031,1.6426924,0.028661446708679206
axis_fifo16,mem[9][14],train,forencich_axis,interconnect_buffer,input_to_reg,1.614031,1.6426924,0.028661446708679206
axis_fifo16,mem[9][15],train,forencich_axis,interconnect_buffer,input_to_reg,1.614031,1.6426924,0.028661446708679206
axis_fifo16,mem[9][16],train,forencich_axis,interconnect_buffer,input_to_reg,1.614031,1.6426924,0.028661446708679206
axis_fifo16,mem[9][17],train,forencich_axis,interconnect_buffer,input_to_reg,1.614031,1.6426924,0.028661446708679206
axis_fifo16,mem[9][18],train,forencich_axis,interconnect_buffer,input_to_reg,1.614031,1.6426924,0.028661446708679206
axis_fifo16,mem[9][19],train,forencich_axis,interconnect_buffer,input_to_reg,1.614031,1.6426924,0.028661446708679206
axis_fifo16,mem[9][1],train,forencich_axis,interconnect_buffer,input_to_reg,1.614031,1.6426924,0.028661446708679206
axis_fifo16,mem[9][20],train,forencich_axis,interconnect_buffer,input_to_reg,1.614031,1.6426924,0.028661446708679206
axis_fifo16,mem[9][21],train,forencich_axis,interconnect_buffer,input_to_reg,1.614031,1.6426924,0.028661446708679206
axis_fifo16,mem[9][22],train,forencich_axis,interconnect_buffer,input_to_reg,1.614031,1.6426924,0.028661446708679206
axis_fifo16,mem[9][23],train,forencich_axis,interconnect_buffer,input_to_reg,1.614031,1.6426924,0.028661446708679206
axis_fifo16,mem[9][24],train,forencich_axis,interconnect_buffer,input_to_reg,1.614031,1.6426924,0.028661446708679206
axis_fifo16,mem[9][25],train,forencich_axis,interconnect_buffer,input_to_reg,1.614031,1.6426924,0.028661446708679206
axis_fifo16,mem[9][26],train,forencich_axis,interconnect_buffer,input_to_reg,1.614031,1.6426924,0.028661446708679206
axis_fifo16,mem[9][27],train,forencich_axis,interconnect_buffer,input_to_reg,1.614031,1.6426924,0.028661446708679206
axis_fifo16,mem[9][28],train,forencich_axis,interconnect_buffer,input_to_reg,1.614031,1.6426924,0.028661446708679206
axis_fifo16,mem[9][29],train,forencich_axis,interconnect_buffer,input_to_reg,1.614031,1.6426924,0.028661446708679206
axis_fifo16,mem[9][2],train,forencich_axis,interconnect_buffer,input_to_reg,1.614031,1.6426924,0.028661446708679206
axis_fifo16,mem[9][30],train,forencich_axis,interconnect_buffer,input_to_reg,1.614031,1.6426924,0.028661446708679206
axis_fifo16,mem[9][31],train,forencich_axis,interconnect_buffer,input_to_reg,1.614031,1.6426924,0.028661446708679206
axis_fifo16,mem[9][3],train,forencich_axis,interconnect_buffer,input_to_reg,1.614031,1.6426924,0.028661446708679206
axis_fifo16,mem[9][4],train,forencich_axis,interconnect_buffer,input_to_reg,1.614031,1.6426924,0.028661446708679206
axis_fifo16,mem[9][5],train,forencich_axis,interconnect_buffer,input_to_reg,1.614031,1.6426924,0.028661446708679206
axis_fifo16,mem[9][6],train,forencich_axis,interconnect_buffer,input_to_reg,1.614031,1.6426924,0.028661446708679206
axis_fifo16,mem[9][7],train,forencich_axis,interconnect_buffer,input_to_reg,1.614031,1.6426924,0.028661446708679206
axis_fifo16,mem[9][8],train,forencich_axis,interconnect_buffer,input_to_reg,1.614031,1.6426924,0.028661446708679206
axis_fifo16,mem[9][9],train,forencich_axis,interconnect_buffer,input_to_reg,1.614031,1.6426924,0.028661446708679206
axis_fifo16,rd_ptr_reg[0],train,forencich_axis,interconnect_buffer,input_to_reg,2.029851,1.7508332,0.27901784627532944
axis_fifo16,rd_ptr_reg[1],train,forencich_axis,interconnect_buffer,input_to_reg,2.033908,1.715171,0.31873702050018293
axis_fifo16,rd_ptr_reg[2],train,forencich_axis,interconnect_buffer,input_to_reg,2.228903,1.715171,0.513732020500183
axis_fifo16,rd_ptr_reg[3],train,forencich_axis,interconnect_buffer,input_to_reg,2.26762,1.715171,0.5524490205001831
axis_fifo16,rd_ptr_reg[4],train,forencich_axis,interconnect_buffer,input_to_reg,2.293034,1.715171,0.5778630205001831
axis_fifo16,wr_ptr_reg[0],train,forencich_axis,interconnect_buffer,input_to_reg,1.182172,1.4362489,0.25407689850616455
axis_fifo16,wr_ptr_reg[1],train,forencich_axis,interconnect_buffer,input_to_reg,1.172981,1.4665586,0.29357757563018794
axis_fifo16,wr_ptr_reg[2],train,forencich_axis,interconnect_buffer,input_to_reg,1.220546,1.4665586,0.24601257563018808
axis_fifo16,wr_ptr_reg[3],train,forencich_axis,interconnect_buffer,input_to_reg,1.228011,1.6265253,0.3985142828598023
axis_fifo16,wr_ptr_reg[4],train,forencich_axis,interconnect_buffer,input_to_reg,1.465977,1.6855991,0.21962208866882316
axis_arb_mux4,arb_inst.mask_reg[0],train,forencich_axis,interconnect_buffer,input_to_reg,1.228103,1.4440116,0.21590856902313238
axis_arb_mux4,arb_inst.mask_reg[1],train,forencich_axis,interconnect_buffer,input_to_reg,1.278581,1.4840902,0.20550920900726322
axis_arb_mux4,arb_inst.mask_reg[2],train,forencich_axis,interconnect_buffer,input_to_reg,1.26414,1.5035775,0.2394374707794189
axis_arb_mux4,arb_inst.mask_reg[3],train,forencich_axis,interconnect_buffer,input_to_reg,1.289211,1.505876,0.21666494509124745
axis_arb_mux4,grant[0],train,forencich_axis,interconnect_buffer,input_to_reg,1.278002,1.4840902,0.2060882090072631
axis_arb_mux4,grant[1],train,forencich_axis,interconnect_buffer,input_to_reg,1.278876,1.4611427,0.182266659187317
axis_arb_mux4,grant[2],train,forencich_axis,interconnect_buffer,input_to_reg,1.289712,1.4840902,0.19437820900726321
axis_arb_mux4,grant[3],train,forencich_axis,interconnect_buffer,input_to_reg,1.292822,1.4840902,0.19126820900726327
axis_arb_mux4,grant_encoded[0],train,forencich_axis,interconnect_buffer,input_to_reg,1.271189,1.4611427,0.189953659187317
axis_arb_mux4,grant_encoded[1],train,forencich_axis,interconnect_buffer,input_to_reg,1.250892,1.4776468,0.226754827697754
axis_arb_mux4,grant_valid,train,forencich_axis,interconnect_buffer,input_to_reg,1.178802,1.4275075,0.24870551972198496
axis_arb_mux4,m_axis_tdata[0],train,forencich_axis,interconnect_buffer,input_to_reg,1.471795,1.5455416,0.07374664409637455
axis_arb_mux4,m_axis_tdata[10],train,forencich_axis,interconnect_buffer,input_to_reg,1.471795,1.5455416,0.07374664409637455
axis_arb_mux4,m_axis_tdata[11],train,forencich_axis,interconnect_buffer,input_to_reg,1.471795,1.5455416,0.07374664409637455
axis_arb_mux4,m_axis_tdata[12],train,forencich_axis,interconnect_buffer,input_to_reg,1.471795,1.5455416,0.07374664409637455
axis_arb_mux4,m_axis_tdata[13],train,forencich_axis,interconnect_buffer,input_to_reg,1.471795,1.5455416,0.07374664409637455
axis_arb_mux4,m_axis_tdata[14],train,forencich_axis,interconnect_buffer,input_to_reg,1.471795,1.5455416,0.07374664409637455
axis_arb_mux4,m_axis_tdata[15],train,forencich_axis,interconnect_buffer,input_to_reg,1.471795,1.5455416,0.07374664409637455
axis_arb_mux4,m_axis_tdata[16],train,forencich_axis,interconnect_buffer,input_to_reg,1.471795,1.5455416,0.07374664409637455
axis_arb_mux4,m_axis_tdata[17],train,forencich_axis,interconnect_buffer,input_to_reg,1.471795,1.5455416,0.07374664409637455
axis_arb_mux4,m_axis_tdata[18],train,forencich_axis,interconnect_buffer,input_to_reg,1.471795,1.5455416,0.07374664409637455
axis_arb_mux4,m_axis_tdata[19],train,forencich_axis,interconnect_buffer,input_to_reg,1.471795,1.5455416,0.07374664409637455
axis_arb_mux4,m_axis_tdata[1],train,forencich_axis,interconnect_buffer,input_to_reg,1.471795,1.5455416,0.07374664409637455
axis_arb_mux4,m_axis_tdata[20],train,forencich_axis,interconnect_buffer,input_to_reg,1.471795,1.5455416,0.07374664409637455
axis_arb_mux4,m_axis_tdata[21],train,forencich_axis,interconnect_buffer,input_to_reg,1.471795,1.5455416,0.07374664409637455
axis_arb_mux4,m_axis_tdata[22],train,forencich_axis,interconnect_buffer,input_to_reg,1.471795,1.5455416,0.07374664409637455
axis_arb_mux4,m_axis_tdata[23],train,forencich_axis,interconnect_buffer,input_to_reg,1.471795,1.5455416,0.07374664409637455
axis_arb_mux4,m_axis_tdata[24],train,forencich_axis,interconnect_buffer,input_to_reg,1.471795,1.5455416,0.07374664409637455
axis_arb_mux4,m_axis_tdata[25],train,forencich_axis,interconnect_buffer,input_to_reg,1.471795,1.5455416,0.07374664409637455
axis_arb_mux4,m_axis_tdata[26],train,forencich_axis,interconnect_buffer,input_to_reg,1.471795,1.5455416,0.07374664409637455
axis_arb_mux4,m_axis_tdata[27],train,forencich_axis,interconnect_buffer,input_to_reg,1.471795,1.5455416,0.07374664409637455
axis_arb_mux4,m_axis_tdata[28],train,forencich_axis,interconnect_buffer,input_to_reg,1.471795,1.5455416,0.07374664409637455
axis_arb_mux4,m_axis_tdata[29],train,forencich_axis,interconnect_buffer,input_to_reg,1.471795,1.5455416,0.07374664409637455
axis_arb_mux4,m_axis_tdata[2],train,forencich_axis,interconnect_buffer,input_to_reg,1.471795,1.5455416,0.07374664409637455
axis_arb_mux4,m_axis_tdata[30],train,forencich_axis,interconnect_buffer,input_to_reg,1.471795,1.5455416,0.07374664409637455
axis_arb_mux4,m_axis_tdata[31],train,forencich_axis,interconnect_buffer,input_to_reg,1.471795,1.5455416,0.07374664409637455
axis_arb_mux4,m_axis_tdata[3],train,forencich_axis,interconnect_buffer,input_to_reg,1.471795,1.5455416,0.07374664409637455
axis_arb_mux4,m_axis_tdata[4],train,forencich_axis,interconnect_buffer,input_to_reg,1.471795,1.5455416,0.07374664409637455
axis_arb_mux4,m_axis_tdata[5],train,forencich_axis,interconnect_buffer,input_to_reg,1.471795,1.5455416,0.07374664409637455
axis_arb_mux4,m_axis_tdata[6],train,forencich_axis,interconnect_buffer,input_to_reg,1.471795,1.5455416,0.07374664409637455
axis_arb_mux4,m_axis_tdata[7],train,forencich_axis,interconnect_buffer,input_to_reg,1.471795,1.5455416,0.07374664409637455
axis_arb_mux4,m_axis_tdata[8],train,forencich_axis,interconnect_buffer,input_to_reg,1.471795,1.5455416,0.07374664409637455
axis_arb_mux4,m_axis_tdata[9],train,forencich_axis,interconnect_buffer,input_to_reg,1.471795,1.5455416,0.07374664409637455
axis_arb_mux4,m_axis_tready_int_reg,train,forencich_axis,interconnect_buffer,input_to_reg,1.094354,1.3898652,0.29551115998840327
axis_arb_mux4,m_axis_tvalid,train,forencich_axis,interconnect_buffer,input_to_reg,1.490475,1.4999412,0.00946622982025147
axis_arb_mux4,s_axis_tdata_reg[0],train,forencich_axis,interconnect_buffer,input_to_reg,1.071875,1.3174901,0.2456151008605958
axis_arb_mux4,s_axis_tdata_reg[100],train,forencich_axis,interconnect_buffer,input_to_reg,1.071875,1.3174901,0.2456151008605958
axis_arb_mux4,s_axis_tdata_reg[101],train,forencich_axis,interconnect_buffer,input_to_reg,1.071875,1.3174901,0.2456151008605958
axis_arb_mux4,s_axis_tdata_reg[102],train,forencich_axis,interconnect_buffer,input_to_reg,1.071875,1.3174901,0.2456151008605958
axis_arb_mux4,s_axis_tdata_reg[103],train,forencich_axis,interconnect_buffer,input_to_reg,1.071875,1.3174901,0.2456151008605958
axis_arb_mux4,s_axis_tdata_reg[104],train,forencich_axis,interconnect_buffer,input_to_reg,1.071875,1.3174901,0.2456151008605958
axis_arb_mux4,s_axis_tdata_reg[105],train,forencich_axis,interconnect_buffer,input_to_reg,1.071875,1.3174901,0.2456151008605958
axis_arb_mux4,s_axis_tdata_reg[106],train,forencich_axis,interconnect_buffer,input_to_reg,1.071875,1.3174901,0.2456151008605958
axis_arb_mux4,s_axis_tdata_reg[107],train,forencich_axis,interconnect_buffer,input_to_reg,1.071875,1.3174901,0.2456151008605958
axis_arb_mux4,s_axis_tdata_reg[108],train,forencich_axis,interconnect_buffer,input_to_reg,1.071875,1.3174901,0.2456151008605958
axis_arb_mux4,s_axis_tdata_reg[109],train,forencich_axis,interconnect_buffer,input_to_reg,1.071875,1.3174901,0.2456151008605958
axis_arb_mux4,s_axis_tdata_reg[10],train,forencich_axis,interconnect_buffer,input_to_reg,1.071875,1.3174901,0.2456151008605958
axis_arb_mux4,s_axis_tdata_reg[110],train,forencich_axis,interconnect_buffer,input_to_reg,1.071875,1.3174901,0.2456151008605958
axis_arb_mux4,s_axis_tdata_reg[111],train,forencich_axis,interconnect_buffer,input_to_reg,1.071875,1.3174901,0.2456151008605958
axis_arb_mux4,s_axis_tdata_reg[112],train,forencich_axis,interconnect_buffer,input_to_reg,1.071875,1.3174901,0.2456151008605958
axis_arb_mux4,s_axis_tdata_reg[113],train,forencich_axis,interconnect_buffer,input_to_reg,1.071875,1.3174901,0.2456151008605958
axis_arb_mux4,s_axis_tdata_reg[114],train,forencich_axis,interconnect_buffer,input_to_reg,1.071875,1.3174901,0.2456151008605958
axis_arb_mux4,s_axis_tdata_reg[115],train,forencich_axis,interconnect_buffer,input_to_reg,1.071875,1.3174901,0.2456151008605958
axis_arb_mux4,s_axis_tdata_reg[116],train,forencich_axis,interconnect_buffer,input_to_reg,1.071875,1.3174901,0.2456151008605958
axis_arb_mux4,s_axis_tdata_reg[117],train,forencich_axis,interconnect_buffer,input_to_reg,1.071875,1.3174901,0.2456151008605958
axis_arb_mux4,s_axis_tdata_reg[118],train,forencich_axis,interconnect_buffer,input_to_reg,1.071875,1.3174901,0.2456151008605958
axis_arb_mux4,s_axis_tdata_reg[119],train,forencich_axis,interconnect_buffer,input_to_reg,1.071875,1.3174901,0.2456151008605958
axis_arb_mux4,s_axis_tdata_reg[11],train,forencich_axis,interconnect_buffer,input_to_reg,1.071875,1.3174901,0.2456151008605958
axis_arb_mux4,s_axis_tdata_reg[120],train,forencich_axis,interconnect_buffer,input_to_reg,1.071875,1.3174901,0.2456151008605958
axis_arb_mux4,s_axis_tdata_reg[121],train,forencich_axis,interconnect_buffer,input_to_reg,1.071875,1.3174901,0.2456151008605958
axis_arb_mux4,s_axis_tdata_reg[122],train,forencich_axis,interconnect_buffer,input_to_reg,1.071875,1.3174901,0.2456151008605958
axis_arb_mux4,s_axis_tdata_reg[123],train,forencich_axis,interconnect_buffer,input_to_reg,1.071875,1.3174901,0.2456151008605958
axis_arb_mux4,s_axis_tdata_reg[124],train,forencich_axis,interconnect_buffer,input_to_reg,1.071875,1.3174901,0.2456151008605958
axis_arb_mux4,s_axis_tdata_reg[125],train,forencich_axis,interconnect_buffer,input_to_reg,1.071875,1.3174901,0.2456151008605958
axis_arb_mux4,s_axis_tdata_reg[126],train,forencich_axis,interconnect_buffer,input_to_reg,1.071875,1.3174901,0.2456151008605958
axis_arb_mux4,s_axis_tdata_reg[127],train,forencich_axis,interconnect_buffer,input_to_reg,1.071875,1.3174901,0.2456151008605958
axis_arb_mux4,s_axis_tdata_reg[12],train,forencich_axis,interconnect_buffer,input_to_reg,1.071875,1.3174901,0.2456151008605958
axis_arb_mux4,s_axis_tdata_reg[13],train,forencich_axis,interconnect_buffer,input_to_reg,1.071875,1.3174901,0.2456151008605958
axis_arb_mux4,s_axis_tdata_reg[14],train,forencich_axis,interconnect_buffer,input_to_reg,1.071875,1.3174901,0.2456151008605958
axis_arb_mux4,s_axis_tdata_reg[15],train,forencich_axis,interconnect_buffer,input_to_reg,1.071875,1.3174901,0.2456151008605958
axis_arb_mux4,s_axis_tdata_reg[16],train,forencich_axis,interconnect_buffer,input_to_reg,1.071875,1.3174901,0.2456151008605958
axis_arb_mux4,s_axis_tdata_reg[17],train,forencich_axis,interconnect_buffer,input_to_reg,1.071875,1.3174901,0.2456151008605958
axis_arb_mux4,s_axis_tdata_reg[18],train,forencich_axis,interconnect_buffer,input_to_reg,1.071875,1.3174901,0.2456151008605958
axis_arb_mux4,s_axis_tdata_reg[19],train,forencich_axis,interconnect_buffer,input_to_reg,1.071875,1.3174901,0.2456151008605958
axis_arb_mux4,s_axis_tdata_reg[1],train,forencich_axis,interconnect_buffer,input_to_reg,1.071875,1.3174901,0.2456151008605958
axis_arb_mux4,s_axis_tdata_reg[20],train,forencich_axis,interconnect_buffer,input_to_reg,1.071875,1.3174901,0.2456151008605958
axis_arb_mux4,s_axis_tdata_reg[21],train,forencich_axis,interconnect_buffer,input_to_reg,1.071875,1.3174901,0.2456151008605958
axis_arb_mux4,s_axis_tdata_reg[22],train,forencich_axis,interconnect_buffer,input_to_reg,1.071875,1.3174901,0.2456151008605958
axis_arb_mux4,s_axis_tdata_reg[23],train,forencich_axis,interconnect_buffer,input_to_reg,1.071875,1.3174901,0.2456151008605958
axis_arb_mux4,s_axis_tdata_reg[24],train,forencich_axis,interconnect_buffer,input_to_reg,1.071875,1.3174901,0.2456151008605958
axis_arb_mux4,s_axis_tdata_reg[25],train,forencich_axis,interconnect_buffer,input_to_reg,1.071875,1.3174901,0.2456151008605958
axis_arb_mux4,s_axis_tdata_reg[26],train,forencich_axis,interconnect_buffer,input_to_reg,1.071875,1.3174901,0.2456151008605958
axis_arb_mux4,s_axis_tdata_reg[27],train,forencich_axis,interconnect_buffer,input_to_reg,1.071875,1.3174901,0.2456151008605958
axis_arb_mux4,s_axis_tdata_reg[28],train,forencich_axis,interconnect_buffer,input_to_reg,1.071875,1.3174901,0.2456151008605958
axis_arb_mux4,s_axis_tdata_reg[29],train,forencich_axis,interconnect_buffer,input_to_reg,1.071875,1.3174901,0.2456151008605958
axis_arb_mux4,s_axis_tdata_reg[2],train,forencich_axis,interconnect_buffer,input_to_reg,1.071875,1.3174901,0.2456151008605958
axis_arb_mux4,s_axis_tdata_reg[30],train,forencich_axis,interconnect_buffer,input_to_reg,1.071875,1.3174901,0.2456151008605958
axis_arb_mux4,s_axis_tdata_reg[31],train,forencich_axis,interconnect_buffer,input_to_reg,1.071875,1.3174901,0.2456151008605958
axis_arb_mux4,s_axis_tdata_reg[32],train,forencich_axis,interconnect_buffer,input_to_reg,1.071875,1.3174901,0.2456151008605958
axis_arb_mux4,s_axis_tdata_reg[33],train,forencich_axis,interconnect_buffer,input_to_reg,1.071875,1.3174901,0.2456151008605958
axis_arb_mux4,s_axis_tdata_reg[34],train,forencich_axis,interconnect_buffer,input_to_reg,1.071875,1.3174901,0.2456151008605958
axis_arb_mux4,s_axis_tdata_reg[35],train,forencich_axis,interconnect_buffer,input_to_reg,1.071875,1.3174901,0.2456151008605958
axis_arb_mux4,s_axis_tdata_reg[36],train,forencich_axis,interconnect_buffer,input_to_reg,1.071875,1.3174901,0.2456151008605958
axis_arb_mux4,s_axis_tdata_reg[37],train,forencich_axis,interconnect_buffer,input_to_reg,1.071875,1.3174901,0.2456151008605958
axis_arb_mux4,s_axis_tdata_reg[38],train,forencich_axis,interconnect_buffer,input_to_reg,1.071875,1.3174901,0.2456151008605958
axis_arb_mux4,s_axis_tdata_reg[39],train,forencich_axis,interconnect_buffer,input_to_reg,1.071875,1.3174901,0.2456151008605958
axis_arb_mux4,s_axis_tdata_reg[3],train,forencich_axis,interconnect_buffer,input_to_reg,1.071875,1.3174901,0.2456151008605958
axis_arb_mux4,s_axis_tdata_reg[40],train,forencich_axis,interconnect_buffer,input_to_reg,1.071875,1.3174901,0.2456151008605958
axis_arb_mux4,s_axis_tdata_reg[41],train,forencich_axis,interconnect_buffer,input_to_reg,1.071875,1.3174901,0.2456151008605958
axis_arb_mux4,s_axis_tdata_reg[42],train,forencich_axis,interconnect_buffer,input_to_reg,1.071875,1.3174901,0.2456151008605958
axis_arb_mux4,s_axis_tdata_reg[43],train,forencich_axis,interconnect_buffer,input_to_reg,1.071875,1.3174901,0.2456151008605958
axis_arb_mux4,s_axis_tdata_reg[44],train,forencich_axis,interconnect_buffer,input_to_reg,1.071875,1.3174901,0.2456151008605958
axis_arb_mux4,s_axis_tdata_reg[45],train,forencich_axis,interconnect_buffer,input_to_reg,1.071875,1.3174901,0.2456151008605958
axis_arb_mux4,s_axis_tdata_reg[46],train,forencich_axis,interconnect_buffer,input_to_reg,1.071875,1.3174901,0.2456151008605958
axis_arb_mux4,s_axis_tdata_reg[47],train,forencich_axis,interconnect_buffer,input_to_reg,1.071875,1.3174901,0.2456151008605958
axis_arb_mux4,s_axis_tdata_reg[48],train,forencich_axis,interconnect_buffer,input_to_reg,1.071875,1.3174901,0.2456151008605958
axis_arb_mux4,s_axis_tdata_reg[49],train,forencich_axis,interconnect_buffer,input_to_reg,1.071875,1.3174901,0.2456151008605958
axis_arb_mux4,s_axis_tdata_reg[4],train,forencich_axis,interconnect_buffer,input_to_reg,1.071875,1.3174901,0.2456151008605958
axis_arb_mux4,s_axis_tdata_reg[50],train,forencich_axis,interconnect_buffer,input_to_reg,1.071875,1.3174901,0.2456151008605958
axis_arb_mux4,s_axis_tdata_reg[51],train,forencich_axis,interconnect_buffer,input_to_reg,1.071875,1.3174901,0.2456151008605958
axis_arb_mux4,s_axis_tdata_reg[52],train,forencich_axis,interconnect_buffer,input_to_reg,1.071875,1.3174901,0.2456151008605958
axis_arb_mux4,s_axis_tdata_reg[53],train,forencich_axis,interconnect_buffer,input_to_reg,1.071875,1.3174901,0.2456151008605958
axis_arb_mux4,s_axis_tdata_reg[54],train,forencich_axis,interconnect_buffer,input_to_reg,1.071875,1.3174901,0.2456151008605958
axis_arb_mux4,s_axis_tdata_reg[55],train,forencich_axis,interconnect_buffer,input_to_reg,1.071875,1.3174901,0.2456151008605958
axis_arb_mux4,s_axis_tdata_reg[56],train,forencich_axis,interconnect_buffer,input_to_reg,1.071875,1.3174901,0.2456151008605958
axis_arb_mux4,s_axis_tdata_reg[57],train,forencich_axis,interconnect_buffer,input_to_reg,1.071875,1.3174901,0.2456151008605958
axis_arb_mux4,s_axis_tdata_reg[58],train,forencich_axis,interconnect_buffer,input_to_reg,1.071875,1.3174901,0.2456151008605958
axis_arb_mux4,s_axis_tdata_reg[59],train,forencich_axis,interconnect_buffer,input_to_reg,1.071875,1.3174901,0.2456151008605958
axis_arb_mux4,s_axis_tdata_reg[5],train,forencich_axis,interconnect_buffer,input_to_reg,1.071875,1.3174901,0.2456151008605958
axis_arb_mux4,s_axis_tdata_reg[60],train,forencich_axis,interconnect_buffer,input_to_reg,1.071875,1.3174901,0.2456151008605958
axis_arb_mux4,s_axis_tdata_reg[61],train,forencich_axis,interconnect_buffer,input_to_reg,1.071875,1.3174901,0.2456151008605958
axis_arb_mux4,s_axis_tdata_reg[62],train,forencich_axis,interconnect_buffer,input_to_reg,1.071875,1.3174901,0.2456151008605958
axis_arb_mux4,s_axis_tdata_reg[63],train,forencich_axis,interconnect_buffer,input_to_reg,1.071875,1.3174901,0.2456151008605958
axis_arb_mux4,s_axis_tdata_reg[64],train,forencich_axis,interconnect_buffer,input_to_reg,1.071875,1.3174901,0.2456151008605958
axis_arb_mux4,s_axis_tdata_reg[65],train,forencich_axis,interconnect_buffer,input_to_reg,1.071875,1.3174901,0.2456151008605958
axis_arb_mux4,s_axis_tdata_reg[66],train,forencich_axis,interconnect_buffer,input_to_reg,1.071875,1.3174901,0.2456151008605958
axis_arb_mux4,s_axis_tdata_reg[67],train,forencich_axis,interconnect_buffer,input_to_reg,1.071875,1.3174901,0.2456151008605958
axis_arb_mux4,s_axis_tdata_reg[68],train,forencich_axis,interconnect_buffer,input_to_reg,1.071875,1.3174901,0.2456151008605958
axis_arb_mux4,s_axis_tdata_reg[69],train,forencich_axis,interconnect_buffer,input_to_reg,1.071875,1.3174901,0.2456151008605958
axis_arb_mux4,s_axis_tdata_reg[6],train,forencich_axis,interconnect_buffer,input_to_reg,1.071875,1.3174901,0.2456151008605958
axis_arb_mux4,s_axis_tdata_reg[70],train,forencich_axis,interconnect_buffer,input_to_reg,1.071875,1.3174901,0.2456151008605958
axis_arb_mux4,s_axis_tdata_reg[71],train,forencich_axis,interconnect_buffer,input_to_reg,1.071875,1.3174901,0.2456151008605958
axis_arb_mux4,s_axis_tdata_reg[72],train,forencich_axis,interconnect_buffer,input_to_reg,1.071875,1.3174901,0.2456151008605958
axis_arb_mux4,s_axis_tdata_reg[73],train,forencich_axis,interconnect_buffer,input_to_reg,1.071875,1.3174901,0.2456151008605958
axis_arb_mux4,s_axis_tdata_reg[74],train,forencich_axis,interconnect_buffer,input_to_reg,1.071875,1.3174901,0.2456151008605958
axis_arb_mux4,s_axis_tdata_reg[75],train,forencich_axis,interconnect_buffer,input_to_reg,1.071875,1.3174901,0.2456151008605958
axis_arb_mux4,s_axis_tdata_reg[76],train,forencich_axis,interconnect_buffer,input_to_reg,1.071875,1.3174901,0.2456151008605958
axis_arb_mux4,s_axis_tdata_reg[77],train,forencich_axis,interconnect_buffer,input_to_reg,1.071875,1.3174901,0.2456151008605958
axis_arb_mux4,s_axis_tdata_reg[78],train,forencich_axis,interconnect_buffer,input_to_reg,1.071875,1.3174901,0.2456151008605958
axis_arb_mux4,s_axis_tdata_reg[79],train,forencich_axis,interconnect_buffer,input_to_reg,1.071875,1.3174901,0.2456151008605958
axis_arb_mux4,s_axis_tdata_reg[7],train,forencich_axis,interconnect_buffer,input_to_reg,1.071875,1.3174901,0.2456151008605958
axis_arb_mux4,s_axis_tdata_reg[80],train,forencich_axis,interconnect_buffer,input_to_reg,1.071875,1.3174901,0.2456151008605958
axis_arb_mux4,s_axis_tdata_reg[81],train,forencich_axis,interconnect_buffer,input_to_reg,1.071875,1.3174901,0.2456151008605958
axis_arb_mux4,s_axis_tdata_reg[82],train,forencich_axis,interconnect_buffer,input_to_reg,1.071875,1.3174901,0.2456151008605958
axis_arb_mux4,s_axis_tdata_reg[83],train,forencich_axis,interconnect_buffer,input_to_reg,1.071875,1.3174901,0.2456151008605958
axis_arb_mux4,s_axis_tdata_reg[84],train,forencich_axis,interconnect_buffer,input_to_reg,1.071875,1.3174901,0.2456151008605958
axis_arb_mux4,s_axis_tdata_reg[85],train,forencich_axis,interconnect_buffer,input_to_reg,1.071875,1.3174901,0.2456151008605958
axis_arb_mux4,s_axis_tdata_reg[86],train,forencich_axis,interconnect_buffer,input_to_reg,1.071875,1.3174901,0.2456151008605958
axis_arb_mux4,s_axis_tdata_reg[87],train,forencich_axis,interconnect_buffer,input_to_reg,1.071875,1.3174901,0.2456151008605958
axis_arb_mux4,s_axis_tdata_reg[88],train,forencich_axis,interconnect_buffer,input_to_reg,1.071875,1.3174901,0.2456151008605958
axis_arb_mux4,s_axis_tdata_reg[89],train,forencich_axis,interconnect_buffer,input_to_reg,1.071875,1.3174901,0.2456151008605958
axis_arb_mux4,s_axis_tdata_reg[8],train,forencich_axis,interconnect_buffer,input_to_reg,1.071875,1.3174901,0.2456151008605958
axis_arb_mux4,s_axis_tdata_reg[90],train,forencich_axis,interconnect_buffer,input_to_reg,1.071875,1.3174901,0.2456151008605958
axis_arb_mux4,s_axis_tdata_reg[91],train,forencich_axis,interconnect_buffer,input_to_reg,1.071875,1.3174901,0.2456151008605958
axis_arb_mux4,s_axis_tdata_reg[92],train,forencich_axis,interconnect_buffer,input_to_reg,1.071875,1.3174901,0.2456151008605958
axis_arb_mux4,s_axis_tdata_reg[93],train,forencich_axis,interconnect_buffer,input_to_reg,1.071875,1.3174901,0.2456151008605958
axis_arb_mux4,s_axis_tdata_reg[94],train,forencich_axis,interconnect_buffer,input_to_reg,1.071875,1.3174901,0.2456151008605958
axis_arb_mux4,s_axis_tdata_reg[95],train,forencich_axis,interconnect_buffer,input_to_reg,1.071875,1.3174901,0.2456151008605958
axis_arb_mux4,s_axis_tdata_reg[96],train,forencich_axis,interconnect_buffer,input_to_reg,1.071875,1.3174901,0.2456151008605958
axis_arb_mux4,s_axis_tdata_reg[97],train,forencich_axis,interconnect_buffer,input_to_reg,1.071875,1.3174901,0.2456151008605958
axis_arb_mux4,s_axis_tdata_reg[98],train,forencich_axis,interconnect_buffer,input_to_reg,1.071875,1.3174901,0.2456151008605958
axis_arb_mux4,s_axis_tdata_reg[99],train,forencich_axis,interconnect_buffer,input_to_reg,1.071875,1.3174901,0.2456151008605958
axis_arb_mux4,s_axis_tdata_reg[9],train,forencich_axis,interconnect_buffer,input_to_reg,1.071875,1.3174901,0.2456151008605958
axis_arb_mux4,s_axis_tvalid_reg[0],train,forencich_axis,interconnect_buffer,input_to_reg,1.083739,1.3834264,0.2996874278411865
axis_arb_mux4,s_axis_tvalid_reg[1],train,forencich_axis,interconnect_buffer,input_to_reg,1.04005,1.3834264,0.3433764278411866
axis_arb_mux4,s_axis_tvalid_reg[2],train,forencich_axis,interconnect_buffer,input_to_reg,1.083739,1.3834264,0.2996874278411865
axis_arb_mux4,s_axis_tvalid_reg[3],train,forencich_axis,interconnect_buffer,input_to_reg,1.04005,1.3834264,0.3433764278411866
axis_arb_mux4,temp_m_axis_tdata_reg[0],train,forencich_axis,interconnect_buffer,input_to_reg,1.37924,1.5734209,0.1941808822250366
axis_arb_mux4,temp_m_axis_tdata_reg[10],train,forencich_axis,interconnect_buffer,input_to_reg,1.37924,1.5734209,0.1941808822250366
axis_arb_mux4,temp_m_axis_tdata_reg[11],train,forencich_axis,interconnect_buffer,input_to_reg,1.37924,1.5734209,0.1941808822250366
axis_arb_mux4,temp_m_axis_tdata_reg[12],train,forencich_axis,interconnect_buffer,input_to_reg,1.37924,1.5734209,0.1941808822250366
axis_arb_mux4,temp_m_axis_tdata_reg[13],train,forencich_axis,interconnect_buffer,input_to_reg,1.37924,1.5734209,0.1941808822250366
axis_arb_mux4,temp_m_axis_tdata_reg[14],train,forencich_axis,interconnect_buffer,input_to_reg,1.37924,1.5734209,0.1941808822250366
axis_arb_mux4,temp_m_axis_tdata_reg[15],train,forencich_axis,interconnect_buffer,input_to_reg,1.37924,1.5734209,0.1941808822250366
axis_arb_mux4,temp_m_axis_tdata_reg[16],train,forencich_axis,interconnect_buffer,input_to_reg,1.37924,1.5734209,0.1941808822250366
axis_arb_mux4,temp_m_axis_tdata_reg[17],train,forencich_axis,interconnect_buffer,input_to_reg,1.37924,1.5734209,0.1941808822250366
axis_arb_mux4,temp_m_axis_tdata_reg[18],train,forencich_axis,interconnect_buffer,input_to_reg,1.37924,1.5734209,0.1941808822250366
axis_arb_mux4,temp_m_axis_tdata_reg[19],train,forencich_axis,interconnect_buffer,input_to_reg,1.37924,1.5734209,0.1941808822250366
axis_arb_mux4,temp_m_axis_tdata_reg[1],train,forencich_axis,interconnect_buffer,input_to_reg,1.37924,1.5734209,0.1941808822250366
axis_arb_mux4,temp_m_axis_tdata_reg[20],train,forencich_axis,interconnect_buffer,input_to_reg,1.37924,1.5734209,0.1941808822250366
axis_arb_mux4,temp_m_axis_tdata_reg[21],train,forencich_axis,interconnect_buffer,input_to_reg,1.37924,1.5734209,0.1941808822250366
axis_arb_mux4,temp_m_axis_tdata_reg[22],train,forencich_axis,interconnect_buffer,input_to_reg,1.37924,1.5734209,0.1941808822250366
axis_arb_mux4,temp_m_axis_tdata_reg[23],train,forencich_axis,interconnect_buffer,input_to_reg,1.37924,1.5734209,0.1941808822250366
axis_arb_mux4,temp_m_axis_tdata_reg[24],train,forencich_axis,interconnect_buffer,input_to_reg,1.37924,1.5734209,0.1941808822250366
axis_arb_mux4,temp_m_axis_tdata_reg[25],train,forencich_axis,interconnect_buffer,input_to_reg,1.37924,1.5734209,0.1941808822250366
axis_arb_mux4,temp_m_axis_tdata_reg[26],train,forencich_axis,interconnect_buffer,input_to_reg,1.37924,1.5734209,0.1941808822250366
axis_arb_mux4,temp_m_axis_tdata_reg[27],train,forencich_axis,interconnect_buffer,input_to_reg,1.37924,1.5734209,0.1941808822250366
axis_arb_mux4,temp_m_axis_tdata_reg[28],train,forencich_axis,interconnect_buffer,input_to_reg,1.37924,1.5734209,0.1941808822250366
axis_arb_mux4,temp_m_axis_tdata_reg[29],train,forencich_axis,interconnect_buffer,input_to_reg,1.37924,1.5734209,0.1941808822250366
axis_arb_mux4,temp_m_axis_tdata_reg[2],train,forencich_axis,interconnect_buffer,input_to_reg,1.37924,1.5734209,0.1941808822250366
axis_arb_mux4,temp_m_axis_tdata_reg[30],train,forencich_axis,interconnect_buffer,input_to_reg,1.37924,1.5734209,0.1941808822250366
axis_arb_mux4,temp_m_axis_tdata_reg[31],train,forencich_axis,interconnect_buffer,input_to_reg,1.37924,1.5734209,0.1941808822250366
axis_arb_mux4,temp_m_axis_tdata_reg[3],train,forencich_axis,interconnect_buffer,input_to_reg,1.37924,1.5734209,0.1941808822250366
axis_arb_mux4,temp_m_axis_tdata_reg[4],train,forencich_axis,interconnect_buffer,input_to_reg,1.37924,1.5734209,0.1941808822250366
axis_arb_mux4,temp_m_axis_tdata_reg[5],train,forencich_axis,interconnect_buffer,input_to_reg,1.37924,1.5734209,0.1941808822250366
axis_arb_mux4,temp_m_axis_tdata_reg[6],train,forencich_axis,interconnect_buffer,input_to_reg,1.37924,1.5734209,0.1941808822250366
axis_arb_mux4,temp_m_axis_tdata_reg[7],train,forencich_axis,interconnect_buffer,input_to_reg,1.37924,1.5734209,0.1941808822250366
axis_arb_mux4,temp_m_axis_tdata_reg[8],train,forencich_axis,interconnect_buffer,input_to_reg,1.37924,1.5734209,0.1941808822250366
axis_arb_mux4,temp_m_axis_tdata_reg[9],train,forencich_axis,interconnect_buffer,input_to_reg,1.37924,1.5734209,0.1941808822250366
axis_arb_mux4,temp_m_axis_tvalid_reg,train,forencich_axis,interconnect_buffer,input_to_reg,1.400049,1.5868256,0.18677660920715322
axis_skid32,genblk1.temp_m_axis_tdata_reg[0],train,forencich_axis,interconnect_buffer,input_to_reg,1.282136,1.4690876,0.18695160070800787
axis_skid32,genblk1.temp_m_axis_tdata_reg[10],train,forencich_axis,interconnect_buffer,input_to_reg,1.282136,1.4690876,0.18695160070800787
axis_skid32,genblk1.temp_m_axis_tdata_reg[11],train,forencich_axis,interconnect_buffer,input_to_reg,1.282136,1.4690876,0.18695160070800787
axis_skid32,genblk1.temp_m_axis_tdata_reg[12],train,forencich_axis,interconnect_buffer,input_to_reg,1.282136,1.4690876,0.18695160070800787
axis_skid32,genblk1.temp_m_axis_tdata_reg[13],train,forencich_axis,interconnect_buffer,input_to_reg,1.282136,1.4690876,0.18695160070800787
axis_skid32,genblk1.temp_m_axis_tdata_reg[14],train,forencich_axis,interconnect_buffer,input_to_reg,1.282136,1.4690876,0.18695160070800787
axis_skid32,genblk1.temp_m_axis_tdata_reg[15],train,forencich_axis,interconnect_buffer,input_to_reg,1.282136,1.4690876,0.18695160070800787
axis_skid32,genblk1.temp_m_axis_tdata_reg[16],train,forencich_axis,interconnect_buffer,input_to_reg,1.282136,1.4690876,0.18695160070800787
axis_skid32,genblk1.temp_m_axis_tdata_reg[17],train,forencich_axis,interconnect_buffer,input_to_reg,1.282136,1.4690876,0.18695160070800787
axis_skid32,genblk1.temp_m_axis_tdata_reg[18],train,forencich_axis,interconnect_buffer,input_to_reg,1.282136,1.4690876,0.18695160070800787
axis_skid32,genblk1.temp_m_axis_tdata_reg[19],train,forencich_axis,interconnect_buffer,input_to_reg,1.282136,1.4690876,0.18695160070800787
axis_skid32,genblk1.temp_m_axis_tdata_reg[1],train,forencich_axis,interconnect_buffer,input_to_reg,1.282136,1.4690876,0.18695160070800787
axis_skid32,genblk1.temp_m_axis_tdata_reg[20],train,forencich_axis,interconnect_buffer,input_to_reg,1.282136,1.4690876,0.18695160070800787
axis_skid32,genblk1.temp_m_axis_tdata_reg[21],train,forencich_axis,interconnect_buffer,input_to_reg,1.282136,1.4690876,0.18695160070800787
axis_skid32,genblk1.temp_m_axis_tdata_reg[22],train,forencich_axis,interconnect_buffer,input_to_reg,1.282136,1.4690876,0.18695160070800787
axis_skid32,genblk1.temp_m_axis_tdata_reg[23],train,forencich_axis,interconnect_buffer,input_to_reg,1.282136,1.4690876,0.18695160070800787
axis_skid32,genblk1.temp_m_axis_tdata_reg[24],train,forencich_axis,interconnect_buffer,input_to_reg,1.282136,1.4690876,0.18695160070800787
axis_skid32,genblk1.temp_m_axis_tdata_reg[25],train,forencich_axis,interconnect_buffer,input_to_reg,1.282136,1.4690876,0.18695160070800787
axis_skid32,genblk1.temp_m_axis_tdata_reg[26],train,forencich_axis,interconnect_buffer,input_to_reg,1.282136,1.4690876,0.18695160070800787
axis_skid32,genblk1.temp_m_axis_tdata_reg[27],train,forencich_axis,interconnect_buffer,input_to_reg,1.282136,1.4690876,0.18695160070800787
axis_skid32,genblk1.temp_m_axis_tdata_reg[28],train,forencich_axis,interconnect_buffer,input_to_reg,1.282136,1.4690876,0.18695160070800787
axis_skid32,genblk1.temp_m_axis_tdata_reg[29],train,forencich_axis,interconnect_buffer,input_to_reg,1.282136,1.4690876,0.18695160070800787
axis_skid32,genblk1.temp_m_axis_tdata_reg[2],train,forencich_axis,interconnect_buffer,input_to_reg,1.282136,1.4690876,0.18695160070800787
axis_skid32,genblk1.temp_m_axis_tdata_reg[30],train,forencich_axis,interconnect_buffer,input_to_reg,1.282136,1.4690876,0.18695160070800787
axis_skid32,genblk1.temp_m_axis_tdata_reg[31],train,forencich_axis,interconnect_buffer,input_to_reg,1.282136,1.4690876,0.18695160070800787
axis_skid32,genblk1.temp_m_axis_tdata_reg[3],train,forencich_axis,interconnect_buffer,input_to_reg,1.282136,1.4690876,0.18695160070800787
axis_skid32,genblk1.temp_m_axis_tdata_reg[4],train,forencich_axis,interconnect_buffer,input_to_reg,1.282136,1.4690876,0.18695160070800787
axis_skid32,genblk1.temp_m_axis_tdata_reg[5],train,forencich_axis,interconnect_buffer,input_to_reg,1.282136,1.4690876,0.18695160070800787
axis_skid32,genblk1.temp_m_axis_tdata_reg[6],train,forencich_axis,interconnect_buffer,input_to_reg,1.282136,1.4690876,0.18695160070800787
axis_skid32,genblk1.temp_m_axis_tdata_reg[7],train,forencich_axis,interconnect_buffer,input_to_reg,1.282136,1.4690876,0.18695160070800787
axis_skid32,genblk1.temp_m_axis_tdata_reg[8],train,forencich_axis,interconnect_buffer,input_to_reg,1.282136,1.4690876,0.18695160070800787
axis_skid32,genblk1.temp_m_axis_tdata_reg[9],train,forencich_axis,interconnect_buffer,input_to_reg,1.282136,1.4690876,0.18695160070800787
axis_skid32,genblk1.temp_m_axis_tvalid_reg,train,forencich_axis,interconnect_buffer,input_to_reg,1.151065,1.5100209,0.3589558520889282
axis_skid32,m_axis_tdata[0],train,forencich_axis,interconnect_buffer,input_to_reg,1.37904,1.5485675,0.16952753349304195
axis_skid32,m_axis_tdata[10],train,forencich_axis,interconnect_buffer,input_to_reg,1.37904,1.5485675,0.16952753349304195
axis_skid32,m_axis_tdata[11],train,forencich_axis,interconnect_buffer,input_to_reg,1.37904,1.5455416,0.16650164409637447
axis_skid32,m_axis_tdata[12],train,forencich_axis,interconnect_buffer,input_to_reg,1.37904,1.5455416,0.16650164409637447
axis_skid32,m_axis_tdata[13],train,forencich_axis,interconnect_buffer,input_to_reg,1.37904,1.5455416,0.16650164409637447
axis_skid32,m_axis_tdata[14],train,forencich_axis,interconnect_buffer,input_to_reg,1.37904,1.5485675,0.16952753349304195
axis_skid32,m_axis_tdata[15],train,forencich_axis,interconnect_buffer,input_to_reg,1.37904,1.5455416,0.16650164409637447
axis_skid32,m_axis_tdata[16],train,forencich_axis,interconnect_buffer,input_to_reg,1.37904,1.5455416,0.16650164409637447
axis_skid32,m_axis_tdata[17],train,forencich_axis,interconnect_buffer,input_to_reg,1.37904,1.5485675,0.16952753349304195
axis_skid32,m_axis_tdata[18],train,forencich_axis,interconnect_buffer,input_to_reg,1.37904,1.5485675,0.16952753349304195
axis_skid32,m_axis_tdata[19],train,forencich_axis,interconnect_buffer,input_to_reg,1.37904,1.5485675,0.16952753349304195
axis_skid32,m_axis_tdata[1],train,forencich_axis,interconnect_buffer,input_to_reg,1.37904,1.5485675,0.16952753349304195
axis_skid32,m_axis_tdata[20],train,forencich_axis,interconnect_buffer,input_to_reg,1.37904,1.5485675,0.16952753349304195
axis_skid32,m_axis_tdata[21],train,forencich_axis,interconnect_buffer,input_to_reg,1.37904,1.5485675,0.16952753349304195
axis_skid32,m_axis_tdata[22],train,forencich_axis,interconnect_buffer,input_to_reg,1.37904,1.5485675,0.16952753349304195
axis_skid32,m_axis_tdata[23],train,forencich_axis,interconnect_buffer,input_to_reg,1.37904,1.5455416,0.16650164409637447
axis_skid32,m_axis_tdata[24],train,forencich_axis,interconnect_buffer,input_to_reg,1.37904,1.5455416,0.16650164409637447
axis_skid32,m_axis_tdata[25],train,forencich_axis,interconnect_buffer,input_to_reg,1.37904,1.5455416,0.16650164409637447
axis_skid32,m_axis_tdata[26],train,forencich_axis,interconnect_buffer,input_to_reg,1.37904,1.5455416,0.16650164409637447
axis_skid32,m_axis_tdata[27],train,forencich_axis,interconnect_buffer,input_to_reg,1.37904,1.5455416,0.16650164409637447
axis_skid32,m_axis_tdata[28],train,forencich_axis,interconnect_buffer,input_to_reg,1.37904,1.5455416,0.16650164409637447
axis_skid32,m_axis_tdata[29],train,forencich_axis,interconnect_buffer,input_to_reg,1.37904,1.5485675,0.16952753349304195
axis_skid32,m_axis_tdata[2],train,forencich_axis,interconnect_buffer,input_to_reg,1.37904,1.5485675,0.16952753349304195
axis_skid32,m_axis_tdata[30],train,forencich_axis,interconnect_buffer,input_to_reg,1.37904,1.5485675,0.16952753349304195
axis_skid32,m_axis_tdata[31],train,forencich_axis,interconnect_buffer,input_to_reg,1.37904,1.5455416,0.16650164409637447
axis_skid32,m_axis_tdata[3],train,forencich_axis,interconnect_buffer,input_to_reg,1.37904,1.5455416,0.16650164409637447
axis_skid32,m_axis_tdata[4],train,forencich_axis,interconnect_buffer,input_to_reg,1.37904,1.5485675,0.16952753349304195
axis_skid32,m_axis_tdata[5],train,forencich_axis,interconnect_buffer,input_to_reg,1.37904,1.5455416,0.16650164409637447
axis_skid32,m_axis_tdata[6],train,forencich_axis,interconnect_buffer,input_to_reg,1.37904,1.5485675,0.16952753349304195
axis_skid32,m_axis_tdata[7],train,forencich_axis,interconnect_buffer,input_to_reg,1.37904,1.5485675,0.16952753349304195
axis_skid32,m_axis_tdata[8],train,forencich_axis,interconnect_buffer,input_to_reg,1.37904,1.5455416,0.16650164409637447
axis_skid32,m_axis_tdata[9],train,forencich_axis,interconnect_buffer,input_to_reg,1.37904,1.5455416,0.16650164409637447
axis_skid32,m_axis_tvalid,train,forencich_axis,interconnect_buffer,input_to_reg,1.416378,1.4999412,0.08356322982025155
axis_skid32,s_axis_tready,train,forencich_axis,interconnect_buffer,input_to_reg,1.077003,1.4272993,0.3502962610931397
