design,rtl_bit,split,family,category,bog_path_kind,actual_arrival_ns,predicted_arrival_ns,absolute_error_ns
picorv32,alu_out_q[0],train,pico_femto,processor,reg_to_reg,1.145523,1.1456676,0.0001445529479979779
picorv32,alu_out_q[10],train,pico_femto,processor,reg_to_reg,0.809303,0.8102042,0.0009012078971862847
picorv32,alu_out_q[11],train,pico_femto,processor,reg_to_reg,0.894165,0.8937384,0.0004266109848022337
picorv32,alu_out_q[12],train,pico_femto,processor,reg_to_reg,0.93741,0.93715155,0.0002584487533568991
picorv32,alu_out_q[13],train,pico_femto,processor,reg_to_reg,0.977777,0.9789796,0.0012025875549316334
picorv32,alu_out_q[14],train,pico_femto,processor,reg_to_reg,1.008345,1.0080444,0.0003006379318237773
picorv32,alu_out_q[15],train,pico_femto,processor,reg_to_reg,1.086375,1.0854995,0.0008754749298096609
picorv32,alu_out_q[16],train,pico_femto,processor,reg_to_reg,0.832348,0.83466685,0.002318848182678246
picorv32,alu_out_q[17],train,pico_femto,processor,reg_to_reg,0.944806,0.94371367,0.0010923349914551128
picorv32,alu_out_q[18],train,pico_femto,processor,reg_to_reg,0.92007,0.9203017,0.0002316757965087346
picorv32,alu_out_q[19],train,pico_femto,processor,reg_to_reg,0.977979,0.9779704,8.578685760540772e-06
picorv32,alu_out_q[1],train,pico_femto,processor,reg_to_reg,0.629323,0.6302066,0.0008835849304199561
picorv32,alu_out_q[20],train,pico_femto,processor,reg_to_reg,0.975382,0.9780003,0.0026182832412720014
picorv32,alu_out_q[21],train,pico_femto,processor,reg_to_reg,1.055099,1.0553262,0.00022722337341307686
picorv32,alu_out_q[22],train,pico_femto,processor,reg_to_reg,1.086319,1.0856417,0.0006772582473755229
picorv32,alu_out_q[23],train,pico_femto,processor,reg_to_reg,1.095144,1.0956446,0.0005005932388306711
picorv32,alu_out_q[24],train,pico_femto,processor,reg_to_reg,1.147046,1.1464185,0.0006275477371215921
picorv32,alu_out_q[25],train,pico_femto,processor,reg_to_reg,1.211795,1.2119808,0.00018581970214848198
picorv32,alu_out_q[26],train,pico_femto,processor,reg_to_reg,1.204316,1.2046424,0.0003264150466919524
picorv32,alu_out_q[27],train,pico_femto,processor,reg_to_reg,1.228932,1.2294081,0.0004761449508667859
picorv32,alu_out_q[28],train,pico_femto,processor,reg_to_reg,1.310243,1.3101872,5.577942657475354e-05
picorv32,alu_out_q[29],train,pico_femto,processor,reg_to_reg,1.394826,1.3945782,0.00024778153991689145
picorv32,alu_out_q[2],train,pico_femto,processor,reg_to_reg,0.636508,0.63730735,0.0007993458671570197
picorv32,alu_out_q[30],train,pico_femto,processor,reg_to_reg,1.376435,1.3769549,0.0005199131393431866
picorv32,alu_out_q[31],train,pico_femto,processor,reg_to_reg,1.382282,1.382004,0.0002779774017334091
picorv32,alu_out_q[3],train,pico_femto,processor,reg_to_reg,0.790464,0.7893793,0.0010847013130188543
picorv32,alu_out_q[4],train,pico_femto,processor,reg_to_reg,0.629323,0.629928,0.0006049928207397803
picorv32,alu_out_q[5],train,pico_femto,processor,reg_to_reg,0.636792,0.637376,0.0005840104179382077
picorv32,alu_out_q[6],train,pico_femto,processor,reg_to_reg,0.726942,0.7267861,0.00015592297744748684
picorv32,alu_out_q[7],train,pico_femto,processor,reg_to_reg,0.725976,0.72537845,0.0005975462684630894
picorv32,alu_out_q[8],train,pico_femto,processor,reg_to_reg,0.726942,0.7270223,8.02902297973862e-05
picorv32,alu_out_q[9],train,pico_femto,processor,reg_to_reg,0.844547,0.84523845,0.000691447189331007
picorv32,cpu_state[0],train,pico_femto,processor,reg_to_reg,0.502753,0.50293875,0.00018574740600585393
picorv32,cpu_state[1],train,pico_femto,processor,input_to_reg,1.410766,1.4096575,0.0011085216674804332
picorv32,cpu_state[2],train,pico_femto,processor,reg_to_reg,0.382003,0.38217124,0.0001682434291839785
picorv32,cpu_state[3],train,pico_femto,processor,input_to_reg,1.349787,1.3499877,0.0002007452850341096
picorv32,cpu_state[4],train,pico_femto,processor,reg_to_reg,0.579906,0.5799584,5.237926864620768e-05
picorv32,cpu_state[5],train,pico_femto,processor,input_to_reg,1.344741,1.3447053,3.5656753540003194e-05
picorv32,cpu_state[6],train,pico_femto,processor,input_to_reg,1.344657,1.3447053,4.834324645996979e-05
picorv32,cpuregs[0][0],train,pico_femto,processor,reg_to_reg,0.689648,0.68996006,0.0003120625038146585
picorv32,cpuregs[0][10],train,pico_femto,processor,reg_to_reg,0.689648,0.69003415,0.00038615107727046905
picorv32,cpuregs[0][11],train,pico_femto,processor,reg_to_reg,0.689648,0.69003415,0.00038615107727046905
picorv32,cpuregs[0][12],train,pico_femto,processor,reg_to_reg,0.689648,0.69003415,0.00038615107727046905
picorv32,cpuregs[0][13],train,pico_femto,processor,reg_to_reg,0.689648,0.69003415,0.00038615107727046905
picorv32,cpuregs[0][14],train,pico_femto,processor,reg_to_reg,0.689648,0.6872885,0.0023594772796631247
picorv32,cpuregs[0][15],train,pico_femto,processor,reg_to_reg,0.689648,0.6872885,0.0023594772796631247
picorv32,cpuregs[0][16],train,pico_femto,processor,reg_to_reg,0.720338,0.7203448,6.7818756103177336e-06
picorv32,cpuregs[0][17],train,pico_femto,processor,reg_to_reg,0.761929,0.76188016,4.8840621948209595e-05
picorv32,cpuregs[0][18],train,pico_femto,processor,reg_to_reg,0.766871,0.76666486,0.0002061373672485045
picorv32,cpuregs[0][19],train,pico_femto,processor,reg_to_reg,0.810574,0.81078666,0.00021266448593137977
picorv32,cpuregs[0][1],train,pico_femto,processor,reg_to_reg,0.689648,0.68996006,0.0003120625038146585
picorv32,cpuregs[0][20],train,pico_femto,processor,reg_to_reg,0.852166,0.85215324,1.2758365631082569e-05
picorv32,cpuregs[0][21],train,pico_femto,processor,reg_to_reg,0.85771,0.8575574,0.00015258403778073415
picorv32,cpuregs[0][22],train,pico_femto,processor,reg_to_reg,0.90128,0.9014626,0.00018261453628543034
picorv32,cpuregs[0][23],train,pico_femto,processor,reg_to_reg,0.942871,0.9428347,3.632468795777832e-05
picorv32,cpuregs[0][24],train,pico_femto,processor,reg_to_reg,0.947812,0.94769335,0.00011865206909178472
picorv32,cpuregs[0][25],train,pico_femto,processor,reg_to_reg,0.991515,0.9916388,0.0001237796401977187
picorv32,cpuregs[0][26],train,pico_femto,processor,reg_to_reg,1.033106,1.0330795,2.6495033264239964e-05
picorv32,cpuregs[0][27],train,pico_femto,processor,reg_to_reg,1.03824,1.0381182,0.00012175678253179001
picorv32,cpuregs[0][28],train,pico_femto,processor,reg_to_reg,1.067744,1.067867,0.00012304063415524702
picorv32,cpuregs[0][29],train,pico_femto,processor,reg_to_reg,1.112199,1.1121981,8.856048583361087e-07
picorv32,cpuregs[0][2],train,pico_femto,processor,reg_to_reg,0.689648,0.68996006,0.0003120625038146585
picorv32,cpuregs[0][30],train,pico_femto,processor,reg_to_reg,1.138849,1.1387113,0.0001376667251586916
picorv32,cpuregs[0][31],train,pico_femto,processor,reg_to_reg,1.147017,1.147116,9.894581604008579e-05
picorv32,cpuregs[0][3],train,pico_femto,processor,reg_to_reg,0.689648,0.68996006,0.0003120625038146585
picorv32,cpuregs[0][4],train,pico_femto,processor,reg_to_reg,0.689648,0.68996006,0.0003120625038146585
picorv32,cpuregs[0][5],train,pico_femto,processor,reg_to_reg,0.689648,0.68996006,0.0003120625038146585
picorv32,cpuregs[0][6],train,pico_femto,processor,reg_to_reg,0.689648,0.69003415,0.00038615107727046905
picorv32,cpuregs[0][7],train,pico_femto,processor,reg_to_reg,0.689648,0.69003415,0.00038615107727046905
picorv32,cpuregs[0][8],train,pico_femto,processor,reg_to_reg,0.689648,0.69003415,0.00038615107727046905
picorv32,cpuregs[0][9],train,pico_femto,processor,reg_to_reg,0.689648,0.69003415,0.00038615107727046905
picorv32,cpuregs[10][0],train,pico_femto,processor,reg_to_reg,0.686035,0.6860582,2.3223247528125768e-05
picorv32,cpuregs[10][10],train,pico_femto,processor,reg_to_reg,0.686035,0.68605614,2.1137084960987096e-05
picorv32,cpuregs[10][11],train,pico_femto,processor,reg_to_reg,0.686035,0.68605614,2.1137084960987096e-05
picorv32,cpuregs[10][12],train,pico_femto,processor,reg_to_reg,0.686035,0.68605614,2.1137084960987096e-05
picorv32,cpuregs[10][13],train,pico_femto,processor,reg_to_reg,0.686035,0.68605614,2.1137084960987096e-05
picorv32,cpuregs[10][14],train,pico_femto,processor,reg_to_reg,0.686035,0.6872885,0.0012535227203369637
picorv32,cpuregs[10][15],train,pico_femto,processor,reg_to_reg,0.686035,0.6872885,0.0012535227203369637
picorv32,cpuregs[10][16],train,pico_femto,processor,reg_to_reg,0.720338,0.7203448,6.7818756103177336e-06
picorv32,cpuregs[10][17],train,pico_femto,processor,reg_to_reg,0.761929,0.76188016,4.8840621948209595e-05
picorv32,cpuregs[10][18],train,pico_femto,processor,reg_to_reg,0.766871,0.76666486,0.0002061373672485045
picorv32,cpuregs[10][19],train,pico_femto,processor,reg_to_reg,0.810574,0.81078666,0.00021266448593137977
picorv32,cpuregs[10][1],train,pico_femto,processor,reg_to_reg,0.686035,0.6860582,2.3223247528125768e-05
picorv32,cpuregs[10][20],train,pico_femto,processor,reg_to_reg,0.852166,0.85215324,1.2758365631082569e-05
picorv32,cpuregs[10][21],train,pico_femto,processor,reg_to_reg,0.85771,0.8575574,0.00015258403778073415
picorv32,cpuregs[10][22],train,pico_femto,processor,reg_to_reg,0.90128,0.9014626,0.00018261453628543034
picorv32,cpuregs[10][23],train,pico_femto,processor,reg_to_reg,0.942871,0.9428347,3.632468795777832e-05
picorv32,cpuregs[10][24],train,pico_femto,processor,reg_to_reg,0.947812,0.94769335,0.00011865206909178472
picorv32,cpuregs[10][25],train,pico_femto,processor,reg_to_reg,0.991515,0.9916388,0.0001237796401977187
picorv32,cpuregs[10][26],train,pico_femto,processor,reg_to_reg,1.033106,1.0330795,2.6495033264239964e-05
picorv32,cpuregs[10][27],train,pico_femto,processor,reg_to_reg,1.03824,1.0381182,0.00012175678253179001
picorv32,cpuregs[10][28],train,pico_femto,processor,reg_to_reg,1.067744,1.067867,0.00012304063415524702
picorv32,cpuregs[10][29],train,pico_femto,processor,reg_to_reg,1.112199,1.1121981,8.856048583361087e-07
picorv32,cpuregs[10][2],train,pico_femto,processor,reg_to_reg,0.686035,0.6860582,2.3223247528125768e-05
picorv32,cpuregs[10][30],train,pico_femto,processor,reg_to_reg,1.138849,1.1387113,0.0001376667251586916
picorv32,cpuregs[10][31],train,pico_femto,processor,reg_to_reg,1.147017,1.147116,9.894581604008579e-05
picorv32,cpuregs[10][3],train,pico_femto,processor,reg_to_reg,0.686035,0.6860582,2.3223247528125768e-05
picorv32,cpuregs[10][4],train,pico_femto,processor,reg_to_reg,0.686035,0.6860582,2.3223247528125768e-05
picorv32,cpuregs[10][5],train,pico_femto,processor,reg_to_reg,0.686035,0.6860582,2.3223247528125768e-05
picorv32,cpuregs[10][6],train,pico_femto,processor,reg_to_reg,0.686035,0.68605614,2.1137084960987096e-05
picorv32,cpuregs[10][7],train,pico_femto,processor,reg_to_reg,0.686035,0.68605614,2.1137084960987096e-05
picorv32,cpuregs[10][8],train,pico_femto,processor,reg_to_reg,0.686035,0.68605614,2.1137084960987096e-05
picorv32,cpuregs[10][9],train,pico_femto,processor,reg_to_reg,0.686035,0.68605614,2.1137084960987096e-05
picorv32,cpuregs[11][0],train,pico_femto,processor,reg_to_reg,0.686035,0.6860582,2.3223247528125768e-05
picorv32,cpuregs[11][10],train,pico_femto,processor,reg_to_reg,0.686035,0.68605614,2.1137084960987096e-05
picorv32,cpuregs[11][11],train,pico_femto,processor,reg_to_reg,0.686035,0.68605614,2.1137084960987096e-05
picorv32,cpuregs[11][12],train,pico_femto,processor,reg_to_reg,0.686035,0.68605614,2.1137084960987096e-05
picorv32,cpuregs[11][13],train,pico_femto,processor,reg_to_reg,0.686035,0.68605614,2.1137084960987096e-05
picorv32,cpuregs[11][14],train,pico_femto,processor,reg_to_reg,0.686035,0.6872885,0.0012535227203369637
picorv32,cpuregs[11][15],train,pico_femto,processor,reg_to_reg,0.686035,0.6872885,0.0012535227203369637
picorv32,cpuregs[11][16],train,pico_femto,processor,reg_to_reg,0.720338,0.7203448,6.7818756103177336e-06
picorv32,cpuregs[11][17],train,pico_femto,processor,reg_to_reg,0.761929,0.76188016,4.8840621948209595e-05
picorv32,cpuregs[11][18],train,pico_femto,processor,reg_to_reg,0.766871,0.76666486,0.0002061373672485045
picorv32,cpuregs[11][19],train,pico_femto,processor,reg_to_reg,0.810574,0.81078666,0.00021266448593137977
picorv32,cpuregs[11][1],train,pico_femto,processor,reg_to_reg,0.686035,0.6860582,2.3223247528125768e-05
picorv32,cpuregs[11][20],train,pico_femto,processor,reg_to_reg,0.852166,0.85215324,1.2758365631082569e-05
picorv32,cpuregs[11][21],train,pico_femto,processor,reg_to_reg,0.85771,0.8575574,0.00015258403778073415
picorv32,cpuregs[11][22],train,pico_femto,processor,reg_to_reg,0.90128,0.9014626,0.00018261453628543034
picorv32,cpuregs[11][23],train,pico_femto,processor,reg_to_reg,0.942871,0.9428347,3.632468795777832e-05
picorv32,cpuregs[11][24],train,pico_femto,processor,reg_to_reg,0.947812,0.94769335,0.00011865206909178472
picorv32,cpuregs[11][25],train,pico_femto,processor,reg_to_reg,0.991515,0.9916388,0.0001237796401977187
picorv32,cpuregs[11][26],train,pico_femto,processor,reg_to_reg,1.033106,1.0330795,2.6495033264239964e-05
picorv32,cpuregs[11][27],train,pico_femto,processor,reg_to_reg,1.03824,1.0381182,0.00012175678253179001
picorv32,cpuregs[11][28],train,pico_femto,processor,reg_to_reg,1.067744,1.067867,0.00012304063415524702
picorv32,cpuregs[11][29],train,pico_femto,processor,reg_to_reg,1.112199,1.1121981,8.856048583361087e-07
picorv32,cpuregs[11][2],train,pico_femto,processor,reg_to_reg,0.686035,0.6860582,2.3223247528125768e-05
picorv32,cpuregs[11][30],train,pico_femto,processor,reg_to_reg,1.138849,1.1387113,0.0001376667251586916
picorv32,cpuregs[11][31],train,pico_femto,processor,reg_to_reg,1.147017,1.147116,9.894581604008579e-05
picorv32,cpuregs[11][3],train,pico_femto,processor,reg_to_reg,0.686035,0.6860582,2.3223247528125768e-05
picorv32,cpuregs[11][4],train,pico_femto,processor,reg_to_reg,0.686035,0.6860582,2.3223247528125768e-05
picorv32,cpuregs[11][5],train,pico_femto,processor,reg_to_reg,0.686035,0.6860582,2.3223247528125768e-05
picorv32,cpuregs[11][6],train,pico_femto,processor,reg_to_reg,0.686035,0.68605614,2.1137084960987096e-05
picorv32,cpuregs[11][7],train,pico_femto,processor,reg_to_reg,0.686035,0.68605614,2.1137084960987096e-05
picorv32,cpuregs[11][8],train,pico_femto,processor,reg_to_reg,0.686035,0.68605614,2.1137084960987096e-05
picorv32,cpuregs[11][9],train,pico_femto,processor,reg_to_reg,0.686035,0.68605614,2.1137084960987096e-05
picorv32,cpuregs[12][0],train,pico_femto,processor,reg_to_reg,0.686035,0.6860582,2.3223247528125768e-05
picorv32,cpuregs[12][10],train,pico_femto,processor,reg_to_reg,0.686035,0.68605614,2.1137084960987096e-05
picorv32,cpuregs[12][11],train,pico_femto,processor,reg_to_reg,0.686035,0.68605614,2.1137084960987096e-05
picorv32,cpuregs[12][12],train,pico_femto,processor,reg_to_reg,0.686035,0.68605614,2.1137084960987096e-05
picorv32,cpuregs[12][13],train,pico_femto,processor,reg_to_reg,0.686035,0.68605614,2.1137084960987096e-05
picorv32,cpuregs[12][14],train,pico_femto,processor,reg_to_reg,0.686035,0.6872885,0.0012535227203369637
picorv32,cpuregs[12][15],train,pico_femto,processor,reg_to_reg,0.686035,0.6872885,0.0012535227203369637
picorv32,cpuregs[12][16],train,pico_femto,processor,reg_to_reg,0.720338,0.7203448,6.7818756103177336e-06
picorv32,cpuregs[12][17],train,pico_femto,processor,reg_to_reg,0.761929,0.76188016,4.8840621948209595e-05
picorv32,cpuregs[12][18],train,pico_femto,processor,reg_to_reg,0.766871,0.76666486,0.0002061373672485045
picorv32,cpuregs[12][19],train,pico_femto,processor,reg_to_reg,0.810574,0.81078666,0.00021266448593137977
picorv32,cpuregs[12][1],train,pico_femto,processor,reg_to_reg,0.686035,0.6860582,2.3223247528125768e-05
picorv32,cpuregs[12][20],train,pico_femto,processor,reg_to_reg,0.852166,0.85215324,1.2758365631082569e-05
picorv32,cpuregs[12][21],train,pico_femto,processor,reg_to_reg,0.85771,0.8575574,0.00015258403778073415
picorv32,cpuregs[12][22],train,pico_femto,processor,reg_to_reg,0.90128,0.9014626,0.00018261453628543034
picorv32,cpuregs[12][23],train,pico_femto,processor,reg_to_reg,0.942871,0.9428347,3.632468795777832e-05
picorv32,cpuregs[12][24],train,pico_femto,processor,reg_to_reg,0.947812,0.94769335,0.00011865206909178472
picorv32,cpuregs[12][25],train,pico_femto,processor,reg_to_reg,0.991515,0.9916388,0.0001237796401977187
picorv32,cpuregs[12][26],train,pico_femto,processor,reg_to_reg,1.033106,1.0330795,2.6495033264239964e-05
picorv32,cpuregs[12][27],train,pico_femto,processor,reg_to_reg,1.03824,1.0381182,0.00012175678253179001
picorv32,cpuregs[12][28],train,pico_femto,processor,reg_to_reg,1.067744,1.067867,0.00012304063415524702
picorv32,cpuregs[12][29],train,pico_femto,processor,reg_to_reg,1.112199,1.1121981,8.856048583361087e-07
picorv32,cpuregs[12][2],train,pico_femto,processor,reg_to_reg,0.686035,0.6860582,2.3223247528125768e-05
picorv32,cpuregs[12][30],train,pico_femto,processor,reg_to_reg,1.138849,1.1387113,0.0001376667251586916
picorv32,cpuregs[12][31],train,pico_femto,processor,reg_to_reg,1.147017,1.147116,9.894581604008579e-05
picorv32,cpuregs[12][3],train,pico_femto,processor,reg_to_reg,0.686035,0.6860582,2.3223247528125768e-05
picorv32,cpuregs[12][4],train,pico_femto,processor,reg_to_reg,0.686035,0.6860582,2.3223247528125768e-05
picorv32,cpuregs[12][5],train,pico_femto,processor,reg_to_reg,0.686035,0.6860582,2.3223247528125768e-05
picorv32,cpuregs[12][6],train,pico_femto,processor,reg_to_reg,0.686035,0.68605614,2.1137084960987096e-05
picorv32,cpuregs[12][7],train,pico_femto,processor,reg_to_reg,0.686035,0.68605614,2.1137084960987096e-05
picorv32,cpuregs[12][8],train,pico_femto,processor,reg_to_reg,0.686035,0.68605614,2.1137084960987096e-05
picorv32,cpuregs[12][9],train,pico_femto,processor,reg_to_reg,0.686035,0.68605614,2.1137084960987096e-05
picorv32,cpuregs[13][0],train,pico_femto,processor,reg_to_reg,0.686035,0.6860582,2.3223247528125768e-05
picorv32,cpuregs[13][10],train,pico_femto,processor,reg_to_reg,0.686035,0.68605614,2.1137084960987096e-05
picorv32,cpuregs[13][11],train,pico_femto,processor,reg_to_reg,0.686035,0.68605614,2.1137084960987096e-05
picorv32,cpuregs[13][12],train,pico_femto,processor,reg_to_reg,0.686035,0.68605614,2.1137084960987096e-05
picorv32,cpuregs[13][13],train,pico_femto,processor,reg_to_reg,0.686035,0.68605614,2.1137084960987096e-05
picorv32,cpuregs[13][14],train,pico_femto,processor,reg_to_reg,0.686035,0.6872885,0.0012535227203369637
picorv32,cpuregs[13][15],train,pico_femto,processor,reg_to_reg,0.686035,0.6872885,0.0012535227203369637
picorv32,cpuregs[13][16],train,pico_femto,processor,reg_to_reg,0.720338,0.7203448,6.7818756103177336e-06
picorv32,cpuregs[13][17],train,pico_femto,processor,reg_to_reg,0.761929,0.76188016,4.8840621948209595e-05
picorv32,cpuregs[13][18],train,pico_femto,processor,reg_to_reg,0.766871,0.76666486,0.0002061373672485045
picorv32,cpuregs[13][19],train,pico_femto,processor,reg_to_reg,0.810574,0.81078666,0.00021266448593137977
picorv32,cpuregs[13][1],train,pico_femto,processor,reg_to_reg,0.686035,0.6860582,2.3223247528125768e-05
picorv32,cpuregs[13][20],train,pico_femto,processor,reg_to_reg,0.852166,0.85215324,1.2758365631082569e-05
picorv32,cpuregs[13][21],train,pico_femto,processor,reg_to_reg,0.85771,0.8575574,0.00015258403778073415
picorv32,cpuregs[13][22],train,pico_femto,processor,reg_to_reg,0.90128,0.9014626,0.00018261453628543034
picorv32,cpuregs[13][23],train,pico_femto,processor,reg_to_reg,0.942871,0.9428347,3.632468795777832e-05
picorv32,cpuregs[13][24],train,pico_femto,processor,reg_to_reg,0.947812,0.94769335,0.00011865206909178472
picorv32,cpuregs[13][25],train,pico_femto,processor,reg_to_reg,0.991515,0.9916388,0.0001237796401977187
picorv32,cpuregs[13][26],train,pico_femto,processor,reg_to_reg,1.033106,1.0330795,2.6495033264239964e-05
picorv32,cpuregs[13][27],train,pico_femto,processor,reg_to_reg,1.03824,1.0381182,0.00012175678253179001
picorv32,cpuregs[13][28],train,pico_femto,processor,reg_to_reg,1.067744,1.067867,0.00012304063415524702
picorv32,cpuregs[13][29],train,pico_femto,processor,reg_to_reg,1.112199,1.1121981,8.856048583361087e-07
picorv32,cpuregs[13][2],train,pico_femto,processor,reg_to_reg,0.686035,0.6860582,2.3223247528125768e-05
picorv32,cpuregs[13][30],train,pico_femto,processor,reg_to_reg,1.138849,1.1387113,0.0001376667251586916
picorv32,cpuregs[13][31],train,pico_femto,processor,reg_to_reg,1.147017,1.147116,9.894581604008579e-05
picorv32,cpuregs[13][3],train,pico_femto,processor,reg_to_reg,0.686035,0.6860582,2.3223247528125768e-05
picorv32,cpuregs[13][4],train,pico_femto,processor,reg_to_reg,0.686035,0.6860582,2.3223247528125768e-05
picorv32,cpuregs[13][5],train,pico_femto,processor,reg_to_reg,0.686035,0.6860582,2.3223247528125768e-05
picorv32,cpuregs[13][6],train,pico_femto,processor,reg_to_reg,0.686035,0.68605614,2.1137084960987096e-05
picorv32,cpuregs[13][7],train,pico_femto,processor,reg_to_reg,0.686035,0.68605614,2.1137084960987096e-05
picorv32,cpuregs[13][8],train,pico_femto,processor,reg_to_reg,0.686035,0.68605614,2.1137084960987096e-05
picorv32,cpuregs[13][9],train,pico_femto,processor,reg_to_reg,0.686035,0.68605614,2.1137084960987096e-05
picorv32,cpuregs[14][0],train,pico_femto,processor,reg_to_reg,0.686035,0.6860582,2.3223247528125768e-05
picorv32,cpuregs[14][10],train,pico_femto,processor,reg_to_reg,0.686035,0.68605614,2.1137084960987096e-05
picorv32,cpuregs[14][11],train,pico_femto,processor,reg_to_reg,0.686035,0.68605614,2.1137084960987096e-05
picorv32,cpuregs[14][12],train,pico_femto,processor,reg_to_reg,0.686035,0.68605614,2.1137084960987096e-05
picorv32,cpuregs[14][13],train,pico_femto,processor,reg_to_reg,0.686035,0.68605614,2.1137084960987096e-05
picorv32,cpuregs[14][14],train,pico_femto,processor,reg_to_reg,0.686035,0.6872885,0.0012535227203369637
picorv32,cpuregs[14][15],train,pico_femto,processor,reg_to_reg,0.686035,0.6872885,0.0012535227203369637
picorv32,cpuregs[14][16],train,pico_femto,processor,reg_to_reg,0.720338,0.7203448,6.7818756103177336e-06
picorv32,cpuregs[14][17],train,pico_femto,processor,reg_to_reg,0.761929,0.76188016,4.8840621948209595e-05
picorv32,cpuregs[14][18],train,pico_femto,processor,reg_to_reg,0.766871,0.76666486,0.0002061373672485045
picorv32,cpuregs[14][19],train,pico_femto,processor,reg_to_reg,0.810574,0.81078666,0.00021266448593137977
picorv32,cpuregs[14][1],train,pico_femto,processor,reg_to_reg,0.686035,0.6860582,2.3223247528125768e-05
picorv32,cpuregs[14][20],train,pico_femto,processor,reg_to_reg,0.852166,0.85215324,1.2758365631082569e-05
picorv32,cpuregs[14][21],train,pico_femto,processor,reg_to_reg,0.85771,0.8575574,0.00015258403778073415
picorv32,cpuregs[14][22],train,pico_femto,processor,reg_to_reg,0.90128,0.9014626,0.00018261453628543034
picorv32,cpuregs[14][23],train,pico_femto,processor,reg_to_reg,0.942871,0.9428347,3.632468795777832e-05
picorv32,cpuregs[14][24],train,pico_femto,processor,reg_to_reg,0.947812,0.94769335,0.00011865206909178472
picorv32,cpuregs[14][25],train,pico_femto,processor,reg_to_reg,0.991515,0.9916388,0.0001237796401977187
picorv32,cpuregs[14][26],train,pico_femto,processor,reg_to_reg,1.033106,1.0330795,2.6495033264239964e-05
picorv32,cpuregs[14][27],train,pico_femto,processor,reg_to_reg,1.03824,1.0381182,0.00012175678253179001
picorv32,cpuregs[14][28],train,pico_femto,processor,reg_to_reg,1.067744,1.067867,0.00012304063415524702
picorv32,cpuregs[14][29],train,pico_femto,processor,reg_to_reg,1.112199,1.1121981,8.856048583361087e-07
picorv32,cpuregs[14][2],train,pico_femto,processor,reg_to_reg,0.686035,0.6860582,2.3223247528125768e-05
picorv32,cpuregs[14][30],train,pico_femto,processor,reg_to_reg,1.138849,1.1387113,0.0001376667251586916
picorv32,cpuregs[14][31],train,pico_femto,processor,reg_to_reg,1.147017,1.147116,9.894581604008579e-05
picorv32,cpuregs[14][3],train,pico_femto,processor,reg_to_reg,0.686035,0.6860582,2.3223247528125768e-05
picorv32,cpuregs[14][4],train,pico_femto,processor,reg_to_reg,0.686035,0.6860582,2.3223247528125768e-05
picorv32,cpuregs[14][5],train,pico_femto,processor,reg_to_reg,0.686035,0.6860582,2.3223247528125768e-05
picorv32,cpuregs[14][6],train,pico_femto,processor,reg_to_reg,0.686035,0.68605614,2.1137084960987096e-05
picorv32,cpuregs[14][7],train,pico_femto,processor,reg_to_reg,0.686035,0.68605614,2.1137084960987096e-05
picorv32,cpuregs[14][8],train,pico_femto,processor,reg_to_reg,0.686035,0.68605614,2.1137084960987096e-05
picorv32,cpuregs[14][9],train,pico_femto,processor,reg_to_reg,0.686035,0.68605614,2.1137084960987096e-05
picorv32,cpuregs[15][0],train,pico_femto,processor,reg_to_reg,0.686035,0.6860582,2.3223247528125768e-05
picorv32,cpuregs[15][10],train,pico_femto,processor,reg_to_reg,0.686035,0.68605614,2.1137084960987096e-05
picorv32,cpuregs[15][11],train,pico_femto,processor,reg_to_reg,0.686035,0.68605614,2.1137084960987096e-05
picorv32,cpuregs[15][12],train,pico_femto,processor,reg_to_reg,0.686035,0.68605614,2.1137084960987096e-05
picorv32,cpuregs[15][13],train,pico_femto,processor,reg_to_reg,0.686035,0.68605614,2.1137084960987096e-05
picorv32,cpuregs[15][14],train,pico_femto,processor,reg_to_reg,0.686035,0.6872885,0.0012535227203369637
picorv32,cpuregs[15][15],train,pico_femto,processor,reg_to_reg,0.686035,0.6872885,0.0012535227203369637
picorv32,cpuregs[15][16],train,pico_femto,processor,reg_to_reg,0.720338,0.7203448,6.7818756103177336e-06
picorv32,cpuregs[15][17],train,pico_femto,processor,reg_to_reg,0.761929,0.76188016,4.8840621948209595e-05
picorv32,cpuregs[15][18],train,pico_femto,processor,reg_to_reg,0.766871,0.76666486,0.0002061373672485045
picorv32,cpuregs[15][19],train,pico_femto,processor,reg_to_reg,0.810574,0.81078666,0.00021266448593137977
picorv32,cpuregs[15][1],train,pico_femto,processor,reg_to_reg,0.686035,0.6860582,2.3223247528125768e-05
picorv32,cpuregs[15][20],train,pico_femto,processor,reg_to_reg,0.852166,0.85215324,1.2758365631082569e-05
picorv32,cpuregs[15][21],train,pico_femto,processor,reg_to_reg,0.85771,0.8575574,0.00015258403778073415
picorv32,cpuregs[15][22],train,pico_femto,processor,reg_to_reg,0.90128,0.9014626,0.00018261453628543034
picorv32,cpuregs[15][23],train,pico_femto,processor,reg_to_reg,0.942871,0.9428347,3.632468795777832e-05
picorv32,cpuregs[15][24],train,pico_femto,processor,reg_to_reg,0.947812,0.94769335,0.00011865206909178472
picorv32,cpuregs[15][25],train,pico_femto,processor,reg_to_reg,0.991515,0.9916388,0.0001237796401977187
picorv32,cpuregs[15][26],train,pico_femto,processor,reg_to_reg,1.033106,1.0330795,2.6495033264239964e-05
picorv32,cpuregs[15][27],train,pico_femto,processor,reg_to_reg,1.03824,1.0381182,0.00012175678253179001
picorv32,cpuregs[15][28],train,pico_femto,processor,reg_to_reg,1.067744,1.067867,0.00012304063415524702
picorv32,cpuregs[15][29],train,pico_femto,processor,reg_to_reg,1.112199,1.1121981,8.856048583361087e-07
picorv32,cpuregs[15][2],train,pico_femto,processor,reg_to_reg,0.686035,0.6860582,2.3223247528125768e-05
picorv32,cpuregs[15][30],train,pico_femto,processor,reg_to_reg,1.138849,1.1387113,0.0001376667251586916
picorv32,cpuregs[15][31],train,pico_femto,processor,reg_to_reg,1.147017,1.147116,9.894581604008579e-05
picorv32,cpuregs[15][3],train,pico_femto,processor,reg_to_reg,0.686035,0.6860582,2.3223247528125768e-05
picorv32,cpuregs[15][4],train,pico_femto,processor,reg_to_reg,0.686035,0.6860582,2.3223247528125768e-05
picorv32,cpuregs[15][5],train,pico_femto,processor,reg_to_reg,0.686035,0.6860582,2.3223247528125768e-05
picorv32,cpuregs[15][6],train,pico_femto,processor,reg_to_reg,0.686035,0.68605614,2.1137084960987096e-05
picorv32,cpuregs[15][7],train,pico_femto,processor,reg_to_reg,0.686035,0.68605614,2.1137084960987096e-05
picorv32,cpuregs[15][8],train,pico_femto,processor,reg_to_reg,0.686035,0.68605614,2.1137084960987096e-05
picorv32,cpuregs[15][9],train,pico_femto,processor,reg_to_reg,0.686035,0.68605614,2.1137084960987096e-05
picorv32,cpuregs[16][0],train,pico_femto,processor,reg_to_reg,0.686035,0.6860582,2.3223247528125768e-05
picorv32,cpuregs[16][10],train,pico_femto,processor,reg_to_reg,0.686035,0.68605614,2.1137084960987096e-05
picorv32,cpuregs[16][11],train,pico_femto,processor,reg_to_reg,0.686035,0.68605614,2.1137084960987096e-05
picorv32,cpuregs[16][12],train,pico_femto,processor,reg_to_reg,0.686035,0.68605614,2.1137084960987096e-05
picorv32,cpuregs[16][13],train,pico_femto,processor,reg_to_reg,0.686035,0.68605614,2.1137084960987096e-05
picorv32,cpuregs[16][14],train,pico_femto,processor,reg_to_reg,0.686035,0.6872885,0.0012535227203369637
picorv32,cpuregs[16][15],train,pico_femto,processor,reg_to_reg,0.686035,0.6872885,0.0012535227203369637
picorv32,cpuregs[16][16],train,pico_femto,processor,reg_to_reg,0.720338,0.7203448,6.7818756103177336e-06
picorv32,cpuregs[16][17],train,pico_femto,processor,reg_to_reg,0.761929,0.76188016,4.8840621948209595e-05
picorv32,cpuregs[16][18],train,pico_femto,processor,reg_to_reg,0.766871,0.76666486,0.0002061373672485045
picorv32,cpuregs[16][19],train,pico_femto,processor,reg_to_reg,0.810574,0.81078666,0.00021266448593137977
picorv32,cpuregs[16][1],train,pico_femto,processor,reg_to_reg,0.686035,0.6860582,2.3223247528125768e-05
picorv32,cpuregs[16][20],train,pico_femto,processor,reg_to_reg,0.852166,0.85215324,1.2758365631082569e-05
picorv32,cpuregs[16][21],train,pico_femto,processor,reg_to_reg,0.85771,0.8575574,0.00015258403778073415
picorv32,cpuregs[16][22],train,pico_femto,processor,reg_to_reg,0.90128,0.9014626,0.00018261453628543034
picorv32,cpuregs[16][23],train,pico_femto,processor,reg_to_reg,0.942871,0.9428347,3.632468795777832e-05
picorv32,cpuregs[16][24],train,pico_femto,processor,reg_to_reg,0.947812,0.94769335,0.00011865206909178472
picorv32,cpuregs[16][25],train,pico_femto,processor,reg_to_reg,0.991515,0.9916388,0.0001237796401977187
picorv32,cpuregs[16][26],train,pico_femto,processor,reg_to_reg,1.033106,1.0330795,2.6495033264239964e-05
picorv32,cpuregs[16][27],train,pico_femto,processor,reg_to_reg,1.03824,1.0381182,0.00012175678253179001
picorv32,cpuregs[16][28],train,pico_femto,processor,reg_to_reg,1.067744,1.067867,0.00012304063415524702
picorv32,cpuregs[16][29],train,pico_femto,processor,reg_to_reg,1.112199,1.1121981,8.856048583361087e-07
picorv32,cpuregs[16][2],train,pico_femto,processor,reg_to_reg,0.686035,0.6860582,2.3223247528125768e-05
picorv32,cpuregs[16][30],train,pico_femto,processor,reg_to_reg,1.138849,1.1387113,0.0001376667251586916
picorv32,cpuregs[16][31],train,pico_femto,processor,reg_to_reg,1.147017,1.147116,9.894581604008579e-05
picorv32,cpuregs[16][3],train,pico_femto,processor,reg_to_reg,0.686035,0.6860582,2.3223247528125768e-05
picorv32,cpuregs[16][4],train,pico_femto,processor,reg_to_reg,0.686035,0.6860582,2.3223247528125768e-05
picorv32,cpuregs[16][5],train,pico_femto,processor,reg_to_reg,0.686035,0.6860582,2.3223247528125768e-05
picorv32,cpuregs[16][6],train,pico_femto,processor,reg_to_reg,0.686035,0.68605614,2.1137084960987096e-05
picorv32,cpuregs[16][7],train,pico_femto,processor,reg_to_reg,0.686035,0.68605614,2.1137084960987096e-05
picorv32,cpuregs[16][8],train,pico_femto,processor,reg_to_reg,0.686035,0.68605614,2.1137084960987096e-05
picorv32,cpuregs[16][9],train,pico_femto,processor,reg_to_reg,0.686035,0.68605614,2.1137084960987096e-05
picorv32,cpuregs[17][0],train,pico_femto,processor,reg_to_reg,0.686035,0.6860582,2.3223247528125768e-05
picorv32,cpuregs[17][10],train,pico_femto,processor,reg_to_reg,0.686035,0.68605614,2.1137084960987096e-05
picorv32,cpuregs[17][11],train,pico_femto,processor,reg_to_reg,0.686035,0.68605614,2.1137084960987096e-05
picorv32,cpuregs[17][12],train,pico_femto,processor,reg_to_reg,0.686035,0.68605614,2.1137084960987096e-05
picorv32,cpuregs[17][13],train,pico_femto,processor,reg_to_reg,0.686035,0.68605614,2.1137084960987096e-05
picorv32,cpuregs[17][14],train,pico_femto,processor,reg_to_reg,0.686035,0.6872885,0.0012535227203369637
picorv32,cpuregs[17][15],train,pico_femto,processor,reg_to_reg,0.686035,0.6872885,0.0012535227203369637
picorv32,cpuregs[17][16],train,pico_femto,processor,reg_to_reg,0.720338,0.7203448,6.7818756103177336e-06
picorv32,cpuregs[17][17],train,pico_femto,processor,reg_to_reg,0.761929,0.76188016,4.8840621948209595e-05
picorv32,cpuregs[17][18],train,pico_femto,processor,reg_to_reg,0.766871,0.76666486,0.0002061373672485045
picorv32,cpuregs[17][19],train,pico_femto,processor,reg_to_reg,0.810574,0.81078666,0.00021266448593137977
picorv32,cpuregs[17][1],train,pico_femto,processor,reg_to_reg,0.686035,0.6860582,2.3223247528125768e-05
picorv32,cpuregs[17][20],train,pico_femto,processor,reg_to_reg,0.852166,0.85215324,1.2758365631082569e-05
picorv32,cpuregs[17][21],train,pico_femto,processor,reg_to_reg,0.85771,0.8575574,0.00015258403778073415
picorv32,cpuregs[17][22],train,pico_femto,processor,reg_to_reg,0.90128,0.9014626,0.00018261453628543034
picorv32,cpuregs[17][23],train,pico_femto,processor,reg_to_reg,0.942871,0.9428347,3.632468795777832e-05
picorv32,cpuregs[17][24],train,pico_femto,processor,reg_to_reg,0.947812,0.94769335,0.00011865206909178472
picorv32,cpuregs[17][25],train,pico_femto,processor,reg_to_reg,0.991515,0.9916388,0.0001237796401977187
picorv32,cpuregs[17][26],train,pico_femto,processor,reg_to_reg,1.033106,1.0330795,2.6495033264239964e-05
picorv32,cpuregs[17][27],train,pico_femto,processor,reg_to_reg,1.03824,1.0381182,0.00012175678253179001
picorv32,cpuregs[17][28],train,pico_femto,processor,reg_to_reg,1.067744,1.067867,0.00012304063415524702
picorv32,cpuregs[17][29],train,pico_femto,processor,reg_to_reg,1.112199,1.1121981,8.856048583361087e-07
picorv32,cpuregs[17][2],train,pico_femto,processor,reg_to_reg,0.686035,0.6860582,2.3223247528125768e-05
picorv32,cpuregs[17][30],train,pico_femto,processor,reg_to_reg,1.138849,1.1387113,0.0001376667251586916
picorv32,cpuregs[17][31],train,pico_femto,processor,reg_to_reg,1.147017,1.147116,9.894581604008579e-05
picorv32,cpuregs[17][3],train,pico_femto,processor,reg_to_reg,0.686035,0.6860582,2.3223247528125768e-05
picorv32,cpuregs[17][4],train,pico_femto,processor,reg_to_reg,0.686035,0.6860582,2.3223247528125768e-05
picorv32,cpuregs[17][5],train,pico_femto,processor,reg_to_reg,0.686035,0.6860582,2.3223247528125768e-05
picorv32,cpuregs[17][6],train,pico_femto,processor,reg_to_reg,0.686035,0.68605614,2.1137084960987096e-05
picorv32,cpuregs[17][7],train,pico_femto,processor,reg_to_reg,0.686035,0.68605614,2.1137084960987096e-05
picorv32,cpuregs[17][8],train,pico_femto,processor,reg_to_reg,0.686035,0.68605614,2.1137084960987096e-05
picorv32,cpuregs[17][9],train,pico_femto,processor,reg_to_reg,0.686035,0.68605614,2.1137084960987096e-05
picorv32,cpuregs[18][0],train,pico_femto,processor,reg_to_reg,0.686035,0.6860582,2.3223247528125768e-05
picorv32,cpuregs[18][10],train,pico_femto,processor,reg_to_reg,0.686035,0.68605614,2.1137084960987096e-05
picorv32,cpuregs[18][11],train,pico_femto,processor,reg_to_reg,0.686035,0.68605614,2.1137084960987096e-05
picorv32,cpuregs[18][12],train,pico_femto,processor,reg_to_reg,0.686035,0.68605614,2.1137084960987096e-05
picorv32,cpuregs[18][13],train,pico_femto,processor,reg_to_reg,0.686035,0.68605614,2.1137084960987096e-05
picorv32,cpuregs[18][14],train,pico_femto,processor,reg_to_reg,0.686035,0.6872885,0.0012535227203369637
picorv32,cpuregs[18][15],train,pico_femto,processor,reg_to_reg,0.686035,0.6872885,0.0012535227203369637
picorv32,cpuregs[18][16],train,pico_femto,processor,reg_to_reg,0.720338,0.7203448,6.7818756103177336e-06
picorv32,cpuregs[18][17],train,pico_femto,processor,reg_to_reg,0.761929,0.76188016,4.8840621948209595e-05
picorv32,cpuregs[18][18],train,pico_femto,processor,reg_to_reg,0.766871,0.76666486,0.0002061373672485045
picorv32,cpuregs[18][19],train,pico_femto,processor,reg_to_reg,0.810574,0.81078666,0.00021266448593137977
picorv32,cpuregs[18][1],train,pico_femto,processor,reg_to_reg,0.686035,0.6860582,2.3223247528125768e-05
picorv32,cpuregs[18][20],train,pico_femto,processor,reg_to_reg,0.852166,0.85215324,1.2758365631082569e-05
picorv32,cpuregs[18][21],train,pico_femto,processor,reg_to_reg,0.85771,0.8575574,0.00015258403778073415
picorv32,cpuregs[18][22],train,pico_femto,processor,reg_to_reg,0.90128,0.9014626,0.00018261453628543034
picorv32,cpuregs[18][23],train,pico_femto,processor,reg_to_reg,0.942871,0.9428347,3.632468795777832e-05
picorv32,cpuregs[18][24],train,pico_femto,processor,reg_to_reg,0.947812,0.94769335,0.00011865206909178472
picorv32,cpuregs[18][25],train,pico_femto,processor,reg_to_reg,0.991515,0.9916388,0.0001237796401977187
picorv32,cpuregs[18][26],train,pico_femto,processor,reg_to_reg,1.033106,1.0330795,2.6495033264239964e-05
picorv32,cpuregs[18][27],train,pico_femto,processor,reg_to_reg,1.03824,1.0381182,0.00012175678253179001
picorv32,cpuregs[18][28],train,pico_femto,processor,reg_to_reg,1.067744,1.067867,0.00012304063415524702
picorv32,cpuregs[18][29],train,pico_femto,processor,reg_to_reg,1.112199,1.1121981,8.856048583361087e-07
picorv32,cpuregs[18][2],train,pico_femto,processor,reg_to_reg,0.686035,0.6860582,2.3223247528125768e-05
picorv32,cpuregs[18][30],train,pico_femto,processor,reg_to_reg,1.138849,1.1387113,0.0001376667251586916
picorv32,cpuregs[18][31],train,pico_femto,processor,reg_to_reg,1.147017,1.147116,9.894581604008579e-05
picorv32,cpuregs[18][3],train,pico_femto,processor,reg_to_reg,0.686035,0.6860582,2.3223247528125768e-05
picorv32,cpuregs[18][4],train,pico_femto,processor,reg_to_reg,0.686035,0.6860582,2.3223247528125768e-05
picorv32,cpuregs[18][5],train,pico_femto,processor,reg_to_reg,0.686035,0.6860582,2.3223247528125768e-05
picorv32,cpuregs[18][6],train,pico_femto,processor,reg_to_reg,0.686035,0.68605614,2.1137084960987096e-05
picorv32,cpuregs[18][7],train,pico_femto,processor,reg_to_reg,0.686035,0.68605614,2.1137084960987096e-05
picorv32,cpuregs[18][8],train,pico_femto,processor,reg_to_reg,0.686035,0.68605614,2.1137084960987096e-05
picorv32,cpuregs[18][9],train,pico_femto,processor,reg_to_reg,0.686035,0.68605614,2.1137084960987096e-05
picorv32,cpuregs[19][0],train,pico_femto,processor,reg_to_reg,0.686035,0.6860582,2.3223247528125768e-05
picorv32,cpuregs[19][10],train,pico_femto,processor,reg_to_reg,0.686035,0.68605614,2.1137084960987096e-05
picorv32,cpuregs[19][11],train,pico_femto,processor,reg_to_reg,0.686035,0.68605614,2.1137084960987096e-05
picorv32,cpuregs[19][12],train,pico_femto,processor,reg_to_reg,0.686035,0.68605614,2.1137084960987096e-05
picorv32,cpuregs[19][13],train,pico_femto,processor,reg_to_reg,0.686035,0.68605614,2.1137084960987096e-05
picorv32,cpuregs[19][14],train,pico_femto,processor,reg_to_reg,0.686035,0.6872885,0.0012535227203369637
picorv32,cpuregs[19][15],train,pico_femto,processor,reg_to_reg,0.686035,0.6872885,0.0012535227203369637
picorv32,cpuregs[19][16],train,pico_femto,processor,reg_to_reg,0.720338,0.7203448,6.7818756103177336e-06
picorv32,cpuregs[19][17],train,pico_femto,processor,reg_to_reg,0.761929,0.76188016,4.8840621948209595e-05
picorv32,cpuregs[19][18],train,pico_femto,processor,reg_to_reg,0.766871,0.76666486,0.0002061373672485045
picorv32,cpuregs[19][19],train,pico_femto,processor,reg_to_reg,0.810574,0.81078666,0.00021266448593137977
picorv32,cpuregs[19][1],train,pico_femto,processor,reg_to_reg,0.686035,0.6860582,2.3223247528125768e-05
picorv32,cpuregs[19][20],train,pico_femto,processor,reg_to_reg,0.852166,0.85215324,1.2758365631082569e-05
picorv32,cpuregs[19][21],train,pico_femto,processor,reg_to_reg,0.85771,0.8575574,0.00015258403778073415
picorv32,cpuregs[19][22],train,pico_femto,processor,reg_to_reg,0.90128,0.9014626,0.00018261453628543034
picorv32,cpuregs[19][23],train,pico_femto,processor,reg_to_reg,0.942871,0.9428347,3.632468795777832e-05
picorv32,cpuregs[19][24],train,pico_femto,processor,reg_to_reg,0.947812,0.94769335,0.00011865206909178472
picorv32,cpuregs[19][25],train,pico_femto,processor,reg_to_reg,0.991515,0.9916388,0.0001237796401977187
picorv32,cpuregs[19][26],train,pico_femto,processor,reg_to_reg,1.033106,1.0330795,2.6495033264239964e-05
picorv32,cpuregs[19][27],train,pico_femto,processor,reg_to_reg,1.03824,1.0381182,0.00012175678253179001
picorv32,cpuregs[19][28],train,pico_femto,processor,reg_to_reg,1.067744,1.067867,0.00012304063415524702
picorv32,cpuregs[19][29],train,pico_femto,processor,reg_to_reg,1.112199,1.1121981,8.856048583361087e-07
picorv32,cpuregs[19][2],train,pico_femto,processor,reg_to_reg,0.686035,0.6860582,2.3223247528125768e-05
picorv32,cpuregs[19][30],train,pico_femto,processor,reg_to_reg,1.138849,1.1387113,0.0001376667251586916
picorv32,cpuregs[19][31],train,pico_femto,processor,reg_to_reg,1.147017,1.147116,9.894581604008579e-05
picorv32,cpuregs[19][3],train,pico_femto,processor,reg_to_reg,0.686035,0.6860582,2.3223247528125768e-05
picorv32,cpuregs[19][4],train,pico_femto,processor,reg_to_reg,0.686035,0.6860582,2.3223247528125768e-05
picorv32,cpuregs[19][5],train,pico_femto,processor,reg_to_reg,0.686035,0.6860582,2.3223247528125768e-05
picorv32,cpuregs[19][6],train,pico_femto,processor,reg_to_reg,0.686035,0.68605614,2.1137084960987096e-05
picorv32,cpuregs[19][7],train,pico_femto,processor,reg_to_reg,0.686035,0.68605614,2.1137084960987096e-05
picorv32,cpuregs[19][8],train,pico_femto,processor,reg_to_reg,0.686035,0.68605614,2.1137084960987096e-05
picorv32,cpuregs[19][9],train,pico_femto,processor,reg_to_reg,0.686035,0.68605614,2.1137084960987096e-05
picorv32,cpuregs[1][0],train,pico_femto,processor,reg_to_reg,0.690595,0.6904209,0.00017407438278194132
picorv32,cpuregs[1][10],train,pico_femto,processor,reg_to_reg,0.690595,0.690495,9.998580932613077e-05
picorv32,cpuregs[1][11],train,pico_femto,processor,reg_to_reg,0.690595,0.690495,9.998580932613077e-05
picorv32,cpuregs[1][12],train,pico_femto,processor,reg_to_reg,0.690595,0.690495,9.998580932613077e-05
picorv32,cpuregs[1][13],train,pico_femto,processor,reg_to_reg,0.690595,0.690495,9.998580932613077e-05
picorv32,cpuregs[1][14],train,pico_femto,processor,reg_to_reg,0.690595,0.6872885,0.003306477279663045
picorv32,cpuregs[1][15],train,pico_femto,processor,reg_to_reg,0.690595,0.6872885,0.003306477279663045
picorv32,cpuregs[1][16],train,pico_femto,processor,reg_to_reg,0.720338,0.7203448,6.7818756103177336e-06
picorv32,cpuregs[1][17],train,pico_femto,processor,reg_to_reg,0.761929,0.76188016,4.8840621948209595e-05
picorv32,cpuregs[1][18],train,pico_femto,processor,reg_to_reg,0.766871,0.76666486,0.0002061373672485045
picorv32,cpuregs[1][19],train,pico_femto,processor,reg_to_reg,0.810574,0.81078666,0.00021266448593137977
picorv32,cpuregs[1][1],train,pico_femto,processor,reg_to_reg,0.690595,0.6904209,0.00017407438278194132
picorv32,cpuregs[1][20],train,pico_femto,processor,reg_to_reg,0.852166,0.85215324,1.2758365631082569e-05
picorv32,cpuregs[1][21],train,pico_femto,processor,reg_to_reg,0.85771,0.8575574,0.00015258403778073415
picorv32,cpuregs[1][22],train,pico_femto,processor,reg_to_reg,0.90128,0.9014626,0.00018261453628543034
picorv32,cpuregs[1][23],train,pico_femto,processor,reg_to_reg,0.942871,0.9428347,3.632468795777832e-05
picorv32,cpuregs[1][24],train,pico_femto,processor,reg_to_reg,0.947812,0.94769335,0.00011865206909178472
picorv32,cpuregs[1][25],train,pico_femto,processor,reg_to_reg,0.991515,0.9916388,0.0001237796401977187
picorv32,cpuregs[1][26],train,pico_femto,processor,reg_to_reg,1.033106,1.0330795,2.6495033264239964e-05
picorv32,cpuregs[1][27],train,pico_femto,processor,reg_to_reg,1.03824,1.0381182,0.00012175678253179001
picorv32,cpuregs[1][28],train,pico_femto,processor,reg_to_reg,1.067744,1.067867,0.00012304063415524702
picorv32,cpuregs[1][29],train,pico_femto,processor,reg_to_reg,1.112199,1.1121981,8.856048583361087e-07
picorv32,cpuregs[1][2],train,pico_femto,processor,reg_to_reg,0.690595,0.6904209,0.00017407438278194132
picorv32,cpuregs[1][30],train,pico_femto,processor,reg_to_reg,1.138849,1.1387113,0.0001376667251586916
picorv32,cpuregs[1][31],train,pico_femto,processor,reg_to_reg,1.147017,1.147116,9.894581604008579e-05
picorv32,cpuregs[1][3],train,pico_femto,processor,reg_to_reg,0.690595,0.6904209,0.00017407438278194132
picorv32,cpuregs[1][4],train,pico_femto,processor,reg_to_reg,0.690595,0.6904209,0.00017407438278194132
picorv32,cpuregs[1][5],train,pico_femto,processor,reg_to_reg,0.690595,0.6904209,0.00017407438278194132
picorv32,cpuregs[1][6],train,pico_femto,processor,reg_to_reg,0.690595,0.690495,9.998580932613077e-05
picorv32,cpuregs[1][7],train,pico_femto,processor,reg_to_reg,0.690595,0.690495,9.998580932613077e-05
picorv32,cpuregs[1][8],train,pico_femto,processor,reg_to_reg,0.690595,0.690495,9.998580932613077e-05
picorv32,cpuregs[1][9],train,pico_femto,processor,reg_to_reg,0.690595,0.690495,9.998580932613077e-05
picorv32,cpuregs[20][0],train,pico_femto,processor,reg_to_reg,0.686035,0.6860582,2.3223247528125768e-05
picorv32,cpuregs[20][10],train,pico_femto,processor,reg_to_reg,0.686035,0.68605614,2.1137084960987096e-05
picorv32,cpuregs[20][11],train,pico_femto,processor,reg_to_reg,0.686035,0.68605614,2.1137084960987096e-05
picorv32,cpuregs[20][12],train,pico_femto,processor,reg_to_reg,0.686035,0.68605614,2.1137084960987096e-05
picorv32,cpuregs[20][13],train,pico_femto,processor,reg_to_reg,0.686035,0.68605614,2.1137084960987096e-05
picorv32,cpuregs[20][14],train,pico_femto,processor,reg_to_reg,0.686035,0.6872885,0.0012535227203369637
picorv32,cpuregs[20][15],train,pico_femto,processor,reg_to_reg,0.686035,0.6872885,0.0012535227203369637
picorv32,cpuregs[20][16],train,pico_femto,processor,reg_to_reg,0.720338,0.7203448,6.7818756103177336e-06
picorv32,cpuregs[20][17],train,pico_femto,processor,reg_to_reg,0.761929,0.76188016,4.8840621948209595e-05
picorv32,cpuregs[20][18],train,pico_femto,processor,reg_to_reg,0.766871,0.76666486,0.0002061373672485045
picorv32,cpuregs[20][19],train,pico_femto,processor,reg_to_reg,0.810574,0.81078666,0.00021266448593137977
picorv32,cpuregs[20][1],train,pico_femto,processor,reg_to_reg,0.686035,0.6860582,2.3223247528125768e-05
picorv32,cpuregs[20][20],train,pico_femto,processor,reg_to_reg,0.852166,0.85215324,1.2758365631082569e-05
picorv32,cpuregs[20][21],train,pico_femto,processor,reg_to_reg,0.85771,0.8575574,0.00015258403778073415
picorv32,cpuregs[20][22],train,pico_femto,processor,reg_to_reg,0.90128,0.9014626,0.00018261453628543034
picorv32,cpuregs[20][23],train,pico_femto,processor,reg_to_reg,0.942871,0.9428347,3.632468795777832e-05
picorv32,cpuregs[20][24],train,pico_femto,processor,reg_to_reg,0.947812,0.94769335,0.00011865206909178472
picorv32,cpuregs[20][25],train,pico_femto,processor,reg_to_reg,0.991515,0.9916388,0.0001237796401977187
picorv32,cpuregs[20][26],train,pico_femto,processor,reg_to_reg,1.033106,1.0330795,2.6495033264239964e-05
picorv32,cpuregs[20][27],train,pico_femto,processor,reg_to_reg,1.03824,1.0381182,0.00012175678253179001
picorv32,cpuregs[20][28],train,pico_femto,processor,reg_to_reg,1.067744,1.067867,0.00012304063415524702
picorv32,cpuregs[20][29],train,pico_femto,processor,reg_to_reg,1.112199,1.1121981,8.856048583361087e-07
picorv32,cpuregs[20][2],train,pico_femto,processor,reg_to_reg,0.686035,0.6860582,2.3223247528125768e-05
picorv32,cpuregs[20][30],train,pico_femto,processor,reg_to_reg,1.138849,1.1387113,0.0001376667251586916
picorv32,cpuregs[20][31],train,pico_femto,processor,reg_to_reg,1.147017,1.147116,9.894581604008579e-05
picorv32,cpuregs[20][3],train,pico_femto,processor,reg_to_reg,0.686035,0.6860582,2.3223247528125768e-05
picorv32,cpuregs[20][4],train,pico_femto,processor,reg_to_reg,0.686035,0.6860582,2.3223247528125768e-05
picorv32,cpuregs[20][5],train,pico_femto,processor,reg_to_reg,0.686035,0.6860582,2.3223247528125768e-05
picorv32,cpuregs[20][6],train,pico_femto,processor,reg_to_reg,0.686035,0.68605614,2.1137084960987096e-05
picorv32,cpuregs[20][7],train,pico_femto,processor,reg_to_reg,0.686035,0.68605614,2.1137084960987096e-05
picorv32,cpuregs[20][8],train,pico_femto,processor,reg_to_reg,0.686035,0.68605614,2.1137084960987096e-05
picorv32,cpuregs[20][9],train,pico_femto,processor,reg_to_reg,0.686035,0.68605614,2.1137084960987096e-05
picorv32,cpuregs[21][0],train,pico_femto,processor,reg_to_reg,0.686035,0.6860582,2.3223247528125768e-05
picorv32,cpuregs[21][10],train,pico_femto,processor,reg_to_reg,0.686035,0.68605614,2.1137084960987096e-05
picorv32,cpuregs[21][11],train,pico_femto,processor,reg_to_reg,0.686035,0.68605614,2.1137084960987096e-05
picorv32,cpuregs[21][12],train,pico_femto,processor,reg_to_reg,0.686035,0.68605614,2.1137084960987096e-05
picorv32,cpuregs[21][13],train,pico_femto,processor,reg_to_reg,0.686035,0.68605614,2.1137084960987096e-05
picorv32,cpuregs[21][14],train,pico_femto,processor,reg_to_reg,0.686035,0.6872885,0.0012535227203369637
picorv32,cpuregs[21][15],train,pico_femto,processor,reg_to_reg,0.686035,0.6872885,0.0012535227203369637
picorv32,cpuregs[21][16],train,pico_femto,processor,reg_to_reg,0.720338,0.7203448,6.7818756103177336e-06
picorv32,cpuregs[21][17],train,pico_femto,processor,reg_to_reg,0.761929,0.76188016,4.8840621948209595e-05
picorv32,cpuregs[21][18],train,pico_femto,processor,reg_to_reg,0.766871,0.76666486,0.0002061373672485045
picorv32,cpuregs[21][19],train,pico_femto,processor,reg_to_reg,0.810574,0.81078666,0.00021266448593137977
picorv32,cpuregs[21][1],train,pico_femto,processor,reg_to_reg,0.686035,0.6860582,2.3223247528125768e-05
picorv32,cpuregs[21][20],train,pico_femto,processor,reg_to_reg,0.852166,0.85215324,1.2758365631082569e-05
picorv32,cpuregs[21][21],train,pico_femto,processor,reg_to_reg,0.85771,0.8575574,0.00015258403778073415
picorv32,cpuregs[21][22],train,pico_femto,processor,reg_to_reg,0.90128,0.9014626,0.00018261453628543034
picorv32,cpuregs[21][23],train,pico_femto,processor,reg_to_reg,0.942871,0.9428347,3.632468795777832e-05
picorv32,cpuregs[21][24],train,pico_femto,processor,reg_to_reg,0.947812,0.94769335,0.00011865206909178472
picorv32,cpuregs[21][25],train,pico_femto,processor,reg_to_reg,0.991515,0.9916388,0.0001237796401977187
picorv32,cpuregs[21][26],train,pico_femto,processor,reg_to_reg,1.033106,1.0330795,2.6495033264239964e-05
picorv32,cpuregs[21][27],train,pico_femto,processor,reg_to_reg,1.03824,1.0381182,0.00012175678253179001
picorv32,cpuregs[21][28],train,pico_femto,processor,reg_to_reg,1.067744,1.067867,0.00012304063415524702
picorv32,cpuregs[21][29],train,pico_femto,processor,reg_to_reg,1.112199,1.1121981,8.856048583361087e-07
picorv32,cpuregs[21][2],train,pico_femto,processor,reg_to_reg,0.686035,0.6860582,2.3223247528125768e-05
picorv32,cpuregs[21][30],train,pico_femto,processor,reg_to_reg,1.138849,1.1387113,0.0001376667251586916
picorv32,cpuregs[21][31],train,pico_femto,processor,reg_to_reg,1.147017,1.147116,9.894581604008579e-05
picorv32,cpuregs[21][3],train,pico_femto,processor,reg_to_reg,0.686035,0.6860582,2.3223247528125768e-05
picorv32,cpuregs[21][4],train,pico_femto,processor,reg_to_reg,0.686035,0.6860582,2.3223247528125768e-05
picorv32,cpuregs[21][5],train,pico_femto,processor,reg_to_reg,0.686035,0.6860582,2.3223247528125768e-05
picorv32,cpuregs[21][6],train,pico_femto,processor,reg_to_reg,0.686035,0.68605614,2.1137084960987096e-05
picorv32,cpuregs[21][7],train,pico_femto,processor,reg_to_reg,0.686035,0.68605614,2.1137084960987096e-05
picorv32,cpuregs[21][8],train,pico_femto,processor,reg_to_reg,0.686035,0.68605614,2.1137084960987096e-05
picorv32,cpuregs[21][9],train,pico_femto,processor,reg_to_reg,0.686035,0.68605614,2.1137084960987096e-05
picorv32,cpuregs[22][0],train,pico_femto,processor,reg_to_reg,0.686035,0.6860582,2.3223247528125768e-05
picorv32,cpuregs[22][10],train,pico_femto,processor,reg_to_reg,0.686035,0.68605614,2.1137084960987096e-05
picorv32,cpuregs[22][11],train,pico_femto,processor,reg_to_reg,0.686035,0.68605614,2.1137084960987096e-05
picorv32,cpuregs[22][12],train,pico_femto,processor,reg_to_reg,0.686035,0.68605614,2.1137084960987096e-05
picorv32,cpuregs[22][13],train,pico_femto,processor,reg_to_reg,0.686035,0.68605614,2.1137084960987096e-05
picorv32,cpuregs[22][14],train,pico_femto,processor,reg_to_reg,0.686035,0.6872885,0.0012535227203369637
picorv32,cpuregs[22][15],train,pico_femto,processor,reg_to_reg,0.686035,0.6872885,0.0012535227203369637
picorv32,cpuregs[22][16],train,pico_femto,processor,reg_to_reg,0.720338,0.7203448,6.7818756103177336e-06
picorv32,cpuregs[22][17],train,pico_femto,processor,reg_to_reg,0.761929,0.76188016,4.8840621948209595e-05
picorv32,cpuregs[22][18],train,pico_femto,processor,reg_to_reg,0.766871,0.76666486,0.0002061373672485045
picorv32,cpuregs[22][19],train,pico_femto,processor,reg_to_reg,0.810574,0.81078666,0.00021266448593137977
picorv32,cpuregs[22][1],train,pico_femto,processor,reg_to_reg,0.686035,0.6860582,2.3223247528125768e-05
picorv32,cpuregs[22][20],train,pico_femto,processor,reg_to_reg,0.852166,0.85215324,1.2758365631082569e-05
picorv32,cpuregs[22][21],train,pico_femto,processor,reg_to_reg,0.85771,0.8575574,0.00015258403778073415
picorv32,cpuregs[22][22],train,pico_femto,processor,reg_to_reg,0.90128,0.9014626,0.00018261453628543034
picorv32,cpuregs[22][23],train,pico_femto,processor,reg_to_reg,0.942871,0.9428347,3.632468795777832e-05
picorv32,cpuregs[22][24],train,pico_femto,processor,reg_to_reg,0.947812,0.94769335,0.00011865206909178472
picorv32,cpuregs[22][25],train,pico_femto,processor,reg_to_reg,0.991515,0.9916388,0.0001237796401977187
picorv32,cpuregs[22][26],train,pico_femto,processor,reg_to_reg,1.033106,1.0330795,2.6495033264239964e-05
picorv32,cpuregs[22][27],train,pico_femto,processor,reg_to_reg,1.03824,1.0381182,0.00012175678253179001
picorv32,cpuregs[22][28],train,pico_femto,processor,reg_to_reg,1.067744,1.067867,0.00012304063415524702
picorv32,cpuregs[22][29],train,pico_femto,processor,reg_to_reg,1.112199,1.1121981,8.856048583361087e-07
picorv32,cpuregs[22][2],train,pico_femto,processor,reg_to_reg,0.686035,0.6860582,2.3223247528125768e-05
picorv32,cpuregs[22][30],train,pico_femto,processor,reg_to_reg,1.138849,1.1387113,0.0001376667251586916
picorv32,cpuregs[22][31],train,pico_femto,processor,reg_to_reg,1.147017,1.147116,9.894581604008579e-05
picorv32,cpuregs[22][3],train,pico_femto,processor,reg_to_reg,0.686035,0.6860582,2.3223247528125768e-05
picorv32,cpuregs[22][4],train,pico_femto,processor,reg_to_reg,0.686035,0.6860582,2.3223247528125768e-05
picorv32,cpuregs[22][5],train,pico_femto,processor,reg_to_reg,0.686035,0.6860582,2.3223247528125768e-05
picorv32,cpuregs[22][6],train,pico_femto,processor,reg_to_reg,0.686035,0.68605614,2.1137084960987096e-05
picorv32,cpuregs[22][7],train,pico_femto,processor,reg_to_reg,0.686035,0.68605614,2.1137084960987096e-05
picorv32,cpuregs[22][8],train,pico_femto,processor,reg_to_reg,0.686035,0.68605614,2.1137084960987096e-05
picorv32,cpuregs[22][9],train,pico_femto,processor,reg_to_reg,0.686035,0.68605614,2.1137084960987096e-05
picorv32,cpuregs[23][0],train,pico_femto,processor,reg_to_reg,0.686035,0.6860582,2.3223247528125768e-05
picorv32,cpuregs[23][10],train,pico_femto,processor,reg_to_reg,0.686035,0.68605614,2.1137084960987096e-05
picorv32,cpuregs[23][11],train,pico_femto,processor,reg_to_reg,0.686035,0.68605614,2.1137084960987096e-05
picorv32,cpuregs[23][12],train,pico_femto,processor,reg_to_reg,0.686035,0.68605614,2.1137084960987096e-05
picorv32,cpuregs[23][13],train,pico_femto,processor,reg_to_reg,0.686035,0.68605614,2.1137084960987096e-05
picorv32,cpuregs[23][14],train,pico_femto,processor,reg_to_reg,0.686035,0.6872885,0.0012535227203369637
picorv32,cpuregs[23][15],train,pico_femto,processor,reg_to_reg,0.686035,0.6872885,0.0012535227203369637
picorv32,cpuregs[23][16],train,pico_femto,processor,reg_to_reg,0.720338,0.7203448,6.7818756103177336e-06
picorv32,cpuregs[23][17],train,pico_femto,processor,reg_to_reg,0.761929,0.76188016,4.8840621948209595e-05
picorv32,cpuregs[23][18],train,pico_femto,processor,reg_to_reg,0.766871,0.76666486,0.0002061373672485045
picorv32,cpuregs[23][19],train,pico_femto,processor,reg_to_reg,0.810574,0.81078666,0.00021266448593137977
picorv32,cpuregs[23][1],train,pico_femto,processor,reg_to_reg,0.686035,0.6860582,2.3223247528125768e-05
picorv32,cpuregs[23][20],train,pico_femto,processor,reg_to_reg,0.852166,0.85215324,1.2758365631082569e-05
picorv32,cpuregs[23][21],train,pico_femto,processor,reg_to_reg,0.85771,0.8575574,0.00015258403778073415
picorv32,cpuregs[23][22],train,pico_femto,processor,reg_to_reg,0.90128,0.9014626,0.00018261453628543034
picorv32,cpuregs[23][23],train,pico_femto,processor,reg_to_reg,0.942871,0.9428347,3.632468795777832e-05
picorv32,cpuregs[23][24],train,pico_femto,processor,reg_to_reg,0.947812,0.94769335,0.00011865206909178472
picorv32,cpuregs[23][25],train,pico_femto,processor,reg_to_reg,0.991515,0.9916388,0.0001237796401977187
picorv32,cpuregs[23][26],train,pico_femto,processor,reg_to_reg,1.033106,1.0330795,2.6495033264239964e-05
picorv32,cpuregs[23][27],train,pico_femto,processor,reg_to_reg,1.03824,1.0381182,0.00012175678253179001
picorv32,cpuregs[23][28],train,pico_femto,processor,reg_to_reg,1.067744,1.067867,0.00012304063415524702
picorv32,cpuregs[23][29],train,pico_femto,processor,reg_to_reg,1.112199,1.1121981,8.856048583361087e-07
picorv32,cpuregs[23][2],train,pico_femto,processor,reg_to_reg,0.686035,0.6860582,2.3223247528125768e-05
picorv32,cpuregs[23][30],train,pico_femto,processor,reg_to_reg,1.138849,1.1387113,0.0001376667251586916
picorv32,cpuregs[23][31],train,pico_femto,processor,reg_to_reg,1.147017,1.147116,9.894581604008579e-05
picorv32,cpuregs[23][3],train,pico_femto,processor,reg_to_reg,0.686035,0.6860582,2.3223247528125768e-05
picorv32,cpuregs[23][4],train,pico_femto,processor,reg_to_reg,0.686035,0.6860582,2.3223247528125768e-05
picorv32,cpuregs[23][5],train,pico_femto,processor,reg_to_reg,0.686035,0.6860582,2.3223247528125768e-05
picorv32,cpuregs[23][6],train,pico_femto,processor,reg_to_reg,0.686035,0.68605614,2.1137084960987096e-05
picorv32,cpuregs[23][7],train,pico_femto,processor,reg_to_reg,0.686035,0.68605614,2.1137084960987096e-05
picorv32,cpuregs[23][8],train,pico_femto,processor,reg_to_reg,0.686035,0.68605614,2.1137084960987096e-05
picorv32,cpuregs[23][9],train,pico_femto,processor,reg_to_reg,0.686035,0.68605614,2.1137084960987096e-05
picorv32,cpuregs[24][0],train,pico_femto,processor,reg_to_reg,0.686035,0.6860582,2.3223247528125768e-05
picorv32,cpuregs[24][10],train,pico_femto,processor,reg_to_reg,0.686035,0.68605614,2.1137084960987096e-05
picorv32,cpuregs[24][11],train,pico_femto,processor,reg_to_reg,0.686035,0.68605614,2.1137084960987096e-05
picorv32,cpuregs[24][12],train,pico_femto,processor,reg_to_reg,0.686035,0.68605614,2.1137084960987096e-05
picorv32,cpuregs[24][13],train,pico_femto,processor,reg_to_reg,0.686035,0.68605614,2.1137084960987096e-05
picorv32,cpuregs[24][14],train,pico_femto,processor,reg_to_reg,0.686035,0.6872885,0.0012535227203369637
picorv32,cpuregs[24][15],train,pico_femto,processor,reg_to_reg,0.686035,0.6872885,0.0012535227203369637
picorv32,cpuregs[24][16],train,pico_femto,processor,reg_to_reg,0.720338,0.7203448,6.7818756103177336e-06
picorv32,cpuregs[24][17],train,pico_femto,processor,reg_to_reg,0.761929,0.76188016,4.8840621948209595e-05
picorv32,cpuregs[24][18],train,pico_femto,processor,reg_to_reg,0.766871,0.76666486,0.0002061373672485045
picorv32,cpuregs[24][19],train,pico_femto,processor,reg_to_reg,0.810574,0.81078666,0.00021266448593137977
picorv32,cpuregs[24][1],train,pico_femto,processor,reg_to_reg,0.686035,0.6860582,2.3223247528125768e-05
picorv32,cpuregs[24][20],train,pico_femto,processor,reg_to_reg,0.852166,0.85215324,1.2758365631082569e-05
picorv32,cpuregs[24][21],train,pico_femto,processor,reg_to_reg,0.85771,0.8575574,0.00015258403778073415
picorv32,cpuregs[24][22],train,pico_femto,processor,reg_to_reg,0.90128,0.9014626,0.00018261453628543034
picorv32,cpuregs[24][23],train,pico_femto,processor,reg_to_reg,0.942871,0.9428347,3.632468795777832e-05
picorv32,cpuregs[24][24],train,pico_femto,processor,reg_to_reg,0.947812,0.94769335,0.00011865206909178472
picorv32,cpuregs[24][25],train,pico_femto,processor,reg_to_reg,0.991515,0.9916388,0.0001237796401977187
picorv32,cpuregs[24][26],train,pico_femto,processor,reg_to_reg,1.033106,1.0330795,2.6495033264239964e-05
picorv32,cpuregs[24][27],train,pico_femto,processor,reg_to_reg,1.03824,1.0381182,0.00012175678253179001
picorv32,cpuregs[24][28],train,pico_femto,processor,reg_to_reg,1.067744,1.067867,0.00012304063415524702
picorv32,cpuregs[24][29],train,pico_femto,processor,reg_to_reg,1.112199,1.1121981,8.856048583361087e-07
picorv32,cpuregs[24][2],train,pico_femto,processor,reg_to_reg,0.686035,0.6860582,2.3223247528125768e-05
picorv32,cpuregs[24][30],train,pico_femto,processor,reg_to_reg,1.138849,1.1387113,0.0001376667251586916
picorv32,cpuregs[24][31],train,pico_femto,processor,reg_to_reg,1.147017,1.147116,9.894581604008579e-05
picorv32,cpuregs[24][3],train,pico_femto,processor,reg_to_reg,0.686035,0.6860582,2.3223247528125768e-05
picorv32,cpuregs[24][4],train,pico_femto,processor,reg_to_reg,0.686035,0.6860582,2.3223247528125768e-05
picorv32,cpuregs[24][5],train,pico_femto,processor,reg_to_reg,0.686035,0.6860582,2.3223247528125768e-05
picorv32,cpuregs[24][6],train,pico_femto,processor,reg_to_reg,0.686035,0.68605614,2.1137084960987096e-05
picorv32,cpuregs[24][7],train,pico_femto,processor,reg_to_reg,0.686035,0.68605614,2.1137084960987096e-05
picorv32,cpuregs[24][8],train,pico_femto,processor,reg_to_reg,0.686035,0.68605614,2.1137084960987096e-05
picorv32,cpuregs[24][9],train,pico_femto,processor,reg_to_reg,0.686035,0.68605614,2.1137084960987096e-05
picorv32,cpuregs[25][0],train,pico_femto,processor,reg_to_reg,0.686035,0.6860582,2.3223247528125768e-05
picorv32,cpuregs[25][10],train,pico_femto,processor,reg_to_reg,0.686035,0.68605614,2.1137084960987096e-05
picorv32,cpuregs[25][11],train,pico_femto,processor,reg_to_reg,0.686035,0.68605614,2.1137084960987096e-05
picorv32,cpuregs[25][12],train,pico_femto,processor,reg_to_reg,0.686035,0.68605614,2.1137084960987096e-05
picorv32,cpuregs[25][13],train,pico_femto,processor,reg_to_reg,0.686035,0.68605614,2.1137084960987096e-05
picorv32,cpuregs[25][14],train,pico_femto,processor,reg_to_reg,0.686035,0.6872885,0.0012535227203369637
picorv32,cpuregs[25][15],train,pico_femto,processor,reg_to_reg,0.686035,0.6872885,0.0012535227203369637
picorv32,cpuregs[25][16],train,pico_femto,processor,reg_to_reg,0.720338,0.7203448,6.7818756103177336e-06
picorv32,cpuregs[25][17],train,pico_femto,processor,reg_to_reg,0.761929,0.76188016,4.8840621948209595e-05
picorv32,cpuregs[25][18],train,pico_femto,processor,reg_to_reg,0.766871,0.76666486,0.0002061373672485045
picorv32,cpuregs[25][19],train,pico_femto,processor,reg_to_reg,0.810574,0.81078666,0.00021266448593137977
picorv32,cpuregs[25][1],train,pico_femto,processor,reg_to_reg,0.686035,0.6860582,2.3223247528125768e-05
picorv32,cpuregs[25][20],train,pico_femto,processor,reg_to_reg,0.852166,0.85215324,1.2758365631082569e-05
picorv32,cpuregs[25][21],train,pico_femto,processor,reg_to_reg,0.85771,0.8575574,0.00015258403778073415
picorv32,cpuregs[25][22],train,pico_femto,processor,reg_to_reg,0.90128,0.9014626,0.00018261453628543034
picorv32,cpuregs[25][23],train,pico_femto,processor,reg_to_reg,0.942871,0.9428347,3.632468795777832e-05
picorv32,cpuregs[25][24],train,pico_femto,processor,reg_to_reg,0.947812,0.94769335,0.00011865206909178472
picorv32,cpuregs[25][25],train,pico_femto,processor,reg_to_reg,0.991515,0.9916388,0.0001237796401977187
picorv32,cpuregs[25][26],train,pico_femto,processor,reg_to_reg,1.033106,1.0330795,2.6495033264239964e-05
picorv32,cpuregs[25][27],train,pico_femto,processor,reg_to_reg,1.03824,1.0381182,0.00012175678253179001
picorv32,cpuregs[25][28],train,pico_femto,processor,reg_to_reg,1.067744,1.067867,0.00012304063415524702
picorv32,cpuregs[25][29],train,pico_femto,processor,reg_to_reg,1.112199,1.1121981,8.856048583361087e-07
picorv32,cpuregs[25][2],train,pico_femto,processor,reg_to_reg,0.686035,0.6860582,2.3223247528125768e-05
picorv32,cpuregs[25][30],train,pico_femto,processor,reg_to_reg,1.138849,1.1387113,0.0001376667251586916
picorv32,cpuregs[25][31],train,pico_femto,processor,reg_to_reg,1.147017,1.147116,9.894581604008579e-05
picorv32,cpuregs[25][3],train,pico_femto,processor,reg_to_reg,0.686035,0.6860582,2.3223247528125768e-05
picorv32,cpuregs[25][4],train,pico_femto,processor,reg_to_reg,0.686035,0.6860582,2.3223247528125768e-05
picorv32,cpuregs[25][5],train,pico_femto,processor,reg_to_reg,0.686035,0.6860582,2.3223247528125768e-05
picorv32,cpuregs[25][6],train,pico_femto,processor,reg_to_reg,0.686035,0.68605614,2.1137084960987096e-05
picorv32,cpuregs[25][7],train,pico_femto,processor,reg_to_reg,0.686035,0.68605614,2.1137084960987096e-05
picorv32,cpuregs[25][8],train,pico_femto,processor,reg_to_reg,0.686035,0.68605614,2.1137084960987096e-05
picorv32,cpuregs[25][9],train,pico_femto,processor,reg_to_reg,0.686035,0.68605614,2.1137084960987096e-05
picorv32,cpuregs[26][0],train,pico_femto,processor,reg_to_reg,0.686035,0.6860582,2.3223247528125768e-05
picorv32,cpuregs[26][10],train,pico_femto,processor,reg_to_reg,0.686035,0.68605614,2.1137084960987096e-05
picorv32,cpuregs[26][11],train,pico_femto,processor,reg_to_reg,0.686035,0.68605614,2.1137084960987096e-05
picorv32,cpuregs[26][12],train,pico_femto,processor,reg_to_reg,0.686035,0.68605614,2.1137084960987096e-05
picorv32,cpuregs[26][13],train,pico_femto,processor,reg_to_reg,0.686035,0.68605614,2.1137084960987096e-05
picorv32,cpuregs[26][14],train,pico_femto,processor,reg_to_reg,0.686035,0.6872885,0.0012535227203369637
picorv32,cpuregs[26][15],train,pico_femto,processor,reg_to_reg,0.686035,0.6872885,0.0012535227203369637
picorv32,cpuregs[26][16],train,pico_femto,processor,reg_to_reg,0.720338,0.7203448,6.7818756103177336e-06
picorv32,cpuregs[26][17],train,pico_femto,processor,reg_to_reg,0.761929,0.76188016,4.8840621948209595e-05
picorv32,cpuregs[26][18],train,pico_femto,processor,reg_to_reg,0.766871,0.76666486,0.0002061373672485045
picorv32,cpuregs[26][19],train,pico_femto,processor,reg_to_reg,0.810574,0.81078666,0.00021266448593137977
picorv32,cpuregs[26][1],train,pico_femto,processor,reg_to_reg,0.686035,0.6860582,2.3223247528125768e-05
picorv32,cpuregs[26][20],train,pico_femto,processor,reg_to_reg,0.852166,0.85215324,1.2758365631082569e-05
picorv32,cpuregs[26][21],train,pico_femto,processor,reg_to_reg,0.85771,0.8575574,0.00015258403778073415
picorv32,cpuregs[26][22],train,pico_femto,processor,reg_to_reg,0.90128,0.9014626,0.00018261453628543034
picorv32,cpuregs[26][23],train,pico_femto,processor,reg_to_reg,0.942871,0.9428347,3.632468795777832e-05
picorv32,cpuregs[26][24],train,pico_femto,processor,reg_to_reg,0.947812,0.94769335,0.00011865206909178472
picorv32,cpuregs[26][25],train,pico_femto,processor,reg_to_reg,0.991515,0.9916388,0.0001237796401977187
picorv32,cpuregs[26][26],train,pico_femto,processor,reg_to_reg,1.033106,1.0330795,2.6495033264239964e-05
picorv32,cpuregs[26][27],train,pico_femto,processor,reg_to_reg,1.03824,1.0381182,0.00012175678253179001
picorv32,cpuregs[26][28],train,pico_femto,processor,reg_to_reg,1.067744,1.067867,0.00012304063415524702
picorv32,cpuregs[26][29],train,pico_femto,processor,reg_to_reg,1.112199,1.1121981,8.856048583361087e-07
picorv32,cpuregs[26][2],train,pico_femto,processor,reg_to_reg,0.686035,0.6860582,2.3223247528125768e-05
picorv32,cpuregs[26][30],train,pico_femto,processor,reg_to_reg,1.138849,1.1387113,0.0001376667251586916
picorv32,cpuregs[26][31],train,pico_femto,processor,reg_to_reg,1.147017,1.147116,9.894581604008579e-05
picorv32,cpuregs[26][3],train,pico_femto,processor,reg_to_reg,0.686035,0.6860582,2.3223247528125768e-05
picorv32,cpuregs[26][4],train,pico_femto,processor,reg_to_reg,0.686035,0.6860582,2.3223247528125768e-05
picorv32,cpuregs[26][5],train,pico_femto,processor,reg_to_reg,0.686035,0.6860582,2.3223247528125768e-05
picorv32,cpuregs[26][6],train,pico_femto,processor,reg_to_reg,0.686035,0.68605614,2.1137084960987096e-05
picorv32,cpuregs[26][7],train,pico_femto,processor,reg_to_reg,0.686035,0.68605614,2.1137084960987096e-05
picorv32,cpuregs[26][8],train,pico_femto,processor,reg_to_reg,0.686035,0.68605614,2.1137084960987096e-05
picorv32,cpuregs[26][9],train,pico_femto,processor,reg_to_reg,0.686035,0.68605614,2.1137084960987096e-05
picorv32,cpuregs[27][0],train,pico_femto,processor,reg_to_reg,0.686035,0.6860582,2.3223247528125768e-05
picorv32,cpuregs[27][10],train,pico_femto,processor,reg_to_reg,0.686035,0.68605614,2.1137084960987096e-05
picorv32,cpuregs[27][11],train,pico_femto,processor,reg_to_reg,0.686035,0.68605614,2.1137084960987096e-05
picorv32,cpuregs[27][12],train,pico_femto,processor,reg_to_reg,0.686035,0.68605614,2.1137084960987096e-05
picorv32,cpuregs[27][13],train,pico_femto,processor,reg_to_reg,0.686035,0.68605614,2.1137084960987096e-05
picorv32,cpuregs[27][14],train,pico_femto,processor,reg_to_reg,0.686035,0.6872885,0.0012535227203369637
picorv32,cpuregs[27][15],train,pico_femto,processor,reg_to_reg,0.686035,0.6872885,0.0012535227203369637
picorv32,cpuregs[27][16],train,pico_femto,processor,reg_to_reg,0.720338,0.7203448,6.7818756103177336e-06
picorv32,cpuregs[27][17],train,pico_femto,processor,reg_to_reg,0.761929,0.76188016,4.8840621948209595e-05
picorv32,cpuregs[27][18],train,pico_femto,processor,reg_to_reg,0.766871,0.76666486,0.0002061373672485045
picorv32,cpuregs[27][19],train,pico_femto,processor,reg_to_reg,0.810574,0.81078666,0.00021266448593137977
picorv32,cpuregs[27][1],train,pico_femto,processor,reg_to_reg,0.686035,0.6860582,2.3223247528125768e-05
picorv32,cpuregs[27][20],train,pico_femto,processor,reg_to_reg,0.852166,0.85215324,1.2758365631082569e-05
picorv32,cpuregs[27][21],train,pico_femto,processor,reg_to_reg,0.85771,0.8575574,0.00015258403778073415
picorv32,cpuregs[27][22],train,pico_femto,processor,reg_to_reg,0.90128,0.9014626,0.00018261453628543034
picorv32,cpuregs[27][23],train,pico_femto,processor,reg_to_reg,0.942871,0.9428347,3.632468795777832e-05
picorv32,cpuregs[27][24],train,pico_femto,processor,reg_to_reg,0.947812,0.94769335,0.00011865206909178472
picorv32,cpuregs[27][25],train,pico_femto,processor,reg_to_reg,0.991515,0.9916388,0.0001237796401977187
picorv32,cpuregs[27][26],train,pico_femto,processor,reg_to_reg,1.033106,1.0330795,2.6495033264239964e-05
picorv32,cpuregs[27][27],train,pico_femto,processor,reg_to_reg,1.03824,1.0381182,0.00012175678253179001
picorv32,cpuregs[27][28],train,pico_femto,processor,reg_to_reg,1.067744,1.067867,0.00012304063415524702
picorv32,cpuregs[27][29],train,pico_femto,processor,reg_to_reg,1.112199,1.1121981,8.856048583361087e-07
picorv32,cpuregs[27][2],train,pico_femto,processor,reg_to_reg,0.686035,0.6860582,2.3223247528125768e-05
picorv32,cpuregs[27][30],train,pico_femto,processor,reg_to_reg,1.138849,1.1387113,0.0001376667251586916
picorv32,cpuregs[27][31],train,pico_femto,processor,reg_to_reg,1.147017,1.147116,9.894581604008579e-05
picorv32,cpuregs[27][3],train,pico_femto,processor,reg_to_reg,0.686035,0.6860582,2.3223247528125768e-05
picorv32,cpuregs[27][4],train,pico_femto,processor,reg_to_reg,0.686035,0.6860582,2.3223247528125768e-05
picorv32,cpuregs[27][5],train,pico_femto,processor,reg_to_reg,0.686035,0.6860582,2.3223247528125768e-05
picorv32,cpuregs[27][6],train,pico_femto,processor,reg_to_reg,0.686035,0.68605614,2.1137084960987096e-05
picorv32,cpuregs[27][7],train,pico_femto,processor,reg_to_reg,0.686035,0.68605614,2.1137084960987096e-05
picorv32,cpuregs[27][8],train,pico_femto,processor,reg_to_reg,0.686035,0.68605614,2.1137084960987096e-05
picorv32,cpuregs[27][9],train,pico_femto,processor,reg_to_reg,0.686035,0.68605614,2.1137084960987096e-05
picorv32,cpuregs[28][0],train,pico_femto,processor,reg_to_reg,0.686035,0.6860582,2.3223247528125768e-05
picorv32,cpuregs[28][10],train,pico_femto,processor,reg_to_reg,0.686035,0.68605614,2.1137084960987096e-05
picorv32,cpuregs[28][11],train,pico_femto,processor,reg_to_reg,0.686035,0.68605614,2.1137084960987096e-05
picorv32,cpuregs[28][12],train,pico_femto,processor,reg_to_reg,0.686035,0.68605614,2.1137084960987096e-05
picorv32,cpuregs[28][13],train,pico_femto,processor,reg_to_reg,0.686035,0.68605614,2.1137084960987096e-05
picorv32,cpuregs[28][14],train,pico_femto,processor,reg_to_reg,0.686035,0.6872885,0.0012535227203369637
picorv32,cpuregs[28][15],train,pico_femto,processor,reg_to_reg,0.686035,0.6872885,0.0012535227203369637
picorv32,cpuregs[28][16],train,pico_femto,processor,reg_to_reg,0.720338,0.7203448,6.7818756103177336e-06
picorv32,cpuregs[28][17],train,pico_femto,processor,reg_to_reg,0.761929,0.76188016,4.8840621948209595e-05
picorv32,cpuregs[28][18],train,pico_femto,processor,reg_to_reg,0.766871,0.76666486,0.0002061373672485045
picorv32,cpuregs[28][19],train,pico_femto,processor,reg_to_reg,0.810574,0.81078666,0.00021266448593137977
picorv32,cpuregs[28][1],train,pico_femto,processor,reg_to_reg,0.686035,0.6860582,2.3223247528125768e-05
picorv32,cpuregs[28][20],train,pico_femto,processor,reg_to_reg,0.852166,0.85215324,1.2758365631082569e-05
picorv32,cpuregs[28][21],train,pico_femto,processor,reg_to_reg,0.85771,0.8575574,0.00015258403778073415
picorv32,cpuregs[28][22],train,pico_femto,processor,reg_to_reg,0.90128,0.9014626,0.00018261453628543034
picorv32,cpuregs[28][23],train,pico_femto,processor,reg_to_reg,0.942871,0.9428347,3.632468795777832e-05
picorv32,cpuregs[28][24],train,pico_femto,processor,reg_to_reg,0.947812,0.94769335,0.00011865206909178472
picorv32,cpuregs[28][25],train,pico_femto,processor,reg_to_reg,0.991515,0.9916388,0.0001237796401977187
picorv32,cpuregs[28][26],train,pico_femto,processor,reg_to_reg,1.033106,1.0330795,2.6495033264239964e-05
picorv32,cpuregs[28][27],train,pico_femto,processor,reg_to_reg,1.03824,1.0381182,0.00012175678253179001
picorv32,cpuregs[28][28],train,pico_femto,processor,reg_to_reg,1.067744,1.067867,0.00012304063415524702
picorv32,cpuregs[28][29],train,pico_femto,processor,reg_to_reg,1.112199,1.1121981,8.856048583361087e-07
picorv32,cpuregs[28][2],train,pico_femto,processor,reg_to_reg,0.686035,0.6860582,2.3223247528125768e-05
picorv32,cpuregs[28][30],train,pico_femto,processor,reg_to_reg,1.138849,1.1387113,0.0001376667251586916
picorv32,cpuregs[28][31],train,pico_femto,processor,reg_to_reg,1.147017,1.147116,9.894581604008579e-05
picorv32,cpuregs[28][3],train,pico_femto,processor,reg_to_reg,0.686035,0.6860582,2.3223247528125768e-05
picorv32,cpuregs[28][4],train,pico_femto,processor,reg_to_reg,0.686035,0.6860582,2.3223247528125768e-05
picorv32,cpuregs[28][5],train,pico_femto,processor,reg_to_reg,0.686035,0.6860582,2.3223247528125768e-05
picorv32,cpuregs[28][6],train,pico_femto,processor,reg_to_reg,0.686035,0.68605614,2.1137084960987096e-05
picorv32,cpuregs[28][7],train,pico_femto,processor,reg_to_reg,0.686035,0.68605614,2.1137084960987096e-05
picorv32,cpuregs[28][8],train,pico_femto,processor,reg_to_reg,0.686035,0.68605614,2.1137084960987096e-05
picorv32,cpuregs[28][9],train,pico_femto,processor,reg_to_reg,0.686035,0.68605614,2.1137084960987096e-05
picorv32,cpuregs[29][0],train,pico_femto,processor,reg_to_reg,0.686035,0.6860582,2.3223247528125768e-05
picorv32,cpuregs[29][10],train,pico_femto,processor,reg_to_reg,0.686035,0.68605614,2.1137084960987096e-05
picorv32,cpuregs[29][11],train,pico_femto,processor,reg_to_reg,0.686035,0.68605614,2.1137084960987096e-05
picorv32,cpuregs[29][12],train,pico_femto,processor,reg_to_reg,0.686035,0.68605614,2.1137084960987096e-05
picorv32,cpuregs[29][13],train,pico_femto,processor,reg_to_reg,0.686035,0.68605614,2.1137084960987096e-05
picorv32,cpuregs[29][14],train,pico_femto,processor,reg_to_reg,0.686035,0.6872885,0.0012535227203369637
picorv32,cpuregs[29][15],train,pico_femto,processor,reg_to_reg,0.686035,0.6872885,0.0012535227203369637
picorv32,cpuregs[29][16],train,pico_femto,processor,reg_to_reg,0.720338,0.7203448,6.7818756103177336e-06
picorv32,cpuregs[29][17],train,pico_femto,processor,reg_to_reg,0.761929,0.76188016,4.8840621948209595e-05
picorv32,cpuregs[29][18],train,pico_femto,processor,reg_to_reg,0.766871,0.76666486,0.0002061373672485045
picorv32,cpuregs[29][19],train,pico_femto,processor,reg_to_reg,0.810574,0.81078666,0.00021266448593137977
picorv32,cpuregs[29][1],train,pico_femto,processor,reg_to_reg,0.686035,0.6860582,2.3223247528125768e-05
picorv32,cpuregs[29][20],train,pico_femto,processor,reg_to_reg,0.852166,0.85215324,1.2758365631082569e-05
picorv32,cpuregs[29][21],train,pico_femto,processor,reg_to_reg,0.85771,0.8575574,0.00015258403778073415
picorv32,cpuregs[29][22],train,pico_femto,processor,reg_to_reg,0.90128,0.9014626,0.00018261453628543034
picorv32,cpuregs[29][23],train,pico_femto,processor,reg_to_reg,0.942871,0.9428347,3.632468795777832e-05
picorv32,cpuregs[29][24],train,pico_femto,processor,reg_to_reg,0.947812,0.94769335,0.00011865206909178472
picorv32,cpuregs[29][25],train,pico_femto,processor,reg_to_reg,0.991515,0.9916388,0.0001237796401977187
picorv32,cpuregs[29][26],train,pico_femto,processor,reg_to_reg,1.033106,1.0330795,2.6495033264239964e-05
picorv32,cpuregs[29][27],train,pico_femto,processor,reg_to_reg,1.03824,1.0381182,0.00012175678253179001
picorv32,cpuregs[29][28],train,pico_femto,processor,reg_to_reg,1.067744,1.067867,0.00012304063415524702
picorv32,cpuregs[29][29],train,pico_femto,processor,reg_to_reg,1.112199,1.1121981,8.856048583361087e-07
picorv32,cpuregs[29][2],train,pico_femto,processor,reg_to_reg,0.686035,0.6860582,2.3223247528125768e-05
picorv32,cpuregs[29][30],train,pico_femto,processor,reg_to_reg,1.138849,1.1387113,0.0001376667251586916
picorv32,cpuregs[29][31],train,pico_femto,processor,reg_to_reg,1.147017,1.147116,9.894581604008579e-05
picorv32,cpuregs[29][3],train,pico_femto,processor,reg_to_reg,0.686035,0.6860582,2.3223247528125768e-05
picorv32,cpuregs[29][4],train,pico_femto,processor,reg_to_reg,0.686035,0.6860582,2.3223247528125768e-05
picorv32,cpuregs[29][5],train,pico_femto,processor,reg_to_reg,0.686035,0.6860582,2.3223247528125768e-05
picorv32,cpuregs[29][6],train,pico_femto,processor,reg_to_reg,0.686035,0.68605614,2.1137084960987096e-05
picorv32,cpuregs[29][7],train,pico_femto,processor,reg_to_reg,0.686035,0.68605614,2.1137084960987096e-05
picorv32,cpuregs[29][8],train,pico_femto,processor,reg_to_reg,0.686035,0.68605614,2.1137084960987096e-05
picorv32,cpuregs[29][9],train,pico_femto,processor,reg_to_reg,0.686035,0.68605614,2.1137084960987096e-05
picorv32,cpuregs[2][0],train,pico_femto,processor,reg_to_reg,0.690595,0.6904209,0.00017407438278194132
picorv32,cpuregs[2][10],train,pico_femto,processor,reg_to_reg,0.690595,0.690495,9.998580932613077e-05
picorv32,cpuregs[2][11],train,pico_femto,processor,reg_to_reg,0.690595,0.690495,9.998580932613077e-05
picorv32,cpuregs[2][12],train,pico_femto,processor,reg_to_reg,0.690595,0.690495,9.998580932613077e-05
picorv32,cpuregs[2][13],train,pico_femto,processor,reg_to_reg,0.690595,0.690495,9.998580932613077e-05
picorv32,cpuregs[2][14],train,pico_femto,processor,reg_to_reg,0.690595,0.6872885,0.003306477279663045
picorv32,cpuregs[2][15],train,pico_femto,processor,reg_to_reg,0.690595,0.6872885,0.003306477279663045
picorv32,cpuregs[2][16],train,pico_femto,processor,reg_to_reg,0.720338,0.7203448,6.7818756103177336e-06
picorv32,cpuregs[2][17],train,pico_femto,processor,reg_to_reg,0.761929,0.76188016,4.8840621948209595e-05
picorv32,cpuregs[2][18],train,pico_femto,processor,reg_to_reg,0.766871,0.76666486,0.0002061373672485045
picorv32,cpuregs[2][19],train,pico_femto,processor,reg_to_reg,0.810574,0.81078666,0.00021266448593137977
picorv32,cpuregs[2][1],train,pico_femto,processor,reg_to_reg,0.690595,0.6904209,0.00017407438278194132
picorv32,cpuregs[2][20],train,pico_femto,processor,reg_to_reg,0.852166,0.85215324,1.2758365631082569e-05
picorv32,cpuregs[2][21],train,pico_femto,processor,reg_to_reg,0.85771,0.8575574,0.00015258403778073415
picorv32,cpuregs[2][22],train,pico_femto,processor,reg_to_reg,0.90128,0.9014626,0.00018261453628543034
picorv32,cpuregs[2][23],train,pico_femto,processor,reg_to_reg,0.942871,0.9428347,3.632468795777832e-05
picorv32,cpuregs[2][24],train,pico_femto,processor,reg_to_reg,0.947812,0.94769335,0.00011865206909178472
picorv32,cpuregs[2][25],train,pico_femto,processor,reg_to_reg,0.991515,0.9916388,0.0001237796401977187
picorv32,cpuregs[2][26],train,pico_femto,processor,reg_to_reg,1.033106,1.0330795,2.6495033264239964e-05
picorv32,cpuregs[2][27],train,pico_femto,processor,reg_to_reg,1.03824,1.0381182,0.00012175678253179001
picorv32,cpuregs[2][28],train,pico_femto,processor,reg_to_reg,1.067744,1.067867,0.00012304063415524702
picorv32,cpuregs[2][29],train,pico_femto,processor,reg_to_reg,1.112199,1.1121981,8.856048583361087e-07
picorv32,cpuregs[2][2],train,pico_femto,processor,reg_to_reg,0.690595,0.6904209,0.00017407438278194132
picorv32,cpuregs[2][30],train,pico_femto,processor,reg_to_reg,1.138849,1.1387113,0.0001376667251586916
picorv32,cpuregs[2][31],train,pico_femto,processor,reg_to_reg,1.147017,1.147116,9.894581604008579e-05
picorv32,cpuregs[2][3],train,pico_femto,processor,reg_to_reg,0.690595,0.6904209,0.00017407438278194132
picorv32,cpuregs[2][4],train,pico_femto,processor,reg_to_reg,0.690595,0.6904209,0.00017407438278194132
picorv32,cpuregs[2][5],train,pico_femto,processor,reg_to_reg,0.690595,0.6904209,0.00017407438278194132
picorv32,cpuregs[2][6],train,pico_femto,processor,reg_to_reg,0.690595,0.690495,9.998580932613077e-05
picorv32,cpuregs[2][7],train,pico_femto,processor,reg_to_reg,0.690595,0.690495,9.998580932613077e-05
picorv32,cpuregs[2][8],train,pico_femto,processor,reg_to_reg,0.690595,0.690495,9.998580932613077e-05
picorv32,cpuregs[2][9],train,pico_femto,processor,reg_to_reg,0.690595,0.690495,9.998580932613077e-05
picorv32,cpuregs[30][0],train,pico_femto,processor,reg_to_reg,0.686035,0.6860582,2.3223247528125768e-05
picorv32,cpuregs[30][10],train,pico_femto,processor,reg_to_reg,0.686035,0.68605614,2.1137084960987096e-05
picorv32,cpuregs[30][11],train,pico_femto,processor,reg_to_reg,0.686035,0.68605614,2.1137084960987096e-05
picorv32,cpuregs[30][12],train,pico_femto,processor,reg_to_reg,0.686035,0.68605614,2.1137084960987096e-05
picorv32,cpuregs[30][13],train,pico_femto,processor,reg_to_reg,0.686035,0.68605614,2.1137084960987096e-05
picorv32,cpuregs[30][14],train,pico_femto,processor,reg_to_reg,0.686035,0.6872885,0.0012535227203369637
picorv32,cpuregs[30][15],train,pico_femto,processor,reg_to_reg,0.686035,0.6872885,0.0012535227203369637
picorv32,cpuregs[30][16],train,pico_femto,processor,reg_to_reg,0.720338,0.7203448,6.7818756103177336e-06
picorv32,cpuregs[30][17],train,pico_femto,processor,reg_to_reg,0.761929,0.76188016,4.8840621948209595e-05
picorv32,cpuregs[30][18],train,pico_femto,processor,reg_to_reg,0.766871,0.76666486,0.0002061373672485045
picorv32,cpuregs[30][19],train,pico_femto,processor,reg_to_reg,0.810574,0.81078666,0.00021266448593137977
picorv32,cpuregs[30][1],train,pico_femto,processor,reg_to_reg,0.686035,0.6860582,2.3223247528125768e-05
picorv32,cpuregs[30][20],train,pico_femto,processor,reg_to_reg,0.852166,0.85215324,1.2758365631082569e-05
picorv32,cpuregs[30][21],train,pico_femto,processor,reg_to_reg,0.85771,0.8575574,0.00015258403778073415
picorv32,cpuregs[30][22],train,pico_femto,processor,reg_to_reg,0.90128,0.9014626,0.00018261453628543034
picorv32,cpuregs[30][23],train,pico_femto,processor,reg_to_reg,0.942871,0.9428347,3.632468795777832e-05
picorv32,cpuregs[30][24],train,pico_femto,processor,reg_to_reg,0.947812,0.94769335,0.00011865206909178472
picorv32,cpuregs[30][25],train,pico_femto,processor,reg_to_reg,0.991515,0.9916388,0.0001237796401977187
picorv32,cpuregs[30][26],train,pico_femto,processor,reg_to_reg,1.033106,1.0330795,2.6495033264239964e-05
picorv32,cpuregs[30][27],train,pico_femto,processor,reg_to_reg,1.03824,1.0381182,0.00012175678253179001
picorv32,cpuregs[30][28],train,pico_femto,processor,reg_to_reg,1.067744,1.067867,0.00012304063415524702
picorv32,cpuregs[30][29],train,pico_femto,processor,reg_to_reg,1.112199,1.1121981,8.856048583361087e-07
picorv32,cpuregs[30][2],train,pico_femto,processor,reg_to_reg,0.686035,0.6860582,2.3223247528125768e-05
picorv32,cpuregs[30][30],train,pico_femto,processor,reg_to_reg,1.138849,1.1387113,0.0001376667251586916
picorv32,cpuregs[30][31],train,pico_femto,processor,reg_to_reg,1.147017,1.147116,9.894581604008579e-05
picorv32,cpuregs[30][3],train,pico_femto,processor,reg_to_reg,0.686035,0.6860582,2.3223247528125768e-05
picorv32,cpuregs[30][4],train,pico_femto,processor,reg_to_reg,0.686035,0.6860582,2.3223247528125768e-05
picorv32,cpuregs[30][5],train,pico_femto,processor,reg_to_reg,0.686035,0.6860582,2.3223247528125768e-05
picorv32,cpuregs[30][6],train,pico_femto,processor,reg_to_reg,0.686035,0.68605614,2.1137084960987096e-05
picorv32,cpuregs[30][7],train,pico_femto,processor,reg_to_reg,0.686035,0.68605614,2.1137084960987096e-05
picorv32,cpuregs[30][8],train,pico_femto,processor,reg_to_reg,0.686035,0.68605614,2.1137084960987096e-05
picorv32,cpuregs[30][9],train,pico_femto,processor,reg_to_reg,0.686035,0.68605614,2.1137084960987096e-05
picorv32,cpuregs[31][0],train,pico_femto,processor,reg_to_reg,0.686035,0.6860582,2.3223247528125768e-05
picorv32,cpuregs[31][10],train,pico_femto,processor,reg_to_reg,0.686035,0.68605614,2.1137084960987096e-05
picorv32,cpuregs[31][11],train,pico_femto,processor,reg_to_reg,0.686035,0.68605614,2.1137084960987096e-05
picorv32,cpuregs[31][12],train,pico_femto,processor,reg_to_reg,0.686035,0.68605614,2.1137084960987096e-05
picorv32,cpuregs[31][13],train,pico_femto,processor,reg_to_reg,0.686035,0.68605614,2.1137084960987096e-05
picorv32,cpuregs[31][14],train,pico_femto,processor,reg_to_reg,0.686035,0.6872885,0.0012535227203369637
picorv32,cpuregs[31][15],train,pico_femto,processor,reg_to_reg,0.686035,0.6872885,0.0012535227203369637
picorv32,cpuregs[31][16],train,pico_femto,processor,reg_to_reg,0.720338,0.7203448,6.7818756103177336e-06
picorv32,cpuregs[31][17],train,pico_femto,processor,reg_to_reg,0.761929,0.76188016,4.8840621948209595e-05
picorv32,cpuregs[31][18],train,pico_femto,processor,reg_to_reg,0.766871,0.76666486,0.0002061373672485045
picorv32,cpuregs[31][19],train,pico_femto,processor,reg_to_reg,0.810574,0.81078666,0.00021266448593137977
picorv32,cpuregs[31][1],train,pico_femto,processor,reg_to_reg,0.686035,0.6860582,2.3223247528125768e-05
picorv32,cpuregs[31][20],train,pico_femto,processor,reg_to_reg,0.852166,0.85215324,1.2758365631082569e-05
picorv32,cpuregs[31][21],train,pico_femto,processor,reg_to_reg,0.85771,0.8575574,0.00015258403778073415
picorv32,cpuregs[31][22],train,pico_femto,processor,reg_to_reg,0.90128,0.9014626,0.00018261453628543034
picorv32,cpuregs[31][23],train,pico_femto,processor,reg_to_reg,0.942871,0.9428347,3.632468795777832e-05
picorv32,cpuregs[31][24],train,pico_femto,processor,reg_to_reg,0.947812,0.94769335,0.00011865206909178472
picorv32,cpuregs[31][25],train,pico_femto,processor,reg_to_reg,0.991515,0.9916388,0.0001237796401977187
picorv32,cpuregs[31][26],train,pico_femto,processor,reg_to_reg,1.033106,1.0330795,2.6495033264239964e-05
picorv32,cpuregs[31][27],train,pico_femto,processor,reg_to_reg,1.03824,1.0381182,0.00012175678253179001
picorv32,cpuregs[31][28],train,pico_femto,processor,reg_to_reg,1.067744,1.067867,0.00012304063415524702
picorv32,cpuregs[31][29],train,pico_femto,processor,reg_to_reg,1.112199,1.1121981,8.856048583361087e-07
picorv32,cpuregs[31][2],train,pico_femto,processor,reg_to_reg,0.686035,0.6860582,2.3223247528125768e-05
picorv32,cpuregs[31][30],train,pico_femto,processor,reg_to_reg,1.138849,1.1387113,0.0001376667251586916
picorv32,cpuregs[31][31],train,pico_femto,processor,reg_to_reg,1.147017,1.147116,9.894581604008579e-05
picorv32,cpuregs[31][3],train,pico_femto,processor,reg_to_reg,0.686035,0.6860582,2.3223247528125768e-05
picorv32,cpuregs[31][4],train,pico_femto,processor,reg_to_reg,0.686035,0.6860582,2.3223247528125768e-05
picorv32,cpuregs[31][5],train,pico_femto,processor,reg_to_reg,0.686035,0.6860582,2.3223247528125768e-05
picorv32,cpuregs[31][6],train,pico_femto,processor,reg_to_reg,0.686035,0.68605614,2.1137084960987096e-05
picorv32,cpuregs[31][7],train,pico_femto,processor,reg_to_reg,0.686035,0.68605614,2.1137084960987096e-05
picorv32,cpuregs[31][8],train,pico_femto,processor,reg_to_reg,0.686035,0.68605614,2.1137084960987096e-05
picorv32,cpuregs[31][9],train,pico_femto,processor,reg_to_reg,0.686035,0.68605614,2.1137084960987096e-05
picorv32,cpuregs[3][0],train,pico_femto,processor,reg_to_reg,0.690595,0.6904209,0.00017407438278194132
picorv32,cpuregs[3][10],train,pico_femto,processor,reg_to_reg,0.690595,0.690495,9.998580932613077e-05
picorv32,cpuregs[3][11],train,pico_femto,processor,reg_to_reg,0.690595,0.690495,9.998580932613077e-05
picorv32,cpuregs[3][12],train,pico_femto,processor,reg_to_reg,0.690595,0.690495,9.998580932613077e-05
picorv32,cpuregs[3][13],train,pico_femto,processor,reg_to_reg,0.690595,0.690495,9.998580932613077e-05
picorv32,cpuregs[3][14],train,pico_femto,processor,reg_to_reg,0.690595,0.6872885,0.003306477279663045
picorv32,cpuregs[3][15],train,pico_femto,processor,reg_to_reg,0.690595,0.6872885,0.003306477279663045
picorv32,cpuregs[3][16],train,pico_femto,processor,reg_to_reg,0.720338,0.7203448,6.7818756103177336e-06
picorv32,cpuregs[3][17],train,pico_femto,processor,reg_to_reg,0.761929,0.76188016,4.8840621948209595e-05
picorv32,cpuregs[3][18],train,pico_femto,processor,reg_to_reg,0.766871,0.76666486,0.0002061373672485045
picorv32,cpuregs[3][19],train,pico_femto,processor,reg_to_reg,0.810574,0.81078666,0.00021266448593137977
picorv32,cpuregs[3][1],train,pico_femto,processor,reg_to_reg,0.690595,0.6904209,0.00017407438278194132
picorv32,cpuregs[3][20],train,pico_femto,processor,reg_to_reg,0.852166,0.85215324,1.2758365631082569e-05
picorv32,cpuregs[3][21],train,pico_femto,processor,reg_to_reg,0.85771,0.8575574,0.00015258403778073415
picorv32,cpuregs[3][22],train,pico_femto,processor,reg_to_reg,0.90128,0.9014626,0.00018261453628543034
picorv32,cpuregs[3][23],train,pico_femto,processor,reg_to_reg,0.942871,0.9428347,3.632468795777832e-05
picorv32,cpuregs[3][24],train,pico_femto,processor,reg_to_reg,0.947812,0.94769335,0.00011865206909178472
picorv32,cpuregs[3][25],train,pico_femto,processor,reg_to_reg,0.991515,0.9916388,0.0001237796401977187
picorv32,cpuregs[3][26],train,pico_femto,processor,reg_to_reg,1.033106,1.0330795,2.6495033264239964e-05
picorv32,cpuregs[3][27],train,pico_femto,processor,reg_to_reg,1.03824,1.0381182,0.00012175678253179001
picorv32,cpuregs[3][28],train,pico_femto,processor,reg_to_reg,1.067744,1.067867,0.00012304063415524702
picorv32,cpuregs[3][29],train,pico_femto,processor,reg_to_reg,1.112199,1.1121981,8.856048583361087e-07
picorv32,cpuregs[3][2],train,pico_femto,processor,reg_to_reg,0.690595,0.6904209,0.00017407438278194132
picorv32,cpuregs[3][30],train,pico_femto,processor,reg_to_reg,1.138849,1.1387113,0.0001376667251586916
picorv32,cpuregs[3][31],train,pico_femto,processor,reg_to_reg,1.147017,1.147116,9.894581604008579e-05
picorv32,cpuregs[3][3],train,pico_femto,processor,reg_to_reg,0.690595,0.6904209,0.00017407438278194132
picorv32,cpuregs[3][4],train,pico_femto,processor,reg_to_reg,0.690595,0.6904209,0.00017407438278194132
picorv32,cpuregs[3][5],train,pico_femto,processor,reg_to_reg,0.690595,0.6904209,0.00017407438278194132
picorv32,cpuregs[3][6],train,pico_femto,processor,reg_to_reg,0.690595,0.690495,9.998580932613077e-05
picorv32,cpuregs[3][7],train,pico_femto,processor,reg_to_reg,0.690595,0.690495,9.998580932613077e-05
picorv32,cpuregs[3][8],train,pico_femto,processor,reg_to_reg,0.690595,0.690495,9.998580932613077e-05
picorv32,cpuregs[3][9],train,pico_femto,processor,reg_to_reg,0.690595,0.690495,9.998580932613077e-05
picorv32,cpuregs[4][0],train,pico_femto,processor,reg_to_reg,0.690941,0.6908267,0.00011428596115115042
picorv32,cpuregs[4][10],train,pico_femto,processor,reg_to_reg,0.690941,0.6907924,0.00014861823654177542
picorv32,cpuregs[4][11],train,pico_femto,processor,reg_to_reg,0.690941,0.6907924,0.00014861823654177542
picorv32,cpuregs[4][12],train,pico_femto,processor,reg_to_reg,0.690941,0.6907924,0.00014861823654177542
picorv32,cpuregs[4][13],train,pico_femto,processor,reg_to_reg,0.690941,0.6907924,0.00014861823654177542
picorv32,cpuregs[4][14],train,pico_femto,processor,reg_to_reg,0.690941,0.6872885,0.0036524772796631133
picorv32,cpuregs[4][15],train,pico_femto,processor,reg_to_reg,0.690941,0.6872885,0.0036524772796631133
picorv32,cpuregs[4][16],train,pico_femto,processor,reg_to_reg,0.720338,0.7203448,6.7818756103177336e-06
picorv32,cpuregs[4][17],train,pico_femto,processor,reg_to_reg,0.761929,0.76188016,4.8840621948209595e-05
picorv32,cpuregs[4][18],train,pico_femto,processor,reg_to_reg,0.766871,0.76666486,0.0002061373672485045
picorv32,cpuregs[4][19],train,pico_femto,processor,reg_to_reg,0.810574,0.81078666,0.00021266448593137977
picorv32,cpuregs[4][1],train,pico_femto,processor,reg_to_reg,0.690941,0.6908267,0.00011428596115115042
picorv32,cpuregs[4][20],train,pico_femto,processor,reg_to_reg,0.852166,0.85215324,1.2758365631082569e-05
picorv32,cpuregs[4][21],train,pico_femto,processor,reg_to_reg,0.85771,0.8575574,0.00015258403778073415
picorv32,cpuregs[4][22],train,pico_femto,processor,reg_to_reg,0.90128,0.9014626,0.00018261453628543034
picorv32,cpuregs[4][23],train,pico_femto,processor,reg_to_reg,0.942871,0.9428347,3.632468795777832e-05
picorv32,cpuregs[4][24],train,pico_femto,processor,reg_to_reg,0.947812,0.94769335,0.00011865206909178472
picorv32,cpuregs[4][25],train,pico_femto,processor,reg_to_reg,0.991515,0.9916388,0.0001237796401977187
picorv32,cpuregs[4][26],train,pico_femto,processor,reg_to_reg,1.033106,1.0330795,2.6495033264239964e-05
picorv32,cpuregs[4][27],train,pico_femto,processor,reg_to_reg,1.03824,1.0381182,0.00012175678253179001
picorv32,cpuregs[4][28],train,pico_femto,processor,reg_to_reg,1.067744,1.067867,0.00012304063415524702
picorv32,cpuregs[4][29],train,pico_femto,processor,reg_to_reg,1.112199,1.1121981,8.856048583361087e-07
picorv32,cpuregs[4][2],train,pico_femto,processor,reg_to_reg,0.690941,0.6908267,0.00011428596115115042
picorv32,cpuregs[4][30],train,pico_femto,processor,reg_to_reg,1.138849,1.1387113,0.0001376667251586916
picorv32,cpuregs[4][31],train,pico_femto,processor,reg_to_reg,1.147017,1.147116,9.894581604008579e-05
picorv32,cpuregs[4][3],train,pico_femto,processor,reg_to_reg,0.690941,0.6908267,0.00011428596115115042
picorv32,cpuregs[4][4],train,pico_femto,processor,reg_to_reg,0.690941,0.6908267,0.00011428596115115042
picorv32,cpuregs[4][5],train,pico_femto,processor,reg_to_reg,0.690941,0.6908267,0.00011428596115115042
picorv32,cpuregs[4][6],train,pico_femto,processor,reg_to_reg,0.690941,0.6907924,0.00014861823654177542
picorv32,cpuregs[4][7],train,pico_femto,processor,reg_to_reg,0.690941,0.6907924,0.00014861823654177542
picorv32,cpuregs[4][8],train,pico_femto,processor,reg_to_reg,0.690941,0.6907924,0.00014861823654177542
picorv32,cpuregs[4][9],train,pico_femto,processor,reg_to_reg,0.690941,0.6907924,0.00014861823654177542
picorv32,cpuregs[5][0],train,pico_femto,processor,reg_to_reg,0.690941,0.6908267,0.00011428596115115042
picorv32,cpuregs[5][10],train,pico_femto,processor,reg_to_reg,0.690941,0.6907924,0.00014861823654177542
picorv32,cpuregs[5][11],train,pico_femto,processor,reg_to_reg,0.690941,0.6907924,0.00014861823654177542
picorv32,cpuregs[5][12],train,pico_femto,processor,reg_to_reg,0.690941,0.6907924,0.00014861823654177542
picorv32,cpuregs[5][13],train,pico_femto,processor,reg_to_reg,0.690941,0.6907924,0.00014861823654177542
picorv32,cpuregs[5][14],train,pico_femto,processor,reg_to_reg,0.690941,0.6872885,0.0036524772796631133
picorv32,cpuregs[5][15],train,pico_femto,processor,reg_to_reg,0.690941,0.6872885,0.0036524772796631133
picorv32,cpuregs[5][16],train,pico_femto,processor,reg_to_reg,0.720338,0.7203448,6.7818756103177336e-06
picorv32,cpuregs[5][17],train,pico_femto,processor,reg_to_reg,0.761929,0.76188016,4.8840621948209595e-05
picorv32,cpuregs[5][18],train,pico_femto,processor,reg_to_reg,0.766871,0.76666486,0.0002061373672485045
picorv32,cpuregs[5][19],train,pico_femto,processor,reg_to_reg,0.810574,0.81078666,0.00021266448593137977
picorv32,cpuregs[5][1],train,pico_femto,processor,reg_to_reg,0.690941,0.6908267,0.00011428596115115042
picorv32,cpuregs[5][20],train,pico_femto,processor,reg_to_reg,0.852166,0.85215324,1.2758365631082569e-05
picorv32,cpuregs[5][21],train,pico_femto,processor,reg_to_reg,0.85771,0.8575574,0.00015258403778073415
picorv32,cpuregs[5][22],train,pico_femto,processor,reg_to_reg,0.90128,0.9014626,0.00018261453628543034
picorv32,cpuregs[5][23],train,pico_femto,processor,reg_to_reg,0.942871,0.9428347,3.632468795777832e-05
picorv32,cpuregs[5][24],train,pico_femto,processor,reg_to_reg,0.947812,0.94769335,0.00011865206909178472
picorv32,cpuregs[5][25],train,pico_femto,processor,reg_to_reg,0.991515,0.9916388,0.0001237796401977187
picorv32,cpuregs[5][26],train,pico_femto,processor,reg_to_reg,1.033106,1.0330795,2.6495033264239964e-05
picorv32,cpuregs[5][27],train,pico_femto,processor,reg_to_reg,1.03824,1.0381182,0.00012175678253179001
picorv32,cpuregs[5][28],train,pico_femto,processor,reg_to_reg,1.067744,1.067867,0.00012304063415524702
picorv32,cpuregs[5][29],train,pico_femto,processor,reg_to_reg,1.112199,1.1121981,8.856048583361087e-07
picorv32,cpuregs[5][2],train,pico_femto,processor,reg_to_reg,0.690941,0.6908267,0.00011428596115115042
picorv32,cpuregs[5][30],train,pico_femto,processor,reg_to_reg,1.138849,1.1387113,0.0001376667251586916
picorv32,cpuregs[5][31],train,pico_femto,processor,reg_to_reg,1.147017,1.147116,9.894581604008579e-05
picorv32,cpuregs[5][3],train,pico_femto,processor,reg_to_reg,0.690941,0.6908267,0.00011428596115115042
picorv32,cpuregs[5][4],train,pico_femto,processor,reg_to_reg,0.690941,0.6908267,0.00011428596115115042
picorv32,cpuregs[5][5],train,pico_femto,processor,reg_to_reg,0.690941,0.6908267,0.00011428596115115042
picorv32,cpuregs[5][6],train,pico_femto,processor,reg_to_reg,0.690941,0.6907924,0.00014861823654177542
picorv32,cpuregs[5][7],train,pico_femto,processor,reg_to_reg,0.690941,0.6907924,0.00014861823654177542
picorv32,cpuregs[5][8],train,pico_femto,processor,reg_to_reg,0.690941,0.6907924,0.00014861823654177542
picorv32,cpuregs[5][9],train,pico_femto,processor,reg_to_reg,0.690941,0.6907924,0.00014861823654177542
picorv32,cpuregs[6][0],train,pico_femto,processor,reg_to_reg,0.690941,0.6908267,0.00011428596115115042
picorv32,cpuregs[6][10],train,pico_femto,processor,reg_to_reg,0.690941,0.6907924,0.00014861823654177542
picorv32,cpuregs[6][11],train,pico_femto,processor,reg_to_reg,0.690941,0.6907924,0.00014861823654177542
picorv32,cpuregs[6][12],train,pico_femto,processor,reg_to_reg,0.690941,0.6907924,0.00014861823654177542
picorv32,cpuregs[6][13],train,pico_femto,processor,reg_to_reg,0.690941,0.6907924,0.00014861823654177542
picorv32,cpuregs[6][14],train,pico_femto,processor,reg_to_reg,0.690941,0.6872885,0.0036524772796631133
picorv32,cpuregs[6][15],train,pico_femto,processor,reg_to_reg,0.690941,0.6872885,0.0036524772796631133
picorv32,cpuregs[6][16],train,pico_femto,processor,reg_to_reg,0.720338,0.7203448,6.7818756103177336e-06
picorv32,cpuregs[6][17],train,pico_femto,processor,reg_to_reg,0.761929,0.76188016,4.8840621948209595e-05
picorv32,cpuregs[6][18],train,pico_femto,processor,reg_to_reg,0.766871,0.76666486,0.0002061373672485045
picorv32,cpuregs[6][19],train,pico_femto,processor,reg_to_reg,0.810574,0.81078666,0.00021266448593137977
picorv32,cpuregs[6][1],train,pico_femto,processor,reg_to_reg,0.690941,0.6908267,0.00011428596115115042
picorv32,cpuregs[6][20],train,pico_femto,processor,reg_to_reg,0.852166,0.85215324,1.2758365631082569e-05
picorv32,cpuregs[6][21],train,pico_femto,processor,reg_to_reg,0.85771,0.8575574,0.00015258403778073415
picorv32,cpuregs[6][22],train,pico_femto,processor,reg_to_reg,0.90128,0.9014626,0.00018261453628543034
picorv32,cpuregs[6][23],train,pico_femto,processor,reg_to_reg,0.942871,0.9428347,3.632468795777832e-05
picorv32,cpuregs[6][24],train,pico_femto,processor,reg_to_reg,0.947812,0.94769335,0.00011865206909178472
picorv32,cpuregs[6][25],train,pico_femto,processor,reg_to_reg,0.991515,0.9916388,0.0001237796401977187
picorv32,cpuregs[6][26],train,pico_femto,processor,reg_to_reg,1.033106,1.0330795,2.6495033264239964e-05
picorv32,cpuregs[6][27],train,pico_femto,processor,reg_to_reg,1.03824,1.0381182,0.00012175678253179001
picorv32,cpuregs[6][28],train,pico_femto,processor,reg_to_reg,1.067744,1.067867,0.00012304063415524702
picorv32,cpuregs[6][29],train,pico_femto,processor,reg_to_reg,1.112199,1.1121981,8.856048583361087e-07
picorv32,cpuregs[6][2],train,pico_femto,processor,reg_to_reg,0.690941,0.6908267,0.00011428596115115042
picorv32,cpuregs[6][30],train,pico_femto,processor,reg_to_reg,1.138849,1.1387113,0.0001376667251586916
picorv32,cpuregs[6][31],train,pico_femto,processor,reg_to_reg,1.147017,1.147116,9.894581604008579e-05
picorv32,cpuregs[6][3],train,pico_femto,processor,reg_to_reg,0.690941,0.6908267,0.00011428596115115042
picorv32,cpuregs[6][4],train,pico_femto,processor,reg_to_reg,0.690941,0.6908267,0.00011428596115115042
picorv32,cpuregs[6][5],train,pico_femto,processor,reg_to_reg,0.690941,0.6908267,0.00011428596115115042
picorv32,cpuregs[6][6],train,pico_femto,processor,reg_to_reg,0.690941,0.6907924,0.00014861823654177542
picorv32,cpuregs[6][7],train,pico_femto,processor,reg_to_reg,0.690941,0.6907924,0.00014861823654177542
picorv32,cpuregs[6][8],train,pico_femto,processor,reg_to_reg,0.690941,0.6907924,0.00014861823654177542
picorv32,cpuregs[6][9],train,pico_femto,processor,reg_to_reg,0.690941,0.6907924,0.00014861823654177542
picorv32,cpuregs[7][0],train,pico_femto,processor,reg_to_reg,0.690941,0.6908267,0.00011428596115115042
picorv32,cpuregs[7][10],train,pico_femto,processor,reg_to_reg,0.690941,0.6907924,0.00014861823654177542
picorv32,cpuregs[7][11],train,pico_femto,processor,reg_to_reg,0.690941,0.6907924,0.00014861823654177542
picorv32,cpuregs[7][12],train,pico_femto,processor,reg_to_reg,0.690941,0.6907924,0.00014861823654177542
picorv32,cpuregs[7][13],train,pico_femto,processor,reg_to_reg,0.690941,0.6907924,0.00014861823654177542
picorv32,cpuregs[7][14],train,pico_femto,processor,reg_to_reg,0.690941,0.6872885,0.0036524772796631133
picorv32,cpuregs[7][15],train,pico_femto,processor,reg_to_reg,0.690941,0.6872885,0.0036524772796631133
picorv32,cpuregs[7][16],train,pico_femto,processor,reg_to_reg,0.720338,0.7203448,6.7818756103177336e-06
picorv32,cpuregs[7][17],train,pico_femto,processor,reg_to_reg,0.761929,0.76188016,4.8840621948209595e-05
picorv32,cpuregs[7][18],train,pico_femto,processor,reg_to_reg,0.766871,0.76666486,0.0002061373672485045
picorv32,cpuregs[7][19],train,pico_femto,processor,reg_to_reg,0.810574,0.81078666,0.00021266448593137977
picorv32,cpuregs[7][1],train,pico_femto,processor,reg_to_reg,0.690941,0.6908267,0.00011428596115115042
picorv32,cpuregs[7][20],train,pico_femto,processor,reg_to_reg,0.852166,0.85215324,1.2758365631082569e-05
picorv32,cpuregs[7][21],train,pico_femto,processor,reg_to_reg,0.85771,0.8575574,0.00015258403778073415
picorv32,cpuregs[7][22],train,pico_femto,processor,reg_to_reg,0.90128,0.9014626,0.00018261453628543034
picorv32,cpuregs[7][23],train,pico_femto,processor,reg_to_reg,0.942871,0.9428347,3.632468795777832e-05
picorv32,cpuregs[7][24],train,pico_femto,processor,reg_to_reg,0.947812,0.94769335,0.00011865206909178472
picorv32,cpuregs[7][25],train,pico_femto,processor,reg_to_reg,0.991515,0.9916388,0.0001237796401977187
picorv32,cpuregs[7][26],train,pico_femto,processor,reg_to_reg,1.033106,1.0330795,2.6495033264239964e-05
picorv32,cpuregs[7][27],train,pico_femto,processor,reg_to_reg,1.03824,1.0381182,0.00012175678253179001
picorv32,cpuregs[7][28],train,pico_femto,processor,reg_to_reg,1.067744,1.067867,0.00012304063415524702
picorv32,cpuregs[7][29],train,pico_femto,processor,reg_to_reg,1.112199,1.1121981,8.856048583361087e-07
picorv32,cpuregs[7][2],train,pico_femto,processor,reg_to_reg,0.690941,0.6908267,0.00011428596115115042
picorv32,cpuregs[7][30],train,pico_femto,processor,reg_to_reg,1.138849,1.1387113,0.0001376667251586916
picorv32,cpuregs[7][31],train,pico_femto,processor,reg_to_reg,1.147017,1.147116,9.894581604008579e-05
picorv32,cpuregs[7][3],train,pico_femto,processor,reg_to_reg,0.690941,0.6908267,0.00011428596115115042
picorv32,cpuregs[7][4],train,pico_femto,processor,reg_to_reg,0.690941,0.6908267,0.00011428596115115042
picorv32,cpuregs[7][5],train,pico_femto,processor,reg_to_reg,0.690941,0.6908267,0.00011428596115115042
picorv32,cpuregs[7][6],train,pico_femto,processor,reg_to_reg,0.690941,0.6907924,0.00014861823654177542
picorv32,cpuregs[7][7],train,pico_femto,processor,reg_to_reg,0.690941,0.6907924,0.00014861823654177542
picorv32,cpuregs[7][8],train,pico_femto,processor,reg_to_reg,0.690941,0.6907924,0.00014861823654177542
picorv32,cpuregs[7][9],train,pico_femto,processor,reg_to_reg,0.690941,0.6907924,0.00014861823654177542
picorv32,cpuregs[8][0],train,pico_femto,processor,reg_to_reg,0.686035,0.6860582,2.3223247528125768e-05
picorv32,cpuregs[8][10],train,pico_femto,processor,reg_to_reg,0.686035,0.68605614,2.1137084960987096e-05
picorv32,cpuregs[8][11],train,pico_femto,processor,reg_to_reg,0.686035,0.68605614,2.1137084960987096e-05
picorv32,cpuregs[8][12],train,pico_femto,processor,reg_to_reg,0.686035,0.68605614,2.1137084960987096e-05
picorv32,cpuregs[8][13],train,pico_femto,processor,reg_to_reg,0.686035,0.68605614,2.1137084960987096e-05
picorv32,cpuregs[8][14],train,pico_femto,processor,reg_to_reg,0.686035,0.6872885,0.0012535227203369637
picorv32,cpuregs[8][15],train,pico_femto,processor,reg_to_reg,0.686035,0.6872885,0.0012535227203369637
picorv32,cpuregs[8][16],train,pico_femto,processor,reg_to_reg,0.720338,0.7203448,6.7818756103177336e-06
picorv32,cpuregs[8][17],train,pico_femto,processor,reg_to_reg,0.761929,0.76188016,4.8840621948209595e-05
picorv32,cpuregs[8][18],train,pico_femto,processor,reg_to_reg,0.766871,0.76666486,0.0002061373672485045
picorv32,cpuregs[8][19],train,pico_femto,processor,reg_to_reg,0.810574,0.81078666,0.00021266448593137977
picorv32,cpuregs[8][1],train,pico_femto,processor,reg_to_reg,0.686035,0.6860582,2.3223247528125768e-05
picorv32,cpuregs[8][20],train,pico_femto,processor,reg_to_reg,0.852166,0.85215324,1.2758365631082569e-05
picorv32,cpuregs[8][21],train,pico_femto,processor,reg_to_reg,0.85771,0.8575574,0.00015258403778073415
picorv32,cpuregs[8][22],train,pico_femto,processor,reg_to_reg,0.90128,0.9014626,0.00018261453628543034
picorv32,cpuregs[8][23],train,pico_femto,processor,reg_to_reg,0.942871,0.9428347,3.632468795777832e-05
picorv32,cpuregs[8][24],train,pico_femto,processor,reg_to_reg,0.947812,0.94769335,0.00011865206909178472
picorv32,cpuregs[8][25],train,pico_femto,processor,reg_to_reg,0.991515,0.9916388,0.0001237796401977187
picorv32,cpuregs[8][26],train,pico_femto,processor,reg_to_reg,1.033106,1.0330795,2.6495033264239964e-05
picorv32,cpuregs[8][27],train,pico_femto,processor,reg_to_reg,1.03824,1.0381182,0.00012175678253179001
picorv32,cpuregs[8][28],train,pico_femto,processor,reg_to_reg,1.067744,1.067867,0.00012304063415524702
picorv32,cpuregs[8][29],train,pico_femto,processor,reg_to_reg,1.112199,1.1121981,8.856048583361087e-07
picorv32,cpuregs[8][2],train,pico_femto,processor,reg_to_reg,0.686035,0.6860582,2.3223247528125768e-05
picorv32,cpuregs[8][30],train,pico_femto,processor,reg_to_reg,1.138849,1.1387113,0.0001376667251586916
picorv32,cpuregs[8][31],train,pico_femto,processor,reg_to_reg,1.147017,1.147116,9.894581604008579e-05
picorv32,cpuregs[8][3],train,pico_femto,processor,reg_to_reg,0.686035,0.6860582,2.3223247528125768e-05
picorv32,cpuregs[8][4],train,pico_femto,processor,reg_to_reg,0.686035,0.6860582,2.3223247528125768e-05
picorv32,cpuregs[8][5],train,pico_femto,processor,reg_to_reg,0.686035,0.6860582,2.3223247528125768e-05
picorv32,cpuregs[8][6],train,pico_femto,processor,reg_to_reg,0.686035,0.68605614,2.1137084960987096e-05
picorv32,cpuregs[8][7],train,pico_femto,processor,reg_to_reg,0.686035,0.68605614,2.1137084960987096e-05
picorv32,cpuregs[8][8],train,pico_femto,processor,reg_to_reg,0.686035,0.68605614,2.1137084960987096e-05
picorv32,cpuregs[8][9],train,pico_femto,processor,reg_to_reg,0.686035,0.68605614,2.1137084960987096e-05
picorv32,cpuregs[9][0],train,pico_femto,processor,reg_to_reg,0.686035,0.6860582,2.3223247528125768e-05
picorv32,cpuregs[9][10],train,pico_femto,processor,reg_to_reg,0.686035,0.68605614,2.1137084960987096e-05
picorv32,cpuregs[9][11],train,pico_femto,processor,reg_to_reg,0.686035,0.68605614,2.1137084960987096e-05
picorv32,cpuregs[9][12],train,pico_femto,processor,reg_to_reg,0.686035,0.68605614,2.1137084960987096e-05
picorv32,cpuregs[9][13],train,pico_femto,processor,reg_to_reg,0.686035,0.68605614,2.1137084960987096e-05
picorv32,cpuregs[9][14],train,pico_femto,processor,reg_to_reg,0.686035,0.6872885,0.0012535227203369637
picorv32,cpuregs[9][15],train,pico_femto,processor,reg_to_reg,0.686035,0.6872885,0.0012535227203369637
picorv32,cpuregs[9][16],train,pico_femto,processor,reg_to_reg,0.720338,0.7203448,6.7818756103177336e-06
picorv32,cpuregs[9][17],train,pico_femto,processor,reg_to_reg,0.761929,0.76188016,4.8840621948209595e-05
picorv32,cpuregs[9][18],train,pico_femto,processor,reg_to_reg,0.766871,0.76666486,0.0002061373672485045
picorv32,cpuregs[9][19],train,pico_femto,processor,reg_to_reg,0.810574,0.81078666,0.00021266448593137977
picorv32,cpuregs[9][1],train,pico_femto,processor,reg_to_reg,0.686035,0.6860582,2.3223247528125768e-05
picorv32,cpuregs[9][20],train,pico_femto,processor,reg_to_reg,0.852166,0.85215324,1.2758365631082569e-05
picorv32,cpuregs[9][21],train,pico_femto,processor,reg_to_reg,0.85771,0.8575574,0.00015258403778073415
picorv32,cpuregs[9][22],train,pico_femto,processor,reg_to_reg,0.90128,0.9014626,0.00018261453628543034
picorv32,cpuregs[9][23],train,pico_femto,processor,reg_to_reg,0.942871,0.9428347,3.632468795777832e-05
picorv32,cpuregs[9][24],train,pico_femto,processor,reg_to_reg,0.947812,0.94769335,0.00011865206909178472
picorv32,cpuregs[9][25],train,pico_femto,processor,reg_to_reg,0.991515,0.9916388,0.0001237796401977187
picorv32,cpuregs[9][26],train,pico_femto,processor,reg_to_reg,1.033106,1.0330795,2.6495033264239964e-05
picorv32,cpuregs[9][27],train,pico_femto,processor,reg_to_reg,1.03824,1.0381182,0.00012175678253179001
picorv32,cpuregs[9][28],train,pico_femto,processor,reg_to_reg,1.067744,1.067867,0.00012304063415524702
picorv32,cpuregs[9][29],train,pico_femto,processor,reg_to_reg,1.112199,1.1121981,8.856048583361087e-07
picorv32,cpuregs[9][2],train,pico_femto,processor,reg_to_reg,0.686035,0.6860582,2.3223247528125768e-05
picorv32,cpuregs[9][30],train,pico_femto,processor,reg_to_reg,1.138849,1.1387113,0.0001376667251586916
picorv32,cpuregs[9][31],train,pico_femto,processor,reg_to_reg,1.147017,1.147116,9.894581604008579e-05
picorv32,cpuregs[9][3],train,pico_femto,processor,reg_to_reg,0.686035,0.6860582,2.3223247528125768e-05
picorv32,cpuregs[9][4],train,pico_femto,processor,reg_to_reg,0.686035,0.6860582,2.3223247528125768e-05
picorv32,cpuregs[9][5],train,pico_femto,processor,reg_to_reg,0.686035,0.6860582,2.3223247528125768e-05
picorv32,cpuregs[9][6],train,pico_femto,processor,reg_to_reg,0.686035,0.68605614,2.1137084960987096e-05
picorv32,cpuregs[9][7],train,pico_femto,processor,reg_to_reg,0.686035,0.68605614,2.1137084960987096e-05
picorv32,cpuregs[9][8],train,pico_femto,processor,reg_to_reg,0.686035,0.68605614,2.1137084960987096e-05
picorv32,cpuregs[9][9],train,pico_femto,processor,reg_to_reg,0.686035,0.68605614,2.1137084960987096e-05
picorv32,decoded_imm[0],train,pico_femto,processor,reg_to_reg,0.761915,0.7618311,8.389524459839759e-05
picorv32,decoded_imm[10],train,pico_femto,processor,reg_to_reg,0.818909,0.81875414,0.00015486343765258592
picorv32,decoded_imm[11],train,pico_femto,processor,reg_to_reg,0.792035,0.7923665,0.0003315046691894086
picorv32,decoded_imm[12],train,pico_femto,processor,reg_to_reg,0.907244,0.90877384,0.0015298394737243148
picorv32,decoded_imm[13],train,pico_femto,processor,reg_to_reg,0.907244,0.90877384,0.0015298394737243148
picorv32,decoded_imm[14],train,pico_femto,processor,reg_to_reg,0.907244,0.90877384,0.0015298394737243148
picorv32,decoded_imm[15],train,pico_femto,processor,reg_to_reg,0.918783,0.90877384,0.010009160526275651
picorv32,decoded_imm[16],train,pico_femto,processor,reg_to_reg,0.907244,0.90877384,0.0015298394737243148
picorv32,decoded_imm[17],train,pico_femto,processor,reg_to_reg,0.907244,0.90877384,0.0015298394737243148
picorv32,decoded_imm[18],train,pico_femto,processor,reg_to_reg,0.907244,0.90877384,0.0015298394737243148
picorv32,decoded_imm[19],train,pico_femto,processor,reg_to_reg,0.907244,0.90851974,0.0012757448730468246
picorv32,decoded_imm[1],train,pico_femto,processor,reg_to_reg,0.753227,0.75313187,9.513354492185488e-05
picorv32,decoded_imm[20],train,pico_femto,processor,reg_to_reg,1.017582,1.0243605,0.006778537528991713
picorv32,decoded_imm[21],train,pico_femto,processor,reg_to_reg,1.03538,1.0243605,0.011019462471008268
picorv32,decoded_imm[22],train,pico_femto,processor,reg_to_reg,1.017582,1.0243605,0.006778537528991713
picorv32,decoded_imm[23],train,pico_femto,processor,reg_to_reg,1.017582,1.0243605,0.006778537528991713
picorv32,decoded_imm[24],train,pico_femto,processor,reg_to_reg,1.03538,1.0243605,0.011019462471008268
picorv32,decoded_imm[25],train,pico_femto,processor,reg_to_reg,1.017582,1.0243605,0.006778537528991713
picorv32,decoded_imm[26],train,pico_femto,processor,reg_to_reg,1.03538,1.0243605,0.011019462471008268
picorv32,decoded_imm[27],train,pico_femto,processor,reg_to_reg,1.03538,1.0243605,0.011019462471008268
picorv32,decoded_imm[28],train,pico_femto,processor,reg_to_reg,1.017582,1.0243605,0.006778537528991713
picorv32,decoded_imm[29],train,pico_femto,processor,reg_to_reg,1.017582,1.0243605,0.006778537528991713
picorv32,decoded_imm[2],train,pico_femto,processor,reg_to_reg,0.753227,0.75330615,7.91504364013873e-05
picorv32,decoded_imm[30],train,pico_femto,processor,reg_to_reg,1.017582,1.0192157,0.0016337030105590955
picorv32,decoded_imm[31],train,pico_femto,processor,reg_to_reg,1.017582,1.0184659,0.0008838765792846814
picorv32,decoded_imm[3],train,pico_femto,processor,reg_to_reg,0.753227,0.75330615,7.91504364013873e-05
picorv32,decoded_imm[4],train,pico_femto,processor,reg_to_reg,0.753227,0.75330615,7.91504364013873e-05
picorv32,decoded_imm[5],train,pico_femto,processor,reg_to_reg,0.818909,0.81875414,0.00015486343765258592
picorv32,decoded_imm[6],train,pico_femto,processor,reg_to_reg,0.818909,0.81875414,0.00015486343765258592
picorv32,decoded_imm[7],train,pico_femto,processor,reg_to_reg,0.818909,0.81875414,0.00015486343765258592
picorv32,decoded_imm[8],train,pico_femto,processor,reg_to_reg,0.818909,0.81875414,0.00015486343765258592
picorv32,decoded_imm[9],train,pico_femto,processor,reg_to_reg,0.818909,0.81875414,0.00015486343765258592
picorv32,decoded_imm_j[10],train,pico_femto,processor,input_to_reg,1.555211,1.5550891,0.00012188390350331701
picorv32,decoded_imm_j[12],train,pico_femto,processor,input_to_reg,1.555211,1.5550891,0.00012188390350331701
picorv32,decoded_imm_j[13],train,pico_femto,processor,input_to_reg,1.555211,1.5550891,0.00012188390350331701
picorv32,decoded_imm_j[14],train,pico_femto,processor,input_to_reg,1.555211,1.5550891,0.00012188390350331701
picorv32,decoded_imm_j[20],train,pico_femto,processor,input_to_reg,1.555211,1.5550891,0.00012188390350331701
picorv32,decoded_imm_j[5],train,pico_femto,processor,input_to_reg,1.555211,1.5550891,0.00012188390350331701
picorv32,decoded_imm_j[6],train,pico_femto,processor,input_to_reg,1.555211,1.5550891,0.00012188390350331701
picorv32,decoded_imm_j[7],train,pico_femto,processor,input_to_reg,1.555211,1.5550891,0.00012188390350331701
picorv32,decoded_imm_j[8],train,pico_femto,processor,input_to_reg,1.555211,1.5550891,0.00012188390350331701
picorv32,decoded_imm_j[9],train,pico_femto,processor,input_to_reg,1.555211,1.5550891,0.00012188390350331701
picorv32,decoded_rd[0],train,pico_femto,processor,input_to_reg,1.555211,1.5550891,0.00012188390350331701
picorv32,decoded_rd[1],train,pico_femto,processor,input_to_reg,1.555211,1.5550891,0.00012188390350331701
picorv32,decoded_rd[2],train,pico_femto,processor,input_to_reg,1.555211,1.5550891,0.00012188390350331701
picorv32,decoded_rd[3],train,pico_femto,processor,input_to_reg,1.555211,1.5550891,0.00012188390350331701
picorv32,decoded_rd[4],train,pico_femto,processor,input_to_reg,1.555211,1.5550891,0.00012188390350331701
picorv32,decoded_rs1[0],train,pico_femto,processor,input_to_reg,1.555211,1.5550891,0.00012188390350331701
picorv32,decoded_rs1[1],train,pico_femto,processor,input_to_reg,1.555211,1.5550891,0.00012188390350331701
picorv32,decoded_rs1[2],train,pico_femto,processor,input_to_reg,1.555211,1.5550891,0.00012188390350331701
picorv32,decoded_rs1[3],train,pico_femto,processor,input_to_reg,1.555211,1.5550891,0.00012188390350331701
picorv32,decoded_rs1[4],train,pico_femto,processor,input_to_reg,1.555211,1.5550891,0.00012188390350331701
picorv32,decoded_rs2[0],train,pico_femto,processor,input_to_reg,1.555211,1.5550891,0.00012188390350331701
picorv32,decoded_rs2[1],train,pico_femto,processor,input_to_reg,1.555211,1.5550891,0.00012188390350331701
picorv32,decoded_rs2[2],train,pico_femto,processor,input_to_reg,1.555211,1.5550891,0.00012188390350331701
picorv32,decoded_rs2[3],train,pico_femto,processor,input_to_reg,1.555211,1.5550891,0.00012188390350331701
picorv32,decoded_rs2[4],train,pico_femto,processor,input_to_reg,1.555211,1.5550891,0.00012188390350331701
picorv32,decoder_pseudo_trigger,train,pico_femto,processor,input_to_reg,1.345558,1.3456857,0.00012772044372555413
picorv32,decoder_trigger,train,pico_femto,processor,reg_to_reg,1.444311,1.4439992,0.0003118287429808575
picorv32,instr_add,train,pico_femto,processor,reg_to_reg,0.781735,0.7817293,5.7190513610416716e-06
picorv32,instr_addi,train,pico_femto,processor,reg_to_reg,0.781735,0.78177357,3.856719970707356e-05
picorv32,instr_and,train,pico_femto,processor,reg_to_reg,0.781735,0.7817293,5.7190513610416716e-06
picorv32,instr_andi,train,pico_femto,processor,reg_to_reg,0.781735,0.78177357,3.856719970707356e-05
picorv32,instr_auipc,train,pico_femto,processor,input_to_reg,1.480798,1.4661695,0.01462852349090582
picorv32,instr_beq,train,pico_femto,processor,reg_to_reg,0.869213,0.8689194,0.0002936274414062634
picorv32,instr_bge,train,pico_femto,processor,reg_to_reg,0.869213,0.8689194,0.0002936274414062634
picorv32,instr_bgeu,train,pico_femto,processor,reg_to_reg,0.869213,0.8689194,0.0002936274414062634
picorv32,instr_blt,train,pico_femto,processor,reg_to_reg,0.869213,0.8689194,0.0002936274414062634
picorv32,instr_bltu,train,pico_femto,processor,reg_to_reg,0.869213,0.8689194,0.0002936274414062634
picorv32,instr_bne,train,pico_femto,processor,reg_to_reg,0.869213,0.8689194,0.0002936274414062634
picorv32,instr_fence,train,pico_femto,processor,reg_to_reg,0.561727,0.56450206,0.0027750604133606194
picorv32,instr_jal,train,pico_femto,processor,input_to_reg,1.443309,1.4661695,0.022860476509094285
picorv32,instr_jalr,train,pico_femto,processor,input_to_reg,1.412574,1.4160833,0.0035093358764648475
picorv32,instr_lb,train,pico_femto,processor,reg_to_reg,0.753227,0.75340855,0.0001815512161255084
picorv32,instr_lbu,train,pico_femto,processor,reg_to_reg,0.753227,0.75340855,0.0001815512161255084
picorv32,instr_lh,train,pico_femto,processor,reg_to_reg,0.753227,0.75340855,0.0001815512161255084
picorv32,instr_lhu,train,pico_femto,processor,reg_to_reg,0.753227,0.75340855,0.0001815512161255084
picorv32,instr_lui,train,pico_femto,processor,input_to_reg,1.481235,1.4814932,0.0002582346343993347
picorv32,instr_lw,train,pico_femto,processor,reg_to_reg,0.753227,0.75340855,0.0001815512161255084
picorv32,instr_or,train,pico_femto,processor,reg_to_reg,0.781735,0.7817293,5.7190513610416716e-06
picorv32,instr_ori,train,pico_femto,processor,reg_to_reg,0.781735,0.78177357,3.856719970707356e-05
picorv32,instr_sb,train,pico_femto,processor,reg_to_reg,0.753227,0.75329363,6.663346099855527e-05
picorv32,instr_sh,train,pico_femto,processor,reg_to_reg,0.753227,0.75329363,6.663346099855527e-05
picorv32,instr_sll,train,pico_femto,processor,reg_to_reg,0.781735,0.7817293,5.7190513610416716e-06
picorv32,instr_slli,train,pico_femto,processor,reg_to_reg,0.777013,0.77687734,0.00013565634536738536
picorv32,instr_slt,train,pico_femto,processor,reg_to_reg,0.781735,0.7817293,5.7190513610416716e-06
picorv32,instr_slti,train,pico_femto,processor,reg_to_reg,0.781735,0.78177357,3.856719970707356e-05
picorv32,instr_sltiu,train,pico_femto,processor,reg_to_reg,0.781735,0.78177357,3.856719970707356e-05
picorv32,instr_sltu,train,pico_femto,processor,reg_to_reg,0.781735,0.7817293,5.7190513610416716e-06
picorv32,instr_sra,train,pico_femto,processor,reg_to_reg,0.747419,0.7482956,0.0008766051826477606
picorv32,instr_srai,train,pico_femto,processor,reg_to_reg,0.753227,0.7518448,0.0013821766395568647
picorv32,instr_srl,train,pico_femto,processor,reg_to_reg,0.781735,0.7817293,5.7190513610416716e-06
picorv32,instr_srli,train,pico_femto,processor,reg_to_reg,0.753227,0.7527886,0.0004383966941833295
picorv32,instr_sub,train,pico_femto,processor,reg_to_reg,0.747419,0.7482956,0.0008766051826477606
picorv32,instr_sw,train,pico_femto,processor,reg_to_reg,0.753227,0.75329363,6.663346099855527e-05
picorv32,instr_xor,train,pico_femto,processor,reg_to_reg,0.781735,0.7817293,5.7190513610416716e-06
picorv32,instr_xori,train,pico_femto,processor,reg_to_reg,0.781735,0.78177357,3.856719970707356e-05
picorv32,is_alu_reg_imm,train,pico_femto,processor,input_to_reg,1.476079,1.4661695,0.00990952349090568
picorv32,is_alu_reg_reg,train,pico_femto,processor,input_to_reg,1.481235,1.4814932,0.0002582346343993347
picorv32,is_beq_bne_blt_bge_bltu_bgeu,train,pico_femto,processor,input_to_reg,1.577103,1.5764835,0.0006195119171141794
picorv32,is_compare,train,pico_femto,processor,reg_to_reg,0.729921,0.72934794,0.0005730557403564873
picorv32,is_jalr_addi_slti_sltiu_xori_ori_andi,train,pico_femto,processor,reg_to_reg,0.753227,0.7530453,0.00018167948913572207
picorv32,is_lb_lh_lw_lbu_lhu,train,pico_femto,processor,input_to_reg,1.463403,1.4661695,0.002766476509094229
picorv32,is_lui_auipc_jal,train,pico_femto,processor,reg_to_reg,0.424021,0.42418447,0.0001634713687896916
picorv32,is_sb_sh_sw,train,pico_femto,processor,input_to_reg,1.508459,1.5080515,0.0004074853744506779
picorv32,is_sll_srl_sra,train,pico_femto,processor,reg_to_reg,0.753227,0.69097406,0.06225294327926634
picorv32,is_slli_srli_srai,train,pico_femto,processor,reg_to_reg,0.628579,0.69097406,0.062395056720733644
picorv32,is_slti_blt_slt,train,pico_femto,processor,reg_to_reg,0.175462,0.17541942,4.257999610901564e-05
picorv32,is_sltiu_bltu_sltu,train,pico_femto,processor,reg_to_reg,0.175581,0.17541942,0.00016157999610899587
picorv32,latched_branch,train,pico_femto,processor,reg_to_reg,1.229144,1.22865,0.0004940261306762839
picorv32,latched_is_lb,train,pico_femto,processor,input_to_reg,1.440229,1.4400505,0.0001785172500610166
picorv32,latched_is_lh,train,pico_femto,processor,input_to_reg,1.440229,1.4400505,0.0001785172500610166
picorv32,latched_rd[0],train,pico_femto,processor,reg_to_reg,0.300947,0.3008872,5.980274391176321e-05
picorv32,latched_rd[1],train,pico_femto,processor,reg_to_reg,0.300947,0.3008872,5.980274391176321e-05
picorv32,latched_rd[2],train,pico_femto,processor,reg_to_reg,0.300947,0.3008872,5.980274391176321e-05
picorv32,latched_rd[3],train,pico_femto,processor,reg_to_reg,0.300947,0.3008872,5.980274391176321e-05
picorv32,latched_rd[4],train,pico_femto,processor,reg_to_reg,0.300947,0.3008872,5.980274391176321e-05
picorv32,latched_stalu,train,pico_femto,processor,reg_to_reg,0.31005,0.30960962,0.00044037823677062216
picorv32,latched_store,train,pico_femto,processor,reg_to_reg,1.152105,1.1530188,0.0009138322067261395
picorv32,mem_addr[10],train,pico_femto,processor,reg_to_reg,1.067104,1.0670695,3.446951293950562e-05
picorv32,mem_addr[11],train,pico_femto,processor,reg_to_reg,1.067104,1.0670695,3.446951293950562e-05
picorv32,mem_addr[12],train,pico_femto,processor,reg_to_reg,1.067104,1.0670695,3.446951293950562e-05
picorv32,mem_addr[13],train,pico_femto,processor,reg_to_reg,1.067104,1.0670695,3.446951293950562e-05
picorv32,mem_addr[14],train,pico_femto,processor,reg_to_reg,1.067104,1.0670695,3.446951293950562e-05
picorv32,mem_addr[15],train,pico_femto,processor,reg_to_reg,1.067104,1.0670695,3.446951293950562e-05
picorv32,mem_addr[16],train,pico_femto,processor,reg_to_reg,1.067104,1.0670695,3.446951293950562e-05
picorv32,mem_addr[17],train,pico_femto,processor,reg_to_reg,1.067104,1.0670695,3.446951293950562e-05
picorv32,mem_addr[18],train,pico_femto,processor,reg_to_reg,1.067104,1.0670695,3.446951293950562e-05
picorv32,mem_addr[19],train,pico_femto,processor,reg_to_reg,1.067104,1.0670695,3.446951293950562e-05
picorv32,mem_addr[20],train,pico_femto,processor,reg_to_reg,1.067104,1.0670695,3.446951293950562e-05
picorv32,mem_addr[21],train,pico_femto,processor,reg_to_reg,1.067104,1.0670695,3.446951293950562e-05
picorv32,mem_addr[22],train,pico_femto,processor,reg_to_reg,1.067104,1.0670695,3.446951293950562e-05
picorv32,mem_addr[23],train,pico_femto,processor,reg_to_reg,1.067104,1.0670695,3.446951293950562e-05
picorv32,mem_addr[24],train,pico_femto,processor,reg_to_reg,1.067104,1.0670695,3.446951293950562e-05
picorv32,mem_addr[25],train,pico_femto,processor,reg_to_reg,1.067104,1.0670695,3.446951293950562e-05
picorv32,mem_addr[26],train,pico_femto,processor,reg_to_reg,1.067104,1.0670695,3.446951293950562e-05
picorv32,mem_addr[27],train,pico_femto,processor,reg_to_reg,1.067104,1.0670695,3.446951293950562e-05
picorv32,mem_addr[28],train,pico_femto,processor,reg_to_reg,1.067104,1.0670695,3.446951293950562e-05
picorv32,mem_addr[29],train,pico_femto,processor,reg_to_reg,1.067104,1.0670695,3.446951293950562e-05
picorv32,mem_addr[2],train,pico_femto,processor,reg_to_reg,1.067104,1.0670695,3.446951293950562e-05
picorv32,mem_addr[30],train,pico_femto,processor,reg_to_reg,1.067104,1.0670695,3.446951293950562e-05
picorv32,mem_addr[31],train,pico_femto,processor,reg_to_reg,1.067104,1.0670695,3.446951293950562e-05
picorv32,mem_addr[3],train,pico_femto,processor,reg_to_reg,1.067104,1.0670695,3.446951293950562e-05
picorv32,mem_addr[4],train,pico_femto,processor,reg_to_reg,1.067104,1.0670695,3.446951293950562e-05
picorv32,mem_addr[5],train,pico_femto,processor,reg_to_reg,1.067104,1.0670695,3.446951293950562e-05
picorv32,mem_addr[6],train,pico_femto,processor,reg_to_reg,1.067104,1.0670695,3.446951293950562e-05
picorv32,mem_addr[7],train,pico_femto,processor,reg_to_reg,1.067104,1.0670695,3.446951293950562e-05
picorv32,mem_addr[8],train,pico_femto,processor,reg_to_reg,1.067104,1.0670695,3.446951293950562e-05
picorv32,mem_addr[9],train,pico_femto,processor,reg_to_reg,1.067104,1.0670695,3.446951293950562e-05
picorv32,mem_do_prefetch,train,pico_femto,processor,input_to_reg,1.331431,1.3312204,0.0002106115875244452
picorv32,mem_do_rdata,train,pico_femto,processor,input_to_reg,1.371067,1.3715272,0.00046019497680660493
picorv32,mem_do_rinst,train,pico_femto,processor,reg_to_reg,1.378882,1.3787141,0.00016791537475580043
picorv32,mem_do_wdata,train,pico_femto,processor,input_to_reg,1.371067,1.3706589,0.0004081254882812857
picorv32,mem_instr,train,pico_femto,processor,reg_to_reg,1.067104,1.0663754,0.0007286252059937048
picorv32,mem_rdata_q[0],train,pico_femto,processor,input_to_reg,1.131036,1.1329178,0.0018817618026734095
picorv32,mem_rdata_q[10],train,pico_femto,processor,input_to_reg,1.227047,1.2270359,1.1119911193846477e-05
picorv32,mem_rdata_q[11],train,pico_femto,processor,input_to_reg,1.227047,1.2270359,1.1119911193846477e-05
picorv32,mem_rdata_q[12],train,pico_femto,processor,input_to_reg,1.230736,1.2300581,0.0006779260025024936
picorv32,mem_rdata_q[13],train,pico_femto,processor,input_to_reg,1.230629,1.2300581,0.0005709260025024143
picorv32,mem_rdata_q[14],train,pico_femto,processor,input_to_reg,1.230373,1.2300581,0.00031492600250238034
picorv32,mem_rdata_q[15],train,pico_femto,processor,input_to_reg,1.229275,1.229301,2.5975799560651325e-05
picorv32,mem_rdata_q[16],train,pico_femto,processor,input_to_reg,1.229275,1.229301,2.5975799560651325e-05
picorv32,mem_rdata_q[17],train,pico_femto,processor,input_to_reg,1.229275,1.229301,2.5975799560651325e-05
picorv32,mem_rdata_q[18],train,pico_femto,processor,input_to_reg,1.229275,1.229301,2.5975799560651325e-05
picorv32,mem_rdata_q[19],train,pico_femto,processor,input_to_reg,1.229275,1.229301,2.5975799560651325e-05
picorv32,mem_rdata_q[1],train,pico_femto,processor,input_to_reg,1.131104,1.1329178,0.0018137618026732305
picorv32,mem_rdata_q[20],train,pico_femto,processor,input_to_reg,1.229275,1.229301,2.5975799560651325e-05
picorv32,mem_rdata_q[21],train,pico_femto,processor,input_to_reg,1.229275,1.229301,2.5975799560651325e-05
picorv32,mem_rdata_q[22],train,pico_femto,processor,input_to_reg,1.229275,1.229301,2.5975799560651325e-05
picorv32,mem_rdata_q[23],train,pico_femto,processor,input_to_reg,1.229275,1.229301,2.5975799560651325e-05
picorv32,mem_rdata_q[24],train,pico_femto,processor,input_to_reg,1.229275,1.229301,2.5975799560651325e-05
picorv32,mem_rdata_q[25],train,pico_femto,processor,input_to_reg,1.227047,1.2270359,1.1119911193846477e-05
picorv32,mem_rdata_q[26],train,pico_femto,processor,input_to_reg,1.227047,1.2270359,1.1119911193846477e-05
picorv32,mem_rdata_q[27],train,pico_femto,processor,input_to_reg,1.227047,1.2270359,1.1119911193846477e-05
picorv32,mem_rdata_q[28],train,pico_femto,processor,input_to_reg,1.227047,1.2270359,1.1119911193846477e-05
picorv32,mem_rdata_q[29],train,pico_femto,processor,input_to_reg,1.227047,1.2270359,1.1119911193846477e-05
picorv32,mem_rdata_q[2],train,pico_femto,processor,input_to_reg,1.136383,1.1378292,0.0014461845321656064
picorv32,mem_rdata_q[30],train,pico_femto,processor,input_to_reg,1.227047,1.2270359,1.1119911193846477e-05
picorv32,mem_rdata_q[31],train,pico_femto,processor,input_to_reg,1.227047,1.2270359,1.1119911193846477e-05
picorv32,mem_rdata_q[3],train,pico_femto,processor,input_to_reg,1.133061,1.1351324,0.002071431983947658
picorv32,mem_rdata_q[4],train,pico_femto,processor,input_to_reg,1.142531,1.1378292,0.004701815467834436
picorv32,mem_rdata_q[5],train,pico_femto,processor,input_to_reg,1.137732,1.1378292,9.718453216556178e-05
picorv32,mem_rdata_q[6],train,pico_femto,processor,input_to_reg,1.134598,1.1378292,0.003231184532165532
picorv32,mem_rdata_q[7],train,pico_femto,processor,input_to_reg,1.227047,1.2270359,1.1119911193846477e-05
picorv32,mem_rdata_q[8],train,pico_femto,processor,input_to_reg,1.227047,1.2270359,1.1119911193846477e-05
picorv32,mem_rdata_q[9],train,pico_femto,processor,input_to_reg,1.227047,1.2270359,1.1119911193846477e-05
picorv32,mem_state[0],train,pico_femto,processor,input_to_reg,1.310206,1.3109306,0.0007246097030639831
picorv32,mem_state[1],train,pico_femto,processor,input_to_reg,1.310206,1.3109306,0.0007246097030639831
picorv32,mem_valid,train,pico_femto,processor,input_to_reg,1.322497,1.3220514,0.00044559409332278754
picorv32,mem_wdata[0],train,pico_femto,processor,reg_to_reg,0.460986,0.46094826,3.774136161804886e-05
picorv32,mem_wdata[10],train,pico_femto,processor,reg_to_reg,0.460986,0.46094826,3.774136161804886e-05
picorv32,mem_wdata[11],train,pico_femto,processor,reg_to_reg,0.460986,0.46094826,3.774136161804886e-05
picorv32,mem_wdata[12],train,pico_femto,processor,reg_to_reg,0.460986,0.46094826,3.774136161804886e-05
picorv32,mem_wdata[13],train,pico_femto,processor,reg_to_reg,0.460986,0.46094826,3.774136161804886e-05
picorv32,mem_wdata[14],train,pico_femto,processor,reg_to_reg,0.460986,0.46094826,3.774136161804886e-05
picorv32,mem_wdata[15],train,pico_femto,processor,reg_to_reg,0.460986,0.46094826,3.774136161804886e-05
picorv32,mem_wdata[16],train,pico_femto,processor,reg_to_reg,0.460986,0.46094826,3.774136161804886e-05
picorv32,mem_wdata[17],train,pico_femto,processor,reg_to_reg,0.460986,0.46094826,3.774136161804886e-05
picorv32,mem_wdata[18],train,pico_femto,processor,reg_to_reg,0.460986,0.46094826,3.774136161804886e-05
picorv32,mem_wdata[19],train,pico_femto,processor,reg_to_reg,0.460986,0.46094826,3.774136161804886e-05
picorv32,mem_wdata[1],train,pico_femto,processor,reg_to_reg,0.460986,0.46094826,3.774136161804886e-05
picorv32,mem_wdata[20],train,pico_femto,processor,reg_to_reg,0.460986,0.46094826,3.774136161804886e-05
picorv32,mem_wdata[21],train,pico_femto,processor,reg_to_reg,0.460986,0.46094826,3.774136161804886e-05
picorv32,mem_wdata[22],train,pico_femto,processor,reg_to_reg,0.460986,0.46094826,3.774136161804886e-05
picorv32,mem_wdata[23],train,pico_femto,processor,reg_to_reg,0.460986,0.46094826,3.774136161804886e-05
picorv32,mem_wdata[24],train,pico_femto,processor,reg_to_reg,0.460986,0.46098566,3.3944702149124595e-07
picorv32,mem_wdata[25],train,pico_femto,processor,reg_to_reg,0.460986,0.46098566,3.3944702149124595e-07
picorv32,mem_wdata[26],train,pico_femto,processor,reg_to_reg,0.460986,0.46098566,3.3944702149124595e-07
picorv32,mem_wdata[27],train,pico_femto,processor,reg_to_reg,0.460986,0.46098566,3.3944702149124595e-07
picorv32,mem_wdata[28],train,pico_femto,processor,reg_to_reg,0.460986,0.46098566,3.3944702149124595e-07
picorv32,mem_wdata[29],train,pico_femto,processor,reg_to_reg,0.460986,0.46098566,3.3944702149124595e-07
picorv32,mem_wdata[2],train,pico_femto,processor,reg_to_reg,0.460986,0.46094826,3.774136161804886e-05
picorv32,mem_wdata[30],train,pico_femto,processor,reg_to_reg,0.460986,0.46098566,3.3944702149124595e-07
picorv32,mem_wdata[31],train,pico_femto,processor,reg_to_reg,0.460986,0.46098566,3.3944702149124595e-07
picorv32,mem_wdata[3],train,pico_femto,processor,reg_to_reg,0.460986,0.46094826,3.774136161804886e-05
picorv32,mem_wdata[4],train,pico_femto,processor,reg_to_reg,0.460986,0.46094826,3.774136161804886e-05
picorv32,mem_wdata[5],train,pico_femto,processor,reg_to_reg,0.460986,0.46094826,3.774136161804886e-05
picorv32,mem_wdata[6],train,pico_femto,processor,reg_to_reg,0.460986,0.46094826,3.774136161804886e-05
picorv32,mem_wdata[7],train,pico_femto,processor,reg_to_reg,0.460986,0.46094826,3.774136161804886e-05
picorv32,mem_wdata[8],train,pico_femto,processor,reg_to_reg,0.460986,0.46094826,3.774136161804886e-05
picorv32,mem_wdata[9],train,pico_femto,processor,reg_to_reg,0.460986,0.46094826,3.774136161804886e-05
picorv32,mem_wordsize[0],train,pico_femto,processor,input_to_reg,1.438623,1.4262998,0.012323189590454087
picorv32,mem_wordsize[1],train,pico_femto,processor,input_to_reg,1.420401,1.4262998,0.005898810409545874
picorv32,mem_wordsize[2],train,pico_femto,processor,input_to_reg,1.420401,1.4262998,0.005898810409545874
picorv32,mem_wstrb[0],train,pico_femto,processor,reg_to_reg,0.443351,0.4398627,0.0034883016834258984
picorv32,mem_wstrb[1],train,pico_femto,processor,reg_to_reg,0.443351,0.4398627,0.0034883016834258984
picorv32,mem_wstrb[2],train,pico_femto,processor,reg_to_reg,0.431951,0.4398627,0.007911698316574123
picorv32,mem_wstrb[3],train,pico_femto,processor,reg_to_reg,0.440331,0.4398627,0.00046830168342587575
picorv32,reg_next_pc[10],train,pico_femto,processor,reg_to_reg,1.043884,1.0441202,0.000236192527770962
picorv32,reg_next_pc[11],train,pico_femto,processor,reg_to_reg,1.088502,1.0879883,0.0005137425918579908
picorv32,reg_next_pc[12],train,pico_femto,processor,reg_to_reg,1.067529,1.0671551,0.00037387724304194236
picorv32,reg_next_pc[13],train,pico_femto,processor,reg_to_reg,1.157895,1.1594479,0.0015529084014893613
picorv32,reg_next_pc[14],train,pico_femto,processor,reg_to_reg,1.18042,1.1803304,8.960430145266152e-05
picorv32,reg_next_pc[15],train,pico_femto,processor,reg_to_reg,1.26749,1.2663782,0.0011118357086181696
picorv32,reg_next_pc[16],train,pico_femto,processor,reg_to_reg,1.287213,1.2875628,0.0003498471374512313
picorv32,reg_next_pc[17],train,pico_femto,processor,reg_to_reg,1.29815,1.300299,0.0021490484237671748
picorv32,reg_next_pc[18],train,pico_femto,processor,reg_to_reg,1.352726,1.3521552,0.0005707914123536106
picorv32,reg_next_pc[19],train,pico_femto,processor,reg_to_reg,1.44611,1.445808,0.0003019469833374089
picorv32,reg_next_pc[1],train,pico_femto,processor,reg_to_reg,0.772695,0.77240705,0.00028794509887697384
picorv32,reg_next_pc[20],train,pico_femto,processor,reg_to_reg,1.437658,1.4388245,0.001166534416198628
picorv32,reg_next_pc[21],train,pico_femto,processor,reg_to_reg,1.526813,1.525329,0.0014840062026977296
picorv32,reg_next_pc[22],train,pico_femto,processor,reg_to_reg,1.524879,1.5247838,9.515028381357205e-05
picorv32,reg_next_pc[23],train,pico_femto,processor,reg_to_reg,1.502747,1.5045581,0.001811086395263617
picorv32,reg_next_pc[24],train,pico_femto,processor,reg_to_reg,1.639948,1.6401522,0.00020421595764164024
picorv32,reg_next_pc[25],train,pico_femto,processor,reg_to_reg,1.573831,1.5733259,0.0005051275787353315
picorv32,reg_next_pc[26],train,pico_femto,processor,reg_to_reg,1.657216,1.6564763,0.0007397407684326396
picorv32,reg_next_pc[27],train,pico_femto,processor,reg_to_reg,1.626444,1.6266397,0.00019572377777099526
picorv32,reg_next_pc[28],train,pico_femto,processor,reg_to_reg,1.701553,1.7011858,0.0003671775131226518
picorv32,reg_next_pc[29],train,pico_femto,processor,reg_to_reg,1.623466,1.6249707,0.0015046745147704321
picorv32,reg_next_pc[2],train,pico_femto,processor,reg_to_reg,0.772695,0.77238244,0.00031256181716921017
picorv32,reg_next_pc[30],train,pico_femto,processor,reg_to_reg,1.674455,1.6739486,0.0005063544082641869
picorv32,reg_next_pc[31],train,pico_femto,processor,reg_to_reg,1.702153,1.7021371,1.5887382507351333e-05
picorv32,reg_next_pc[3],train,pico_femto,processor,reg_to_reg,0.772695,0.7723566,0.0003383706283569543
picorv32,reg_next_pc[4],train,pico_femto,processor,reg_to_reg,0.772695,0.77252895,0.0001660536003113
picorv32,reg_next_pc[5],train,pico_femto,processor,reg_to_reg,0.834431,0.8349149,0.00048392271423336464
picorv32,reg_next_pc[6],train,pico_femto,processor,reg_to_reg,0.93803,0.94017863,0.0021486327362060242
picorv32,reg_next_pc[7],train,pico_femto,processor,reg_to_reg,0.946635,0.94690365,0.0002686459922790485
picorv32,reg_next_pc[8],train,pico_femto,processor,reg_to_reg,0.980206,0.9824973,0.0022912748756408474
picorv32,reg_next_pc[9],train,pico_femto,processor,reg_to_reg,0.999263,0.9994982,0.000235188495635974
picorv32,reg_op1[0],train,pico_femto,processor,reg_to_reg,8.530502,8.530877,0.0003751133422849051
picorv32,reg_op1[10],train,pico_femto,processor,reg_to_reg,8.748617,8.746163,0.0024536317749017655
picorv32,reg_op1[11],train,pico_femto,processor,reg_to_reg,8.541547,8.541113,0.000434100219726119
picorv32,reg_op1[12],train,pico_femto,processor,reg_to_reg,8.541547,8.541856,0.00030881207275434974
picorv32,reg_op1[13],train,pico_femto,processor,reg_to_reg,8.561163,8.561424,0.0002612553710932275
picorv32,reg_op1[14],train,pico_femto,processor,reg_to_reg,8.541547,8.541849,0.000302136352539506
picorv32,reg_op1[15],train,pico_femto,processor,reg_to_reg,8.535007,8.535631,0.0006241798095700801
picorv32,reg_op1[16],train,pico_femto,processor,reg_to_reg,8.567585,8.567481,0.0001039590454094963
picorv32,reg_op1[17],train,pico_femto,processor,reg_to_reg,8.588724,8.589656,0.0009318761596688319
picorv32,reg_op1[18],train,pico_femto,processor,reg_to_reg,8.602659,8.601623,0.0010364185180655738
picorv32,reg_op1[19],train,pico_femto,processor,reg_to_reg,8.525751,8.525508,0.00024307305908166654
picorv32,reg_op1[1],train,pico_femto,processor,reg_to_reg,8.611753,8.611962,0.00020931842040994297
picorv32,reg_op1[20],train,pico_femto,processor,reg_to_reg,8.614081,8.613179,0.0009017931518560118
picorv32,reg_op1[21],train,pico_femto,processor,reg_to_reg,8.591857,8.591604,0.0002527672119132518
picorv32,reg_op1[22],train,pico_femto,processor,reg_to_reg,8.567585,8.5683565,0.0007715139770514412
picorv32,reg_op1[23],train,pico_femto,processor,reg_to_reg,8.541547,8.542698,0.0011509064941410685
picorv32,reg_op1[24],train,pico_femto,processor,reg_to_reg,8.763535,8.760849,0.0026860009765616866
picorv32,reg_op1[25],train,pico_femto,processor,reg_to_reg,8.602659,8.602297,0.0003621707763663551
picorv32,reg_op1[26],train,pico_femto,processor,reg_to_reg,8.542654,8.542691,3.72307739251454e-05
picorv32,reg_op1[27],train,pico_femto,processor,reg_to_reg,8.576193,8.576643,0.0004499901123047323
picorv32,reg_op1[28],train,pico_femto,processor,reg_to_reg,8.560801,8.560578,0.00022265374755825462
picorv32,reg_op1[29],train,pico_femto,processor,reg_to_reg,8.768497,8.76751,0.0009865858764648294
picorv32,reg_op1[2],train,pico_femto,processor,reg_to_reg,8.544923,8.544985,6.181750488210014e-05
picorv32,reg_op1[30],train,pico_femto,processor,reg_to_reg,8.554389,8.554501,0.00011157983398391025
picorv32,reg_op1[31],train,pico_femto,processor,reg_to_reg,8.53682,8.537193,0.000373298339843231
picorv32,reg_op1[3],train,pico_femto,processor,reg_to_reg,8.531374,8.531674,0.00030038507080121235
picorv32,reg_op1[4],train,pico_femto,processor,reg_to_reg,8.540135,8.540573,0.00043812011718813437
picorv32,reg_op1[5],train,pico_femto,processor,reg_to_reg,8.56446,8.564762,0.00030211547851521914
picorv32,reg_op1[6],train,pico_femto,processor,reg_to_reg,8.567585,8.567075,0.0005102243041985588
picorv32,reg_op1[7],train,pico_femto,processor,reg_to_reg,8.53237,8.532351,1.945983886741942e-05
picorv32,reg_op1[8],train,pico_femto,processor,reg_to_reg,8.569965,8.569799,0.00016557678222639538
picorv32,reg_op1[9],train,pico_femto,processor,reg_to_reg,8.615797,8.615814,1.72089843744061e-05
picorv32,reg_op2[0],train,pico_femto,processor,reg_to_reg,9.411035,9.443905,0.032869876708984336
picorv32,reg_op2[10],train,pico_femto,processor,reg_to_reg,9.370687,9.34596,0.02472733660888693
picorv32,reg_op2[11],train,pico_femto,processor,reg_to_reg,9.209802,9.236871,0.027068765686035334
picorv32,reg_op2[12],train,pico_femto,processor,reg_to_reg,9.359999,9.359829,0.00017005102539080497
picorv32,reg_op2[13],train,pico_femto,processor,reg_to_reg,9.248473,9.249093,0.0006200557250970462
picorv32,reg_op2[14],train,pico_femto,processor,reg_to_reg,9.213478,9.214434,0.0009556700439450339
picorv32,reg_op2[15],train,pico_femto,processor,reg_to_reg,9.388257,9.34596,0.04229733660888613
picorv32,reg_op2[16],train,pico_femto,processor,reg_to_reg,9.236157,9.34596,0.10980266339111289
picorv32,reg_op2[17],train,pico_femto,processor,reg_to_reg,9.327282,9.328935,0.0016526694946286113
picorv32,reg_op2[18],train,pico_femto,processor,reg_to_reg,9.359999,9.359829,0.00017005102539080497
picorv32,reg_op2[19],train,pico_femto,processor,reg_to_reg,9.478178,9.476257,0.00192067578124977
picorv32,reg_op2[1],train,pico_femto,processor,reg_to_reg,9.477353,9.443905,0.03344812329101643
picorv32,reg_op2[20],train,pico_femto,processor,reg_to_reg,9.365573,9.364662,0.0009108295898432317
picorv32,reg_op2[21],train,pico_femto,processor,reg_to_reg,9.381824,9.338079,0.043744547485351504
picorv32,reg_op2[22],train,pico_femto,processor,reg_to_reg,9.423613,9.338079,0.08553354748535114
picorv32,reg_op2[23],train,pico_femto,processor,reg_to_reg,9.209757,9.338079,0.1283224525146487
picorv32,reg_op2[24],train,pico_femto,processor,reg_to_reg,9.414185,9.411687,0.002498102722167772
picorv32,reg_op2[25],train,pico_femto,processor,reg_to_reg,9.486835,9.483728,0.003106591186522678
picorv32,reg_op2[26],train,pico_femto,processor,reg_to_reg,9.338575,9.337806,0.0007692520141606707
picorv32,reg_op2[27],train,pico_femto,processor,reg_to_reg,9.242126,9.242637,0.0005106806030266142
picorv32,reg_op2[28],train,pico_femto,processor,reg_to_reg,9.213478,9.214443,0.0009652067871090964
picorv32,reg_op2[29],train,pico_femto,processor,reg_to_reg,9.240634,9.236871,0.0037632343139648583
picorv32,reg_op2[2],train,pico_femto,processor,reg_to_reg,9.491818,9.489952,0.0018659125976565605
picorv32,reg_op2[30],train,pico_femto,processor,reg_to_reg,9.464304,9.34596,0.11834433660888699
picorv32,reg_op2[31],train,pico_femto,processor,reg_to_reg,9.289773,9.289813,4.00416870114384e-05
picorv32,reg_op2[3],train,pico_femto,processor,reg_to_reg,9.264863,9.2652025,0.00033952227783196065
picorv32,reg_op2[4],train,pico_femto,processor,reg_to_reg,9.480939,9.480449,0.0004902771606438705
picorv32,reg_op2[5],train,pico_femto,processor,reg_to_reg,9.256558,9.236871,0.019687234313964908
picorv32,reg_op2[6],train,pico_femto,processor,reg_to_reg,9.244913,9.34596,0.1010466633911129
picorv32,reg_op2[7],train,pico_femto,processor,reg_to_reg,9.370687,9.34596,0.02472733660888693
picorv32,reg_op2[8],train,pico_femto,processor,reg_to_reg,9.24083,9.236871,0.003959234313965609
picorv32,reg_op2[9],train,pico_femto,processor,reg_to_reg,9.248473,9.249641,0.00116841845703064
picorv32,reg_out[0],train,pico_femto,processor,input_to_reg,1.176137,1.1759132,0.00022378531646727318
picorv32,reg_out[10],train,pico_femto,processor,input_to_reg,1.242428,1.2424821,5.40661544798926e-05
picorv32,reg_out[11],train,pico_femto,processor,input_to_reg,1.242428,1.2424821,5.40661544798926e-05
picorv32,reg_out[12],train,pico_femto,processor,input_to_reg,1.242428,1.2424821,5.40661544798926e-05
picorv32,reg_out[13],train,pico_femto,processor,input_to_reg,1.242428,1.2419543,0.000473673370361416
picorv32,reg_out[14],train,pico_femto,processor,input_to_reg,1.242428,1.2419543,0.000473673370361416
picorv32,reg_out[15],train,pico_femto,processor,reg_to_reg,1.242982,1.2433779,0.00039592396545407027
picorv32,reg_out[16],train,pico_femto,processor,reg_to_reg,1.308159,1.308169,1.0007301330494656e-05
picorv32,reg_out[17],train,pico_femto,processor,reg_to_reg,1.308159,1.3081113,4.768999481208347e-05
picorv32,reg_out[18],train,pico_femto,processor,reg_to_reg,1.308159,1.3081717,1.2749114990162624e-05
picorv32,reg_out[19],train,pico_femto,processor,reg_to_reg,1.308159,1.3082715,0.00011252729034416653
picorv32,reg_out[1],train,pico_femto,processor,input_to_reg,1.163846,1.1648442,0.0009981553115845365
picorv32,reg_out[20],train,pico_femto,processor,reg_to_reg,1.308159,1.3070322,0.0011267724838257553
picorv32,reg_out[21],train,pico_femto,processor,reg_to_reg,1.308159,1.3083283,0.0001692709121703384
picorv32,reg_out[22],train,pico_femto,processor,reg_to_reg,1.308159,1.3082876,0.000128620544433522
picorv32,reg_out[23],train,pico_femto,processor,reg_to_reg,1.308159,1.3077585,0.00040054949188239597
picorv32,reg_out[24],train,pico_femto,processor,reg_to_reg,1.29952,1.3009236,0.0014035858917236244
picorv32,reg_out[25],train,pico_femto,processor,reg_to_reg,1.308159,1.3077639,0.00039506586456306003
picorv32,reg_out[26],train,pico_femto,processor,reg_to_reg,1.308159,1.3069397,0.0012192788925171616
picorv32,reg_out[27],train,pico_femto,processor,reg_to_reg,1.308159,1.3087531,0.0005941328201293228
picorv32,reg_out[28],train,pico_femto,processor,reg_to_reg,1.308159,1.3076587,0.0005003276672363999
picorv32,reg_out[29],train,pico_femto,processor,reg_to_reg,1.308159,1.3087717,0.0006127294692992447
picorv32,reg_out[2],train,pico_femto,processor,input_to_reg,1.163846,1.163628,0.0002180178604125338
picorv32,reg_out[30],train,pico_femto,processor,reg_to_reg,1.316485,1.3157156,0.0007694486236571318
picorv32,reg_out[31],train,pico_femto,processor,reg_to_reg,1.344865,1.3460202,0.001155221710205101
picorv32,reg_out[3],train,pico_femto,processor,input_to_reg,1.180702,1.1794013,0.001300721504211344
picorv32,reg_out[4],train,pico_femto,processor,input_to_reg,1.157308,1.1577603,0.0004522624893188443
picorv32,reg_out[5],train,pico_femto,processor,input_to_reg,1.157308,1.1573561,4.8142997741695837e-05
picorv32,reg_out[6],train,pico_femto,processor,input_to_reg,1.178428,1.1784217,6.264236450226335e-06
picorv32,reg_out[7],train,pico_femto,processor,input_to_reg,1.160706,1.1626121,0.001906080574035629
picorv32,reg_out[8],train,pico_femto,processor,input_to_reg,1.242428,1.2424821,5.40661544798926e-05
picorv32,reg_out[9],train,pico_femto,processor,input_to_reg,1.242428,1.2424821,5.40661544798926e-05
picorv32,reg_pc[0],train,pico_femto,processor,reg_to_reg,0.462971,0.4669534,0.003982396797180154
picorv32,reg_pc[10],train,pico_femto,processor,reg_to_reg,0.763712,0.76373935,2.7347457885795734e-05
picorv32,reg_pc[11],train,pico_femto,processor,reg_to_reg,0.763712,0.76373935,2.7347457885795734e-05
picorv32,reg_pc[12],train,pico_femto,processor,reg_to_reg,0.763712,0.76373935,2.7347457885795734e-05
picorv32,reg_pc[13],train,pico_femto,processor,reg_to_reg,0.763712,0.76373935,2.7347457885795734e-05
picorv32,reg_pc[14],train,pico_femto,processor,reg_to_reg,0.763712,0.76373935,2.7347457885795734e-05
picorv32,reg_pc[15],train,pico_femto,processor,reg_to_reg,0.763712,0.76373935,2.7347457885795734e-05
picorv32,reg_pc[16],train,pico_femto,processor,reg_to_reg,0.763712,0.76373935,2.7347457885795734e-05
picorv32,reg_pc[17],train,pico_femto,processor,reg_to_reg,0.763712,0.76373935,2.7347457885795734e-05
picorv32,reg_pc[18],train,pico_femto,processor,reg_to_reg,0.763712,0.76373935,2.7347457885795734e-05
picorv32,reg_pc[19],train,pico_femto,processor,reg_to_reg,0.763712,0.76373935,2.7347457885795734e-05
picorv32,reg_pc[1],train,pico_femto,processor,reg_to_reg,0.763712,0.7643798,0.000667799365997368
picorv32,reg_pc[20],train,pico_femto,processor,reg_to_reg,0.763712,0.76373935,2.7347457885795734e-05
picorv32,reg_pc[21],train,pico_femto,processor,reg_to_reg,0.763712,0.76373935,2.7347457885795734e-05
picorv32,reg_pc[22],train,pico_femto,processor,reg_to_reg,0.763712,0.76373935,2.7347457885795734e-05
picorv32,reg_pc[23],train,pico_femto,processor,reg_to_reg,0.763712,0.76373935,2.7347457885795734e-05
picorv32,reg_pc[24],train,pico_femto,processor,reg_to_reg,0.763712,0.76373935,2.7347457885795734e-05
picorv32,reg_pc[25],train,pico_femto,processor,reg_to_reg,0.763712,0.76373935,2.7347457885795734e-05
picorv32,reg_pc[26],train,pico_femto,processor,reg_to_reg,0.763712,0.76373935,2.7347457885795734e-05
picorv32,reg_pc[27],train,pico_femto,processor,reg_to_reg,0.763712,0.76373935,2.7347457885795734e-05
picorv32,reg_pc[28],train,pico_femto,processor,reg_to_reg,0.763712,0.76373935,2.7347457885795734e-05
picorv32,reg_pc[29],train,pico_femto,processor,reg_to_reg,0.763712,0.76373935,2.7347457885795734e-05
picorv32,reg_pc[2],train,pico_femto,processor,reg_to_reg,0.763712,0.76332796,0.00038404380035395036
picorv32,reg_pc[30],train,pico_femto,processor,reg_to_reg,0.761428,0.7630854,0.001657424900054938
picorv32,reg_pc[31],train,pico_femto,processor,reg_to_reg,0.763712,0.7644815,0.0007694848899841844
picorv32,reg_pc[3],train,pico_femto,processor,reg_to_reg,0.763712,0.76332796,0.00038404380035395036
picorv32,reg_pc[4],train,pico_femto,processor,reg_to_reg,0.763712,0.76373935,2.7347457885795734e-05
picorv32,reg_pc[5],train,pico_femto,processor,reg_to_reg,0.763712,0.76373935,2.7347457885795734e-05
picorv32,reg_pc[6],train,pico_femto,processor,reg_to_reg,0.763712,0.76373935,2.7347457885795734e-05
picorv32,reg_pc[7],train,pico_femto,processor,reg_to_reg,0.763712,0.76373935,2.7347457885795734e-05
picorv32,reg_pc[8],train,pico_femto,processor,reg_to_reg,0.763712,0.76373935,2.7347457885795734e-05
picorv32,reg_pc[9],train,pico_femto,processor,reg_to_reg,0.763712,0.76373935,2.7347457885795734e-05
picorv32,reg_sh[0],train,pico_femto,processor,reg_to_reg,9.458227,9.459858,0.001630940673827297
picorv32,reg_sh[1],train,pico_femto,processor,reg_to_reg,9.537315,9.535166,0.0021492132568354805
picorv32,reg_sh[2],train,pico_femto,processor,reg_to_reg,9.500163,9.49999,0.00017253674316464185
picorv32,reg_sh[3],train,pico_femto,processor,reg_to_reg,9.26791,9.268811,0.0009012258911127446
picorv32,reg_sh[4],train,pico_femto,processor,reg_to_reg,9.46833,9.468818,0.0004877108764649307
picorv32,trap,train,pico_femto,processor,reg_to_reg,0.135372,0.13622044,0.0008484402685165482
femtorv_quark,Bimm[10],train,pico_femto,processor,input_to_reg,1.568735,1.5801774,0.01144242633819581
femtorv_quark,Bimm[11],train,pico_femto,processor,input_to_reg,1.568735,1.5801774,0.01144242633819581
femtorv_quark,Bimm[12],train,pico_femto,processor,input_to_reg,1.568735,1.5801774,0.01144242633819581
femtorv_quark,Bimm[1],train,pico_femto,processor,input_to_reg,1.568735,1.5801774,0.01144242633819581
femtorv_quark,Bimm[2],train,pico_femto,processor,input_to_reg,1.568735,1.5801774,0.01144242633819581
femtorv_quark,Bimm[3],train,pico_femto,processor,input_to_reg,1.568735,1.5801774,0.01144242633819581
femtorv_quark,Bimm[4],train,pico_femto,processor,input_to_reg,1.568735,1.5801774,0.01144242633819581
femtorv_quark,Bimm[5],train,pico_femto,processor,input_to_reg,1.568735,1.5801774,0.01144242633819581
femtorv_quark,Bimm[6],train,pico_femto,processor,input_to_reg,1.568735,1.5801774,0.01144242633819581
femtorv_quark,Bimm[7],train,pico_femto,processor,input_to_reg,1.568735,1.5801774,0.01144242633819581
femtorv_quark,Bimm[8],train,pico_femto,processor,input_to_reg,1.568735,1.5801774,0.01144242633819581
femtorv_quark,Bimm[9],train,pico_femto,processor,input_to_reg,1.568735,1.5801774,0.01144242633819581
femtorv_quark,Iimm[0],train,pico_femto,processor,input_to_reg,1.568735,1.5801774,0.01144242633819581
femtorv_quark,Iimm[1],train,pico_femto,processor,input_to_reg,1.568735,1.5801774,0.01144242633819581
femtorv_quark,Iimm[2],train,pico_femto,processor,input_to_reg,1.568735,1.5801774,0.01144242633819581
femtorv_quark,Iimm[3],train,pico_femto,processor,input_to_reg,1.568735,1.5801774,0.01144242633819581
femtorv_quark,Iimm[4],train,pico_femto,processor,input_to_reg,1.756509,1.5801774,0.1763315736618043
femtorv_quark,Jimm[12],train,pico_femto,processor,input_to_reg,1.568735,1.5801774,0.01144242633819581
femtorv_quark,Jimm[13],train,pico_femto,processor,input_to_reg,1.568735,1.5801774,0.01144242633819581
femtorv_quark,Jimm[14],train,pico_femto,processor,input_to_reg,1.568735,1.5801774,0.01144242633819581
femtorv_quark,Jimm[15],train,pico_femto,processor,input_to_reg,1.568735,1.5801774,0.01144242633819581
femtorv_quark,Jimm[16],train,pico_femto,processor,input_to_reg,1.568735,1.5801774,0.01144242633819581
femtorv_quark,Jimm[17],train,pico_femto,processor,input_to_reg,1.568735,1.5801774,0.01144242633819581
femtorv_quark,Jimm[18],train,pico_femto,processor,input_to_reg,1.568735,1.5801774,0.01144242633819581
femtorv_quark,Jimm[19],train,pico_femto,processor,input_to_reg,1.723402,1.5801774,0.1432245736618043
femtorv_quark,PC[0],train,pico_femto,processor,reg_to_reg,0.337479,0.33781803,0.00033902654266360077
femtorv_quark,PC[10],train,pico_femto,processor,reg_to_reg,2.155774,2.155186,0.0005880621185303525
femtorv_quark,PC[11],train,pico_femto,processor,reg_to_reg,2.155774,2.1554348,0.00033915312194832126
femtorv_quark,PC[12],train,pico_femto,processor,reg_to_reg,2.155774,2.1554348,0.00033915312194832126
femtorv_quark,PC[13],train,pico_femto,processor,reg_to_reg,2.155774,2.1548722,0.0009018209686280088
femtorv_quark,PC[14],train,pico_femto,processor,reg_to_reg,2.155774,2.1548722,0.0009018209686280088
femtorv_quark,PC[15],train,pico_femto,processor,reg_to_reg,2.116084,2.1187327,0.0026486908111573726
femtorv_quark,PC[16],train,pico_femto,processor,reg_to_reg,2.110331,2.1098504,0.00048059335327144126
femtorv_quark,PC[17],train,pico_femto,processor,reg_to_reg,2.122575,2.1232603,0.0006852596282960199
femtorv_quark,PC[18],train,pico_femto,processor,reg_to_reg,2.145946,2.1445053,0.0014407376251219794
femtorv_quark,PC[19],train,pico_femto,processor,reg_to_reg,2.110331,2.1104321,0.00010114797973637124
femtorv_quark,PC[1],train,pico_femto,processor,reg_to_reg,2.103812,2.1042538,0.0004417689208984221
femtorv_quark,PC[20],train,pico_femto,processor,reg_to_reg,2.12261,2.1244357,0.0018256632232667158
femtorv_quark,PC[21],train,pico_femto,processor,reg_to_reg,2.142232,2.1401947,0.0020373455352782344
femtorv_quark,PC[22],train,pico_femto,processor,reg_to_reg,2.122575,2.124522,0.0019469707489014887
femtorv_quark,PC[23],train,pico_femto,processor,reg_to_reg,2.157647,2.157179,0.0004678827972410815
femtorv_quark,PC[2],train,pico_femto,processor,reg_to_reg,2.115349,2.1150498,0.00029916098022475524
femtorv_quark,PC[3],train,pico_femto,processor,reg_to_reg,2.145946,2.144863,0.0010831097564696357
femtorv_quark,PC[4],train,pico_femto,processor,reg_to_reg,2.142232,2.1425068,0.00027483784484871876
femtorv_quark,PC[5],train,pico_femto,processor,reg_to_reg,2.11248,2.1152713,0.0027913298797606068
femtorv_quark,PC[6],train,pico_femto,processor,reg_to_reg,2.142232,2.1422455,1.353108215340626e-05
femtorv_quark,PC[7],train,pico_femto,processor,reg_to_reg,2.155774,2.1544535,0.0013204839935303525
femtorv_quark,PC[8],train,pico_femto,processor,reg_to_reg,2.145946,2.146694,0.0007479449310303643
femtorv_quark,PC[9],train,pico_femto,processor,reg_to_reg,2.145946,2.146694,0.0007479449310303643
femtorv_quark,aluReg[0],train,pico_femto,processor,reg_to_reg,0.80721,0.80679005,0.0004199461555480788
femtorv_quark,aluReg[10],train,pico_femto,processor,reg_to_reg,0.918629,0.918246,0.00038302879714968707
femtorv_quark,aluReg[11],train,pico_femto,processor,reg_to_reg,0.918629,0.918246,0.00038302879714968707
femtorv_quark,aluReg[12],train,pico_femto,processor,reg_to_reg,0.918629,0.918246,0.00038302879714968707
femtorv_quark,aluReg[13],train,pico_femto,processor,reg_to_reg,0.918629,0.918246,0.00038302879714968707
femtorv_quark,aluReg[14],train,pico_femto,processor,reg_to_reg,0.918629,0.918246,0.00038302879714968707
femtorv_quark,aluReg[15],train,pico_femto,processor,reg_to_reg,0.918629,0.918246,0.00038302879714968707
femtorv_quark,aluReg[16],train,pico_femto,processor,reg_to_reg,0.918629,0.918246,0.00038302879714968707
femtorv_quark,aluReg[17],train,pico_femto,processor,reg_to_reg,0.918629,0.918246,0.00038302879714968707
femtorv_quark,aluReg[18],train,pico_femto,processor,reg_to_reg,0.918629,0.918246,0.00038302879714968707
femtorv_quark,aluReg[19],train,pico_femto,processor,reg_to_reg,0.918629,0.918246,0.00038302879714968707
femtorv_quark,aluReg[1],train,pico_femto,processor,reg_to_reg,0.918629,0.9184151,0.00021387081527712848
femtorv_quark,aluReg[20],train,pico_femto,processor,reg_to_reg,0.918629,0.918246,0.00038302879714968707
femtorv_quark,aluReg[21],train,pico_femto,processor,reg_to_reg,0.918629,0.918246,0.00038302879714968707
femtorv_quark,aluReg[22],train,pico_femto,processor,reg_to_reg,0.918629,0.918246,0.00038302879714968707
femtorv_quark,aluReg[23],train,pico_femto,processor,reg_to_reg,0.918629,0.918246,0.00038302879714968707
femtorv_quark,aluReg[24],train,pico_femto,processor,reg_to_reg,0.918629,0.918246,0.00038302879714968707
femtorv_quark,aluReg[25],train,pico_femto,processor,reg_to_reg,0.918629,0.9184151,0.00021387081527712848
femtorv_quark,aluReg[26],train,pico_femto,processor,reg_to_reg,0.918629,0.9184151,0.00021387081527712848
femtorv_quark,aluReg[27],train,pico_femto,processor,reg_to_reg,0.918629,0.918246,0.00038302879714968707
femtorv_quark,aluReg[28],train,pico_femto,processor,reg_to_reg,0.918629,0.918246,0.00038302879714968707
femtorv_quark,aluReg[29],train,pico_femto,processor,reg_to_reg,0.918629,0.918246,0.00038302879714968707
femtorv_quark,aluReg[2],train,pico_femto,processor,reg_to_reg,0.918629,0.918246,0.00038302879714968707
femtorv_quark,aluReg[30],train,pico_femto,processor,reg_to_reg,0.908689,0.918246,0.009556971202850373
femtorv_quark,aluReg[31],train,pico_femto,processor,reg_to_reg,0.793447,0.7934733,2.6303318023668254e-05
femtorv_quark,aluReg[3],train,pico_femto,processor,reg_to_reg,0.918629,0.9184151,0.00021387081527712848
femtorv_quark,aluReg[4],train,pico_femto,processor,reg_to_reg,0.918629,0.918246,0.00038302879714968707
femtorv_quark,aluReg[5],train,pico_femto,processor,reg_to_reg,0.918629,0.918246,0.00038302879714968707
femtorv_quark,aluReg[6],train,pico_femto,processor,reg_to_reg,0.918629,0.9184151,0.00021387081527712848
femtorv_quark,aluReg[7],train,pico_femto,processor,reg_to_reg,0.918629,0.918246,0.00038302879714968707
femtorv_quark,aluReg[8],train,pico_femto,processor,reg_to_reg,0.918629,0.918246,0.00038302879714968707
femtorv_quark,aluReg[9],train,pico_femto,processor,reg_to_reg,0.918629,0.918246,0.00038302879714968707
femtorv_quark,aluShamt[0],train,pico_femto,processor,reg_to_reg,0.645444,0.80400485,0.15856084800338743
femtorv_quark,aluShamt[1],train,pico_femto,processor,reg_to_reg,0.662572,0.80400485,0.1414328480033874
femtorv_quark,aluShamt[2],train,pico_femto,processor,reg_to_reg,0.903893,0.80400485,0.0998881519966125
femtorv_quark,aluShamt[3],train,pico_femto,processor,reg_to_reg,0.903893,0.80400485,0.0998881519966125
femtorv_quark,aluShamt[4],train,pico_femto,processor,reg_to_reg,0.903893,0.80400485,0.0998881519966125
femtorv_quark,cycles[0],train,pico_femto,processor,reg_to_reg,0.075374,0.07543063,5.663163757324563e-05
femtorv_quark,cycles[10],train,pico_femto,processor,reg_to_reg,0.379481,0.38068882,0.001207816308975207
femtorv_quark,cycles[11],train,pico_femto,processor,reg_to_reg,0.438482,0.4386766,0.00019459568786622805
femtorv_quark,cycles[12],train,pico_femto,processor,reg_to_reg,0.447887,0.44746956,0.00041743770790098056
femtorv_quark,cycles[13],train,pico_femto,processor,reg_to_reg,0.463101,0.46347928,0.00037828047180177293
femtorv_quark,cycles[14],train,pico_femto,processor,reg_to_reg,0.522101,0.52190197,0.00019903485870365056
femtorv_quark,cycles[15],train,pico_femto,processor,reg_to_reg,0.531506,0.53078395,0.0007220487174988133
femtorv_quark,cycles[16],train,pico_femto,processor,reg_to_reg,0.54672,0.54601234,0.0007076580238342123
femtorv_quark,cycles[17],train,pico_femto,processor,reg_to_reg,0.60572,0.6068701,0.0011501148033141728
femtorv_quark,cycles[18],train,pico_femto,processor,reg_to_reg,0.615126,0.61423177,0.0008942347297667963
femtorv_quark,cycles[19],train,pico_femto,processor,reg_to_reg,0.630339,0.632568,0.002229001747131365
femtorv_quark,cycles[1],train,pico_femto,processor,reg_to_reg,0.15734,0.15675046,0.0005895445013046341
femtorv_quark,cycles[20],train,pico_femto,processor,reg_to_reg,0.68934,0.68869245,0.0006475494766234879
femtorv_quark,cycles[21],train,pico_femto,processor,reg_to_reg,0.698745,0.6987481,3.1117248535661446e-06
femtorv_quark,cycles[22],train,pico_femto,processor,reg_to_reg,0.713959,0.7140604,0.00010142575836180612
femtorv_quark,cycles[23],train,pico_femto,processor,reg_to_reg,0.772959,0.77299076,3.17631874084956e-05
femtorv_quark,cycles[24],train,pico_femto,processor,reg_to_reg,0.782364,0.78104484,0.001319159187316843
femtorv_quark,cycles[25],train,pico_femto,processor,reg_to_reg,0.797578,0.7986037,0.0010257135124206451
femtorv_quark,cycles[26],train,pico_femto,processor,reg_to_reg,0.856578,0.8558116,0.0007664040832519037
femtorv_quark,cycles[27],train,pico_femto,processor,reg_to_reg,0.865984,0.8668913,0.000907324520111108
femtorv_quark,cycles[28],train,pico_femto,processor,reg_to_reg,0.881197,0.8809757,0.00022127673339844556
femtorv_quark,cycles[29],train,pico_femto,processor,reg_to_reg,0.940198,0.9392676,0.0009304242591857692
femtorv_quark,cycles[2],train,pico_femto,processor,reg_to_reg,0.16626,0.16612011,0.00013988805770873136
femtorv_quark,cycles[30],train,pico_femto,processor,reg_to_reg,0.949603,0.95146096,0.0018579575271606696
femtorv_quark,cycles[31],train,pico_femto,processor,reg_to_reg,0.9578,0.95780456,4.560661315933245e-06
femtorv_quark,cycles[3],train,pico_femto,processor,reg_to_reg,0.181397,0.18019529,0.001201713129997256
femtorv_quark,cycles[4],train,pico_femto,processor,reg_to_reg,0.226063,0.22741084,0.0013478380079269547
femtorv_quark,cycles[5],train,pico_femto,processor,reg_to_reg,0.270477,0.27042148,5.552482795717628e-05
femtorv_quark,cycles[6],train,pico_femto,processor,reg_to_reg,0.28062,0.280053,0.0005670102787017628
femtorv_quark,cycles[7],train,pico_femto,processor,reg_to_reg,0.295774,0.29691255,0.0011385509262085147
femtorv_quark,cycles[8],train,pico_femto,processor,reg_to_reg,0.354862,0.35471046,0.0001515402908325303
femtorv_quark,cycles[9],train,pico_femto,processor,reg_to_reg,0.364268,0.36267582,0.001592184179306011
femtorv_quark,instr[2],train,pico_femto,processor,input_to_reg,1.568735,1.5801774,0.01144242633819581
femtorv_quark,instr[3],train,pico_femto,processor,input_to_reg,1.568735,1.5801774,0.01144242633819581
femtorv_quark,instr[4],train,pico_femto,processor,input_to_reg,1.568735,1.5801774,0.01144242633819581
femtorv_quark,instr[5],train,pico_femto,processor,input_to_reg,1.568735,1.5801774,0.01144242633819581
femtorv_quark,instr[6],train,pico_femto,processor,input_to_reg,1.568735,1.5801774,0.01144242633819581
femtorv_quark,registerFile[0][0],train,pico_femto,processor,reg_to_reg,1.849344,1.8492986,4.540361785898561e-05
femtorv_quark,registerFile[0][10],train,pico_femto,processor,reg_to_reg,1.496339,1.4963479,8.904205322179948e-06
femtorv_quark,registerFile[0][11],train,pico_femto,processor,reg_to_reg,1.476723,1.4768782,0.0001551661987304609
femtorv_quark,registerFile[0][12],train,pico_femto,processor,reg_to_reg,1.509798,1.5096335,0.00016445889282223902
femtorv_quark,registerFile[0][13],train,pico_femto,processor,reg_to_reg,1.503413,1.5034513,3.834735107410836e-05
femtorv_quark,registerFile[0][14],train,pico_femto,processor,reg_to_reg,1.466964,1.4669307,3.325296783440734e-05
femtorv_quark,registerFile[0][15],train,pico_femto,processor,reg_to_reg,1.44495,1.4452158,0.00026582126617435975
femtorv_quark,registerFile[0][16],train,pico_femto,processor,reg_to_reg,1.540253,1.5400317,0.0002213284759522427
femtorv_quark,registerFile[0][17],train,pico_femto,processor,reg_to_reg,1.52959,1.5296384,4.8409614562983094e-05
femtorv_quark,registerFile[0][18],train,pico_femto,processor,reg_to_reg,1.511813,1.5119793,0.00016634150695793437
femtorv_quark,registerFile[0][19],train,pico_femto,processor,reg_to_reg,1.530663,1.5306196,4.337872314463809e-05
femtorv_quark,registerFile[0][1],train,pico_femto,processor,input_to_reg,1.357228,1.3572023,2.5708511352640073e-05
femtorv_quark,registerFile[0][20],train,pico_femto,processor,reg_to_reg,1.633848,1.6338037,4.427475738522091e-05
femtorv_quark,registerFile[0][21],train,pico_femto,processor,reg_to_reg,1.639384,1.6392409,0.00014313906097407347
femtorv_quark,registerFile[0][22],train,pico_femto,processor,reg_to_reg,1.62427,1.6243813,0.00011130378723134271
femtorv_quark,registerFile[0][23],train,pico_femto,processor,reg_to_reg,1.677998,1.6778972,0.0001007851104737334
femtorv_quark,registerFile[0][24],train,pico_femto,processor,reg_to_reg,1.767199,1.7672337,3.472936248782865e-05
femtorv_quark,registerFile[0][25],train,pico_femto,processor,reg_to_reg,1.79664,1.796455,0.00018497432708741712
femtorv_quark,registerFile[0][26],train,pico_femto,processor,reg_to_reg,1.862697,1.8628038,0.00010681679534907396
femtorv_quark,registerFile[0][27],train,pico_femto,processor,reg_to_reg,1.900504,1.9003843,0.00011969309234616254
femtorv_quark,registerFile[0][28],train,pico_femto,processor,reg_to_reg,1.888551,1.8886533,0.00010227835082998737
femtorv_quark,registerFile[0][29],train,pico_femto,processor,reg_to_reg,1.962828,1.9626743,0.00015373986053468514
femtorv_quark,registerFile[0][2],train,pico_femto,processor,input_to_reg,1.350088,1.350283,0.00019502669525151006
femtorv_quark,registerFile[0][30],train,pico_femto,processor,reg_to_reg,1.975838,1.9759454,0.00010735350799562227
femtorv_quark,registerFile[0][31],train,pico_femto,processor,reg_to_reg,2.04089,2.0408094,8.06070709229445e-05
femtorv_quark,registerFile[0][3],train,pico_femto,processor,input_to_reg,1.37177,1.3717824,1.2422065734929433e-05
femtorv_quark,registerFile[0][4],train,pico_femto,processor,input_to_reg,1.376933,1.3768574,7.560005950923987e-05
femtorv_quark,registerFile[0][5],train,pico_femto,processor,input_to_reg,1.42653,1.4263881,0.0001418555068970484
femtorv_quark,registerFile[0][6],train,pico_femto,processor,input_to_reg,1.3778,1.3777882,1.1813926696691013e-05
femtorv_quark,registerFile[0][7],train,pico_femto,processor,input_to_reg,1.403063,1.4031702,0.00010722800445561731
femtorv_quark,registerFile[0][8],train,pico_femto,processor,input_to_reg,1.536933,1.5368214,0.00011163464355479213
femtorv_quark,registerFile[0][9],train,pico_femto,processor,reg_to_reg,1.507694,1.5075089,0.0001851260604859295
femtorv_quark,registerFile[10][0],train,pico_femto,processor,reg_to_reg,1.849344,1.8492986,4.540361785898561e-05
femtorv_quark,registerFile[10][10],train,pico_femto,processor,reg_to_reg,1.496339,1.4963479,8.904205322179948e-06
femtorv_quark,registerFile[10][11],train,pico_femto,processor,reg_to_reg,1.476723,1.4768782,0.0001551661987304609
femtorv_quark,registerFile[10][12],train,pico_femto,processor,reg_to_reg,1.509798,1.5096335,0.00016445889282223902
femtorv_quark,registerFile[10][13],train,pico_femto,processor,reg_to_reg,1.503413,1.5034513,3.834735107410836e-05
femtorv_quark,registerFile[10][14],train,pico_femto,processor,reg_to_reg,1.466964,1.4669307,3.325296783440734e-05
femtorv_quark,registerFile[10][15],train,pico_femto,processor,reg_to_reg,1.44495,1.4452158,0.00026582126617435975
femtorv_quark,registerFile[10][16],train,pico_femto,processor,reg_to_reg,1.540253,1.5400317,0.0002213284759522427
femtorv_quark,registerFile[10][17],train,pico_femto,processor,reg_to_reg,1.52959,1.5296384,4.8409614562983094e-05
femtorv_quark,registerFile[10][18],train,pico_femto,processor,reg_to_reg,1.511813,1.5119793,0.00016634150695793437
femtorv_quark,registerFile[10][19],train,pico_femto,processor,reg_to_reg,1.530663,1.5306196,4.337872314463809e-05
femtorv_quark,registerFile[10][1],train,pico_femto,processor,input_to_reg,1.357228,1.3572023,2.5708511352640073e-05
femtorv_quark,registerFile[10][20],train,pico_femto,processor,reg_to_reg,1.633848,1.6338037,4.427475738522091e-05
femtorv_quark,registerFile[10][21],train,pico_femto,processor,reg_to_reg,1.639384,1.6392409,0.00014313906097407347
femtorv_quark,registerFile[10][22],train,pico_femto,processor,reg_to_reg,1.62427,1.6243813,0.00011130378723134271
femtorv_quark,registerFile[10][23],train,pico_femto,processor,reg_to_reg,1.677998,1.6778972,0.0001007851104737334
femtorv_quark,registerFile[10][24],train,pico_femto,processor,reg_to_reg,1.767199,1.7672337,3.472936248782865e-05
femtorv_quark,registerFile[10][25],train,pico_femto,processor,reg_to_reg,1.79664,1.796455,0.00018497432708741712
femtorv_quark,registerFile[10][26],train,pico_femto,processor,reg_to_reg,1.862697,1.8628038,0.00010681679534907396
femtorv_quark,registerFile[10][27],train,pico_femto,processor,reg_to_reg,1.900504,1.9003843,0.00011969309234616254
femtorv_quark,registerFile[10][28],train,pico_femto,processor,reg_to_reg,1.888551,1.8886533,0.00010227835082998737
femtorv_quark,registerFile[10][29],train,pico_femto,processor,reg_to_reg,1.962828,1.9626743,0.00015373986053468514
femtorv_quark,registerFile[10][2],train,pico_femto,processor,input_to_reg,1.350088,1.350283,0.00019502669525151006
femtorv_quark,registerFile[10][30],train,pico_femto,processor,reg_to_reg,1.975838,1.9759454,0.00010735350799562227
femtorv_quark,registerFile[10][31],train,pico_femto,processor,reg_to_reg,2.04089,2.0408094,8.06070709229445e-05
femtorv_quark,registerFile[10][3],train,pico_femto,processor,input_to_reg,1.37177,1.3717824,1.2422065734929433e-05
femtorv_quark,registerFile[10][4],train,pico_femto,processor,input_to_reg,1.376933,1.3768574,7.560005950923987e-05
femtorv_quark,registerFile[10][5],train,pico_femto,processor,input_to_reg,1.42653,1.4263881,0.0001418555068970484
femtorv_quark,registerFile[10][6],train,pico_femto,processor,input_to_reg,1.3778,1.3777882,1.1813926696691013e-05
femtorv_quark,registerFile[10][7],train,pico_femto,processor,input_to_reg,1.403063,1.4031702,0.00010722800445561731
femtorv_quark,registerFile[10][8],train,pico_femto,processor,input_to_reg,1.536933,1.5368214,0.00011163464355479213
femtorv_quark,registerFile[10][9],train,pico_femto,processor,reg_to_reg,1.507694,1.5075089,0.0001851260604859295
femtorv_quark,registerFile[11][0],train,pico_femto,processor,reg_to_reg,1.849344,1.8492986,4.540361785898561e-05
femtorv_quark,registerFile[11][10],train,pico_femto,processor,reg_to_reg,1.496339,1.4963479,8.904205322179948e-06
femtorv_quark,registerFile[11][11],train,pico_femto,processor,reg_to_reg,1.476723,1.4768782,0.0001551661987304609
femtorv_quark,registerFile[11][12],train,pico_femto,processor,reg_to_reg,1.509798,1.5096335,0.00016445889282223902
femtorv_quark,registerFile[11][13],train,pico_femto,processor,reg_to_reg,1.503413,1.5034513,3.834735107410836e-05
femtorv_quark,registerFile[11][14],train,pico_femto,processor,reg_to_reg,1.466964,1.4669307,3.325296783440734e-05
femtorv_quark,registerFile[11][15],train,pico_femto,processor,reg_to_reg,1.44495,1.4452158,0.00026582126617435975
femtorv_quark,registerFile[11][16],train,pico_femto,processor,reg_to_reg,1.540253,1.5400317,0.0002213284759522427
femtorv_quark,registerFile[11][17],train,pico_femto,processor,reg_to_reg,1.52959,1.5296384,4.8409614562983094e-05
femtorv_quark,registerFile[11][18],train,pico_femto,processor,reg_to_reg,1.511813,1.5119793,0.00016634150695793437
femtorv_quark,registerFile[11][19],train,pico_femto,processor,reg_to_reg,1.530663,1.5306196,4.337872314463809e-05
femtorv_quark,registerFile[11][1],train,pico_femto,processor,input_to_reg,1.357228,1.3572023,2.5708511352640073e-05
femtorv_quark,registerFile[11][20],train,pico_femto,processor,reg_to_reg,1.633848,1.6338037,4.427475738522091e-05
femtorv_quark,registerFile[11][21],train,pico_femto,processor,reg_to_reg,1.639384,1.6392409,0.00014313906097407347
femtorv_quark,registerFile[11][22],train,pico_femto,processor,reg_to_reg,1.62427,1.6243813,0.00011130378723134271
femtorv_quark,registerFile[11][23],train,pico_femto,processor,reg_to_reg,1.677998,1.6778972,0.0001007851104737334
femtorv_quark,registerFile[11][24],train,pico_femto,processor,reg_to_reg,1.767199,1.7672337,3.472936248782865e-05
femtorv_quark,registerFile[11][25],train,pico_femto,processor,reg_to_reg,1.79664,1.796455,0.00018497432708741712
femtorv_quark,registerFile[11][26],train,pico_femto,processor,reg_to_reg,1.862697,1.8628038,0.00010681679534907396
femtorv_quark,registerFile[11][27],train,pico_femto,processor,reg_to_reg,1.900504,1.9003843,0.00011969309234616254
femtorv_quark,registerFile[11][28],train,pico_femto,processor,reg_to_reg,1.888551,1.8886533,0.00010227835082998737
femtorv_quark,registerFile[11][29],train,pico_femto,processor,reg_to_reg,1.962828,1.9626743,0.00015373986053468514
femtorv_quark,registerFile[11][2],train,pico_femto,processor,input_to_reg,1.350088,1.350283,0.00019502669525151006
femtorv_quark,registerFile[11][30],train,pico_femto,processor,reg_to_reg,1.975838,1.9759454,0.00010735350799562227
femtorv_quark,registerFile[11][31],train,pico_femto,processor,reg_to_reg,2.04089,2.0408094,8.06070709229445e-05
femtorv_quark,registerFile[11][3],train,pico_femto,processor,input_to_reg,1.37177,1.3717824,1.2422065734929433e-05
femtorv_quark,registerFile[11][4],train,pico_femto,processor,input_to_reg,1.376933,1.3768574,7.560005950923987e-05
femtorv_quark,registerFile[11][5],train,pico_femto,processor,input_to_reg,1.42653,1.4263881,0.0001418555068970484
femtorv_quark,registerFile[11][6],train,pico_femto,processor,input_to_reg,1.3778,1.3777882,1.1813926696691013e-05
femtorv_quark,registerFile[11][7],train,pico_femto,processor,input_to_reg,1.403063,1.4031702,0.00010722800445561731
femtorv_quark,registerFile[11][8],train,pico_femto,processor,input_to_reg,1.536933,1.5368214,0.00011163464355479213
femtorv_quark,registerFile[11][9],train,pico_femto,processor,reg_to_reg,1.507694,1.5075089,0.0001851260604859295
femtorv_quark,registerFile[12][0],train,pico_femto,processor,reg_to_reg,1.849344,1.8492986,4.540361785898561e-05
femtorv_quark,registerFile[12][10],train,pico_femto,processor,reg_to_reg,1.496339,1.4963479,8.904205322179948e-06
femtorv_quark,registerFile[12][11],train,pico_femto,processor,reg_to_reg,1.476723,1.4768782,0.0001551661987304609
femtorv_quark,registerFile[12][12],train,pico_femto,processor,reg_to_reg,1.509798,1.5096335,0.00016445889282223902
femtorv_quark,registerFile[12][13],train,pico_femto,processor,reg_to_reg,1.503413,1.5034513,3.834735107410836e-05
femtorv_quark,registerFile[12][14],train,pico_femto,processor,reg_to_reg,1.466964,1.4669307,3.325296783440734e-05
femtorv_quark,registerFile[12][15],train,pico_femto,processor,reg_to_reg,1.44495,1.4452158,0.00026582126617435975
femtorv_quark,registerFile[12][16],train,pico_femto,processor,reg_to_reg,1.540253,1.5400317,0.0002213284759522427
femtorv_quark,registerFile[12][17],train,pico_femto,processor,reg_to_reg,1.52959,1.5296384,4.8409614562983094e-05
femtorv_quark,registerFile[12][18],train,pico_femto,processor,reg_to_reg,1.511813,1.5119793,0.00016634150695793437
femtorv_quark,registerFile[12][19],train,pico_femto,processor,reg_to_reg,1.530663,1.5306196,4.337872314463809e-05
femtorv_quark,registerFile[12][1],train,pico_femto,processor,input_to_reg,1.357228,1.3572023,2.5708511352640073e-05
femtorv_quark,registerFile[12][20],train,pico_femto,processor,reg_to_reg,1.633848,1.6338037,4.427475738522091e-05
femtorv_quark,registerFile[12][21],train,pico_femto,processor,reg_to_reg,1.639384,1.6392409,0.00014313906097407347
femtorv_quark,registerFile[12][22],train,pico_femto,processor,reg_to_reg,1.62427,1.6243813,0.00011130378723134271
femtorv_quark,registerFile[12][23],train,pico_femto,processor,reg_to_reg,1.677998,1.6778972,0.0001007851104737334
femtorv_quark,registerFile[12][24],train,pico_femto,processor,reg_to_reg,1.767199,1.7672337,3.472936248782865e-05
femtorv_quark,registerFile[12][25],train,pico_femto,processor,reg_to_reg,1.79664,1.796455,0.00018497432708741712
femtorv_quark,registerFile[12][26],train,pico_femto,processor,reg_to_reg,1.862697,1.8628038,0.00010681679534907396
femtorv_quark,registerFile[12][27],train,pico_femto,processor,reg_to_reg,1.900504,1.9003843,0.00011969309234616254
femtorv_quark,registerFile[12][28],train,pico_femto,processor,reg_to_reg,1.888551,1.8886533,0.00010227835082998737
femtorv_quark,registerFile[12][29],train,pico_femto,processor,reg_to_reg,1.962828,1.9626743,0.00015373986053468514
femtorv_quark,registerFile[12][2],train,pico_femto,processor,input_to_reg,1.350088,1.350283,0.00019502669525151006
femtorv_quark,registerFile[12][30],train,pico_femto,processor,reg_to_reg,1.975838,1.9759454,0.00010735350799562227
femtorv_quark,registerFile[12][31],train,pico_femto,processor,reg_to_reg,2.04089,2.0408094,8.06070709229445e-05
femtorv_quark,registerFile[12][3],train,pico_femto,processor,input_to_reg,1.37177,1.3717824,1.2422065734929433e-05
femtorv_quark,registerFile[12][4],train,pico_femto,processor,input_to_reg,1.376933,1.3768574,7.560005950923987e-05
femtorv_quark,registerFile[12][5],train,pico_femto,processor,input_to_reg,1.42653,1.4263881,0.0001418555068970484
femtorv_quark,registerFile[12][6],train,pico_femto,processor,input_to_reg,1.3778,1.3777882,1.1813926696691013e-05
femtorv_quark,registerFile[12][7],train,pico_femto,processor,input_to_reg,1.403063,1.4031702,0.00010722800445561731
femtorv_quark,registerFile[12][8],train,pico_femto,processor,input_to_reg,1.536933,1.5368214,0.00011163464355479213
femtorv_quark,registerFile[12][9],train,pico_femto,processor,reg_to_reg,1.507694,1.5075089,0.0001851260604859295
femtorv_quark,registerFile[13][0],train,pico_femto,processor,reg_to_reg,1.849344,1.8492986,4.540361785898561e-05
femtorv_quark,registerFile[13][10],train,pico_femto,processor,reg_to_reg,1.496339,1.4963479,8.904205322179948e-06
femtorv_quark,registerFile[13][11],train,pico_femto,processor,reg_to_reg,1.476723,1.4768782,0.0001551661987304609
femtorv_quark,registerFile[13][12],train,pico_femto,processor,reg_to_reg,1.509798,1.5096335,0.00016445889282223902
femtorv_quark,registerFile[13][13],train,pico_femto,processor,reg_to_reg,1.503413,1.5034513,3.834735107410836e-05
femtorv_quark,registerFile[13][14],train,pico_femto,processor,reg_to_reg,1.466964,1.4669307,3.325296783440734e-05
femtorv_quark,registerFile[13][15],train,pico_femto,processor,reg_to_reg,1.44495,1.4452158,0.00026582126617435975
femtorv_quark,registerFile[13][16],train,pico_femto,processor,reg_to_reg,1.540253,1.5400317,0.0002213284759522427
femtorv_quark,registerFile[13][17],train,pico_femto,processor,reg_to_reg,1.52959,1.5296384,4.8409614562983094e-05
femtorv_quark,registerFile[13][18],train,pico_femto,processor,reg_to_reg,1.511813,1.5119793,0.00016634150695793437
femtorv_quark,registerFile[13][19],train,pico_femto,processor,reg_to_reg,1.530663,1.5306196,4.337872314463809e-05
femtorv_quark,registerFile[13][1],train,pico_femto,processor,input_to_reg,1.357228,1.3572023,2.5708511352640073e-05
femtorv_quark,registerFile[13][20],train,pico_femto,processor,reg_to_reg,1.633848,1.6338037,4.427475738522091e-05
femtorv_quark,registerFile[13][21],train,pico_femto,processor,reg_to_reg,1.639384,1.6392409,0.00014313906097407347
femtorv_quark,registerFile[13][22],train,pico_femto,processor,reg_to_reg,1.62427,1.6243813,0.00011130378723134271
femtorv_quark,registerFile[13][23],train,pico_femto,processor,reg_to_reg,1.677998,1.6778972,0.0001007851104737334
femtorv_quark,registerFile[13][24],train,pico_femto,processor,reg_to_reg,1.767199,1.7672337,3.472936248782865e-05
femtorv_quark,registerFile[13][25],train,pico_femto,processor,reg_to_reg,1.79664,1.796455,0.00018497432708741712
femtorv_quark,registerFile[13][26],train,pico_femto,processor,reg_to_reg,1.862697,1.8628038,0.00010681679534907396
femtorv_quark,registerFile[13][27],train,pico_femto,processor,reg_to_reg,1.900504,1.9003843,0.00011969309234616254
femtorv_quark,registerFile[13][28],train,pico_femto,processor,reg_to_reg,1.888551,1.8886533,0.00010227835082998737
femtorv_quark,registerFile[13][29],train,pico_femto,processor,reg_to_reg,1.962828,1.9626743,0.00015373986053468514
femtorv_quark,registerFile[13][2],train,pico_femto,processor,input_to_reg,1.350088,1.350283,0.00019502669525151006
femtorv_quark,registerFile[13][30],train,pico_femto,processor,reg_to_reg,1.975838,1.9759454,0.00010735350799562227
femtorv_quark,registerFile[13][31],train,pico_femto,processor,reg_to_reg,2.04089,2.0408094,8.06070709229445e-05
femtorv_quark,registerFile[13][3],train,pico_femto,processor,input_to_reg,1.37177,1.3717824,1.2422065734929433e-05
femtorv_quark,registerFile[13][4],train,pico_femto,processor,input_to_reg,1.376933,1.3768574,7.560005950923987e-05
femtorv_quark,registerFile[13][5],train,pico_femto,processor,input_to_reg,1.42653,1.4263881,0.0001418555068970484
femtorv_quark,registerFile[13][6],train,pico_femto,processor,input_to_reg,1.3778,1.3777882,1.1813926696691013e-05
femtorv_quark,registerFile[13][7],train,pico_femto,processor,input_to_reg,1.403063,1.4031702,0.00010722800445561731
femtorv_quark,registerFile[13][8],train,pico_femto,processor,input_to_reg,1.536933,1.5368214,0.00011163464355479213
femtorv_quark,registerFile[13][9],train,pico_femto,processor,reg_to_reg,1.507694,1.5075089,0.0001851260604859295
femtorv_quark,registerFile[14][0],train,pico_femto,processor,reg_to_reg,1.849344,1.8492986,4.540361785898561e-05
femtorv_quark,registerFile[14][10],train,pico_femto,processor,reg_to_reg,1.496339,1.4963479,8.904205322179948e-06
femtorv_quark,registerFile[14][11],train,pico_femto,processor,reg_to_reg,1.476723,1.4768782,0.0001551661987304609
femtorv_quark,registerFile[14][12],train,pico_femto,processor,reg_to_reg,1.509798,1.5096335,0.00016445889282223902
femtorv_quark,registerFile[14][13],train,pico_femto,processor,reg_to_reg,1.503413,1.5034513,3.834735107410836e-05
femtorv_quark,registerFile[14][14],train,pico_femto,processor,reg_to_reg,1.466964,1.4669307,3.325296783440734e-05
femtorv_quark,registerFile[14][15],train,pico_femto,processor,reg_to_reg,1.44495,1.4452158,0.00026582126617435975
femtorv_quark,registerFile[14][16],train,pico_femto,processor,reg_to_reg,1.540253,1.5400317,0.0002213284759522427
femtorv_quark,registerFile[14][17],train,pico_femto,processor,reg_to_reg,1.52959,1.5296384,4.8409614562983094e-05
femtorv_quark,registerFile[14][18],train,pico_femto,processor,reg_to_reg,1.511813,1.5119793,0.00016634150695793437
femtorv_quark,registerFile[14][19],train,pico_femto,processor,reg_to_reg,1.530663,1.5306196,4.337872314463809e-05
femtorv_quark,registerFile[14][1],train,pico_femto,processor,input_to_reg,1.357228,1.3572023,2.5708511352640073e-05
femtorv_quark,registerFile[14][20],train,pico_femto,processor,reg_to_reg,1.633848,1.6338037,4.427475738522091e-05
femtorv_quark,registerFile[14][21],train,pico_femto,processor,reg_to_reg,1.639384,1.6392409,0.00014313906097407347
femtorv_quark,registerFile[14][22],train,pico_femto,processor,reg_to_reg,1.62427,1.6243813,0.00011130378723134271
femtorv_quark,registerFile[14][23],train,pico_femto,processor,reg_to_reg,1.677998,1.6778972,0.0001007851104737334
femtorv_quark,registerFile[14][24],train,pico_femto,processor,reg_to_reg,1.767199,1.7672337,3.472936248782865e-05
femtorv_quark,registerFile[14][25],train,pico_femto,processor,reg_to_reg,1.79664,1.796455,0.00018497432708741712
femtorv_quark,registerFile[14][26],train,pico_femto,processor,reg_to_reg,1.862697,1.8628038,0.00010681679534907396
femtorv_quark,registerFile[14][27],train,pico_femto,processor,reg_to_reg,1.900504,1.9003843,0.00011969309234616254
femtorv_quark,registerFile[14][28],train,pico_femto,processor,reg_to_reg,1.888551,1.8886533,0.00010227835082998737
femtorv_quark,registerFile[14][29],train,pico_femto,processor,reg_to_reg,1.962828,1.9626743,0.00015373986053468514
femtorv_quark,registerFile[14][2],train,pico_femto,processor,input_to_reg,1.350088,1.350283,0.00019502669525151006
femtorv_quark,registerFile[14][30],train,pico_femto,processor,reg_to_reg,1.975838,1.9759454,0.00010735350799562227
femtorv_quark,registerFile[14][31],train,pico_femto,processor,reg_to_reg,2.04089,2.0408094,8.06070709229445e-05
femtorv_quark,registerFile[14][3],train,pico_femto,processor,input_to_reg,1.37177,1.3717824,1.2422065734929433e-05
femtorv_quark,registerFile[14][4],train,pico_femto,processor,input_to_reg,1.376933,1.3768574,7.560005950923987e-05
femtorv_quark,registerFile[14][5],train,pico_femto,processor,input_to_reg,1.42653,1.4263881,0.0001418555068970484
femtorv_quark,registerFile[14][6],train,pico_femto,processor,input_to_reg,1.3778,1.3777882,1.1813926696691013e-05
femtorv_quark,registerFile[14][7],train,pico_femto,processor,input_to_reg,1.403063,1.4031702,0.00010722800445561731
femtorv_quark,registerFile[14][8],train,pico_femto,processor,input_to_reg,1.536933,1.5368214,0.00011163464355479213
femtorv_quark,registerFile[14][9],train,pico_femto,processor,reg_to_reg,1.507694,1.5075089,0.0001851260604859295
femtorv_quark,registerFile[15][0],train,pico_femto,processor,reg_to_reg,1.849344,1.8492986,4.540361785898561e-05
femtorv_quark,registerFile[15][10],train,pico_femto,processor,reg_to_reg,1.496339,1.4963479,8.904205322179948e-06
femtorv_quark,registerFile[15][11],train,pico_femto,processor,reg_to_reg,1.476723,1.4768782,0.0001551661987304609
femtorv_quark,registerFile[15][12],train,pico_femto,processor,reg_to_reg,1.509798,1.5096335,0.00016445889282223902
femtorv_quark,registerFile[15][13],train,pico_femto,processor,reg_to_reg,1.503413,1.5034513,3.834735107410836e-05
femtorv_quark,registerFile[15][14],train,pico_femto,processor,reg_to_reg,1.466964,1.4669307,3.325296783440734e-05
femtorv_quark,registerFile[15][15],train,pico_femto,processor,reg_to_reg,1.44495,1.4452158,0.00026582126617435975
femtorv_quark,registerFile[15][16],train,pico_femto,processor,reg_to_reg,1.540253,1.5400317,0.0002213284759522427
femtorv_quark,registerFile[15][17],train,pico_femto,processor,reg_to_reg,1.52959,1.5296384,4.8409614562983094e-05
femtorv_quark,registerFile[15][18],train,pico_femto,processor,reg_to_reg,1.511813,1.5119793,0.00016634150695793437
femtorv_quark,registerFile[15][19],train,pico_femto,processor,reg_to_reg,1.530663,1.5306196,4.337872314463809e-05
femtorv_quark,registerFile[15][1],train,pico_femto,processor,input_to_reg,1.357228,1.3572023,2.5708511352640073e-05
femtorv_quark,registerFile[15][20],train,pico_femto,processor,reg_to_reg,1.633848,1.6338037,4.427475738522091e-05
femtorv_quark,registerFile[15][21],train,pico_femto,processor,reg_to_reg,1.639384,1.6392409,0.00014313906097407347
femtorv_quark,registerFile[15][22],train,pico_femto,processor,reg_to_reg,1.62427,1.6243813,0.00011130378723134271
femtorv_quark,registerFile[15][23],train,pico_femto,processor,reg_to_reg,1.677998,1.6778972,0.0001007851104737334
femtorv_quark,registerFile[15][24],train,pico_femto,processor,reg_to_reg,1.767199,1.7672337,3.472936248782865e-05
femtorv_quark,registerFile[15][25],train,pico_femto,processor,reg_to_reg,1.79664,1.796455,0.00018497432708741712
femtorv_quark,registerFile[15][26],train,pico_femto,processor,reg_to_reg,1.862697,1.8628038,0.00010681679534907396
femtorv_quark,registerFile[15][27],train,pico_femto,processor,reg_to_reg,1.900504,1.9003843,0.00011969309234616254
femtorv_quark,registerFile[15][28],train,pico_femto,processor,reg_to_reg,1.888551,1.8886533,0.00010227835082998737
femtorv_quark,registerFile[15][29],train,pico_femto,processor,reg_to_reg,1.962828,1.9626743,0.00015373986053468514
femtorv_quark,registerFile[15][2],train,pico_femto,processor,input_to_reg,1.350088,1.350283,0.00019502669525151006
femtorv_quark,registerFile[15][30],train,pico_femto,processor,reg_to_reg,1.975838,1.9759454,0.00010735350799562227
femtorv_quark,registerFile[15][31],train,pico_femto,processor,reg_to_reg,2.04089,2.0408094,8.06070709229445e-05
femtorv_quark,registerFile[15][3],train,pico_femto,processor,input_to_reg,1.37177,1.3717824,1.2422065734929433e-05
femtorv_quark,registerFile[15][4],train,pico_femto,processor,input_to_reg,1.376933,1.3768574,7.560005950923987e-05
femtorv_quark,registerFile[15][5],train,pico_femto,processor,input_to_reg,1.42653,1.4263881,0.0001418555068970484
femtorv_quark,registerFile[15][6],train,pico_femto,processor,input_to_reg,1.3778,1.3777882,1.1813926696691013e-05
femtorv_quark,registerFile[15][7],train,pico_femto,processor,input_to_reg,1.403063,1.4031702,0.00010722800445561731
femtorv_quark,registerFile[15][8],train,pico_femto,processor,input_to_reg,1.536933,1.5368214,0.00011163464355479213
femtorv_quark,registerFile[15][9],train,pico_femto,processor,reg_to_reg,1.507694,1.5075089,0.0001851260604859295
femtorv_quark,registerFile[16][0],train,pico_femto,processor,reg_to_reg,1.849344,1.8492986,4.540361785898561e-05
femtorv_quark,registerFile[16][10],train,pico_femto,processor,reg_to_reg,1.496339,1.4963479,8.904205322179948e-06
femtorv_quark,registerFile[16][11],train,pico_femto,processor,reg_to_reg,1.476723,1.4768782,0.0001551661987304609
femtorv_quark,registerFile[16][12],train,pico_femto,processor,reg_to_reg,1.509798,1.5096335,0.00016445889282223902
femtorv_quark,registerFile[16][13],train,pico_femto,processor,reg_to_reg,1.503413,1.5034513,3.834735107410836e-05
femtorv_quark,registerFile[16][14],train,pico_femto,processor,reg_to_reg,1.466964,1.4669307,3.325296783440734e-05
femtorv_quark,registerFile[16][15],train,pico_femto,processor,reg_to_reg,1.44495,1.4452158,0.00026582126617435975
femtorv_quark,registerFile[16][16],train,pico_femto,processor,reg_to_reg,1.540253,1.5400317,0.0002213284759522427
femtorv_quark,registerFile[16][17],train,pico_femto,processor,reg_to_reg,1.52959,1.5296384,4.8409614562983094e-05
femtorv_quark,registerFile[16][18],train,pico_femto,processor,reg_to_reg,1.511813,1.5119793,0.00016634150695793437
femtorv_quark,registerFile[16][19],train,pico_femto,processor,reg_to_reg,1.530663,1.5306196,4.337872314463809e-05
femtorv_quark,registerFile[16][1],train,pico_femto,processor,input_to_reg,1.357228,1.3572023,2.5708511352640073e-05
femtorv_quark,registerFile[16][20],train,pico_femto,processor,reg_to_reg,1.633848,1.6338037,4.427475738522091e-05
femtorv_quark,registerFile[16][21],train,pico_femto,processor,reg_to_reg,1.639384,1.6392409,0.00014313906097407347
femtorv_quark,registerFile[16][22],train,pico_femto,processor,reg_to_reg,1.62427,1.6243813,0.00011130378723134271
femtorv_quark,registerFile[16][23],train,pico_femto,processor,reg_to_reg,1.677998,1.6778972,0.0001007851104737334
femtorv_quark,registerFile[16][24],train,pico_femto,processor,reg_to_reg,1.767199,1.7672337,3.472936248782865e-05
femtorv_quark,registerFile[16][25],train,pico_femto,processor,reg_to_reg,1.79664,1.796455,0.00018497432708741712
femtorv_quark,registerFile[16][26],train,pico_femto,processor,reg_to_reg,1.862697,1.8628038,0.00010681679534907396
femtorv_quark,registerFile[16][27],train,pico_femto,processor,reg_to_reg,1.900504,1.9003843,0.00011969309234616254
femtorv_quark,registerFile[16][28],train,pico_femto,processor,reg_to_reg,1.888551,1.8886533,0.00010227835082998737
femtorv_quark,registerFile[16][29],train,pico_femto,processor,reg_to_reg,1.962828,1.9626743,0.00015373986053468514
femtorv_quark,registerFile[16][2],train,pico_femto,processor,input_to_reg,1.350088,1.350283,0.00019502669525151006
femtorv_quark,registerFile[16][30],train,pico_femto,processor,reg_to_reg,1.975838,1.9759454,0.00010735350799562227
femtorv_quark,registerFile[16][31],train,pico_femto,processor,reg_to_reg,2.04089,2.0408094,8.06070709229445e-05
femtorv_quark,registerFile[16][3],train,pico_femto,processor,input_to_reg,1.37177,1.3717824,1.2422065734929433e-05
femtorv_quark,registerFile[16][4],train,pico_femto,processor,input_to_reg,1.376933,1.3768574,7.560005950923987e-05
femtorv_quark,registerFile[16][5],train,pico_femto,processor,input_to_reg,1.42653,1.4263881,0.0001418555068970484
femtorv_quark,registerFile[16][6],train,pico_femto,processor,input_to_reg,1.3778,1.3777882,1.1813926696691013e-05
femtorv_quark,registerFile[16][7],train,pico_femto,processor,input_to_reg,1.403063,1.4031702,0.00010722800445561731
femtorv_quark,registerFile[16][8],train,pico_femto,processor,input_to_reg,1.536933,1.5368214,0.00011163464355479213
femtorv_quark,registerFile[16][9],train,pico_femto,processor,reg_to_reg,1.507694,1.5075089,0.0001851260604859295
femtorv_quark,registerFile[17][0],train,pico_femto,processor,reg_to_reg,1.849344,1.8492986,4.540361785898561e-05
femtorv_quark,registerFile[17][10],train,pico_femto,processor,reg_to_reg,1.496339,1.4963479,8.904205322179948e-06
femtorv_quark,registerFile[17][11],train,pico_femto,processor,reg_to_reg,1.476723,1.4768782,0.0001551661987304609
femtorv_quark,registerFile[17][12],train,pico_femto,processor,reg_to_reg,1.509798,1.5096335,0.00016445889282223902
femtorv_quark,registerFile[17][13],train,pico_femto,processor,reg_to_reg,1.503413,1.5034513,3.834735107410836e-05
femtorv_quark,registerFile[17][14],train,pico_femto,processor,reg_to_reg,1.466964,1.4669307,3.325296783440734e-05
femtorv_quark,registerFile[17][15],train,pico_femto,processor,reg_to_reg,1.44495,1.4452158,0.00026582126617435975
femtorv_quark,registerFile[17][16],train,pico_femto,processor,reg_to_reg,1.540253,1.5400317,0.0002213284759522427
femtorv_quark,registerFile[17][17],train,pico_femto,processor,reg_to_reg,1.52959,1.5296384,4.8409614562983094e-05
femtorv_quark,registerFile[17][18],train,pico_femto,processor,reg_to_reg,1.511813,1.5119793,0.00016634150695793437
femtorv_quark,registerFile[17][19],train,pico_femto,processor,reg_to_reg,1.530663,1.5306196,4.337872314463809e-05
femtorv_quark,registerFile[17][1],train,pico_femto,processor,input_to_reg,1.357228,1.3572023,2.5708511352640073e-05
femtorv_quark,registerFile[17][20],train,pico_femto,processor,reg_to_reg,1.633848,1.6338037,4.427475738522091e-05
femtorv_quark,registerFile[17][21],train,pico_femto,processor,reg_to_reg,1.639384,1.6392409,0.00014313906097407347
femtorv_quark,registerFile[17][22],train,pico_femto,processor,reg_to_reg,1.62427,1.6243813,0.00011130378723134271
femtorv_quark,registerFile[17][23],train,pico_femto,processor,reg_to_reg,1.677998,1.6778972,0.0001007851104737334
femtorv_quark,registerFile[17][24],train,pico_femto,processor,reg_to_reg,1.767199,1.7672337,3.472936248782865e-05
femtorv_quark,registerFile[17][25],train,pico_femto,processor,reg_to_reg,1.79664,1.796455,0.00018497432708741712
femtorv_quark,registerFile[17][26],train,pico_femto,processor,reg_to_reg,1.862697,1.8628038,0.00010681679534907396
femtorv_quark,registerFile[17][27],train,pico_femto,processor,reg_to_reg,1.900504,1.9003843,0.00011969309234616254
femtorv_quark,registerFile[17][28],train,pico_femto,processor,reg_to_reg,1.888551,1.8886533,0.00010227835082998737
femtorv_quark,registerFile[17][29],train,pico_femto,processor,reg_to_reg,1.962828,1.9626743,0.00015373986053468514
femtorv_quark,registerFile[17][2],train,pico_femto,processor,input_to_reg,1.350088,1.350283,0.00019502669525151006
femtorv_quark,registerFile[17][30],train,pico_femto,processor,reg_to_reg,1.975838,1.9759454,0.00010735350799562227
femtorv_quark,registerFile[17][31],train,pico_femto,processor,reg_to_reg,2.04089,2.0408094,8.06070709229445e-05
femtorv_quark,registerFile[17][3],train,pico_femto,processor,input_to_reg,1.37177,1.3717824,1.2422065734929433e-05
femtorv_quark,registerFile[17][4],train,pico_femto,processor,input_to_reg,1.376933,1.3768574,7.560005950923987e-05
femtorv_quark,registerFile[17][5],train,pico_femto,processor,input_to_reg,1.42653,1.4263881,0.0001418555068970484
femtorv_quark,registerFile[17][6],train,pico_femto,processor,input_to_reg,1.3778,1.3777882,1.1813926696691013e-05
femtorv_quark,registerFile[17][7],train,pico_femto,processor,input_to_reg,1.403063,1.4031702,0.00010722800445561731
femtorv_quark,registerFile[17][8],train,pico_femto,processor,input_to_reg,1.536933,1.5368214,0.00011163464355479213
femtorv_quark,registerFile[17][9],train,pico_femto,processor,reg_to_reg,1.507694,1.5075089,0.0001851260604859295
femtorv_quark,registerFile[18][0],train,pico_femto,processor,reg_to_reg,1.849344,1.8492986,4.540361785898561e-05
femtorv_quark,registerFile[18][10],train,pico_femto,processor,reg_to_reg,1.496339,1.4963479,8.904205322179948e-06
femtorv_quark,registerFile[18][11],train,pico_femto,processor,reg_to_reg,1.476723,1.4768782,0.0001551661987304609
femtorv_quark,registerFile[18][12],train,pico_femto,processor,reg_to_reg,1.509798,1.5096335,0.00016445889282223902
femtorv_quark,registerFile[18][13],train,pico_femto,processor,reg_to_reg,1.503413,1.5034513,3.834735107410836e-05
femtorv_quark,registerFile[18][14],train,pico_femto,processor,reg_to_reg,1.466964,1.4669307,3.325296783440734e-05
femtorv_quark,registerFile[18][15],train,pico_femto,processor,reg_to_reg,1.44495,1.4452158,0.00026582126617435975
femtorv_quark,registerFile[18][16],train,pico_femto,processor,reg_to_reg,1.540253,1.5400317,0.0002213284759522427
femtorv_quark,registerFile[18][17],train,pico_femto,processor,reg_to_reg,1.52959,1.5296384,4.8409614562983094e-05
femtorv_quark,registerFile[18][18],train,pico_femto,processor,reg_to_reg,1.511813,1.5119793,0.00016634150695793437
femtorv_quark,registerFile[18][19],train,pico_femto,processor,reg_to_reg,1.530663,1.5306196,4.337872314463809e-05
femtorv_quark,registerFile[18][1],train,pico_femto,processor,input_to_reg,1.357228,1.3572023,2.5708511352640073e-05
femtorv_quark,registerFile[18][20],train,pico_femto,processor,reg_to_reg,1.633848,1.6338037,4.427475738522091e-05
femtorv_quark,registerFile[18][21],train,pico_femto,processor,reg_to_reg,1.639384,1.6392409,0.00014313906097407347
femtorv_quark,registerFile[18][22],train,pico_femto,processor,reg_to_reg,1.62427,1.6243813,0.00011130378723134271
femtorv_quark,registerFile[18][23],train,pico_femto,processor,reg_to_reg,1.677998,1.6778972,0.0001007851104737334
femtorv_quark,registerFile[18][24],train,pico_femto,processor,reg_to_reg,1.767199,1.7672337,3.472936248782865e-05
femtorv_quark,registerFile[18][25],train,pico_femto,processor,reg_to_reg,1.79664,1.796455,0.00018497432708741712
femtorv_quark,registerFile[18][26],train,pico_femto,processor,reg_to_reg,1.862697,1.8628038,0.00010681679534907396
femtorv_quark,registerFile[18][27],train,pico_femto,processor,reg_to_reg,1.900504,1.9003843,0.00011969309234616254
femtorv_quark,registerFile[18][28],train,pico_femto,processor,reg_to_reg,1.888551,1.8886533,0.00010227835082998737
femtorv_quark,registerFile[18][29],train,pico_femto,processor,reg_to_reg,1.962828,1.9626743,0.00015373986053468514
femtorv_quark,registerFile[18][2],train,pico_femto,processor,input_to_reg,1.350088,1.350283,0.00019502669525151006
femtorv_quark,registerFile[18][30],train,pico_femto,processor,reg_to_reg,1.975838,1.9759454,0.00010735350799562227
femtorv_quark,registerFile[18][31],train,pico_femto,processor,reg_to_reg,2.04089,2.0408094,8.06070709229445e-05
femtorv_quark,registerFile[18][3],train,pico_femto,processor,input_to_reg,1.37177,1.3717824,1.2422065734929433e-05
femtorv_quark,registerFile[18][4],train,pico_femto,processor,input_to_reg,1.376933,1.3768574,7.560005950923987e-05
femtorv_quark,registerFile[18][5],train,pico_femto,processor,input_to_reg,1.42653,1.4263881,0.0001418555068970484
femtorv_quark,registerFile[18][6],train,pico_femto,processor,input_to_reg,1.3778,1.3777882,1.1813926696691013e-05
femtorv_quark,registerFile[18][7],train,pico_femto,processor,input_to_reg,1.403063,1.4031702,0.00010722800445561731
femtorv_quark,registerFile[18][8],train,pico_femto,processor,input_to_reg,1.536933,1.5368214,0.00011163464355479213
femtorv_quark,registerFile[18][9],train,pico_femto,processor,reg_to_reg,1.507694,1.5075089,0.0001851260604859295
femtorv_quark,registerFile[19][0],train,pico_femto,processor,reg_to_reg,1.849344,1.8492986,4.540361785898561e-05
femtorv_quark,registerFile[19][10],train,pico_femto,processor,reg_to_reg,1.496339,1.4963479,8.904205322179948e-06
femtorv_quark,registerFile[19][11],train,pico_femto,processor,reg_to_reg,1.476723,1.4768782,0.0001551661987304609
femtorv_quark,registerFile[19][12],train,pico_femto,processor,reg_to_reg,1.509798,1.5096335,0.00016445889282223902
femtorv_quark,registerFile[19][13],train,pico_femto,processor,reg_to_reg,1.503413,1.5034513,3.834735107410836e-05
femtorv_quark,registerFile[19][14],train,pico_femto,processor,reg_to_reg,1.466964,1.4669307,3.325296783440734e-05
femtorv_quark,registerFile[19][15],train,pico_femto,processor,reg_to_reg,1.44495,1.4452158,0.00026582126617435975
femtorv_quark,registerFile[19][16],train,pico_femto,processor,reg_to_reg,1.540253,1.5400317,0.0002213284759522427
femtorv_quark,registerFile[19][17],train,pico_femto,processor,reg_to_reg,1.52959,1.5296384,4.8409614562983094e-05
femtorv_quark,registerFile[19][18],train,pico_femto,processor,reg_to_reg,1.511813,1.5119793,0.00016634150695793437
femtorv_quark,registerFile[19][19],train,pico_femto,processor,reg_to_reg,1.530663,1.5306196,4.337872314463809e-05
femtorv_quark,registerFile[19][1],train,pico_femto,processor,input_to_reg,1.357228,1.3572023,2.5708511352640073e-05
femtorv_quark,registerFile[19][20],train,pico_femto,processor,reg_to_reg,1.633848,1.6338037,4.427475738522091e-05
femtorv_quark,registerFile[19][21],train,pico_femto,processor,reg_to_reg,1.639384,1.6392409,0.00014313906097407347
femtorv_quark,registerFile[19][22],train,pico_femto,processor,reg_to_reg,1.62427,1.6243813,0.00011130378723134271
femtorv_quark,registerFile[19][23],train,pico_femto,processor,reg_to_reg,1.677998,1.6778972,0.0001007851104737334
femtorv_quark,registerFile[19][24],train,pico_femto,processor,reg_to_reg,1.767199,1.7672337,3.472936248782865e-05
femtorv_quark,registerFile[19][25],train,pico_femto,processor,reg_to_reg,1.79664,1.796455,0.00018497432708741712
femtorv_quark,registerFile[19][26],train,pico_femto,processor,reg_to_reg,1.862697,1.8628038,0.00010681679534907396
femtorv_quark,registerFile[19][27],train,pico_femto,processor,reg_to_reg,1.900504,1.9003843,0.00011969309234616254
femtorv_quark,registerFile[19][28],train,pico_femto,processor,reg_to_reg,1.888551,1.8886533,0.00010227835082998737
femtorv_quark,registerFile[19][29],train,pico_femto,processor,reg_to_reg,1.962828,1.9626743,0.00015373986053468514
femtorv_quark,registerFile[19][2],train,pico_femto,processor,input_to_reg,1.350088,1.350283,0.00019502669525151006
femtorv_quark,registerFile[19][30],train,pico_femto,processor,reg_to_reg,1.975838,1.9759454,0.00010735350799562227
femtorv_quark,registerFile[19][31],train,pico_femto,processor,reg_to_reg,2.04089,2.0408094,8.06070709229445e-05
femtorv_quark,registerFile[19][3],train,pico_femto,processor,input_to_reg,1.37177,1.3717824,1.2422065734929433e-05
femtorv_quark,registerFile[19][4],train,pico_femto,processor,input_to_reg,1.376933,1.3768574,7.560005950923987e-05
femtorv_quark,registerFile[19][5],train,pico_femto,processor,input_to_reg,1.42653,1.4263881,0.0001418555068970484
femtorv_quark,registerFile[19][6],train,pico_femto,processor,input_to_reg,1.3778,1.3777882,1.1813926696691013e-05
femtorv_quark,registerFile[19][7],train,pico_femto,processor,input_to_reg,1.403063,1.4031702,0.00010722800445561731
femtorv_quark,registerFile[19][8],train,pico_femto,processor,input_to_reg,1.536933,1.5368214,0.00011163464355479213
femtorv_quark,registerFile[19][9],train,pico_femto,processor,reg_to_reg,1.507694,1.5075089,0.0001851260604859295
femtorv_quark,registerFile[1][0],train,pico_femto,processor,reg_to_reg,1.849344,1.8492986,4.540361785898561e-05
femtorv_quark,registerFile[1][10],train,pico_femto,processor,reg_to_reg,1.496339,1.4963479,8.904205322179948e-06
femtorv_quark,registerFile[1][11],train,pico_femto,processor,reg_to_reg,1.476723,1.4768782,0.0001551661987304609
femtorv_quark,registerFile[1][12],train,pico_femto,processor,reg_to_reg,1.509798,1.5096335,0.00016445889282223902
femtorv_quark,registerFile[1][13],train,pico_femto,processor,reg_to_reg,1.503413,1.5034513,3.834735107410836e-05
femtorv_quark,registerFile[1][14],train,pico_femto,processor,reg_to_reg,1.466964,1.4669307,3.325296783440734e-05
femtorv_quark,registerFile[1][15],train,pico_femto,processor,reg_to_reg,1.44495,1.4452158,0.00026582126617435975
femtorv_quark,registerFile[1][16],train,pico_femto,processor,reg_to_reg,1.540253,1.5400317,0.0002213284759522427
femtorv_quark,registerFile[1][17],train,pico_femto,processor,reg_to_reg,1.52959,1.5296384,4.8409614562983094e-05
femtorv_quark,registerFile[1][18],train,pico_femto,processor,reg_to_reg,1.511813,1.5119793,0.00016634150695793437
femtorv_quark,registerFile[1][19],train,pico_femto,processor,reg_to_reg,1.530663,1.5306196,4.337872314463809e-05
femtorv_quark,registerFile[1][1],train,pico_femto,processor,input_to_reg,1.357228,1.3572023,2.5708511352640073e-05
femtorv_quark,registerFile[1][20],train,pico_femto,processor,reg_to_reg,1.633848,1.6338037,4.427475738522091e-05
femtorv_quark,registerFile[1][21],train,pico_femto,processor,reg_to_reg,1.639384,1.6392409,0.00014313906097407347
femtorv_quark,registerFile[1][22],train,pico_femto,processor,reg_to_reg,1.62427,1.6243813,0.00011130378723134271
femtorv_quark,registerFile[1][23],train,pico_femto,processor,reg_to_reg,1.677998,1.6778972,0.0001007851104737334
femtorv_quark,registerFile[1][24],train,pico_femto,processor,reg_to_reg,1.767199,1.7672337,3.472936248782865e-05
femtorv_quark,registerFile[1][25],train,pico_femto,processor,reg_to_reg,1.79664,1.796455,0.00018497432708741712
femtorv_quark,registerFile[1][26],train,pico_femto,processor,reg_to_reg,1.862697,1.8628038,0.00010681679534907396
femtorv_quark,registerFile[1][27],train,pico_femto,processor,reg_to_reg,1.900504,1.9003843,0.00011969309234616254
femtorv_quark,registerFile[1][28],train,pico_femto,processor,reg_to_reg,1.888551,1.8886533,0.00010227835082998737
femtorv_quark,registerFile[1][29],train,pico_femto,processor,reg_to_reg,1.962828,1.9626743,0.00015373986053468514
femtorv_quark,registerFile[1][2],train,pico_femto,processor,input_to_reg,1.350088,1.350283,0.00019502669525151006
femtorv_quark,registerFile[1][30],train,pico_femto,processor,reg_to_reg,1.975838,1.9759454,0.00010735350799562227
femtorv_quark,registerFile[1][31],train,pico_femto,processor,reg_to_reg,2.04089,2.0408094,8.06070709229445e-05
femtorv_quark,registerFile[1][3],train,pico_femto,processor,input_to_reg,1.37177,1.3717824,1.2422065734929433e-05
femtorv_quark,registerFile[1][4],train,pico_femto,processor,input_to_reg,1.376933,1.3768574,7.560005950923987e-05
femtorv_quark,registerFile[1][5],train,pico_femto,processor,input_to_reg,1.42653,1.4263881,0.0001418555068970484
femtorv_quark,registerFile[1][6],train,pico_femto,processor,input_to_reg,1.3778,1.3777882,1.1813926696691013e-05
femtorv_quark,registerFile[1][7],train,pico_femto,processor,input_to_reg,1.403063,1.4031702,0.00010722800445561731
femtorv_quark,registerFile[1][8],train,pico_femto,processor,input_to_reg,1.536933,1.5368214,0.00011163464355479213
femtorv_quark,registerFile[1][9],train,pico_femto,processor,reg_to_reg,1.507694,1.5075089,0.0001851260604859295
femtorv_quark,registerFile[20][0],train,pico_femto,processor,reg_to_reg,1.849344,1.8492986,4.540361785898561e-05
femtorv_quark,registerFile[20][10],train,pico_femto,processor,reg_to_reg,1.496339,1.4963479,8.904205322179948e-06
femtorv_quark,registerFile[20][11],train,pico_femto,processor,reg_to_reg,1.476723,1.4768782,0.0001551661987304609
femtorv_quark,registerFile[20][12],train,pico_femto,processor,reg_to_reg,1.509798,1.5096335,0.00016445889282223902
femtorv_quark,registerFile[20][13],train,pico_femto,processor,reg_to_reg,1.503413,1.5034513,3.834735107410836e-05
femtorv_quark,registerFile[20][14],train,pico_femto,processor,reg_to_reg,1.466964,1.4669307,3.325296783440734e-05
femtorv_quark,registerFile[20][15],train,pico_femto,processor,reg_to_reg,1.44495,1.4452158,0.00026582126617435975
femtorv_quark,registerFile[20][16],train,pico_femto,processor,reg_to_reg,1.540253,1.5400317,0.0002213284759522427
femtorv_quark,registerFile[20][17],train,pico_femto,processor,reg_to_reg,1.52959,1.5296384,4.8409614562983094e-05
femtorv_quark,registerFile[20][18],train,pico_femto,processor,reg_to_reg,1.511813,1.5119793,0.00016634150695793437
femtorv_quark,registerFile[20][19],train,pico_femto,processor,reg_to_reg,1.530663,1.5306196,4.337872314463809e-05
femtorv_quark,registerFile[20][1],train,pico_femto,processor,input_to_reg,1.357228,1.3572023,2.5708511352640073e-05
femtorv_quark,registerFile[20][20],train,pico_femto,processor,reg_to_reg,1.633848,1.6338037,4.427475738522091e-05
femtorv_quark,registerFile[20][21],train,pico_femto,processor,reg_to_reg,1.639384,1.6392409,0.00014313906097407347
femtorv_quark,registerFile[20][22],train,pico_femto,processor,reg_to_reg,1.62427,1.6243813,0.00011130378723134271
femtorv_quark,registerFile[20][23],train,pico_femto,processor,reg_to_reg,1.677998,1.6778972,0.0001007851104737334
femtorv_quark,registerFile[20][24],train,pico_femto,processor,reg_to_reg,1.767199,1.7672337,3.472936248782865e-05
femtorv_quark,registerFile[20][25],train,pico_femto,processor,reg_to_reg,1.79664,1.796455,0.00018497432708741712
femtorv_quark,registerFile[20][26],train,pico_femto,processor,reg_to_reg,1.862697,1.8628038,0.00010681679534907396
femtorv_quark,registerFile[20][27],train,pico_femto,processor,reg_to_reg,1.900504,1.9003843,0.00011969309234616254
femtorv_quark,registerFile[20][28],train,pico_femto,processor,reg_to_reg,1.888551,1.8886533,0.00010227835082998737
femtorv_quark,registerFile[20][29],train,pico_femto,processor,reg_to_reg,1.962828,1.9626743,0.00015373986053468514
femtorv_quark,registerFile[20][2],train,pico_femto,processor,input_to_reg,1.350088,1.350283,0.00019502669525151006
femtorv_quark,registerFile[20][30],train,pico_femto,processor,reg_to_reg,1.975838,1.9759454,0.00010735350799562227
femtorv_quark,registerFile[20][31],train,pico_femto,processor,reg_to_reg,2.04089,2.0408094,8.06070709229445e-05
femtorv_quark,registerFile[20][3],train,pico_femto,processor,input_to_reg,1.37177,1.3717824,1.2422065734929433e-05
femtorv_quark,registerFile[20][4],train,pico_femto,processor,input_to_reg,1.376933,1.3768574,7.560005950923987e-05
femtorv_quark,registerFile[20][5],train,pico_femto,processor,input_to_reg,1.42653,1.4263881,0.0001418555068970484
femtorv_quark,registerFile[20][6],train,pico_femto,processor,input_to_reg,1.3778,1.3777882,1.1813926696691013e-05
femtorv_quark,registerFile[20][7],train,pico_femto,processor,input_to_reg,1.403063,1.4031702,0.00010722800445561731
femtorv_quark,registerFile[20][8],train,pico_femto,processor,input_to_reg,1.536933,1.5368214,0.00011163464355479213
femtorv_quark,registerFile[20][9],train,pico_femto,processor,reg_to_reg,1.507694,1.5075089,0.0001851260604859295
femtorv_quark,registerFile[21][0],train,pico_femto,processor,reg_to_reg,1.849344,1.8492986,4.540361785898561e-05
femtorv_quark,registerFile[21][10],train,pico_femto,processor,reg_to_reg,1.496339,1.4963479,8.904205322179948e-06
femtorv_quark,registerFile[21][11],train,pico_femto,processor,reg_to_reg,1.476723,1.4768782,0.0001551661987304609
femtorv_quark,registerFile[21][12],train,pico_femto,processor,reg_to_reg,1.509798,1.5096335,0.00016445889282223902
femtorv_quark,registerFile[21][13],train,pico_femto,processor,reg_to_reg,1.503413,1.5034513,3.834735107410836e-05
femtorv_quark,registerFile[21][14],train,pico_femto,processor,reg_to_reg,1.466964,1.4669307,3.325296783440734e-05
femtorv_quark,registerFile[21][15],train,pico_femto,processor,reg_to_reg,1.44495,1.4452158,0.00026582126617435975
femtorv_quark,registerFile[21][16],train,pico_femto,processor,reg_to_reg,1.540253,1.5400317,0.0002213284759522427
femtorv_quark,registerFile[21][17],train,pico_femto,processor,reg_to_reg,1.52959,1.5296384,4.8409614562983094e-05
femtorv_quark,registerFile[21][18],train,pico_femto,processor,reg_to_reg,1.511813,1.5119793,0.00016634150695793437
femtorv_quark,registerFile[21][19],train,pico_femto,processor,reg_to_reg,1.530663,1.5306196,4.337872314463809e-05
femtorv_quark,registerFile[21][1],train,pico_femto,processor,input_to_reg,1.357228,1.3572023,2.5708511352640073e-05
femtorv_quark,registerFile[21][20],train,pico_femto,processor,reg_to_reg,1.633848,1.6338037,4.427475738522091e-05
femtorv_quark,registerFile[21][21],train,pico_femto,processor,reg_to_reg,1.639384,1.6392409,0.00014313906097407347
femtorv_quark,registerFile[21][22],train,pico_femto,processor,reg_to_reg,1.62427,1.6243813,0.00011130378723134271
femtorv_quark,registerFile[21][23],train,pico_femto,processor,reg_to_reg,1.677998,1.6778972,0.0001007851104737334
femtorv_quark,registerFile[21][24],train,pico_femto,processor,reg_to_reg,1.767199,1.7672337,3.472936248782865e-05
femtorv_quark,registerFile[21][25],train,pico_femto,processor,reg_to_reg,1.79664,1.796455,0.00018497432708741712
femtorv_quark,registerFile[21][26],train,pico_femto,processor,reg_to_reg,1.862697,1.8628038,0.00010681679534907396
femtorv_quark,registerFile[21][27],train,pico_femto,processor,reg_to_reg,1.900504,1.9003843,0.00011969309234616254
femtorv_quark,registerFile[21][28],train,pico_femto,processor,reg_to_reg,1.888551,1.8886533,0.00010227835082998737
femtorv_quark,registerFile[21][29],train,pico_femto,processor,reg_to_reg,1.962828,1.9626743,0.00015373986053468514
femtorv_quark,registerFile[21][2],train,pico_femto,processor,input_to_reg,1.350088,1.350283,0.00019502669525151006
femtorv_quark,registerFile[21][30],train,pico_femto,processor,reg_to_reg,1.975838,1.9759454,0.00010735350799562227
femtorv_quark,registerFile[21][31],train,pico_femto,processor,reg_to_reg,2.04089,2.0408094,8.06070709229445e-05
femtorv_quark,registerFile[21][3],train,pico_femto,processor,input_to_reg,1.37177,1.3717824,1.2422065734929433e-05
femtorv_quark,registerFile[21][4],train,pico_femto,processor,input_to_reg,1.376933,1.3768574,7.560005950923987e-05
femtorv_quark,registerFile[21][5],train,pico_femto,processor,input_to_reg,1.42653,1.4263881,0.0001418555068970484
femtorv_quark,registerFile[21][6],train,pico_femto,processor,input_to_reg,1.3778,1.3777882,1.1813926696691013e-05
femtorv_quark,registerFile[21][7],train,pico_femto,processor,input_to_reg,1.403063,1.4031702,0.00010722800445561731
femtorv_quark,registerFile[21][8],train,pico_femto,processor,input_to_reg,1.536933,1.5368214,0.00011163464355479213
femtorv_quark,registerFile[21][9],train,pico_femto,processor,reg_to_reg,1.507694,1.5075089,0.0001851260604859295
femtorv_quark,registerFile[22][0],train,pico_femto,processor,reg_to_reg,1.849344,1.8492986,4.540361785898561e-05
femtorv_quark,registerFile[22][10],train,pico_femto,processor,reg_to_reg,1.496339,1.4963479,8.904205322179948e-06
femtorv_quark,registerFile[22][11],train,pico_femto,processor,reg_to_reg,1.476723,1.4768782,0.0001551661987304609
femtorv_quark,registerFile[22][12],train,pico_femto,processor,reg_to_reg,1.509798,1.5096335,0.00016445889282223902
femtorv_quark,registerFile[22][13],train,pico_femto,processor,reg_to_reg,1.503413,1.5034513,3.834735107410836e-05
femtorv_quark,registerFile[22][14],train,pico_femto,processor,reg_to_reg,1.466964,1.4669307,3.325296783440734e-05
femtorv_quark,registerFile[22][15],train,pico_femto,processor,reg_to_reg,1.44495,1.4452158,0.00026582126617435975
femtorv_quark,registerFile[22][16],train,pico_femto,processor,reg_to_reg,1.540253,1.5400317,0.0002213284759522427
femtorv_quark,registerFile[22][17],train,pico_femto,processor,reg_to_reg,1.52959,1.5296384,4.8409614562983094e-05
femtorv_quark,registerFile[22][18],train,pico_femto,processor,reg_to_reg,1.511813,1.5119793,0.00016634150695793437
femtorv_quark,registerFile[22][19],train,pico_femto,processor,reg_to_reg,1.530663,1.5306196,4.337872314463809e-05
femtorv_quark,registerFile[22][1],train,pico_femto,processor,input_to_reg,1.357228,1.3572023,2.5708511352640073e-05
femtorv_quark,registerFile[22][20],train,pico_femto,processor,reg_to_reg,1.633848,1.6338037,4.427475738522091e-05
femtorv_quark,registerFile[22][21],train,pico_femto,processor,reg_to_reg,1.639384,1.6392409,0.00014313906097407347
femtorv_quark,registerFile[22][22],train,pico_femto,processor,reg_to_reg,1.62427,1.6243813,0.00011130378723134271
femtorv_quark,registerFile[22][23],train,pico_femto,processor,reg_to_reg,1.677998,1.6778972,0.0001007851104737334
femtorv_quark,registerFile[22][24],train,pico_femto,processor,reg_to_reg,1.767199,1.7672337,3.472936248782865e-05
femtorv_quark,registerFile[22][25],train,pico_femto,processor,reg_to_reg,1.79664,1.796455,0.00018497432708741712
femtorv_quark,registerFile[22][26],train,pico_femto,processor,reg_to_reg,1.862697,1.8628038,0.00010681679534907396
femtorv_quark,registerFile[22][27],train,pico_femto,processor,reg_to_reg,1.900504,1.9003843,0.00011969309234616254
femtorv_quark,registerFile[22][28],train,pico_femto,processor,reg_to_reg,1.888551,1.8886533,0.00010227835082998737
femtorv_quark,registerFile[22][29],train,pico_femto,processor,reg_to_reg,1.962828,1.9626743,0.00015373986053468514
femtorv_quark,registerFile[22][2],train,pico_femto,processor,input_to_reg,1.350088,1.350283,0.00019502669525151006
femtorv_quark,registerFile[22][30],train,pico_femto,processor,reg_to_reg,1.975838,1.9759454,0.00010735350799562227
femtorv_quark,registerFile[22][31],train,pico_femto,processor,reg_to_reg,2.04089,2.0408094,8.06070709229445e-05
femtorv_quark,registerFile[22][3],train,pico_femto,processor,input_to_reg,1.37177,1.3717824,1.2422065734929433e-05
femtorv_quark,registerFile[22][4],train,pico_femto,processor,input_to_reg,1.376933,1.3768574,7.560005950923987e-05
femtorv_quark,registerFile[22][5],train,pico_femto,processor,input_to_reg,1.42653,1.4263881,0.0001418555068970484
femtorv_quark,registerFile[22][6],train,pico_femto,processor,input_to_reg,1.3778,1.3777882,1.1813926696691013e-05
femtorv_quark,registerFile[22][7],train,pico_femto,processor,input_to_reg,1.403063,1.4031702,0.00010722800445561731
femtorv_quark,registerFile[22][8],train,pico_femto,processor,input_to_reg,1.536933,1.5368214,0.00011163464355479213
femtorv_quark,registerFile[22][9],train,pico_femto,processor,reg_to_reg,1.507694,1.5075089,0.0001851260604859295
femtorv_quark,registerFile[23][0],train,pico_femto,processor,reg_to_reg,1.849344,1.8492986,4.540361785898561e-05
femtorv_quark,registerFile[23][10],train,pico_femto,processor,reg_to_reg,1.496339,1.4963479,8.904205322179948e-06
femtorv_quark,registerFile[23][11],train,pico_femto,processor,reg_to_reg,1.476723,1.4768782,0.0001551661987304609
femtorv_quark,registerFile[23][12],train,pico_femto,processor,reg_to_reg,1.509798,1.5096335,0.00016445889282223902
femtorv_quark,registerFile[23][13],train,pico_femto,processor,reg_to_reg,1.503413,1.5034513,3.834735107410836e-05
femtorv_quark,registerFile[23][14],train,pico_femto,processor,reg_to_reg,1.466964,1.4669307,3.325296783440734e-05
femtorv_quark,registerFile[23][15],train,pico_femto,processor,reg_to_reg,1.44495,1.4452158,0.00026582126617435975
femtorv_quark,registerFile[23][16],train,pico_femto,processor,reg_to_reg,1.540253,1.5400317,0.0002213284759522427
femtorv_quark,registerFile[23][17],train,pico_femto,processor,reg_to_reg,1.52959,1.5296384,4.8409614562983094e-05
femtorv_quark,registerFile[23][18],train,pico_femto,processor,reg_to_reg,1.511813,1.5119793,0.00016634150695793437
femtorv_quark,registerFile[23][19],train,pico_femto,processor,reg_to_reg,1.530663,1.5306196,4.337872314463809e-05
femtorv_quark,registerFile[23][1],train,pico_femto,processor,input_to_reg,1.357228,1.3572023,2.5708511352640073e-05
femtorv_quark,registerFile[23][20],train,pico_femto,processor,reg_to_reg,1.633848,1.6338037,4.427475738522091e-05
femtorv_quark,registerFile[23][21],train,pico_femto,processor,reg_to_reg,1.639384,1.6392409,0.00014313906097407347
femtorv_quark,registerFile[23][22],train,pico_femto,processor,reg_to_reg,1.62427,1.6243813,0.00011130378723134271
femtorv_quark,registerFile[23][23],train,pico_femto,processor,reg_to_reg,1.677998,1.6778972,0.0001007851104737334
femtorv_quark,registerFile[23][24],train,pico_femto,processor,reg_to_reg,1.767199,1.7672337,3.472936248782865e-05
femtorv_quark,registerFile[23][25],train,pico_femto,processor,reg_to_reg,1.79664,1.796455,0.00018497432708741712
femtorv_quark,registerFile[23][26],train,pico_femto,processor,reg_to_reg,1.862697,1.8628038,0.00010681679534907396
femtorv_quark,registerFile[23][27],train,pico_femto,processor,reg_to_reg,1.900504,1.9003843,0.00011969309234616254
femtorv_quark,registerFile[23][28],train,pico_femto,processor,reg_to_reg,1.888551,1.8886533,0.00010227835082998737
femtorv_quark,registerFile[23][29],train,pico_femto,processor,reg_to_reg,1.962828,1.9626743,0.00015373986053468514
femtorv_quark,registerFile[23][2],train,pico_femto,processor,input_to_reg,1.350088,1.350283,0.00019502669525151006
femtorv_quark,registerFile[23][30],train,pico_femto,processor,reg_to_reg,1.975838,1.9759454,0.00010735350799562227
femtorv_quark,registerFile[23][31],train,pico_femto,processor,reg_to_reg,2.04089,2.0408094,8.06070709229445e-05
femtorv_quark,registerFile[23][3],train,pico_femto,processor,input_to_reg,1.37177,1.3717824,1.2422065734929433e-05
femtorv_quark,registerFile[23][4],train,pico_femto,processor,input_to_reg,1.376933,1.3768574,7.560005950923987e-05
femtorv_quark,registerFile[23][5],train,pico_femto,processor,input_to_reg,1.42653,1.4263881,0.0001418555068970484
femtorv_quark,registerFile[23][6],train,pico_femto,processor,input_to_reg,1.3778,1.3777882,1.1813926696691013e-05
femtorv_quark,registerFile[23][7],train,pico_femto,processor,input_to_reg,1.403063,1.4031702,0.00010722800445561731
femtorv_quark,registerFile[23][8],train,pico_femto,processor,input_to_reg,1.536933,1.5368214,0.00011163464355479213
femtorv_quark,registerFile[23][9],train,pico_femto,processor,reg_to_reg,1.507694,1.5075089,0.0001851260604859295
femtorv_quark,registerFile[24][0],train,pico_femto,processor,reg_to_reg,1.849344,1.8492986,4.540361785898561e-05
femtorv_quark,registerFile[24][10],train,pico_femto,processor,reg_to_reg,1.496339,1.4963479,8.904205322179948e-06
femtorv_quark,registerFile[24][11],train,pico_femto,processor,reg_to_reg,1.476723,1.4768782,0.0001551661987304609
femtorv_quark,registerFile[24][12],train,pico_femto,processor,reg_to_reg,1.509798,1.5096335,0.00016445889282223902
femtorv_quark,registerFile[24][13],train,pico_femto,processor,reg_to_reg,1.503413,1.5034513,3.834735107410836e-05
femtorv_quark,registerFile[24][14],train,pico_femto,processor,reg_to_reg,1.466964,1.4669307,3.325296783440734e-05
femtorv_quark,registerFile[24][15],train,pico_femto,processor,reg_to_reg,1.44495,1.4452158,0.00026582126617435975
femtorv_quark,registerFile[24][16],train,pico_femto,processor,reg_to_reg,1.540253,1.5400317,0.0002213284759522427
femtorv_quark,registerFile[24][17],train,pico_femto,processor,reg_to_reg,1.52959,1.5296384,4.8409614562983094e-05
femtorv_quark,registerFile[24][18],train,pico_femto,processor,reg_to_reg,1.511813,1.5119793,0.00016634150695793437
femtorv_quark,registerFile[24][19],train,pico_femto,processor,reg_to_reg,1.530663,1.5306196,4.337872314463809e-05
femtorv_quark,registerFile[24][1],train,pico_femto,processor,input_to_reg,1.357228,1.3572023,2.5708511352640073e-05
femtorv_quark,registerFile[24][20],train,pico_femto,processor,reg_to_reg,1.633848,1.6338037,4.427475738522091e-05
femtorv_quark,registerFile[24][21],train,pico_femto,processor,reg_to_reg,1.639384,1.6392409,0.00014313906097407347
femtorv_quark,registerFile[24][22],train,pico_femto,processor,reg_to_reg,1.62427,1.6243813,0.00011130378723134271
femtorv_quark,registerFile[24][23],train,pico_femto,processor,reg_to_reg,1.677998,1.6778972,0.0001007851104737334
femtorv_quark,registerFile[24][24],train,pico_femto,processor,reg_to_reg,1.767199,1.7672337,3.472936248782865e-05
femtorv_quark,registerFile[24][25],train,pico_femto,processor,reg_to_reg,1.79664,1.796455,0.00018497432708741712
femtorv_quark,registerFile[24][26],train,pico_femto,processor,reg_to_reg,1.862697,1.8628038,0.00010681679534907396
femtorv_quark,registerFile[24][27],train,pico_femto,processor,reg_to_reg,1.900504,1.9003843,0.00011969309234616254
femtorv_quark,registerFile[24][28],train,pico_femto,processor,reg_to_reg,1.888551,1.8886533,0.00010227835082998737
femtorv_quark,registerFile[24][29],train,pico_femto,processor,reg_to_reg,1.962828,1.9626743,0.00015373986053468514
femtorv_quark,registerFile[24][2],train,pico_femto,processor,input_to_reg,1.350088,1.350283,0.00019502669525151006
femtorv_quark,registerFile[24][30],train,pico_femto,processor,reg_to_reg,1.975838,1.9759454,0.00010735350799562227
femtorv_quark,registerFile[24][31],train,pico_femto,processor,reg_to_reg,2.04089,2.0408094,8.06070709229445e-05
femtorv_quark,registerFile[24][3],train,pico_femto,processor,input_to_reg,1.37177,1.3717824,1.2422065734929433e-05
femtorv_quark,registerFile[24][4],train,pico_femto,processor,input_to_reg,1.376933,1.3768574,7.560005950923987e-05
femtorv_quark,registerFile[24][5],train,pico_femto,processor,input_to_reg,1.42653,1.4263881,0.0001418555068970484
femtorv_quark,registerFile[24][6],train,pico_femto,processor,input_to_reg,1.3778,1.3777882,1.1813926696691013e-05
femtorv_quark,registerFile[24][7],train,pico_femto,processor,input_to_reg,1.403063,1.4031702,0.00010722800445561731
femtorv_quark,registerFile[24][8],train,pico_femto,processor,input_to_reg,1.536933,1.5368214,0.00011163464355479213
femtorv_quark,registerFile[24][9],train,pico_femto,processor,reg_to_reg,1.507694,1.5075089,0.0001851260604859295
femtorv_quark,registerFile[25][0],train,pico_femto,processor,reg_to_reg,1.849344,1.8492986,4.540361785898561e-05
femtorv_quark,registerFile[25][10],train,pico_femto,processor,reg_to_reg,1.496339,1.4963479,8.904205322179948e-06
femtorv_quark,registerFile[25][11],train,pico_femto,processor,reg_to_reg,1.476723,1.4768782,0.0001551661987304609
femtorv_quark,registerFile[25][12],train,pico_femto,processor,reg_to_reg,1.509798,1.5096335,0.00016445889282223902
femtorv_quark,registerFile[25][13],train,pico_femto,processor,reg_to_reg,1.503413,1.5034513,3.834735107410836e-05
femtorv_quark,registerFile[25][14],train,pico_femto,processor,reg_to_reg,1.466964,1.4669307,3.325296783440734e-05
femtorv_quark,registerFile[25][15],train,pico_femto,processor,reg_to_reg,1.44495,1.4452158,0.00026582126617435975
femtorv_quark,registerFile[25][16],train,pico_femto,processor,reg_to_reg,1.540253,1.5400317,0.0002213284759522427
femtorv_quark,registerFile[25][17],train,pico_femto,processor,reg_to_reg,1.52959,1.5296384,4.8409614562983094e-05
femtorv_quark,registerFile[25][18],train,pico_femto,processor,reg_to_reg,1.511813,1.5119793,0.00016634150695793437
femtorv_quark,registerFile[25][19],train,pico_femto,processor,reg_to_reg,1.530663,1.5306196,4.337872314463809e-05
femtorv_quark,registerFile[25][1],train,pico_femto,processor,input_to_reg,1.357228,1.3572023,2.5708511352640073e-05
femtorv_quark,registerFile[25][20],train,pico_femto,processor,reg_to_reg,1.633848,1.6338037,4.427475738522091e-05
femtorv_quark,registerFile[25][21],train,pico_femto,processor,reg_to_reg,1.639384,1.6392409,0.00014313906097407347
femtorv_quark,registerFile[25][22],train,pico_femto,processor,reg_to_reg,1.62427,1.6243813,0.00011130378723134271
femtorv_quark,registerFile[25][23],train,pico_femto,processor,reg_to_reg,1.677998,1.6778972,0.0001007851104737334
femtorv_quark,registerFile[25][24],train,pico_femto,processor,reg_to_reg,1.767199,1.7672337,3.472936248782865e-05
femtorv_quark,registerFile[25][25],train,pico_femto,processor,reg_to_reg,1.79664,1.796455,0.00018497432708741712
femtorv_quark,registerFile[25][26],train,pico_femto,processor,reg_to_reg,1.862697,1.8628038,0.00010681679534907396
femtorv_quark,registerFile[25][27],train,pico_femto,processor,reg_to_reg,1.900504,1.9003843,0.00011969309234616254
femtorv_quark,registerFile[25][28],train,pico_femto,processor,reg_to_reg,1.888551,1.8886533,0.00010227835082998737
femtorv_quark,registerFile[25][29],train,pico_femto,processor,reg_to_reg,1.962828,1.9626743,0.00015373986053468514
femtorv_quark,registerFile[25][2],train,pico_femto,processor,input_to_reg,1.350088,1.350283,0.00019502669525151006
femtorv_quark,registerFile[25][30],train,pico_femto,processor,reg_to_reg,1.975838,1.9759454,0.00010735350799562227
femtorv_quark,registerFile[25][31],train,pico_femto,processor,reg_to_reg,2.04089,2.0408094,8.06070709229445e-05
femtorv_quark,registerFile[25][3],train,pico_femto,processor,input_to_reg,1.37177,1.3717824,1.2422065734929433e-05
femtorv_quark,registerFile[25][4],train,pico_femto,processor,input_to_reg,1.376933,1.3768574,7.560005950923987e-05
femtorv_quark,registerFile[25][5],train,pico_femto,processor,input_to_reg,1.42653,1.4263881,0.0001418555068970484
femtorv_quark,registerFile[25][6],train,pico_femto,processor,input_to_reg,1.3778,1.3777882,1.1813926696691013e-05
femtorv_quark,registerFile[25][7],train,pico_femto,processor,input_to_reg,1.403063,1.4031702,0.00010722800445561731
femtorv_quark,registerFile[25][8],train,pico_femto,processor,input_to_reg,1.536933,1.5368214,0.00011163464355479213
femtorv_quark,registerFile[25][9],train,pico_femto,processor,reg_to_reg,1.507694,1.5075089,0.0001851260604859295
femtorv_quark,registerFile[26][0],train,pico_femto,processor,reg_to_reg,1.849344,1.8492986,4.540361785898561e-05
femtorv_quark,registerFile[26][10],train,pico_femto,processor,reg_to_reg,1.496339,1.4963479,8.904205322179948e-06
femtorv_quark,registerFile[26][11],train,pico_femto,processor,reg_to_reg,1.476723,1.4768782,0.0001551661987304609
femtorv_quark,registerFile[26][12],train,pico_femto,processor,reg_to_reg,1.509798,1.5096335,0.00016445889282223902
femtorv_quark,registerFile[26][13],train,pico_femto,processor,reg_to_reg,1.503413,1.5034513,3.834735107410836e-05
femtorv_quark,registerFile[26][14],train,pico_femto,processor,reg_to_reg,1.466964,1.4669307,3.325296783440734e-05
femtorv_quark,registerFile[26][15],train,pico_femto,processor,reg_to_reg,1.44495,1.4452158,0.00026582126617435975
femtorv_quark,registerFile[26][16],train,pico_femto,processor,reg_to_reg,1.540253,1.5400317,0.0002213284759522427
femtorv_quark,registerFile[26][17],train,pico_femto,processor,reg_to_reg,1.52959,1.5296384,4.8409614562983094e-05
femtorv_quark,registerFile[26][18],train,pico_femto,processor,reg_to_reg,1.511813,1.5119793,0.00016634150695793437
femtorv_quark,registerFile[26][19],train,pico_femto,processor,reg_to_reg,1.530663,1.5306196,4.337872314463809e-05
femtorv_quark,registerFile[26][1],train,pico_femto,processor,input_to_reg,1.357228,1.3572023,2.5708511352640073e-05
femtorv_quark,registerFile[26][20],train,pico_femto,processor,reg_to_reg,1.633848,1.6338037,4.427475738522091e-05
femtorv_quark,registerFile[26][21],train,pico_femto,processor,reg_to_reg,1.639384,1.6392409,0.00014313906097407347
femtorv_quark,registerFile[26][22],train,pico_femto,processor,reg_to_reg,1.62427,1.6243813,0.00011130378723134271
femtorv_quark,registerFile[26][23],train,pico_femto,processor,reg_to_reg,1.677998,1.6778972,0.0001007851104737334
femtorv_quark,registerFile[26][24],train,pico_femto,processor,reg_to_reg,1.767199,1.7672337,3.472936248782865e-05
femtorv_quark,registerFile[26][25],train,pico_femto,processor,reg_to_reg,1.79664,1.796455,0.00018497432708741712
femtorv_quark,registerFile[26][26],train,pico_femto,processor,reg_to_reg,1.862697,1.8628038,0.00010681679534907396
femtorv_quark,registerFile[26][27],train,pico_femto,processor,reg_to_reg,1.900504,1.9003843,0.00011969309234616254
femtorv_quark,registerFile[26][28],train,pico_femto,processor,reg_to_reg,1.888551,1.8886533,0.00010227835082998737
femtorv_quark,registerFile[26][29],train,pico_femto,processor,reg_to_reg,1.962828,1.9626743,0.00015373986053468514
femtorv_quark,registerFile[26][2],train,pico_femto,processor,input_to_reg,1.350088,1.350283,0.00019502669525151006
femtorv_quark,registerFile[26][30],train,pico_femto,processor,reg_to_reg,1.975838,1.9759454,0.00010735350799562227
femtorv_quark,registerFile[26][31],train,pico_femto,processor,reg_to_reg,2.04089,2.0408094,8.06070709229445e-05
femtorv_quark,registerFile[26][3],train,pico_femto,processor,input_to_reg,1.37177,1.3717824,1.2422065734929433e-05
femtorv_quark,registerFile[26][4],train,pico_femto,processor,input_to_reg,1.376933,1.3768574,7.560005950923987e-05
femtorv_quark,registerFile[26][5],train,pico_femto,processor,input_to_reg,1.42653,1.4263881,0.0001418555068970484
femtorv_quark,registerFile[26][6],train,pico_femto,processor,input_to_reg,1.3778,1.3777882,1.1813926696691013e-05
femtorv_quark,registerFile[26][7],train,pico_femto,processor,input_to_reg,1.403063,1.4031702,0.00010722800445561731
femtorv_quark,registerFile[26][8],train,pico_femto,processor,input_to_reg,1.536933,1.5368214,0.00011163464355479213
femtorv_quark,registerFile[26][9],train,pico_femto,processor,reg_to_reg,1.507694,1.5075089,0.0001851260604859295
femtorv_quark,registerFile[27][0],train,pico_femto,processor,reg_to_reg,1.849344,1.8492986,4.540361785898561e-05
femtorv_quark,registerFile[27][10],train,pico_femto,processor,reg_to_reg,1.496339,1.4963479,8.904205322179948e-06
femtorv_quark,registerFile[27][11],train,pico_femto,processor,reg_to_reg,1.476723,1.4768782,0.0001551661987304609
femtorv_quark,registerFile[27][12],train,pico_femto,processor,reg_to_reg,1.509798,1.5096335,0.00016445889282223902
femtorv_quark,registerFile[27][13],train,pico_femto,processor,reg_to_reg,1.503413,1.5034513,3.834735107410836e-05
femtorv_quark,registerFile[27][14],train,pico_femto,processor,reg_to_reg,1.466964,1.4669307,3.325296783440734e-05
femtorv_quark,registerFile[27][15],train,pico_femto,processor,reg_to_reg,1.44495,1.4452158,0.00026582126617435975
femtorv_quark,registerFile[27][16],train,pico_femto,processor,reg_to_reg,1.540253,1.5400317,0.0002213284759522427
femtorv_quark,registerFile[27][17],train,pico_femto,processor,reg_to_reg,1.52959,1.5296384,4.8409614562983094e-05
femtorv_quark,registerFile[27][18],train,pico_femto,processor,reg_to_reg,1.511813,1.5119793,0.00016634150695793437
femtorv_quark,registerFile[27][19],train,pico_femto,processor,reg_to_reg,1.530663,1.5306196,4.337872314463809e-05
femtorv_quark,registerFile[27][1],train,pico_femto,processor,input_to_reg,1.357228,1.3572023,2.5708511352640073e-05
femtorv_quark,registerFile[27][20],train,pico_femto,processor,reg_to_reg,1.633848,1.6338037,4.427475738522091e-05
femtorv_quark,registerFile[27][21],train,pico_femto,processor,reg_to_reg,1.639384,1.6392409,0.00014313906097407347
femtorv_quark,registerFile[27][22],train,pico_femto,processor,reg_to_reg,1.62427,1.6243813,0.00011130378723134271
femtorv_quark,registerFile[27][23],train,pico_femto,processor,reg_to_reg,1.677998,1.6778972,0.0001007851104737334
femtorv_quark,registerFile[27][24],train,pico_femto,processor,reg_to_reg,1.767199,1.7672337,3.472936248782865e-05
femtorv_quark,registerFile[27][25],train,pico_femto,processor,reg_to_reg,1.79664,1.796455,0.00018497432708741712
femtorv_quark,registerFile[27][26],train,pico_femto,processor,reg_to_reg,1.862697,1.8628038,0.00010681679534907396
femtorv_quark,registerFile[27][27],train,pico_femto,processor,reg_to_reg,1.900504,1.9003843,0.00011969309234616254
femtorv_quark,registerFile[27][28],train,pico_femto,processor,reg_to_reg,1.888551,1.8886533,0.00010227835082998737
femtorv_quark,registerFile[27][29],train,pico_femto,processor,reg_to_reg,1.962828,1.9626743,0.00015373986053468514
femtorv_quark,registerFile[27][2],train,pico_femto,processor,input_to_reg,1.350088,1.350283,0.00019502669525151006
femtorv_quark,registerFile[27][30],train,pico_femto,processor,reg_to_reg,1.975838,1.9759454,0.00010735350799562227
femtorv_quark,registerFile[27][31],train,pico_femto,processor,reg_to_reg,2.04089,2.0408094,8.06070709229445e-05
femtorv_quark,registerFile[27][3],train,pico_femto,processor,input_to_reg,1.37177,1.3717824,1.2422065734929433e-05
femtorv_quark,registerFile[27][4],train,pico_femto,processor,input_to_reg,1.376933,1.3768574,7.560005950923987e-05
femtorv_quark,registerFile[27][5],train,pico_femto,processor,input_to_reg,1.42653,1.4263881,0.0001418555068970484
femtorv_quark,registerFile[27][6],train,pico_femto,processor,input_to_reg,1.3778,1.3777882,1.1813926696691013e-05
femtorv_quark,registerFile[27][7],train,pico_femto,processor,input_to_reg,1.403063,1.4031702,0.00010722800445561731
femtorv_quark,registerFile[27][8],train,pico_femto,processor,input_to_reg,1.536933,1.5368214,0.00011163464355479213
femtorv_quark,registerFile[27][9],train,pico_femto,processor,reg_to_reg,1.507694,1.5075089,0.0001851260604859295
femtorv_quark,registerFile[28][0],train,pico_femto,processor,reg_to_reg,1.849344,1.8492986,4.540361785898561e-05
femtorv_quark,registerFile[28][10],train,pico_femto,processor,reg_to_reg,1.496339,1.4963479,8.904205322179948e-06
femtorv_quark,registerFile[28][11],train,pico_femto,processor,reg_to_reg,1.476723,1.4768782,0.0001551661987304609
femtorv_quark,registerFile[28][12],train,pico_femto,processor,reg_to_reg,1.509798,1.5096335,0.00016445889282223902
femtorv_quark,registerFile[28][13],train,pico_femto,processor,reg_to_reg,1.503413,1.5034513,3.834735107410836e-05
femtorv_quark,registerFile[28][14],train,pico_femto,processor,reg_to_reg,1.466964,1.4669307,3.325296783440734e-05
femtorv_quark,registerFile[28][15],train,pico_femto,processor,reg_to_reg,1.44495,1.4452158,0.00026582126617435975
femtorv_quark,registerFile[28][16],train,pico_femto,processor,reg_to_reg,1.540253,1.5400317,0.0002213284759522427
femtorv_quark,registerFile[28][17],train,pico_femto,processor,reg_to_reg,1.52959,1.5296384,4.8409614562983094e-05
femtorv_quark,registerFile[28][18],train,pico_femto,processor,reg_to_reg,1.511813,1.5119793,0.00016634150695793437
femtorv_quark,registerFile[28][19],train,pico_femto,processor,reg_to_reg,1.530663,1.5306196,4.337872314463809e-05
femtorv_quark,registerFile[28][1],train,pico_femto,processor,input_to_reg,1.357228,1.3572023,2.5708511352640073e-05
femtorv_quark,registerFile[28][20],train,pico_femto,processor,reg_to_reg,1.633848,1.6338037,4.427475738522091e-05
femtorv_quark,registerFile[28][21],train,pico_femto,processor,reg_to_reg,1.639384,1.6392409,0.00014313906097407347
femtorv_quark,registerFile[28][22],train,pico_femto,processor,reg_to_reg,1.62427,1.6243813,0.00011130378723134271
femtorv_quark,registerFile[28][23],train,pico_femto,processor,reg_to_reg,1.677998,1.6778972,0.0001007851104737334
femtorv_quark,registerFile[28][24],train,pico_femto,processor,reg_to_reg,1.767199,1.7672337,3.472936248782865e-05
femtorv_quark,registerFile[28][25],train,pico_femto,processor,reg_to_reg,1.79664,1.796455,0.00018497432708741712
femtorv_quark,registerFile[28][26],train,pico_femto,processor,reg_to_reg,1.862697,1.8628038,0.00010681679534907396
femtorv_quark,registerFile[28][27],train,pico_femto,processor,reg_to_reg,1.900504,1.9003843,0.00011969309234616254
femtorv_quark,registerFile[28][28],train,pico_femto,processor,reg_to_reg,1.888551,1.8886533,0.00010227835082998737
femtorv_quark,registerFile[28][29],train,pico_femto,processor,reg_to_reg,1.962828,1.9626743,0.00015373986053468514
femtorv_quark,registerFile[28][2],train,pico_femto,processor,input_to_reg,1.350088,1.350283,0.00019502669525151006
femtorv_quark,registerFile[28][30],train,pico_femto,processor,reg_to_reg,1.975838,1.9759454,0.00010735350799562227
femtorv_quark,registerFile[28][31],train,pico_femto,processor,reg_to_reg,2.04089,2.0408094,8.06070709229445e-05
femtorv_quark,registerFile[28][3],train,pico_femto,processor,input_to_reg,1.37177,1.3717824,1.2422065734929433e-05
femtorv_quark,registerFile[28][4],train,pico_femto,processor,input_to_reg,1.376933,1.3768574,7.560005950923987e-05
femtorv_quark,registerFile[28][5],train,pico_femto,processor,input_to_reg,1.42653,1.4263881,0.0001418555068970484
femtorv_quark,registerFile[28][6],train,pico_femto,processor,input_to_reg,1.3778,1.3777882,1.1813926696691013e-05
femtorv_quark,registerFile[28][7],train,pico_femto,processor,input_to_reg,1.403063,1.4031702,0.00010722800445561731
femtorv_quark,registerFile[28][8],train,pico_femto,processor,input_to_reg,1.536933,1.5368214,0.00011163464355479213
femtorv_quark,registerFile[28][9],train,pico_femto,processor,reg_to_reg,1.507694,1.5075089,0.0001851260604859295
femtorv_quark,registerFile[29][0],train,pico_femto,processor,reg_to_reg,1.849344,1.8492986,4.540361785898561e-05
femtorv_quark,registerFile[29][10],train,pico_femto,processor,reg_to_reg,1.496339,1.4963479,8.904205322179948e-06
femtorv_quark,registerFile[29][11],train,pico_femto,processor,reg_to_reg,1.476723,1.4768782,0.0001551661987304609
femtorv_quark,registerFile[29][12],train,pico_femto,processor,reg_to_reg,1.509798,1.5096335,0.00016445889282223902
femtorv_quark,registerFile[29][13],train,pico_femto,processor,reg_to_reg,1.503413,1.5034513,3.834735107410836e-05
femtorv_quark,registerFile[29][14],train,pico_femto,processor,reg_to_reg,1.466964,1.4669307,3.325296783440734e-05
femtorv_quark,registerFile[29][15],train,pico_femto,processor,reg_to_reg,1.44495,1.4452158,0.00026582126617435975
femtorv_quark,registerFile[29][16],train,pico_femto,processor,reg_to_reg,1.540253,1.5400317,0.0002213284759522427
femtorv_quark,registerFile[29][17],train,pico_femto,processor,reg_to_reg,1.52959,1.5296384,4.8409614562983094e-05
femtorv_quark,registerFile[29][18],train,pico_femto,processor,reg_to_reg,1.511813,1.5119793,0.00016634150695793437
femtorv_quark,registerFile[29][19],train,pico_femto,processor,reg_to_reg,1.530663,1.5306196,4.337872314463809e-05
femtorv_quark,registerFile[29][1],train,pico_femto,processor,input_to_reg,1.357228,1.3572023,2.5708511352640073e-05
femtorv_quark,registerFile[29][20],train,pico_femto,processor,reg_to_reg,1.633848,1.6338037,4.427475738522091e-05
femtorv_quark,registerFile[29][21],train,pico_femto,processor,reg_to_reg,1.639384,1.6392409,0.00014313906097407347
femtorv_quark,registerFile[29][22],train,pico_femto,processor,reg_to_reg,1.62427,1.6243813,0.00011130378723134271
femtorv_quark,registerFile[29][23],train,pico_femto,processor,reg_to_reg,1.677998,1.6778972,0.0001007851104737334
femtorv_quark,registerFile[29][24],train,pico_femto,processor,reg_to_reg,1.767199,1.7672337,3.472936248782865e-05
femtorv_quark,registerFile[29][25],train,pico_femto,processor,reg_to_reg,1.79664,1.796455,0.00018497432708741712
femtorv_quark,registerFile[29][26],train,pico_femto,processor,reg_to_reg,1.862697,1.8628038,0.00010681679534907396
femtorv_quark,registerFile[29][27],train,pico_femto,processor,reg_to_reg,1.900504,1.9003843,0.00011969309234616254
femtorv_quark,registerFile[29][28],train,pico_femto,processor,reg_to_reg,1.888551,1.8886533,0.00010227835082998737
femtorv_quark,registerFile[29][29],train,pico_femto,processor,reg_to_reg,1.962828,1.9626743,0.00015373986053468514
femtorv_quark,registerFile[29][2],train,pico_femto,processor,input_to_reg,1.350088,1.350283,0.00019502669525151006
femtorv_quark,registerFile[29][30],train,pico_femto,processor,reg_to_reg,1.975838,1.9759454,0.00010735350799562227
femtorv_quark,registerFile[29][31],train,pico_femto,processor,reg_to_reg,2.04089,2.0408094,8.06070709229445e-05
femtorv_quark,registerFile[29][3],train,pico_femto,processor,input_to_reg,1.37177,1.3717824,1.2422065734929433e-05
femtorv_quark,registerFile[29][4],train,pico_femto,processor,input_to_reg,1.376933,1.3768574,7.560005950923987e-05
femtorv_quark,registerFile[29][5],train,pico_femto,processor,input_to_reg,1.42653,1.4263881,0.0001418555068970484
femtorv_quark,registerFile[29][6],train,pico_femto,processor,input_to_reg,1.3778,1.3777882,1.1813926696691013e-05
femtorv_quark,registerFile[29][7],train,pico_femto,processor,input_to_reg,1.403063,1.4031702,0.00010722800445561731
femtorv_quark,registerFile[29][8],train,pico_femto,processor,input_to_reg,1.536933,1.5368214,0.00011163464355479213
femtorv_quark,registerFile[29][9],train,pico_femto,processor,reg_to_reg,1.507694,1.5075089,0.0001851260604859295
femtorv_quark,registerFile[2][0],train,pico_femto,processor,reg_to_reg,1.849344,1.8492986,4.540361785898561e-05
femtorv_quark,registerFile[2][10],train,pico_femto,processor,reg_to_reg,1.496339,1.4963479,8.904205322179948e-06
femtorv_quark,registerFile[2][11],train,pico_femto,processor,reg_to_reg,1.476723,1.4768782,0.0001551661987304609
femtorv_quark,registerFile[2][12],train,pico_femto,processor,reg_to_reg,1.509798,1.5096335,0.00016445889282223902
femtorv_quark,registerFile[2][13],train,pico_femto,processor,reg_to_reg,1.503413,1.5034513,3.834735107410836e-05
femtorv_quark,registerFile[2][14],train,pico_femto,processor,reg_to_reg,1.466964,1.4669307,3.325296783440734e-05
femtorv_quark,registerFile[2][15],train,pico_femto,processor,reg_to_reg,1.44495,1.4452158,0.00026582126617435975
femtorv_quark,registerFile[2][16],train,pico_femto,processor,reg_to_reg,1.540253,1.5400317,0.0002213284759522427
femtorv_quark,registerFile[2][17],train,pico_femto,processor,reg_to_reg,1.52959,1.5296384,4.8409614562983094e-05
femtorv_quark,registerFile[2][18],train,pico_femto,processor,reg_to_reg,1.511813,1.5119793,0.00016634150695793437
femtorv_quark,registerFile[2][19],train,pico_femto,processor,reg_to_reg,1.530663,1.5306196,4.337872314463809e-05
femtorv_quark,registerFile[2][1],train,pico_femto,processor,input_to_reg,1.357228,1.3572023,2.5708511352640073e-05
femtorv_quark,registerFile[2][20],train,pico_femto,processor,reg_to_reg,1.633848,1.6338037,4.427475738522091e-05
femtorv_quark,registerFile[2][21],train,pico_femto,processor,reg_to_reg,1.639384,1.6392409,0.00014313906097407347
femtorv_quark,registerFile[2][22],train,pico_femto,processor,reg_to_reg,1.62427,1.6243813,0.00011130378723134271
femtorv_quark,registerFile[2][23],train,pico_femto,processor,reg_to_reg,1.677998,1.6778972,0.0001007851104737334
femtorv_quark,registerFile[2][24],train,pico_femto,processor,reg_to_reg,1.767199,1.7672337,3.472936248782865e-05
femtorv_quark,registerFile[2][25],train,pico_femto,processor,reg_to_reg,1.79664,1.796455,0.00018497432708741712
femtorv_quark,registerFile[2][26],train,pico_femto,processor,reg_to_reg,1.862697,1.8628038,0.00010681679534907396
femtorv_quark,registerFile[2][27],train,pico_femto,processor,reg_to_reg,1.900504,1.9003843,0.00011969309234616254
femtorv_quark,registerFile[2][28],train,pico_femto,processor,reg_to_reg,1.888551,1.8886533,0.00010227835082998737
femtorv_quark,registerFile[2][29],train,pico_femto,processor,reg_to_reg,1.962828,1.9626743,0.00015373986053468514
femtorv_quark,registerFile[2][2],train,pico_femto,processor,input_to_reg,1.350088,1.350283,0.00019502669525151006
femtorv_quark,registerFile[2][30],train,pico_femto,processor,reg_to_reg,1.975838,1.9759454,0.00010735350799562227
femtorv_quark,registerFile[2][31],train,pico_femto,processor,reg_to_reg,2.04089,2.0408094,8.06070709229445e-05
femtorv_quark,registerFile[2][3],train,pico_femto,processor,input_to_reg,1.37177,1.3717824,1.2422065734929433e-05
femtorv_quark,registerFile[2][4],train,pico_femto,processor,input_to_reg,1.376933,1.3768574,7.560005950923987e-05
femtorv_quark,registerFile[2][5],train,pico_femto,processor,input_to_reg,1.42653,1.4263881,0.0001418555068970484
femtorv_quark,registerFile[2][6],train,pico_femto,processor,input_to_reg,1.3778,1.3777882,1.1813926696691013e-05
femtorv_quark,registerFile[2][7],train,pico_femto,processor,input_to_reg,1.403063,1.4031702,0.00010722800445561731
femtorv_quark,registerFile[2][8],train,pico_femto,processor,input_to_reg,1.536933,1.5368214,0.00011163464355479213
femtorv_quark,registerFile[2][9],train,pico_femto,processor,reg_to_reg,1.507694,1.5075089,0.0001851260604859295
femtorv_quark,registerFile[30][0],train,pico_femto,processor,reg_to_reg,1.849344,1.8492986,4.540361785898561e-05
femtorv_quark,registerFile[30][10],train,pico_femto,processor,reg_to_reg,1.496339,1.4963479,8.904205322179948e-06
femtorv_quark,registerFile[30][11],train,pico_femto,processor,reg_to_reg,1.476723,1.4768782,0.0001551661987304609
femtorv_quark,registerFile[30][12],train,pico_femto,processor,reg_to_reg,1.509798,1.5096335,0.00016445889282223902
femtorv_quark,registerFile[30][13],train,pico_femto,processor,reg_to_reg,1.503413,1.5034513,3.834735107410836e-05
femtorv_quark,registerFile[30][14],train,pico_femto,processor,reg_to_reg,1.466964,1.4669307,3.325296783440734e-05
femtorv_quark,registerFile[30][15],train,pico_femto,processor,reg_to_reg,1.44495,1.4452158,0.00026582126617435975
femtorv_quark,registerFile[30][16],train,pico_femto,processor,reg_to_reg,1.540253,1.5400317,0.0002213284759522427
femtorv_quark,registerFile[30][17],train,pico_femto,processor,reg_to_reg,1.52959,1.5296384,4.8409614562983094e-05
femtorv_quark,registerFile[30][18],train,pico_femto,processor,reg_to_reg,1.511813,1.5119793,0.00016634150695793437
femtorv_quark,registerFile[30][19],train,pico_femto,processor,reg_to_reg,1.530663,1.5306196,4.337872314463809e-05
femtorv_quark,registerFile[30][1],train,pico_femto,processor,input_to_reg,1.357228,1.3572023,2.5708511352640073e-05
femtorv_quark,registerFile[30][20],train,pico_femto,processor,reg_to_reg,1.633848,1.6338037,4.427475738522091e-05
femtorv_quark,registerFile[30][21],train,pico_femto,processor,reg_to_reg,1.639384,1.6392409,0.00014313906097407347
femtorv_quark,registerFile[30][22],train,pico_femto,processor,reg_to_reg,1.62427,1.6243813,0.00011130378723134271
femtorv_quark,registerFile[30][23],train,pico_femto,processor,reg_to_reg,1.677998,1.6778972,0.0001007851104737334
femtorv_quark,registerFile[30][24],train,pico_femto,processor,reg_to_reg,1.767199,1.7672337,3.472936248782865e-05
femtorv_quark,registerFile[30][25],train,pico_femto,processor,reg_to_reg,1.79664,1.796455,0.00018497432708741712
femtorv_quark,registerFile[30][26],train,pico_femto,processor,reg_to_reg,1.862697,1.8628038,0.00010681679534907396
femtorv_quark,registerFile[30][27],train,pico_femto,processor,reg_to_reg,1.900504,1.9003843,0.00011969309234616254
femtorv_quark,registerFile[30][28],train,pico_femto,processor,reg_to_reg,1.888551,1.8886533,0.00010227835082998737
femtorv_quark,registerFile[30][29],train,pico_femto,processor,reg_to_reg,1.962828,1.9626743,0.00015373986053468514
femtorv_quark,registerFile[30][2],train,pico_femto,processor,input_to_reg,1.350088,1.350283,0.00019502669525151006
femtorv_quark,registerFile[30][30],train,pico_femto,processor,reg_to_reg,1.975838,1.9759454,0.00010735350799562227
femtorv_quark,registerFile[30][31],train,pico_femto,processor,reg_to_reg,2.04089,2.0408094,8.06070709229445e-05
femtorv_quark,registerFile[30][3],train,pico_femto,processor,input_to_reg,1.37177,1.3717824,1.2422065734929433e-05
femtorv_quark,registerFile[30][4],train,pico_femto,processor,input_to_reg,1.376933,1.3768574,7.560005950923987e-05
femtorv_quark,registerFile[30][5],train,pico_femto,processor,input_to_reg,1.42653,1.4263881,0.0001418555068970484
femtorv_quark,registerFile[30][6],train,pico_femto,processor,input_to_reg,1.3778,1.3777882,1.1813926696691013e-05
femtorv_quark,registerFile[30][7],train,pico_femto,processor,input_to_reg,1.403063,1.4031702,0.00010722800445561731
femtorv_quark,registerFile[30][8],train,pico_femto,processor,input_to_reg,1.536933,1.5368214,0.00011163464355479213
femtorv_quark,registerFile[30][9],train,pico_femto,processor,reg_to_reg,1.507694,1.5075089,0.0001851260604859295
femtorv_quark,registerFile[31][0],train,pico_femto,processor,reg_to_reg,1.849344,1.8492986,4.540361785898561e-05
femtorv_quark,registerFile[31][10],train,pico_femto,processor,reg_to_reg,1.496339,1.4963479,8.904205322179948e-06
femtorv_quark,registerFile[31][11],train,pico_femto,processor,reg_to_reg,1.476723,1.4768782,0.0001551661987304609
femtorv_quark,registerFile[31][12],train,pico_femto,processor,reg_to_reg,1.509798,1.5096335,0.00016445889282223902
femtorv_quark,registerFile[31][13],train,pico_femto,processor,reg_to_reg,1.503413,1.5034513,3.834735107410836e-05
femtorv_quark,registerFile[31][14],train,pico_femto,processor,reg_to_reg,1.466964,1.4669307,3.325296783440734e-05
femtorv_quark,registerFile[31][15],train,pico_femto,processor,reg_to_reg,1.44495,1.4452158,0.00026582126617435975
femtorv_quark,registerFile[31][16],train,pico_femto,processor,reg_to_reg,1.540253,1.5400317,0.0002213284759522427
femtorv_quark,registerFile[31][17],train,pico_femto,processor,reg_to_reg,1.52959,1.5296384,4.8409614562983094e-05
femtorv_quark,registerFile[31][18],train,pico_femto,processor,reg_to_reg,1.511813,1.5119793,0.00016634150695793437
femtorv_quark,registerFile[31][19],train,pico_femto,processor,reg_to_reg,1.530663,1.5306196,4.337872314463809e-05
femtorv_quark,registerFile[31][1],train,pico_femto,processor,input_to_reg,1.357228,1.3572023,2.5708511352640073e-05
femtorv_quark,registerFile[31][20],train,pico_femto,processor,reg_to_reg,1.633848,1.6338037,4.427475738522091e-05
femtorv_quark,registerFile[31][21],train,pico_femto,processor,reg_to_reg,1.639384,1.6392409,0.00014313906097407347
femtorv_quark,registerFile[31][22],train,pico_femto,processor,reg_to_reg,1.62427,1.6243813,0.00011130378723134271
femtorv_quark,registerFile[31][23],train,pico_femto,processor,reg_to_reg,1.677998,1.6778972,0.0001007851104737334
femtorv_quark,registerFile[31][24],train,pico_femto,processor,reg_to_reg,1.767199,1.7672337,3.472936248782865e-05
femtorv_quark,registerFile[31][25],train,pico_femto,processor,reg_to_reg,1.79664,1.796455,0.00018497432708741712
femtorv_quark,registerFile[31][26],train,pico_femto,processor,reg_to_reg,1.862697,1.8628038,0.00010681679534907396
femtorv_quark,registerFile[31][27],train,pico_femto,processor,reg_to_reg,1.900504,1.9003843,0.00011969309234616254
femtorv_quark,registerFile[31][28],train,pico_femto,processor,reg_to_reg,1.888551,1.8886533,0.00010227835082998737
femtorv_quark,registerFile[31][29],train,pico_femto,processor,reg_to_reg,1.962828,1.9626743,0.00015373986053468514
femtorv_quark,registerFile[31][2],train,pico_femto,processor,input_to_reg,1.350088,1.350283,0.00019502669525151006
femtorv_quark,registerFile[31][30],train,pico_femto,processor,reg_to_reg,1.975838,1.9759454,0.00010735350799562227
femtorv_quark,registerFile[31][31],train,pico_femto,processor,reg_to_reg,2.04089,2.0408094,8.06070709229445e-05
femtorv_quark,registerFile[31][3],train,pico_femto,processor,input_to_reg,1.37177,1.3717824,1.2422065734929433e-05
femtorv_quark,registerFile[31][4],train,pico_femto,processor,input_to_reg,1.376933,1.3768574,7.560005950923987e-05
femtorv_quark,registerFile[31][5],train,pico_femto,processor,input_to_reg,1.42653,1.4263881,0.0001418555068970484
femtorv_quark,registerFile[31][6],train,pico_femto,processor,input_to_reg,1.3778,1.3777882,1.1813926696691013e-05
femtorv_quark,registerFile[31][7],train,pico_femto,processor,input_to_reg,1.403063,1.4031702,0.00010722800445561731
femtorv_quark,registerFile[31][8],train,pico_femto,processor,input_to_reg,1.536933,1.5368214,0.00011163464355479213
femtorv_quark,registerFile[31][9],train,pico_femto,processor,reg_to_reg,1.507694,1.5075089,0.0001851260604859295
femtorv_quark,registerFile[3][0],train,pico_femto,processor,reg_to_reg,1.849344,1.8492986,4.540361785898561e-05
femtorv_quark,registerFile[3][10],train,pico_femto,processor,reg_to_reg,1.496339,1.4963479,8.904205322179948e-06
femtorv_quark,registerFile[3][11],train,pico_femto,processor,reg_to_reg,1.476723,1.4768782,0.0001551661987304609
femtorv_quark,registerFile[3][12],train,pico_femto,processor,reg_to_reg,1.509798,1.5096335,0.00016445889282223902
femtorv_quark,registerFile[3][13],train,pico_femto,processor,reg_to_reg,1.503413,1.5034513,3.834735107410836e-05
femtorv_quark,registerFile[3][14],train,pico_femto,processor,reg_to_reg,1.466964,1.4669307,3.325296783440734e-05
femtorv_quark,registerFile[3][15],train,pico_femto,processor,reg_to_reg,1.44495,1.4452158,0.00026582126617435975
femtorv_quark,registerFile[3][16],train,pico_femto,processor,reg_to_reg,1.540253,1.5400317,0.0002213284759522427
femtorv_quark,registerFile[3][17],train,pico_femto,processor,reg_to_reg,1.52959,1.5296384,4.8409614562983094e-05
femtorv_quark,registerFile[3][18],train,pico_femto,processor,reg_to_reg,1.511813,1.5119793,0.00016634150695793437
femtorv_quark,registerFile[3][19],train,pico_femto,processor,reg_to_reg,1.530663,1.5306196,4.337872314463809e-05
femtorv_quark,registerFile[3][1],train,pico_femto,processor,input_to_reg,1.357228,1.3572023,2.5708511352640073e-05
femtorv_quark,registerFile[3][20],train,pico_femto,processor,reg_to_reg,1.633848,1.6338037,4.427475738522091e-05
femtorv_quark,registerFile[3][21],train,pico_femto,processor,reg_to_reg,1.639384,1.6392409,0.00014313906097407347
femtorv_quark,registerFile[3][22],train,pico_femto,processor,reg_to_reg,1.62427,1.6243813,0.00011130378723134271
femtorv_quark,registerFile[3][23],train,pico_femto,processor,reg_to_reg,1.677998,1.6778972,0.0001007851104737334
femtorv_quark,registerFile[3][24],train,pico_femto,processor,reg_to_reg,1.767199,1.7672337,3.472936248782865e-05
femtorv_quark,registerFile[3][25],train,pico_femto,processor,reg_to_reg,1.79664,1.796455,0.00018497432708741712
femtorv_quark,registerFile[3][26],train,pico_femto,processor,reg_to_reg,1.862697,1.8628038,0.00010681679534907396
femtorv_quark,registerFile[3][27],train,pico_femto,processor,reg_to_reg,1.900504,1.9003843,0.00011969309234616254
femtorv_quark,registerFile[3][28],train,pico_femto,processor,reg_to_reg,1.888551,1.8886533,0.00010227835082998737
femtorv_quark,registerFile[3][29],train,pico_femto,processor,reg_to_reg,1.962828,1.9626743,0.00015373986053468514
femtorv_quark,registerFile[3][2],train,pico_femto,processor,input_to_reg,1.350088,1.350283,0.00019502669525151006
femtorv_quark,registerFile[3][30],train,pico_femto,processor,reg_to_reg,1.975838,1.9759454,0.00010735350799562227
femtorv_quark,registerFile[3][31],train,pico_femto,processor,reg_to_reg,2.04089,2.0408094,8.06070709229445e-05
femtorv_quark,registerFile[3][3],train,pico_femto,processor,input_to_reg,1.37177,1.3717824,1.2422065734929433e-05
femtorv_quark,registerFile[3][4],train,pico_femto,processor,input_to_reg,1.376933,1.3768574,7.560005950923987e-05
femtorv_quark,registerFile[3][5],train,pico_femto,processor,input_to_reg,1.42653,1.4263881,0.0001418555068970484
femtorv_quark,registerFile[3][6],train,pico_femto,processor,input_to_reg,1.3778,1.3777882,1.1813926696691013e-05
femtorv_quark,registerFile[3][7],train,pico_femto,processor,input_to_reg,1.403063,1.4031702,0.00010722800445561731
femtorv_quark,registerFile[3][8],train,pico_femto,processor,input_to_reg,1.536933,1.5368214,0.00011163464355479213
femtorv_quark,registerFile[3][9],train,pico_femto,processor,reg_to_reg,1.507694,1.5075089,0.0001851260604859295
femtorv_quark,registerFile[4][0],train,pico_femto,processor,reg_to_reg,1.849344,1.8492986,4.540361785898561e-05
femtorv_quark,registerFile[4][10],train,pico_femto,processor,reg_to_reg,1.496339,1.4963479,8.904205322179948e-06
femtorv_quark,registerFile[4][11],train,pico_femto,processor,reg_to_reg,1.476723,1.4768782,0.0001551661987304609
femtorv_quark,registerFile[4][12],train,pico_femto,processor,reg_to_reg,1.509798,1.5096335,0.00016445889282223902
femtorv_quark,registerFile[4][13],train,pico_femto,processor,reg_to_reg,1.503413,1.5034513,3.834735107410836e-05
femtorv_quark,registerFile[4][14],train,pico_femto,processor,reg_to_reg,1.466964,1.4669307,3.325296783440734e-05
femtorv_quark,registerFile[4][15],train,pico_femto,processor,reg_to_reg,1.44495,1.4452158,0.00026582126617435975
femtorv_quark,registerFile[4][16],train,pico_femto,processor,reg_to_reg,1.540253,1.5400317,0.0002213284759522427
femtorv_quark,registerFile[4][17],train,pico_femto,processor,reg_to_reg,1.52959,1.5296384,4.8409614562983094e-05
femtorv_quark,registerFile[4][18],train,pico_femto,processor,reg_to_reg,1.511813,1.5119793,0.00016634150695793437
femtorv_quark,registerFile[4][19],train,pico_femto,processor,reg_to_reg,1.530663,1.5306196,4.337872314463809e-05
femtorv_quark,registerFile[4][1],train,pico_femto,processor,input_to_reg,1.357228,1.3572023,2.5708511352640073e-05
femtorv_quark,registerFile[4][20],train,pico_femto,processor,reg_to_reg,1.633848,1.6338037,4.427475738522091e-05
femtorv_quark,registerFile[4][21],train,pico_femto,processor,reg_to_reg,1.639384,1.6392409,0.00014313906097407347
femtorv_quark,registerFile[4][22],train,pico_femto,processor,reg_to_reg,1.62427,1.6243813,0.00011130378723134271
femtorv_quark,registerFile[4][23],train,pico_femto,processor,reg_to_reg,1.677998,1.6778972,0.0001007851104737334
femtorv_quark,registerFile[4][24],train,pico_femto,processor,reg_to_reg,1.767199,1.7672337,3.472936248782865e-05
femtorv_quark,registerFile[4][25],train,pico_femto,processor,reg_to_reg,1.79664,1.796455,0.00018497432708741712
femtorv_quark,registerFile[4][26],train,pico_femto,processor,reg_to_reg,1.862697,1.8628038,0.00010681679534907396
femtorv_quark,registerFile[4][27],train,pico_femto,processor,reg_to_reg,1.900504,1.9003843,0.00011969309234616254
femtorv_quark,registerFile[4][28],train,pico_femto,processor,reg_to_reg,1.888551,1.8886533,0.00010227835082998737
femtorv_quark,registerFile[4][29],train,pico_femto,processor,reg_to_reg,1.962828,1.9626743,0.00015373986053468514
femtorv_quark,registerFile[4][2],train,pico_femto,processor,input_to_reg,1.350088,1.350283,0.00019502669525151006
femtorv_quark,registerFile[4][30],train,pico_femto,processor,reg_to_reg,1.975838,1.9759454,0.00010735350799562227
femtorv_quark,registerFile[4][31],train,pico_femto,processor,reg_to_reg,2.04089,2.0408094,8.06070709229445e-05
femtorv_quark,registerFile[4][3],train,pico_femto,processor,input_to_reg,1.37177,1.3717824,1.2422065734929433e-05
femtorv_quark,registerFile[4][4],train,pico_femto,processor,input_to_reg,1.376933,1.3768574,7.560005950923987e-05
femtorv_quark,registerFile[4][5],train,pico_femto,processor,input_to_reg,1.42653,1.4263881,0.0001418555068970484
femtorv_quark,registerFile[4][6],train,pico_femto,processor,input_to_reg,1.3778,1.3777882,1.1813926696691013e-05
femtorv_quark,registerFile[4][7],train,pico_femto,processor,input_to_reg,1.403063,1.4031702,0.00010722800445561731
femtorv_quark,registerFile[4][8],train,pico_femto,processor,input_to_reg,1.536933,1.5368214,0.00011163464355479213
femtorv_quark,registerFile[4][9],train,pico_femto,processor,reg_to_reg,1.507694,1.5075089,0.0001851260604859295
femtorv_quark,registerFile[5][0],train,pico_femto,processor,reg_to_reg,1.849344,1.8492986,4.540361785898561e-05
femtorv_quark,registerFile[5][10],train,pico_femto,processor,reg_to_reg,1.496339,1.4963479,8.904205322179948e-06
femtorv_quark,registerFile[5][11],train,pico_femto,processor,reg_to_reg,1.476723,1.4768782,0.0001551661987304609
femtorv_quark,registerFile[5][12],train,pico_femto,processor,reg_to_reg,1.509798,1.5096335,0.00016445889282223902
femtorv_quark,registerFile[5][13],train,pico_femto,processor,reg_to_reg,1.503413,1.5034513,3.834735107410836e-05
femtorv_quark,registerFile[5][14],train,pico_femto,processor,reg_to_reg,1.466964,1.4669307,3.325296783440734e-05
femtorv_quark,registerFile[5][15],train,pico_femto,processor,reg_to_reg,1.44495,1.4452158,0.00026582126617435975
femtorv_quark,registerFile[5][16],train,pico_femto,processor,reg_to_reg,1.540253,1.5400317,0.0002213284759522427
femtorv_quark,registerFile[5][17],train,pico_femto,processor,reg_to_reg,1.52959,1.5296384,4.8409614562983094e-05
femtorv_quark,registerFile[5][18],train,pico_femto,processor,reg_to_reg,1.511813,1.5119793,0.00016634150695793437
femtorv_quark,registerFile[5][19],train,pico_femto,processor,reg_to_reg,1.530663,1.5306196,4.337872314463809e-05
femtorv_quark,registerFile[5][1],train,pico_femto,processor,input_to_reg,1.357228,1.3572023,2.5708511352640073e-05
femtorv_quark,registerFile[5][20],train,pico_femto,processor,reg_to_reg,1.633848,1.6338037,4.427475738522091e-05
femtorv_quark,registerFile[5][21],train,pico_femto,processor,reg_to_reg,1.639384,1.6392409,0.00014313906097407347
femtorv_quark,registerFile[5][22],train,pico_femto,processor,reg_to_reg,1.62427,1.6243813,0.00011130378723134271
femtorv_quark,registerFile[5][23],train,pico_femto,processor,reg_to_reg,1.677998,1.6778972,0.0001007851104737334
femtorv_quark,registerFile[5][24],train,pico_femto,processor,reg_to_reg,1.767199,1.7672337,3.472936248782865e-05
femtorv_quark,registerFile[5][25],train,pico_femto,processor,reg_to_reg,1.79664,1.796455,0.00018497432708741712
femtorv_quark,registerFile[5][26],train,pico_femto,processor,reg_to_reg,1.862697,1.8628038,0.00010681679534907396
femtorv_quark,registerFile[5][27],train,pico_femto,processor,reg_to_reg,1.900504,1.9003843,0.00011969309234616254
femtorv_quark,registerFile[5][28],train,pico_femto,processor,reg_to_reg,1.888551,1.8886533,0.00010227835082998737
femtorv_quark,registerFile[5][29],train,pico_femto,processor,reg_to_reg,1.962828,1.9626743,0.00015373986053468514
femtorv_quark,registerFile[5][2],train,pico_femto,processor,input_to_reg,1.350088,1.350283,0.00019502669525151006
femtorv_quark,registerFile[5][30],train,pico_femto,processor,reg_to_reg,1.975838,1.9759454,0.00010735350799562227
femtorv_quark,registerFile[5][31],train,pico_femto,processor,reg_to_reg,2.04089,2.0408094,8.06070709229445e-05
femtorv_quark,registerFile[5][3],train,pico_femto,processor,input_to_reg,1.37177,1.3717824,1.2422065734929433e-05
femtorv_quark,registerFile[5][4],train,pico_femto,processor,input_to_reg,1.376933,1.3768574,7.560005950923987e-05
femtorv_quark,registerFile[5][5],train,pico_femto,processor,input_to_reg,1.42653,1.4263881,0.0001418555068970484
femtorv_quark,registerFile[5][6],train,pico_femto,processor,input_to_reg,1.3778,1.3777882,1.1813926696691013e-05
femtorv_quark,registerFile[5][7],train,pico_femto,processor,input_to_reg,1.403063,1.4031702,0.00010722800445561731
femtorv_quark,registerFile[5][8],train,pico_femto,processor,input_to_reg,1.536933,1.5368214,0.00011163464355479213
femtorv_quark,registerFile[5][9],train,pico_femto,processor,reg_to_reg,1.507694,1.5075089,0.0001851260604859295
femtorv_quark,registerFile[6][0],train,pico_femto,processor,reg_to_reg,1.849344,1.8492986,4.540361785898561e-05
femtorv_quark,registerFile[6][10],train,pico_femto,processor,reg_to_reg,1.496339,1.4963479,8.904205322179948e-06
femtorv_quark,registerFile[6][11],train,pico_femto,processor,reg_to_reg,1.476723,1.4768782,0.0001551661987304609
femtorv_quark,registerFile[6][12],train,pico_femto,processor,reg_to_reg,1.509798,1.5096335,0.00016445889282223902
femtorv_quark,registerFile[6][13],train,pico_femto,processor,reg_to_reg,1.503413,1.5034513,3.834735107410836e-05
femtorv_quark,registerFile[6][14],train,pico_femto,processor,reg_to_reg,1.466964,1.4669307,3.325296783440734e-05
femtorv_quark,registerFile[6][15],train,pico_femto,processor,reg_to_reg,1.44495,1.4452158,0.00026582126617435975
femtorv_quark,registerFile[6][16],train,pico_femto,processor,reg_to_reg,1.540253,1.5400317,0.0002213284759522427
femtorv_quark,registerFile[6][17],train,pico_femto,processor,reg_to_reg,1.52959,1.5296384,4.8409614562983094e-05
femtorv_quark,registerFile[6][18],train,pico_femto,processor,reg_to_reg,1.511813,1.5119793,0.00016634150695793437
femtorv_quark,registerFile[6][19],train,pico_femto,processor,reg_to_reg,1.530663,1.5306196,4.337872314463809e-05
femtorv_quark,registerFile[6][1],train,pico_femto,processor,input_to_reg,1.357228,1.3572023,2.5708511352640073e-05
femtorv_quark,registerFile[6][20],train,pico_femto,processor,reg_to_reg,1.633848,1.6338037,4.427475738522091e-05
femtorv_quark,registerFile[6][21],train,pico_femto,processor,reg_to_reg,1.639384,1.6392409,0.00014313906097407347
femtorv_quark,registerFile[6][22],train,pico_femto,processor,reg_to_reg,1.62427,1.6243813,0.00011130378723134271
femtorv_quark,registerFile[6][23],train,pico_femto,processor,reg_to_reg,1.677998,1.6778972,0.0001007851104737334
femtorv_quark,registerFile[6][24],train,pico_femto,processor,reg_to_reg,1.767199,1.7672337,3.472936248782865e-05
femtorv_quark,registerFile[6][25],train,pico_femto,processor,reg_to_reg,1.79664,1.796455,0.00018497432708741712
femtorv_quark,registerFile[6][26],train,pico_femto,processor,reg_to_reg,1.862697,1.8628038,0.00010681679534907396
femtorv_quark,registerFile[6][27],train,pico_femto,processor,reg_to_reg,1.900504,1.9003843,0.00011969309234616254
femtorv_quark,registerFile[6][28],train,pico_femto,processor,reg_to_reg,1.888551,1.8886533,0.00010227835082998737
femtorv_quark,registerFile[6][29],train,pico_femto,processor,reg_to_reg,1.962828,1.9626743,0.00015373986053468514
femtorv_quark,registerFile[6][2],train,pico_femto,processor,input_to_reg,1.350088,1.350283,0.00019502669525151006
femtorv_quark,registerFile[6][30],train,pico_femto,processor,reg_to_reg,1.975838,1.9759454,0.00010735350799562227
femtorv_quark,registerFile[6][31],train,pico_femto,processor,reg_to_reg,2.04089,2.0408094,8.06070709229445e-05
femtorv_quark,registerFile[6][3],train,pico_femto,processor,input_to_reg,1.37177,1.3717824,1.2422065734929433e-05
femtorv_quark,registerFile[6][4],train,pico_femto,processor,input_to_reg,1.376933,1.3768574,7.560005950923987e-05
femtorv_quark,registerFile[6][5],train,pico_femto,processor,input_to_reg,1.42653,1.4263881,0.0001418555068970484
femtorv_quark,registerFile[6][6],train,pico_femto,processor,input_to_reg,1.3778,1.3777882,1.1813926696691013e-05
femtorv_quark,registerFile[6][7],train,pico_femto,processor,input_to_reg,1.403063,1.4031702,0.00010722800445561731
femtorv_quark,registerFile[6][8],train,pico_femto,processor,input_to_reg,1.536933,1.5368214,0.00011163464355479213
femtorv_quark,registerFile[6][9],train,pico_femto,processor,reg_to_reg,1.507694,1.5075089,0.0001851260604859295
femtorv_quark,registerFile[7][0],train,pico_femto,processor,reg_to_reg,1.849344,1.8492986,4.540361785898561e-05
femtorv_quark,registerFile[7][10],train,pico_femto,processor,reg_to_reg,1.496339,1.4963479,8.904205322179948e-06
femtorv_quark,registerFile[7][11],train,pico_femto,processor,reg_to_reg,1.476723,1.4768782,0.0001551661987304609
femtorv_quark,registerFile[7][12],train,pico_femto,processor,reg_to_reg,1.509798,1.5096335,0.00016445889282223902
femtorv_quark,registerFile[7][13],train,pico_femto,processor,reg_to_reg,1.503413,1.5034513,3.834735107410836e-05
femtorv_quark,registerFile[7][14],train,pico_femto,processor,reg_to_reg,1.466964,1.4669307,3.325296783440734e-05
femtorv_quark,registerFile[7][15],train,pico_femto,processor,reg_to_reg,1.44495,1.4452158,0.00026582126617435975
femtorv_quark,registerFile[7][16],train,pico_femto,processor,reg_to_reg,1.540253,1.5400317,0.0002213284759522427
femtorv_quark,registerFile[7][17],train,pico_femto,processor,reg_to_reg,1.52959,1.5296384,4.8409614562983094e-05
femtorv_quark,registerFile[7][18],train,pico_femto,processor,reg_to_reg,1.511813,1.5119793,0.00016634150695793437
femtorv_quark,registerFile[7][19],train,pico_femto,processor,reg_to_reg,1.530663,1.5306196,4.337872314463809e-05
femtorv_quark,registerFile[7][1],train,pico_femto,processor,input_to_reg,1.357228,1.3572023,2.5708511352640073e-05
femtorv_quark,registerFile[7][20],train,pico_femto,processor,reg_to_reg,1.633848,1.6338037,4.427475738522091e-05
femtorv_quark,registerFile[7][21],train,pico_femto,processor,reg_to_reg,1.639384,1.6392409,0.00014313906097407347
femtorv_quark,registerFile[7][22],train,pico_femto,processor,reg_to_reg,1.62427,1.6243813,0.00011130378723134271
femtorv_quark,registerFile[7][23],train,pico_femto,processor,reg_to_reg,1.677998,1.6778972,0.0001007851104737334
femtorv_quark,registerFile[7][24],train,pico_femto,processor,reg_to_reg,1.767199,1.7672337,3.472936248782865e-05
femtorv_quark,registerFile[7][25],train,pico_femto,processor,reg_to_reg,1.79664,1.796455,0.00018497432708741712
femtorv_quark,registerFile[7][26],train,pico_femto,processor,reg_to_reg,1.862697,1.8628038,0.00010681679534907396
femtorv_quark,registerFile[7][27],train,pico_femto,processor,reg_to_reg,1.900504,1.9003843,0.00011969309234616254
femtorv_quark,registerFile[7][28],train,pico_femto,processor,reg_to_reg,1.888551,1.8886533,0.00010227835082998737
femtorv_quark,registerFile[7][29],train,pico_femto,processor,reg_to_reg,1.962828,1.9626743,0.00015373986053468514
femtorv_quark,registerFile[7][2],train,pico_femto,processor,input_to_reg,1.350088,1.350283,0.00019502669525151006
femtorv_quark,registerFile[7][30],train,pico_femto,processor,reg_to_reg,1.975838,1.9759454,0.00010735350799562227
femtorv_quark,registerFile[7][31],train,pico_femto,processor,reg_to_reg,2.04089,2.0408094,8.06070709229445e-05
femtorv_quark,registerFile[7][3],train,pico_femto,processor,input_to_reg,1.37177,1.3717824,1.2422065734929433e-05
femtorv_quark,registerFile[7][4],train,pico_femto,processor,input_to_reg,1.376933,1.3768574,7.560005950923987e-05
femtorv_quark,registerFile[7][5],train,pico_femto,processor,input_to_reg,1.42653,1.4263881,0.0001418555068970484
femtorv_quark,registerFile[7][6],train,pico_femto,processor,input_to_reg,1.3778,1.3777882,1.1813926696691013e-05
femtorv_quark,registerFile[7][7],train,pico_femto,processor,input_to_reg,1.403063,1.4031702,0.00010722800445561731
femtorv_quark,registerFile[7][8],train,pico_femto,processor,input_to_reg,1.536933,1.5368214,0.00011163464355479213
femtorv_quark,registerFile[7][9],train,pico_femto,processor,reg_to_reg,1.507694,1.5075089,0.0001851260604859295
femtorv_quark,registerFile[8][0],train,pico_femto,processor,reg_to_reg,1.849344,1.8492986,4.540361785898561e-05
femtorv_quark,registerFile[8][10],train,pico_femto,processor,reg_to_reg,1.496339,1.4963479,8.904205322179948e-06
femtorv_quark,registerFile[8][11],train,pico_femto,processor,reg_to_reg,1.476723,1.4768782,0.0001551661987304609
femtorv_quark,registerFile[8][12],train,pico_femto,processor,reg_to_reg,1.509798,1.5096335,0.00016445889282223902
femtorv_quark,registerFile[8][13],train,pico_femto,processor,reg_to_reg,1.503413,1.5034513,3.834735107410836e-05
femtorv_quark,registerFile[8][14],train,pico_femto,processor,reg_to_reg,1.466964,1.4669307,3.325296783440734e-05
femtorv_quark,registerFile[8][15],train,pico_femto,processor,reg_to_reg,1.44495,1.4452158,0.00026582126617435975
femtorv_quark,registerFile[8][16],train,pico_femto,processor,reg_to_reg,1.540253,1.5400317,0.0002213284759522427
femtorv_quark,registerFile[8][17],train,pico_femto,processor,reg_to_reg,1.52959,1.5296384,4.8409614562983094e-05
femtorv_quark,registerFile[8][18],train,pico_femto,processor,reg_to_reg,1.511813,1.5119793,0.00016634150695793437
femtorv_quark,registerFile[8][19],train,pico_femto,processor,reg_to_reg,1.530663,1.5306196,4.337872314463809e-05
femtorv_quark,registerFile[8][1],train,pico_femto,processor,input_to_reg,1.357228,1.3572023,2.5708511352640073e-05
femtorv_quark,registerFile[8][20],train,pico_femto,processor,reg_to_reg,1.633848,1.6338037,4.427475738522091e-05
femtorv_quark,registerFile[8][21],train,pico_femto,processor,reg_to_reg,1.639384,1.6392409,0.00014313906097407347
femtorv_quark,registerFile[8][22],train,pico_femto,processor,reg_to_reg,1.62427,1.6243813,0.00011130378723134271
femtorv_quark,registerFile[8][23],train,pico_femto,processor,reg_to_reg,1.677998,1.6778972,0.0001007851104737334
femtorv_quark,registerFile[8][24],train,pico_femto,processor,reg_to_reg,1.767199,1.7672337,3.472936248782865e-05
femtorv_quark,registerFile[8][25],train,pico_femto,processor,reg_to_reg,1.79664,1.796455,0.00018497432708741712
femtorv_quark,registerFile[8][26],train,pico_femto,processor,reg_to_reg,1.862697,1.8628038,0.00010681679534907396
femtorv_quark,registerFile[8][27],train,pico_femto,processor,reg_to_reg,1.900504,1.9003843,0.00011969309234616254
femtorv_quark,registerFile[8][28],train,pico_femto,processor,reg_to_reg,1.888551,1.8886533,0.00010227835082998737
femtorv_quark,registerFile[8][29],train,pico_femto,processor,reg_to_reg,1.962828,1.9626743,0.00015373986053468514
femtorv_quark,registerFile[8][2],train,pico_femto,processor,input_to_reg,1.350088,1.350283,0.00019502669525151006
femtorv_quark,registerFile[8][30],train,pico_femto,processor,reg_to_reg,1.975838,1.9759454,0.00010735350799562227
femtorv_quark,registerFile[8][31],train,pico_femto,processor,reg_to_reg,2.04089,2.0408094,8.06070709229445e-05
femtorv_quark,registerFile[8][3],train,pico_femto,processor,input_to_reg,1.37177,1.3717824,1.2422065734929433e-05
femtorv_quark,registerFile[8][4],train,pico_femto,processor,input_to_reg,1.376933,1.3768574,7.560005950923987e-05
femtorv_quark,registerFile[8][5],train,pico_femto,processor,input_to_reg,1.42653,1.4263881,0.0001418555068970484
femtorv_quark,registerFile[8][6],train,pico_femto,processor,input_to_reg,1.3778,1.3777882,1.1813926696691013e-05
femtorv_quark,registerFile[8][7],train,pico_femto,processor,input_to_reg,1.403063,1.4031702,0.00010722800445561731
femtorv_quark,registerFile[8][8],train,pico_femto,processor,input_to_reg,1.536933,1.5368214,0.00011163464355479213
femtorv_quark,registerFile[8][9],train,pico_femto,processor,reg_to_reg,1.507694,1.5075089,0.0001851260604859295
femtorv_quark,registerFile[9][0],train,pico_femto,processor,reg_to_reg,1.849344,1.8492986,4.540361785898561e-05
femtorv_quark,registerFile[9][10],train,pico_femto,processor,reg_to_reg,1.496339,1.4963479,8.904205322179948e-06
femtorv_quark,registerFile[9][11],train,pico_femto,processor,reg_to_reg,1.476723,1.4768782,0.0001551661987304609
femtorv_quark,registerFile[9][12],train,pico_femto,processor,reg_to_reg,1.509798,1.5096335,0.00016445889282223902
femtorv_quark,registerFile[9][13],train,pico_femto,processor,reg_to_reg,1.503413,1.5034513,3.834735107410836e-05
femtorv_quark,registerFile[9][14],train,pico_femto,processor,reg_to_reg,1.466964,1.4669307,3.325296783440734e-05
femtorv_quark,registerFile[9][15],train,pico_femto,processor,reg_to_reg,1.44495,1.4452158,0.00026582126617435975
femtorv_quark,registerFile[9][16],train,pico_femto,processor,reg_to_reg,1.540253,1.5400317,0.0002213284759522427
femtorv_quark,registerFile[9][17],train,pico_femto,processor,reg_to_reg,1.52959,1.5296384,4.8409614562983094e-05
femtorv_quark,registerFile[9][18],train,pico_femto,processor,reg_to_reg,1.511813,1.5119793,0.00016634150695793437
femtorv_quark,registerFile[9][19],train,pico_femto,processor,reg_to_reg,1.530663,1.5306196,4.337872314463809e-05
femtorv_quark,registerFile[9][1],train,pico_femto,processor,input_to_reg,1.357228,1.3572023,2.5708511352640073e-05
femtorv_quark,registerFile[9][20],train,pico_femto,processor,reg_to_reg,1.633848,1.6338037,4.427475738522091e-05
femtorv_quark,registerFile[9][21],train,pico_femto,processor,reg_to_reg,1.639384,1.6392409,0.00014313906097407347
femtorv_quark,registerFile[9][22],train,pico_femto,processor,reg_to_reg,1.62427,1.6243813,0.00011130378723134271
femtorv_quark,registerFile[9][23],train,pico_femto,processor,reg_to_reg,1.677998,1.6778972,0.0001007851104737334
femtorv_quark,registerFile[9][24],train,pico_femto,processor,reg_to_reg,1.767199,1.7672337,3.472936248782865e-05
femtorv_quark,registerFile[9][25],train,pico_femto,processor,reg_to_reg,1.79664,1.796455,0.00018497432708741712
femtorv_quark,registerFile[9][26],train,pico_femto,processor,reg_to_reg,1.862697,1.8628038,0.00010681679534907396
femtorv_quark,registerFile[9][27],train,pico_femto,processor,reg_to_reg,1.900504,1.9003843,0.00011969309234616254
femtorv_quark,registerFile[9][28],train,pico_femto,processor,reg_to_reg,1.888551,1.8886533,0.00010227835082998737
femtorv_quark,registerFile[9][29],train,pico_femto,processor,reg_to_reg,1.962828,1.9626743,0.00015373986053468514
femtorv_quark,registerFile[9][2],train,pico_femto,processor,input_to_reg,1.350088,1.350283,0.00019502669525151006
femtorv_quark,registerFile[9][30],train,pico_femto,processor,reg_to_reg,1.975838,1.9759454,0.00010735350799562227
femtorv_quark,registerFile[9][31],train,pico_femto,processor,reg_to_reg,2.04089,2.0408094,8.06070709229445e-05
femtorv_quark,registerFile[9][3],train,pico_femto,processor,input_to_reg,1.37177,1.3717824,1.2422065734929433e-05
femtorv_quark,registerFile[9][4],train,pico_femto,processor,input_to_reg,1.376933,1.3768574,7.560005950923987e-05
femtorv_quark,registerFile[9][5],train,pico_femto,processor,input_to_reg,1.42653,1.4263881,0.0001418555068970484
femtorv_quark,registerFile[9][6],train,pico_femto,processor,input_to_reg,1.3778,1.3777882,1.1813926696691013e-05
femtorv_quark,registerFile[9][7],train,pico_femto,processor,input_to_reg,1.403063,1.4031702,0.00010722800445561731
femtorv_quark,registerFile[9][8],train,pico_femto,processor,input_to_reg,1.536933,1.5368214,0.00011163464355479213
femtorv_quark,registerFile[9][9],train,pico_femto,processor,reg_to_reg,1.507694,1.5075089,0.0001851260604859295
femtorv_quark,rs1[0],train,pico_femto,processor,input_to_reg,1.959179,1.9560585,0.003120497802734379
femtorv_quark,rs1[10],train,pico_femto,processor,input_to_reg,1.961251,1.9617473,0.0004962887039183794
femtorv_quark,rs1[11],train,pico_femto,processor,input_to_reg,2.003303,2.0012865,0.0020164933471678026
femtorv_quark,rs1[12],train,pico_femto,processor,input_to_reg,1.961251,1.9616495,0.0003985370864867388
femtorv_quark,rs1[13],train,pico_femto,processor,input_to_reg,1.961251,1.9615194,0.0002683605422972857
femtorv_quark,rs1[14],train,pico_femto,processor,input_to_reg,1.962186,1.9616495,0.0005364629135131693
femtorv_quark,rs1[15],train,pico_femto,processor,input_to_reg,1.918844,1.952795,0.03395102868652344
femtorv_quark,rs1[16],train,pico_femto,processor,input_to_reg,1.900707,1.9106382,0.009931213157653884
femtorv_quark,rs1[17],train,pico_femto,processor,input_to_reg,1.962372,1.9615194,0.0008526394577026419
femtorv_quark,rs1[18],train,pico_femto,processor,input_to_reg,1.961874,1.9630197,0.0011457286605836003
femtorv_quark,rs1[19],train,pico_femto,processor,input_to_reg,1.927189,1.9630197,0.035830728660583455
femtorv_quark,rs1[1],train,pico_femto,processor,input_to_reg,1.956066,1.9560585,7.497802734457437e-06
femtorv_quark,rs1[20],train,pico_femto,processor,input_to_reg,1.962186,1.9616495,0.0005364629135131693
femtorv_quark,rs1[21],train,pico_femto,processor,input_to_reg,1.909157,1.9106382,0.0014812131576538157
femtorv_quark,rs1[22],train,pico_femto,processor,input_to_reg,1.909157,1.9106382,0.0014812131576538157
femtorv_quark,rs1[23],train,pico_femto,processor,input_to_reg,1.963533,1.9635228,1.020813751217986e-05
femtorv_quark,rs1[24],train,pico_femto,processor,input_to_reg,1.900707,1.9106382,0.009931213157653884
femtorv_quark,rs1[25],train,pico_femto,processor,input_to_reg,1.926013,1.9630197,0.03700672866058352
femtorv_quark,rs1[26],train,pico_femto,processor,input_to_reg,1.961068,1.9615194,0.0004513605422973299
femtorv_quark,rs1[27],train,pico_femto,processor,input_to_reg,2.005372,1.9630197,0.042352271339416436
femtorv_quark,rs1[28],train,pico_femto,processor,input_to_reg,1.961068,1.9617473,0.0006792887039184237
femtorv_quark,rs1[29],train,pico_femto,processor,input_to_reg,1.961068,1.952795,0.008272971313476596
femtorv_quark,rs1[2],train,pico_femto,processor,input_to_reg,1.95469,1.9560585,0.0013685021972655864
femtorv_quark,rs1[30],train,pico_femto,processor,input_to_reg,2.001288,1.9630197,0.03826827133941668
femtorv_quark,rs1[31],train,pico_femto,processor,input_to_reg,1.954503,1.9560585,0.0015555021972655236
femtorv_quark,rs1[3],train,pico_femto,processor,input_to_reg,1.917927,1.9106382,0.007288786842346129
femtorv_quark,rs1[4],train,pico_femto,processor,input_to_reg,1.923517,1.9106382,0.012878786842346113
femtorv_quark,rs1[5],train,pico_femto,processor,input_to_reg,1.962171,1.952795,0.009375971313476672
femtorv_quark,rs1[6],train,pico_femto,processor,input_to_reg,1.959179,1.952795,0.006383971313476566
femtorv_quark,rs1[7],train,pico_femto,processor,input_to_reg,1.961251,1.9617473,0.0004962887039183794
femtorv_quark,rs1[8],train,pico_femto,processor,input_to_reg,1.961068,1.952795,0.008272971313476596
femtorv_quark,rs1[9],train,pico_femto,processor,input_to_reg,1.958104,1.9630197,0.004915728660583429
femtorv_quark,rs2[0],train,pico_femto,processor,input_to_reg,1.919413,1.9094229,0.009990125549316442
femtorv_quark,rs2[10],train,pico_femto,processor,input_to_reg,2.012883,1.9626904,0.05019264660644529
femtorv_quark,rs2[11],train,pico_femto,processor,input_to_reg,1.966421,1.9656084,0.0008126416168212636
femtorv_quark,rs2[12],train,pico_femto,processor,input_to_reg,1.995649,1.9656084,0.030040641616821295
femtorv_quark,rs2[13],train,pico_femto,processor,input_to_reg,1.959204,1.9656084,0.006404358383178765
femtorv_quark,rs2[14],train,pico_femto,processor,input_to_reg,1.94798,1.9626904,0.014710353393554643
femtorv_quark,rs2[15],train,pico_femto,processor,input_to_reg,1.912056,1.9094229,0.002633125549316384
femtorv_quark,rs2[16],train,pico_femto,processor,input_to_reg,1.90793,1.9094229,0.00149287445068369
femtorv_quark,rs2[17],train,pico_femto,processor,input_to_reg,1.94798,1.9626904,0.014710353393554643
femtorv_quark,rs2[18],train,pico_femto,processor,input_to_reg,1.906998,1.9626904,0.05569235339355472
femtorv_quark,rs2[19],train,pico_femto,processor,input_to_reg,1.949215,1.9626904,0.013475353393554768
femtorv_quark,rs2[1],train,pico_femto,processor,input_to_reg,1.93487,1.938626,0.00375605094909659
femtorv_quark,rs2[20],train,pico_femto,processor,input_to_reg,1.922866,1.9264802,0.0036141740646362663
femtorv_quark,rs2[21],train,pico_femto,processor,input_to_reg,1.90793,1.9094229,0.00149287445068369
femtorv_quark,rs2[22],train,pico_femto,processor,input_to_reg,1.90793,1.9094229,0.00149287445068369
femtorv_quark,rs2[23],train,pico_femto,processor,input_to_reg,1.901127,1.9094229,0.008295874450683582
femtorv_quark,rs2[24],train,pico_femto,processor,input_to_reg,1.90793,1.9094229,0.00149287445068369
femtorv_quark,rs2[25],train,pico_femto,processor,input_to_reg,1.920387,1.938626,0.018239050949096614
femtorv_quark,rs2[26],train,pico_femto,processor,input_to_reg,1.965405,1.9646689,0.0007361300277710647
femtorv_quark,rs2[27],train,pico_femto,processor,input_to_reg,1.965405,1.9627497,0.002655280380249092
femtorv_quark,rs2[28],train,pico_femto,processor,input_to_reg,1.997332,1.9954745,0.001857542259216416
femtorv_quark,rs2[29],train,pico_femto,processor,input_to_reg,1.965232,1.9646689,0.000563130027771086
femtorv_quark,rs2[2],train,pico_femto,processor,input_to_reg,1.949979,1.9656084,0.015629358383178804
femtorv_quark,rs2[30],train,pico_femto,processor,input_to_reg,1.992579,1.9954745,0.0028954577407835913
femtorv_quark,rs2[31],train,pico_femto,processor,input_to_reg,1.962585,1.938626,0.023958949050903344
femtorv_quark,rs2[3],train,pico_femto,processor,input_to_reg,1.966358,1.9656084,0.0007496416168213393
femtorv_quark,rs2[4],train,pico_femto,processor,input_to_reg,1.955171,1.9656084,0.010437358383178719
femtorv_quark,rs2[5],train,pico_femto,processor,input_to_reg,1.967633,1.9666959,0.0009370952682494771
femtorv_quark,rs2[6],train,pico_femto,processor,input_to_reg,1.966245,1.9626904,0.003554646606445333
femtorv_quark,rs2[7],train,pico_femto,processor,input_to_reg,1.956264,1.9626904,0.006426353393554685
femtorv_quark,rs2[8],train,pico_femto,processor,input_to_reg,1.966245,1.9656084,0.0006366416168213096
femtorv_quark,rs2[9],train,pico_femto,processor,input_to_reg,2.012883,1.9626904,0.05019264660644529
femtorv_quark,state[0],train,pico_femto,processor,input_to_reg,1.178943,1.1788151,0.0001278735809326914
femtorv_quark,state[1],train,pico_femto,processor,input_to_reg,1.059561,1.0594963,6.471646881101023e-05
femtorv_quark,state[2],train,pico_femto,processor,input_to_reg,1.508115,1.5078337,0.0002812807464600553
femtorv_quark,state[3],train,pico_femto,processor,input_to_reg,1.123791,1.1246165,0.0008255037155151523
fastfir8,FILTER[0].tapk.product[0],train,zipcpu_filters,arithmetic_dsp,input_to_reg,1.523882,1.5238655,1.653865051265413e-05
fastfir8,FILTER[0].tapk.product[10],train,zipcpu_filters,arithmetic_dsp,input_to_reg,1.744589,1.7442331,0.0003558685913085391
fastfir8,FILTER[0].tapk.product[11],train,zipcpu_filters,arithmetic_dsp,input_to_reg,1.783963,1.7828233,0.0011396757965087545
fastfir8,FILTER[0].tapk.product[12],train,zipcpu_filters,arithmetic_dsp,input_to_reg,1.819304,1.8177658,0.001538168052673372
fastfir8,FILTER[0].tapk.product[13],train,zipcpu_filters,arithmetic_dsp,input_to_reg,1.85868,1.8572959,0.0013841292190552856
fastfir8,FILTER[0].tapk.product[14],train,zipcpu_filters,arithmetic_dsp,input_to_reg,1.894021,1.8915182,0.0025027647933959507
fastfir8,FILTER[0].tapk.product[15],train,zipcpu_filters,arithmetic_dsp,input_to_reg,1.933397,1.9322654,0.0011315991134643877
fastfir8,FILTER[0].tapk.product[16],train,zipcpu_filters,arithmetic_dsp,input_to_reg,1.966914,1.965873,0.001040996994018606
fastfir8,FILTER[0].tapk.product[17],train,zipcpu_filters,arithmetic_dsp,input_to_reg,2.0014,1.9984013,0.002998715782165373
fastfir8,FILTER[0].tapk.product[18],train,zipcpu_filters,arithmetic_dsp,input_to_reg,2.058674,2.0558844,0.002789638732910049
fastfir8,FILTER[0].tapk.product[19],train,zipcpu_filters,arithmetic_dsp,input_to_reg,2.072333,2.0695486,0.002784393127441387
fastfir8,FILTER[0].tapk.product[1],train,zipcpu_filters,arithmetic_dsp,input_to_reg,1.51592,1.1475363,0.36838372222900384
fastfir8,FILTER[0].tapk.product[20],train,zipcpu_filters,arithmetic_dsp,input_to_reg,2.10643,2.1064465,1.6504592895483228e-05
fastfir8,FILTER[0].tapk.product[21],train,zipcpu_filters,arithmetic_dsp,input_to_reg,2.206768,2.1715884,0.03517957913207992
fastfir8,FILTER[0].tapk.product[22],train,zipcpu_filters,arithmetic_dsp,input_to_reg,2.206432,2.2054677,0.0009642990417479957
fastfir8,FILTER[0].tapk.product[23],train,zipcpu_filters,arithmetic_dsp,input_to_reg,2.229759,2.2299387,0.00017974549865718004
fastfir8,FILTER[0].tapk.product[2],train,zipcpu_filters,arithmetic_dsp,input_to_reg,1.205216,1.2142278,0.009011795600891048
fastfir8,FILTER[0].tapk.product[3],train,zipcpu_filters,arithmetic_dsp,input_to_reg,1.303137,1.2076894,0.09544759551239013
fastfir8,FILTER[0].tapk.product[4],train,zipcpu_filters,arithmetic_dsp,input_to_reg,1.353303,1.378213,0.024910047981262284
fastfir8,FILTER[0].tapk.product[5],train,zipcpu_filters,arithmetic_dsp,input_to_reg,1.432433,1.2761009,0.1563321260528565
fastfir8,FILTER[0].tapk.product[6],train,zipcpu_filters,arithmetic_dsp,input_to_reg,1.563055,1.5614439,0.0016110750961304543
fastfir8,FILTER[0].tapk.product[7],train,zipcpu_filters,arithmetic_dsp,input_to_reg,1.659212,1.3760222,0.28318978034210196
fastfir8,FILTER[0].tapk.product[8],train,zipcpu_filters,arithmetic_dsp,input_to_reg,1.711809,1.7067959,0.005013069137573156
fastfir8,FILTER[0].tapk.product[9],train,zipcpu_filters,arithmetic_dsp,input_to_reg,1.709237,1.708503,0.00073399211120595
fastfir8,FILTER[1].tapk.product[0],train,zipcpu_filters,arithmetic_dsp,input_to_reg,1.523882,1.5238655,1.653865051265413e-05
fastfir8,FILTER[1].tapk.product[10],train,zipcpu_filters,arithmetic_dsp,input_to_reg,1.750077,1.7469167,0.003160348274231062
fastfir8,FILTER[1].tapk.product[11],train,zipcpu_filters,arithmetic_dsp,input_to_reg,1.786179,1.7832373,0.002941661933898887
fastfir8,FILTER[1].tapk.product[12],train,zipcpu_filters,arithmetic_dsp,input_to_reg,1.821995,1.8189783,0.003016690368652375
fastfir8,FILTER[1].tapk.product[13],train,zipcpu_filters,arithmetic_dsp,input_to_reg,1.860896,1.8579308,0.0029652205429078204
fastfir8,FILTER[1].tapk.product[14],train,zipcpu_filters,arithmetic_dsp,input_to_reg,1.896237,1.8932503,0.002986653816223095
fastfir8,FILTER[1].tapk.product[15],train,zipcpu_filters,arithmetic_dsp,input_to_reg,1.935613,1.9325851,0.003027879798889188
fastfir8,FILTER[1].tapk.product[16],train,zipcpu_filters,arithmetic_dsp,input_to_reg,1.969131,1.9661028,0.003028161483764613
fastfir8,FILTER[1].tapk.product[17],train,zipcpu_filters,arithmetic_dsp,input_to_reg,2.069154,2.0659258,0.0032281634368898082
fastfir8,FILTER[1].tapk.product[18],train,zipcpu_filters,arithmetic_dsp,input_to_reg,2.038614,2.0364723,0.002141679443359301
fastfir8,FILTER[1].tapk.product[19],train,zipcpu_filters,arithmetic_dsp,input_to_reg,2.078013,2.0754957,0.0025172800903319192
fastfir8,FILTER[1].tapk.product[1],train,zipcpu_filters,arithmetic_dsp,input_to_reg,1.126927,1.1475363,0.02060927777099608
fastfir8,FILTER[1].tapk.product[20],train,zipcpu_filters,arithmetic_dsp,input_to_reg,2.112111,2.1090589,0.0030521430358887436
fastfir8,FILTER[1].tapk.product[21],train,zipcpu_filters,arithmetic_dsp,input_to_reg,2.211554,2.208479,0.0030750723876953323
fastfir8,FILTER[1].tapk.product[22],train,zipcpu_filters,arithmetic_dsp,input_to_reg,2.179064,2.1944869,0.0154228564605714
fastfir8,FILTER[1].tapk.product[23],train,zipcpu_filters,arithmetic_dsp,input_to_reg,2.224073,2.2508135,0.026740484191894343
fastfir8,FILTER[1].tapk.product[2],train,zipcpu_filters,arithmetic_dsp,input_to_reg,1.206873,1.2142278,0.007354795600891029
fastfir8,FILTER[1].tapk.product[3],train,zipcpu_filters,arithmetic_dsp,input_to_reg,1.314301,1.2076894,0.10661159551239008
fastfir8,FILTER[1].tapk.product[4],train,zipcpu_filters,arithmetic_dsp,input_to_reg,1.395404,1.378213,0.01719095201873788
fastfir8,FILTER[1].tapk.product[5],train,zipcpu_filters,arithmetic_dsp,input_to_reg,1.51592,1.2761009,0.23981912605285638
fastfir8,FILTER[1].tapk.product[6],train,zipcpu_filters,arithmetic_dsp,input_to_reg,1.53503,1.5354662,0.0004361941528321367
fastfir8,FILTER[1].tapk.product[7],train,zipcpu_filters,arithmetic_dsp,input_to_reg,1.633555,1.3760222,0.25753278034210214
fastfir8,FILTER[1].tapk.product[8],train,zipcpu_filters,arithmetic_dsp,input_to_reg,1.701266,1.7067959,0.005529930862426813
fastfir8,FILTER[1].tapk.product[9],train,zipcpu_filters,arithmetic_dsp,input_to_reg,1.714244,1.207943,0.5063010373535157
fastfir8,FILTER[2].tapk.product[0],train,zipcpu_filters,arithmetic_dsp,input_to_reg,1.523882,1.5238655,1.653865051265413e-05
fastfir8,FILTER[2].tapk.product[10],train,zipcpu_filters,arithmetic_dsp,input_to_reg,1.76531,1.7657914,0.00048141616821295585
fastfir8,FILTER[2].tapk.product[11],train,zipcpu_filters,arithmetic_dsp,input_to_reg,1.804211,1.8052024,0.000991364921569815
fastfir8,FILTER[2].tapk.product[12],train,zipcpu_filters,arithmetic_dsp,input_to_reg,1.840026,1.8409734,0.0009473772277832637
fastfir8,FILTER[2].tapk.product[13],train,zipcpu_filters,arithmetic_dsp,input_to_reg,1.876127,1.8766155,0.0004885242919920874
fastfir8,FILTER[2].tapk.product[14],train,zipcpu_filters,arithmetic_dsp,input_to_reg,1.914743,1.9171925,0.0024494591064452287
fastfir8,FILTER[2].tapk.product[15],train,zipcpu_filters,arithmetic_dsp,input_to_reg,1.950084,1.9504367,0.00035271131134040346
fastfir8,FILTER[2].tapk.product[16],train,zipcpu_filters,arithmetic_dsp,input_to_reg,1.988325,1.9895691,0.0012440679550171918
fastfir8,FILTER[2].tapk.product[17],train,zipcpu_filters,arithmetic_dsp,input_to_reg,2.040588,2.0401165,0.00047145146179206066
fastfir8,FILTER[2].tapk.product[18],train,zipcpu_filters,arithmetic_dsp,input_to_reg,2.054212,2.0568337,0.0026217440490721167
fastfir8,FILTER[2].tapk.product[19],train,zipcpu_filters,arithmetic_dsp,input_to_reg,2.089553,2.0898604,0.00030743930053711566
fastfir8,FILTER[2].tapk.product[1],train,zipcpu_filters,arithmetic_dsp,input_to_reg,1.120852,1.1475363,0.026684277770996134
fastfir8,FILTER[2].tapk.product[20],train,zipcpu_filters,arithmetic_dsp,input_to_reg,2.193922,2.1940272,0.00010518544006332675
fastfir8,FILTER[2].tapk.product[21],train,zipcpu_filters,arithmetic_dsp,input_to_reg,2.1926,2.1939104,0.0013103603363036065
fastfir8,FILTER[2].tapk.product[22],train,zipcpu_filters,arithmetic_dsp,input_to_reg,2.197119,2.1975286,0.0004096006927492013
fastfir8,FILTER[2].tapk.product[23],train,zipcpu_filters,arithmetic_dsp,input_to_reg,2.235404,2.2349062,0.0004978034057616654
fastfir8,FILTER[2].tapk.product[2],train,zipcpu_filters,arithmetic_dsp,input_to_reg,1.207139,1.2142278,0.007088795600891151
fastfir8,FILTER[2].tapk.product[3],train,zipcpu_filters,arithmetic_dsp,input_to_reg,1.375032,1.2076894,0.16734259551239017
fastfir8,FILTER[2].tapk.product[4],train,zipcpu_filters,arithmetic_dsp,input_to_reg,1.405872,1.378213,0.027658952018737804
fastfir8,FILTER[2].tapk.product[5],train,zipcpu_filters,arithmetic_dsp,input_to_reg,1.464165,1.2761009,0.18806412605285638
fastfir8,FILTER[2].tapk.product[6],train,zipcpu_filters,arithmetic_dsp,input_to_reg,1.662587,1.5508989,0.11168809043121342
fastfir8,FILTER[2].tapk.product[7],train,zipcpu_filters,arithmetic_dsp,input_to_reg,1.669064,1.3760222,0.29304178034210215
fastfir8,FILTER[2].tapk.product[8],train,zipcpu_filters,arithmetic_dsp,input_to_reg,1.699783,1.7067959,0.007012930862426714
fastfir8,FILTER[2].tapk.product[9],train,zipcpu_filters,arithmetic_dsp,input_to_reg,1.73271,1.7333263,0.0006163158798218049
fastfir8,FILTER[3].tapk.product[0],train,zipcpu_filters,arithmetic_dsp,input_to_reg,1.523882,1.5238655,1.653865051265413e-05
fastfir8,FILTER[3].tapk.product[10],train,zipcpu_filters,arithmetic_dsp,input_to_reg,1.734802,1.7363951,0.0015931206207275839
fastfir8,FILTER[3].tapk.product[11],train,zipcpu_filters,arithmetic_dsp,input_to_reg,1.774202,1.775008,0.0008059631805419354
fastfir8,FILTER[3].tapk.product[12],train,zipcpu_filters,arithmetic_dsp,input_to_reg,1.809543,1.8098228,0.0002797977752686531
fastfir8,FILTER[3].tapk.product[13],train,zipcpu_filters,arithmetic_dsp,input_to_reg,1.848918,1.8490531,0.00013514445495599325
fastfir8,FILTER[3].tapk.product[14],train,zipcpu_filters,arithmetic_dsp,input_to_reg,1.884259,1.8838143,0.00044466513061514057
fastfir8,FILTER[3].tapk.product[15],train,zipcpu_filters,arithmetic_dsp,input_to_reg,1.923635,1.924499,0.0008640348815918131
fastfir8,FILTER[3].tapk.product[16],train,zipcpu_filters,arithmetic_dsp,input_to_reg,1.957153,1.9573929,0.00023993098449714978
fastfir8,FILTER[3].tapk.product[17],train,zipcpu_filters,arithmetic_dsp,input_to_reg,1.991638,1.9913124,0.0003256153945923046
fastfir8,FILTER[3].tapk.product[18],train,zipcpu_filters,arithmetic_dsp,input_to_reg,2.065493,2.0649872,0.0005058173828125234
fastfir8,FILTER[3].tapk.product[19],train,zipcpu_filters,arithmetic_dsp,input_to_reg,2.062615,2.063435,0.0008200776672362409
fastfir8,FILTER[3].tapk.product[1],train,zipcpu_filters,arithmetic_dsp,input_to_reg,1.128932,1.1475363,0.018604277770996047
fastfir8,FILTER[3].tapk.product[20],train,zipcpu_filters,arithmetic_dsp,input_to_reg,2.096713,2.097183,0.00046998912048357155
fastfir8,FILTER[3].tapk.product[21],train,zipcpu_filters,arithmetic_dsp,input_to_reg,2.196646,2.197145,0.0004989851989747329
fastfir8,FILTER[3].tapk.product[22],train,zipcpu_filters,arithmetic_dsp,input_to_reg,2.199867,2.1988578,0.0010092157287595604
fastfir8,FILTER[3].tapk.product[23],train,zipcpu_filters,arithmetic_dsp,input_to_reg,2.226372,2.2282596,0.0018875634460449042
fastfir8,FILTER[3].tapk.product[2],train,zipcpu_filters,arithmetic_dsp,input_to_reg,1.225803,1.2142278,0.011575204399108863
fastfir8,FILTER[3].tapk.product[3],train,zipcpu_filters,arithmetic_dsp,input_to_reg,1.341128,1.2076894,0.13343859551239023
fastfir8,FILTER[3].tapk.product[4],train,zipcpu_filters,arithmetic_dsp,input_to_reg,1.377615,1.378213,0.0005980479812621731
fastfir8,FILTER[3].tapk.product[5],train,zipcpu_filters,arithmetic_dsp,input_to_reg,1.475927,1.2761009,0.19982612605285643
fastfir8,FILTER[3].tapk.product[6],train,zipcpu_filters,arithmetic_dsp,input_to_reg,1.542248,1.5508989,0.008650909568786558
fastfir8,FILTER[3].tapk.product[7],train,zipcpu_filters,arithmetic_dsp,input_to_reg,1.644009,1.3760222,0.2679867803421021
fastfir8,FILTER[3].tapk.product[8],train,zipcpu_filters,arithmetic_dsp,input_to_reg,1.697393,1.7067959,0.009402930862426828
fastfir8,FILTER[3].tapk.product[9],train,zipcpu_filters,arithmetic_dsp,input_to_reg,1.769309,1.7361679,0.03314109228515627
fastfir8,FILTER[4].tapk.product[0],train,zipcpu_filters,arithmetic_dsp,input_to_reg,1.523882,1.5238655,1.653865051265413e-05
fastfir8,FILTER[4].tapk.product[10],train,zipcpu_filters,arithmetic_dsp,input_to_reg,1.734919,1.7363951,0.001476120620727439
fastfir8,FILTER[4].tapk.product[11],train,zipcpu_filters,arithmetic_dsp,input_to_reg,1.774295,1.775008,0.0007129631805420367
fastfir8,FILTER[4].tapk.product[12],train,zipcpu_filters,arithmetic_dsp,input_to_reg,1.809636,1.8098228,0.00018679777526853236
fastfir8,FILTER[4].tapk.product[13],train,zipcpu_filters,arithmetic_dsp,input_to_reg,1.849012,1.8490531,4.114445495595476e-05
fastfir8,FILTER[4].tapk.product[14],train,zipcpu_filters,arithmetic_dsp,input_to_reg,1.884353,1.8838143,0.0005386651306151791
fastfir8,FILTER[4].tapk.product[15],train,zipcpu_filters,arithmetic_dsp,input_to_reg,1.923729,1.924499,0.0007700348815917746
fastfir8,FILTER[4].tapk.product[16],train,zipcpu_filters,arithmetic_dsp,input_to_reg,1.957246,1.9573929,0.00014693098449702902
fastfir8,FILTER[4].tapk.product[17],train,zipcpu_filters,arithmetic_dsp,input_to_reg,1.991732,1.9913124,0.0004196153945923431
fastfir8,FILTER[4].tapk.product[18],train,zipcpu_filters,arithmetic_dsp,input_to_reg,2.0656,2.0649872,0.0006128173828123806
fastfir8,FILTER[4].tapk.product[19],train,zipcpu_filters,arithmetic_dsp,input_to_reg,2.062709,2.063435,0.0007260776672364244
fastfir8,FILTER[4].tapk.product[1],train,zipcpu_filters,arithmetic_dsp,input_to_reg,1.128932,1.1475363,0.018604277770996047
fastfir8,FILTER[4].tapk.product[20],train,zipcpu_filters,arithmetic_dsp,input_to_reg,2.096806,2.097183,0.0003769891204834508
fastfir8,FILTER[4].tapk.product[21],train,zipcpu_filters,arithmetic_dsp,input_to_reg,2.197144,2.1974201,0.00027612023925760454
fastfir8,FILTER[4].tapk.product[22],train,zipcpu_filters,arithmetic_dsp,input_to_reg,2.196809,2.1985054,0.0016964016113281133
fastfir8,FILTER[4].tapk.product[23],train,zipcpu_filters,arithmetic_dsp,input_to_reg,2.264697,2.262577,0.002119943115234335
fastfir8,FILTER[4].tapk.product[2],train,zipcpu_filters,arithmetic_dsp,input_to_reg,1.225803,1.2142278,0.011575204399108863
fastfir8,FILTER[4].tapk.product[3],train,zipcpu_filters,arithmetic_dsp,input_to_reg,1.341128,1.2076894,0.13343859551239023
fastfir8,FILTER[4].tapk.product[4],train,zipcpu_filters,arithmetic_dsp,input_to_reg,1.377615,1.378213,0.0005980479812621731
fastfir8,FILTER[4].tapk.product[5],train,zipcpu_filters,arithmetic_dsp,input_to_reg,1.475927,1.2761009,0.19982612605285643
fastfir8,FILTER[4].tapk.product[6],train,zipcpu_filters,arithmetic_dsp,input_to_reg,1.516525,1.5508989,0.03437390956878672
fastfir8,FILTER[4].tapk.product[7],train,zipcpu_filters,arithmetic_dsp,input_to_reg,1.643869,1.3760222,0.2678467803421021
fastfir8,FILTER[4].tapk.product[8],train,zipcpu_filters,arithmetic_dsp,input_to_reg,1.748899,1.7067959,0.042103069137573224
fastfir8,FILTER[4].tapk.product[9],train,zipcpu_filters,arithmetic_dsp,input_to_reg,1.703187,1.7361679,0.032980907714843744
fastfir8,FILTER[5].tapk.product[0],train,zipcpu_filters,arithmetic_dsp,input_to_reg,1.523882,1.5238655,1.653865051265413e-05
fastfir8,FILTER[5].tapk.product[10],train,zipcpu_filters,arithmetic_dsp,input_to_reg,1.739653,1.7409217,0.0012687357635499108
fastfir8,FILTER[5].tapk.product[11],train,zipcpu_filters,arithmetic_dsp,input_to_reg,1.779028,1.7798408,0.0008128269882201611
fastfir8,FILTER[5].tapk.product[12],train,zipcpu_filters,arithmetic_dsp,input_to_reg,1.814368,1.8148353,0.0004673099822998239
fastfir8,FILTER[5].tapk.product[13],train,zipcpu_filters,arithmetic_dsp,input_to_reg,1.853744,1.854854,0.0011099876937865627
fastfir8,FILTER[5].tapk.product[14],train,zipcpu_filters,arithmetic_dsp,input_to_reg,1.889085,1.8915182,0.0024332352066041008
fastfir8,FILTER[5].tapk.product[15],train,zipcpu_filters,arithmetic_dsp,input_to_reg,1.928461,1.9294757,0.001014665092468281
fastfir8,FILTER[5].tapk.product[16],train,zipcpu_filters,arithmetic_dsp,input_to_reg,1.961979,1.9623177,0.0003387051544190278
fastfir8,FILTER[5].tapk.product[17],train,zipcpu_filters,arithmetic_dsp,input_to_reg,1.996464,1.9984013,0.0019372842178344563
fastfir8,FILTER[5].tapk.product[18],train,zipcpu_filters,arithmetic_dsp,input_to_reg,2.053738,2.0558844,0.0021463612670897803
fastfir8,FILTER[5].tapk.product[19],train,zipcpu_filters,arithmetic_dsp,input_to_reg,2.067397,2.0695486,0.0021516068725584425
fastfir8,FILTER[5].tapk.product[1],train,zipcpu_filters,arithmetic_dsp,input_to_reg,1.51592,1.1475363,0.36838372222900384
fastfir8,FILTER[5].tapk.product[20],train,zipcpu_filters,arithmetic_dsp,input_to_reg,2.101494,2.1024616,0.000967576461791797
fastfir8,FILTER[5].tapk.product[21],train,zipcpu_filters,arithmetic_dsp,input_to_reg,2.137026,2.1715884,0.03456242086791983
fastfir8,FILTER[5].tapk.product[22],train,zipcpu_filters,arithmetic_dsp,input_to_reg,2.205912,2.2054677,0.00044429904174814183
fastfir8,FILTER[5].tapk.product[23],train,zipcpu_filters,arithmetic_dsp,input_to_reg,2.273814,2.2727098,0.0011041535034177485
fastfir8,FILTER[5].tapk.product[2],train,zipcpu_filters,arithmetic_dsp,input_to_reg,1.210442,1.2142278,0.0037857956008910953
fastfir8,FILTER[5].tapk.product[3],train,zipcpu_filters,arithmetic_dsp,input_to_reg,1.301431,1.2076894,0.09374159551239014
fastfir8,FILTER[5].tapk.product[4],train,zipcpu_filters,arithmetic_dsp,input_to_reg,1.350513,1.378213,0.027700047981262133
fastfir8,FILTER[5].tapk.product[5],train,zipcpu_filters,arithmetic_dsp,input_to_reg,1.429327,1.2761009,0.15322612605285646
fastfir8,FILTER[5].tapk.product[6],train,zipcpu_filters,arithmetic_dsp,input_to_reg,1.55996,1.5614439,0.0014839249038696156
fastfir8,FILTER[5].tapk.product[7],train,zipcpu_filters,arithmetic_dsp,input_to_reg,1.654277,1.3760222,0.27825478034210205
fastfir8,FILTER[5].tapk.product[8],train,zipcpu_filters,arithmetic_dsp,input_to_reg,1.706873,1.7067959,7.706913757332678e-05
fastfir8,FILTER[5].tapk.product[9],train,zipcpu_filters,arithmetic_dsp,input_to_reg,1.704302,1.704271,3.104109954832346e-05
fastfir8,FILTER[6].tapk.product[0],train,zipcpu_filters,arithmetic_dsp,input_to_reg,1.523882,1.5238655,1.653865051265413e-05
fastfir8,FILTER[6].tapk.product[10],train,zipcpu_filters,arithmetic_dsp,input_to_reg,1.739653,1.7363951,0.003257879379272355
fastfir8,FILTER[6].tapk.product[11],train,zipcpu_filters,arithmetic_dsp,input_to_reg,1.779028,1.7786976,0.0003303900985718311
fastfir8,FILTER[6].tapk.product[12],train,zipcpu_filters,arithmetic_dsp,input_to_reg,1.814368,1.8138306,0.0005373859100341605
fastfir8,FILTER[6].tapk.product[13],train,zipcpu_filters,arithmetic_dsp,input_to_reg,1.853744,1.8528969,0.0008470712127686131
fastfir8,FILTER[6].tapk.product[14],train,zipcpu_filters,arithmetic_dsp,input_to_reg,1.889085,1.8896036,0.0005186148071290031
fastfir8,FILTER[6].tapk.product[15],train,zipcpu_filters,arithmetic_dsp,input_to_reg,1.928461,1.9280584,0.0004026141510009573
fastfir8,FILTER[6].tapk.product[16],train,zipcpu_filters,arithmetic_dsp,input_to_reg,1.961979,1.9611095,0.0008694809951781401
fastfir8,FILTER[6].tapk.product[17],train,zipcpu_filters,arithmetic_dsp,input_to_reg,1.996464,1.9982961,0.0018321416244506672
fastfir8,FILTER[6].tapk.product[18],train,zipcpu_filters,arithmetic_dsp,input_to_reg,2.058057,2.0588222,0.0007651549987794937
fastfir8,FILTER[6].tapk.product[19],train,zipcpu_filters,arithmetic_dsp,input_to_reg,2.067441,2.0664907,0.0009503498229981311
fastfir8,FILTER[6].tapk.product[1],train,zipcpu_filters,arithmetic_dsp,input_to_reg,1.128932,1.1475363,0.018604277770996047
fastfir8,FILTER[6].tapk.product[20],train,zipcpu_filters,arithmetic_dsp,input_to_reg,2.101539,2.1001601,0.0013788780822752145
fastfir8,FILTER[6].tapk.product[21],train,zipcpu_filters,arithmetic_dsp,input_to_reg,2.201877,2.2009,0.0009769221801758654
fastfir8,FILTER[6].tapk.product[22],train,zipcpu_filters,arithmetic_dsp,input_to_reg,2.201541,2.2008007,0.000740342727661325
fastfir8,FILTER[6].tapk.product[23],train,zipcpu_filters,arithmetic_dsp,input_to_reg,2.224868,2.2256606,0.0007925625152589433
fastfir8,FILTER[6].tapk.product[2],train,zipcpu_filters,arithmetic_dsp,input_to_reg,1.225803,1.2142278,0.011575204399108863
fastfir8,FILTER[6].tapk.product[3],train,zipcpu_filters,arithmetic_dsp,input_to_reg,1.341128,1.2076894,0.13343859551239023
fastfir8,FILTER[6].tapk.product[4],train,zipcpu_filters,arithmetic_dsp,input_to_reg,1.377615,1.378213,0.0005980479812621731
fastfir8,FILTER[6].tapk.product[5],train,zipcpu_filters,arithmetic_dsp,input_to_reg,1.483513,1.2761009,0.20741212605285653
fastfir8,FILTER[6].tapk.product[6],train,zipcpu_filters,arithmetic_dsp,input_to_reg,1.538422,1.5508989,0.012476909568786665
fastfir8,FILTER[6].tapk.product[7],train,zipcpu_filters,arithmetic_dsp,input_to_reg,1.644797,1.3760222,0.2687747803421021
fastfir8,FILTER[6].tapk.product[8],train,zipcpu_filters,arithmetic_dsp,input_to_reg,1.69507,1.7067959,0.011725930862426681
fastfir8,FILTER[6].tapk.product[9],train,zipcpu_filters,arithmetic_dsp,input_to_reg,1.704302,1.7066218,0.002319766090393083
fastfir8,FILTER[7].tapk.product[0],train,zipcpu_filters,arithmetic_dsp,input_to_reg,1.523882,1.5238655,1.653865051265413e-05
fastfir8,FILTER[7].tapk.product[10],train,zipcpu_filters,arithmetic_dsp,input_to_reg,1.74493,1.7469167,0.001986651725768951
fastfir8,FILTER[7].tapk.product[11],train,zipcpu_filters,arithmetic_dsp,input_to_reg,1.781032,1.7832373,0.0022053380661011257
fastfir8,FILTER[7].tapk.product[12],train,zipcpu_filters,arithmetic_dsp,input_to_reg,1.816847,1.8189783,0.0021313096313475555
fastfir8,FILTER[7].tapk.product[13],train,zipcpu_filters,arithmetic_dsp,input_to_reg,1.855749,1.8579308,0.0021817794570921922
fastfir8,FILTER[7].tapk.product[14],train,zipcpu_filters,arithmetic_dsp,input_to_reg,1.89109,1.8932503,0.002160346183776918
fastfir8,FILTER[7].tapk.product[15],train,zipcpu_filters,arithmetic_dsp,input_to_reg,1.930465,1.9325851,0.0021201202011107423
fastfir8,FILTER[7].tapk.product[16],train,zipcpu_filters,arithmetic_dsp,input_to_reg,1.963983,1.9661028,0.0021198385162353173
fastfir8,FILTER[7].tapk.product[17],train,zipcpu_filters,arithmetic_dsp,input_to_reg,2.064006,2.0659258,0.0019198365631103442
fastfir8,FILTER[7].tapk.product[18],train,zipcpu_filters,arithmetic_dsp,input_to_reg,2.033467,2.0364723,0.0030053205566407115
fastfir8,FILTER[7].tapk.product[19],train,zipcpu_filters,arithmetic_dsp,input_to_reg,2.072866,2.0754957,0.0026297199096680934
fastfir8,FILTER[7].tapk.product[1],train,zipcpu_filters,arithmetic_dsp,input_to_reg,1.096202,1.1475363,0.051334277770996195
fastfir8,FILTER[7].tapk.product[20],train,zipcpu_filters,arithmetic_dsp,input_to_reg,2.106963,2.1090589,0.002095856964111409
fastfir8,FILTER[7].tapk.product[21],train,zipcpu_filters,arithmetic_dsp,input_to_reg,2.206897,2.208479,0.001581927612304579
fastfir8,FILTER[7].tapk.product[22],train,zipcpu_filters,arithmetic_dsp,input_to_reg,2.210118,2.1944869,0.015631143539428738
fastfir8,FILTER[7].tapk.product[23],train,zipcpu_filters,arithmetic_dsp,input_to_reg,2.278017,2.2508135,0.02720351580810565
fastfir8,FILTER[7].tapk.product[2],train,zipcpu_filters,arithmetic_dsp,input_to_reg,1.208889,1.2142278,0.005338795600891011
fastfir8,FILTER[7].tapk.product[3],train,zipcpu_filters,arithmetic_dsp,input_to_reg,1.347094,1.2076894,0.13940459551239015
fastfir8,FILTER[7].tapk.product[4],train,zipcpu_filters,arithmetic_dsp,input_to_reg,1.390733,1.378213,0.01251995201873779
fastfir8,FILTER[7].tapk.product[5],train,zipcpu_filters,arithmetic_dsp,input_to_reg,1.41333,1.2761009,0.13722912605285642
fastfir8,FILTER[7].tapk.product[6],train,zipcpu_filters,arithmetic_dsp,input_to_reg,1.497783,1.5508989,0.053115909568786535
fastfir8,FILTER[7].tapk.product[7],train,zipcpu_filters,arithmetic_dsp,input_to_reg,1.642503,1.3760222,0.2664807803421021
fastfir8,FILTER[7].tapk.product[8],train,zipcpu_filters,arithmetic_dsp,input_to_reg,1.696119,1.7067959,0.010676930862426826
fastfir8,FILTER[7].tapk.product[9],train,zipcpu_filters,arithmetic_dsp,input_to_reg,1.709096,1.207943,0.5011530373535156
fastfir8,o_result[0],train,zipcpu_filters,arithmetic_dsp,input_to_reg,1.063915,1.1475363,0.08362127777099615
fastfir8,o_result[10],train,zipcpu_filters,arithmetic_dsp,input_to_reg,1.063915,1.0639254,1.0385475158747326e-05
fastfir8,o_result[11],train,zipcpu_filters,arithmetic_dsp,input_to_reg,1.063915,1.0639254,1.0385475158747326e-05
fastfir8,o_result[12],train,zipcpu_filters,arithmetic_dsp,input_to_reg,1.063915,1.0639254,1.0385475158747326e-05
fastfir8,o_result[13],train,zipcpu_filters,arithmetic_dsp,input_to_reg,1.063915,1.0639254,1.0385475158747326e-05
fastfir8,o_result[14],train,zipcpu_filters,arithmetic_dsp,input_to_reg,1.063915,1.0639254,1.0385475158747326e-05
fastfir8,o_result[15],train,zipcpu_filters,arithmetic_dsp,input_to_reg,1.063915,1.0639138,1.1778259276784553e-06
fastfir8,o_result[16],train,zipcpu_filters,arithmetic_dsp,input_to_reg,1.063915,1.0639138,1.1778259276784553e-06
fastfir8,o_result[17],train,zipcpu_filters,arithmetic_dsp,input_to_reg,1.063915,1.0639138,1.1778259276784553e-06
fastfir8,o_result[18],train,zipcpu_filters,arithmetic_dsp,input_to_reg,1.063915,1.0639138,1.1778259276784553e-06
fastfir8,o_result[19],train,zipcpu_filters,arithmetic_dsp,input_to_reg,1.063915,1.0639138,1.1778259276784553e-06
fastfir8,o_result[1],train,zipcpu_filters,arithmetic_dsp,input_to_reg,1.063915,1.2076894,0.14377440448760992
fastfir8,o_result[20],train,zipcpu_filters,arithmetic_dsp,input_to_reg,1.063915,1.0639138,1.1778259276784553e-06
fastfir8,o_result[21],train,zipcpu_filters,arithmetic_dsp,reg_to_reg,1.063915,1.0639153,2.526855469309197e-07
fastfir8,o_result[22],train,zipcpu_filters,arithmetic_dsp,reg_to_reg,1.063915,1.0647445,0.0008294725036621653
fastfir8,o_result[23],train,zipcpu_filters,arithmetic_dsp,reg_to_reg,1.063915,1.0636824,0.00023256305694574486
fastfir8,o_result[24],train,zipcpu_filters,arithmetic_dsp,reg_to_reg,1.063915,1.0636824,0.00023256305694574486
fastfir8,o_result[25],train,zipcpu_filters,arithmetic_dsp,reg_to_reg,1.063915,1.0635965,0.00031851295471185814
fastfir8,o_result[26],train,zipcpu_filters,arithmetic_dsp,reg_to_reg,1.063915,1.0644208,0.0005058192825317942
fastfir8,o_result[27],train,zipcpu_filters,arithmetic_dsp,reg_to_reg,1.118934,1.1180929,0.0008411054458619116
fastfir8,o_result[2],train,zipcpu_filters,arithmetic_dsp,input_to_reg,1.063915,1.2761009,0.2121858739471436
fastfir8,o_result[3],train,zipcpu_filters,arithmetic_dsp,input_to_reg,1.063915,1.3760222,0.312107219657898
fastfir8,o_result[4],train,zipcpu_filters,arithmetic_dsp,input_to_reg,1.063915,1.207943,0.14402796264648443
fastfir8,o_result[5],train,zipcpu_filters,arithmetic_dsp,input_to_reg,1.063915,1.0642927,0.00037766929626470436
fastfir8,o_result[6],train,zipcpu_filters,arithmetic_dsp,input_to_reg,1.547977,1.2019721,0.34600487303924554
fastfir8,o_result[7],train,zipcpu_filters,arithmetic_dsp,input_to_reg,1.063915,1.0640057,9.073253631597389e-05
fastfir8,o_result[8],train,zipcpu_filters,arithmetic_dsp,input_to_reg,1.063915,1.0639254,1.0385475158747326e-05
fastfir8,o_result[9],train,zipcpu_filters,arithmetic_dsp,input_to_reg,1.063915,1.0639254,1.0385475158747326e-05
fastfir8,result[1][0],train,zipcpu_filters,arithmetic_dsp,input_to_reg,1.547977,1.527997,0.019979983093261655
fastfir8,result[1][10],train,zipcpu_filters,arithmetic_dsp,input_to_reg,1.547977,1.527997,0.019979983093261655
fastfir8,result[1][11],train,zipcpu_filters,arithmetic_dsp,input_to_reg,1.547977,1.527997,0.019979983093261655
fastfir8,result[1][12],train,zipcpu_filters,arithmetic_dsp,input_to_reg,1.547977,1.527997,0.019979983093261655
fastfir8,result[1][13],train,zipcpu_filters,arithmetic_dsp,input_to_reg,1.547977,1.527997,0.019979983093261655
fastfir8,result[1][14],train,zipcpu_filters,arithmetic_dsp,input_to_reg,1.547977,1.527997,0.019979983093261655
fastfir8,result[1][15],train,zipcpu_filters,arithmetic_dsp,input_to_reg,1.547977,1.527997,0.019979983093261655
fastfir8,result[1][16],train,zipcpu_filters,arithmetic_dsp,input_to_reg,1.547977,1.527997,0.019979983093261655
fastfir8,result[1][17],train,zipcpu_filters,arithmetic_dsp,input_to_reg,1.547977,1.527997,0.019979983093261655
fastfir8,result[1][18],train,zipcpu_filters,arithmetic_dsp,input_to_reg,1.547977,1.527997,0.019979983093261655
fastfir8,result[1][19],train,zipcpu_filters,arithmetic_dsp,input_to_reg,1.547977,1.527997,0.019979983093261655
fastfir8,result[1][1],train,zipcpu_filters,arithmetic_dsp,input_to_reg,1.547977,1.527997,0.019979983093261655
fastfir8,result[1][20],train,zipcpu_filters,arithmetic_dsp,input_to_reg,1.547977,1.527997,0.019979983093261655
fastfir8,result[1][21],train,zipcpu_filters,arithmetic_dsp,input_to_reg,1.547977,1.527997,0.019979983093261655
fastfir8,result[1][22],train,zipcpu_filters,arithmetic_dsp,input_to_reg,1.547977,1.527997,0.019979983093261655
fastfir8,result[1][23],train,zipcpu_filters,arithmetic_dsp,input_to_reg,1.069889,1.527997,0.4581080169067382
fastfir8,result[1][2],train,zipcpu_filters,arithmetic_dsp,input_to_reg,1.547977,1.527997,0.019979983093261655
fastfir8,result[1][3],train,zipcpu_filters,arithmetic_dsp,input_to_reg,1.547977,1.527997,0.019979983093261655
fastfir8,result[1][4],train,zipcpu_filters,arithmetic_dsp,input_to_reg,1.547977,1.527997,0.019979983093261655
fastfir8,result[1][5],train,zipcpu_filters,arithmetic_dsp,input_to_reg,1.547977,1.527997,0.019979983093261655
fastfir8,result[1][6],train,zipcpu_filters,arithmetic_dsp,input_to_reg,1.547977,1.527997,0.019979983093261655
fastfir8,result[1][7],train,zipcpu_filters,arithmetic_dsp,input_to_reg,1.547977,1.527997,0.019979983093261655
fastfir8,result[1][8],train,zipcpu_filters,arithmetic_dsp,input_to_reg,1.547977,1.527997,0.019979983093261655
fastfir8,result[1][9],train,zipcpu_filters,arithmetic_dsp,input_to_reg,1.547977,1.527997,0.019979983093261655
fastfir8,result[2][0],train,zipcpu_filters,arithmetic_dsp,input_to_reg,1.063915,1.1475363,0.08362127777099615
fastfir8,result[2][10],train,zipcpu_filters,arithmetic_dsp,input_to_reg,1.063915,1.0639254,1.0385475158747326e-05
fastfir8,result[2][11],train,zipcpu_filters,arithmetic_dsp,input_to_reg,1.063915,1.0639254,1.0385475158747326e-05
fastfir8,result[2][12],train,zipcpu_filters,arithmetic_dsp,input_to_reg,1.063915,1.0639254,1.0385475158747326e-05
fastfir8,result[2][13],train,zipcpu_filters,arithmetic_dsp,input_to_reg,1.063915,1.0639254,1.0385475158747326e-05
fastfir8,result[2][14],train,zipcpu_filters,arithmetic_dsp,input_to_reg,1.063915,1.0639254,1.0385475158747326e-05
fastfir8,result[2][15],train,zipcpu_filters,arithmetic_dsp,input_to_reg,1.063915,1.0639138,1.1778259276784553e-06
fastfir8,result[2][16],train,zipcpu_filters,arithmetic_dsp,input_to_reg,1.063915,1.0639138,1.1778259276784553e-06
fastfir8,result[2][17],train,zipcpu_filters,arithmetic_dsp,input_to_reg,1.063915,1.0639138,1.1778259276784553e-06
fastfir8,result[2][18],train,zipcpu_filters,arithmetic_dsp,input_to_reg,1.063915,1.0639138,1.1778259276784553e-06
fastfir8,result[2][19],train,zipcpu_filters,arithmetic_dsp,input_to_reg,1.063915,1.0639138,1.1778259276784553e-06
fastfir8,result[2][1],train,zipcpu_filters,arithmetic_dsp,input_to_reg,1.063915,1.2076894,0.14377440448760992
fastfir8,result[2][20],train,zipcpu_filters,arithmetic_dsp,input_to_reg,1.063915,1.0639138,1.1778259276784553e-06
fastfir8,result[2][21],train,zipcpu_filters,arithmetic_dsp,reg_to_reg,1.063915,1.0639153,2.526855469309197e-07
fastfir8,result[2][22],train,zipcpu_filters,arithmetic_dsp,reg_to_reg,1.063915,1.063672,0.0002430534744262136
fastfir8,result[2][23],train,zipcpu_filters,arithmetic_dsp,reg_to_reg,1.081574,1.0816934,0.00011941087341305057
fastfir8,result[2][24],train,zipcpu_filters,arithmetic_dsp,reg_to_reg,1.081574,1.081689,0.00011500012969967166
fastfir8,result[2][2],train,zipcpu_filters,arithmetic_dsp,input_to_reg,1.063915,1.2761009,0.2121858739471436
fastfir8,result[2][3],train,zipcpu_filters,arithmetic_dsp,input_to_reg,1.063915,1.3760222,0.312107219657898
fastfir8,result[2][4],train,zipcpu_filters,arithmetic_dsp,input_to_reg,1.063915,1.207943,0.14402796264648443
fastfir8,result[2][5],train,zipcpu_filters,arithmetic_dsp,input_to_reg,1.063915,1.0642927,0.00037766929626470436
fastfir8,result[2][6],train,zipcpu_filters,arithmetic_dsp,input_to_reg,1.063915,1.2019721,0.13805712696075445
fastfir8,result[2][7],train,zipcpu_filters,arithmetic_dsp,input_to_reg,1.063915,1.0640057,9.073253631597389e-05
fastfir8,result[2][8],train,zipcpu_filters,arithmetic_dsp,input_to_reg,1.063915,1.0639254,1.0385475158747326e-05
fastfir8,result[2][9],train,zipcpu_filters,arithmetic_dsp,input_to_reg,1.063915,1.0639254,1.0385475158747326e-05
fastfir8,result[3][0],train,zipcpu_filters,arithmetic_dsp,input_to_reg,1.063915,1.1475363,0.08362127777099615
fastfir8,result[3][10],train,zipcpu_filters,arithmetic_dsp,input_to_reg,1.063915,1.0639254,1.0385475158747326e-05
fastfir8,result[3][11],train,zipcpu_filters,arithmetic_dsp,input_to_reg,1.063915,1.0639254,1.0385475158747326e-05
fastfir8,result[3][12],train,zipcpu_filters,arithmetic_dsp,input_to_reg,1.063915,1.0639254,1.0385475158747326e-05
fastfir8,result[3][13],train,zipcpu_filters,arithmetic_dsp,input_to_reg,1.063915,1.0639254,1.0385475158747326e-05
fastfir8,result[3][14],train,zipcpu_filters,arithmetic_dsp,input_to_reg,1.063915,1.0639254,1.0385475158747326e-05
fastfir8,result[3][15],train,zipcpu_filters,arithmetic_dsp,input_to_reg,1.063915,1.0639138,1.1778259276784553e-06
fastfir8,result[3][16],train,zipcpu_filters,arithmetic_dsp,input_to_reg,1.063915,1.0639138,1.1778259276784553e-06
fastfir8,result[3][17],train,zipcpu_filters,arithmetic_dsp,input_to_reg,1.063915,1.0639138,1.1778259276784553e-06
fastfir8,result[3][18],train,zipcpu_filters,arithmetic_dsp,input_to_reg,1.063915,1.0639138,1.1778259276784553e-06
fastfir8,result[3][19],train,zipcpu_filters,arithmetic_dsp,input_to_reg,1.063915,1.0639138,1.1778259276784553e-06
fastfir8,result[3][1],train,zipcpu_filters,arithmetic_dsp,input_to_reg,1.063915,1.2076894,0.14377440448760992
fastfir8,result[3][20],train,zipcpu_filters,arithmetic_dsp,input_to_reg,1.063915,1.0639138,1.1778259276784553e-06
fastfir8,result[3][21],train,zipcpu_filters,arithmetic_dsp,reg_to_reg,1.063915,1.0639483,3.3273658752497326e-05
fastfir8,result[3][22],train,zipcpu_filters,arithmetic_dsp,reg_to_reg,1.063915,1.1845524,0.12063743110656744
fastfir8,result[3][23],train,zipcpu_filters,arithmetic_dsp,reg_to_reg,1.063915,1.0639606,4.5552215576227795e-05
fastfir8,result[3][24],train,zipcpu_filters,arithmetic_dsp,reg_to_reg,1.063915,1.064924,0.0010090016937256419
fastfir8,result[3][25],train,zipcpu_filters,arithmetic_dsp,reg_to_reg,1.532217,1.5295486,0.00266835498046869
fastfir8,result[3][26],train,zipcpu_filters,arithmetic_dsp,reg_to_reg,1.525253,1.5295486,0.00429564501953128
fastfir8,result[3][27],train,zipcpu_filters,arithmetic_dsp,reg_to_reg,1.532217,1.5295486,0.00266835498046869
fastfir8,result[3][2],train,zipcpu_filters,arithmetic_dsp,input_to_reg,1.063915,1.2761009,0.2121858739471436
fastfir8,result[3][3],train,zipcpu_filters,arithmetic_dsp,input_to_reg,1.063915,1.3760222,0.312107219657898
fastfir8,result[3][4],train,zipcpu_filters,arithmetic_dsp,input_to_reg,1.063915,1.207943,0.14402796264648443
fastfir8,result[3][5],train,zipcpu_filters,arithmetic_dsp,input_to_reg,1.063915,1.0642927,0.00037766929626470436
fastfir8,result[3][6],train,zipcpu_filters,arithmetic_dsp,input_to_reg,1.063915,1.2019721,0.13805712696075445
fastfir8,result[3][7],train,zipcpu_filters,arithmetic_dsp,input_to_reg,1.063915,1.0640057,9.073253631597389e-05
fastfir8,result[3][8],train,zipcpu_filters,arithmetic_dsp,input_to_reg,1.063915,1.0639254,1.0385475158747326e-05
fastfir8,result[3][9],train,zipcpu_filters,arithmetic_dsp,input_to_reg,1.063915,1.0639254,1.0385475158747326e-05
fastfir8,result[4][0],train,zipcpu_filters,arithmetic_dsp,input_to_reg,1.063915,1.1475363,0.08362127777099615
fastfir8,result[4][10],train,zipcpu_filters,arithmetic_dsp,input_to_reg,1.063915,1.0639254,1.0385475158747326e-05
fastfir8,result[4][11],train,zipcpu_filters,arithmetic_dsp,input_to_reg,1.063915,1.0639254,1.0385475158747326e-05
fastfir8,result[4][12],train,zipcpu_filters,arithmetic_dsp,input_to_reg,1.063915,1.0639254,1.0385475158747326e-05
fastfir8,result[4][13],train,zipcpu_filters,arithmetic_dsp,input_to_reg,1.063915,1.0639254,1.0385475158747326e-05
fastfir8,result[4][14],train,zipcpu_filters,arithmetic_dsp,input_to_reg,1.063915,1.0639254,1.0385475158747326e-05
fastfir8,result[4][15],train,zipcpu_filters,arithmetic_dsp,input_to_reg,1.063915,1.0639138,1.1778259276784553e-06
fastfir8,result[4][16],train,zipcpu_filters,arithmetic_dsp,input_to_reg,1.063915,1.0639138,1.1778259276784553e-06
fastfir8,result[4][17],train,zipcpu_filters,arithmetic_dsp,input_to_reg,1.063915,1.0639138,1.1778259276784553e-06
fastfir8,result[4][18],train,zipcpu_filters,arithmetic_dsp,input_to_reg,1.063915,1.0639138,1.1778259276784553e-06
fastfir8,result[4][19],train,zipcpu_filters,arithmetic_dsp,input_to_reg,1.063915,1.0639138,1.1778259276784553e-06
fastfir8,result[4][1],train,zipcpu_filters,arithmetic_dsp,input_to_reg,1.063915,1.2076894,0.14377440448760992
fastfir8,result[4][20],train,zipcpu_filters,arithmetic_dsp,input_to_reg,1.063915,1.0639138,1.1778259276784553e-06
fastfir8,result[4][21],train,zipcpu_filters,arithmetic_dsp,reg_to_reg,1.063915,1.0639483,3.3273658752497326e-05
fastfir8,result[4][22],train,zipcpu_filters,arithmetic_dsp,reg_to_reg,1.547977,1.1845524,0.36342456889343255
fastfir8,result[4][23],train,zipcpu_filters,arithmetic_dsp,reg_to_reg,1.063915,1.0639606,4.5552215576227795e-05
fastfir8,result[4][24],train,zipcpu_filters,arithmetic_dsp,reg_to_reg,1.063915,1.063401,0.0005140161895751394
fastfir8,result[4][25],train,zipcpu_filters,arithmetic_dsp,reg_to_reg,1.063915,1.0638746,4.0397682189885487e-05
fastfir8,result[4][26],train,zipcpu_filters,arithmetic_dsp,reg_to_reg,1.076203,1.0783418,0.0021388416976928504
fastfir8,result[4][27],train,zipcpu_filters,arithmetic_dsp,reg_to_reg,1.10792,1.1093216,0.001401594238281234
fastfir8,result[4][2],train,zipcpu_filters,arithmetic_dsp,input_to_reg,1.063915,1.2761009,0.2121858739471436
fastfir8,result[4][3],train,zipcpu_filters,arithmetic_dsp,input_to_reg,1.063915,1.3760222,0.312107219657898
fastfir8,result[4][4],train,zipcpu_filters,arithmetic_dsp,input_to_reg,1.063915,1.207943,0.14402796264648443
fastfir8,result[4][5],train,zipcpu_filters,arithmetic_dsp,input_to_reg,1.063915,1.0642927,0.00037766929626470436
fastfir8,result[4][6],train,zipcpu_filters,arithmetic_dsp,input_to_reg,1.063915,1.2019721,0.13805712696075445
fastfir8,result[4][7],train,zipcpu_filters,arithmetic_dsp,input_to_reg,1.063915,1.0640057,9.073253631597389e-05
fastfir8,result[4][8],train,zipcpu_filters,arithmetic_dsp,input_to_reg,1.063915,1.0639254,1.0385475158747326e-05
fastfir8,result[4][9],train,zipcpu_filters,arithmetic_dsp,input_to_reg,1.063915,1.0639254,1.0385475158747326e-05
fastfir8,result[5][0],train,zipcpu_filters,arithmetic_dsp,input_to_reg,1.063915,1.1475363,0.08362127777099615
fastfir8,result[5][10],train,zipcpu_filters,arithmetic_dsp,input_to_reg,1.063915,1.0639254,1.0385475158747326e-05
fastfir8,result[5][11],train,zipcpu_filters,arithmetic_dsp,input_to_reg,1.063915,1.0639254,1.0385475158747326e-05
fastfir8,result[5][12],train,zipcpu_filters,arithmetic_dsp,input_to_reg,1.063915,1.0639254,1.0385475158747326e-05
fastfir8,result[5][13],train,zipcpu_filters,arithmetic_dsp,input_to_reg,1.063915,1.0639254,1.0385475158747326e-05
fastfir8,result[5][14],train,zipcpu_filters,arithmetic_dsp,input_to_reg,1.063915,1.0639254,1.0385475158747326e-05
fastfir8,result[5][15],train,zipcpu_filters,arithmetic_dsp,input_to_reg,1.063915,1.0639138,1.1778259276784553e-06
fastfir8,result[5][16],train,zipcpu_filters,arithmetic_dsp,input_to_reg,1.063915,1.0639138,1.1778259276784553e-06
fastfir8,result[5][17],train,zipcpu_filters,arithmetic_dsp,input_to_reg,1.063915,1.0639138,1.1778259276784553e-06
fastfir8,result[5][18],train,zipcpu_filters,arithmetic_dsp,input_to_reg,1.063915,1.0639138,1.1778259276784553e-06
fastfir8,result[5][19],train,zipcpu_filters,arithmetic_dsp,input_to_reg,1.063915,1.0639138,1.1778259276784553e-06
fastfir8,result[5][1],train,zipcpu_filters,arithmetic_dsp,input_to_reg,1.063915,1.2076894,0.14377440448760992
fastfir8,result[5][20],train,zipcpu_filters,arithmetic_dsp,input_to_reg,1.063915,1.0639138,1.1778259276784553e-06
fastfir8,result[5][21],train,zipcpu_filters,arithmetic_dsp,reg_to_reg,1.063915,1.0639483,3.3273658752497326e-05
fastfir8,result[5][22],train,zipcpu_filters,arithmetic_dsp,reg_to_reg,1.063915,1.1845524,0.12063743110656744
fastfir8,result[5][23],train,zipcpu_filters,arithmetic_dsp,reg_to_reg,1.063915,1.0639606,4.5552215576227795e-05
fastfir8,result[5][24],train,zipcpu_filters,arithmetic_dsp,reg_to_reg,1.063915,1.0639606,4.5552215576227795e-05
fastfir8,result[5][25],train,zipcpu_filters,arithmetic_dsp,reg_to_reg,1.063915,1.0638746,4.0397682189885487e-05
fastfir8,result[5][26],train,zipcpu_filters,arithmetic_dsp,reg_to_reg,1.063915,1.0639678,5.282398223882545e-05
fastfir8,result[5][27],train,zipcpu_filters,arithmetic_dsp,reg_to_reg,1.110935,1.1109127,2.2319374084478483e-05
fastfir8,result[5][2],train,zipcpu_filters,arithmetic_dsp,input_to_reg,1.063915,1.2761009,0.2121858739471436
fastfir8,result[5][3],train,zipcpu_filters,arithmetic_dsp,input_to_reg,1.063915,1.3760222,0.312107219657898
fastfir8,result[5][4],train,zipcpu_filters,arithmetic_dsp,input_to_reg,1.063915,1.207943,0.14402796264648443
fastfir8,result[5][5],train,zipcpu_filters,arithmetic_dsp,input_to_reg,1.063915,1.0642927,0.00037766929626470436
fastfir8,result[5][6],train,zipcpu_filters,arithmetic_dsp,input_to_reg,1.063915,1.2019721,0.13805712696075445
fastfir8,result[5][7],train,zipcpu_filters,arithmetic_dsp,input_to_reg,1.063915,1.0640057,9.073253631597389e-05
fastfir8,result[5][8],train,zipcpu_filters,arithmetic_dsp,input_to_reg,1.063915,1.0639254,1.0385475158747326e-05
fastfir8,result[5][9],train,zipcpu_filters,arithmetic_dsp,input_to_reg,1.063915,1.0639254,1.0385475158747326e-05
fastfir8,result[6][0],train,zipcpu_filters,arithmetic_dsp,input_to_reg,1.063915,1.1475363,0.08362127777099615
fastfir8,result[6][10],train,zipcpu_filters,arithmetic_dsp,input_to_reg,1.063915,1.0639254,1.0385475158747326e-05
fastfir8,result[6][11],train,zipcpu_filters,arithmetic_dsp,input_to_reg,1.063915,1.0639254,1.0385475158747326e-05
fastfir8,result[6][12],train,zipcpu_filters,arithmetic_dsp,input_to_reg,1.063915,1.0639254,1.0385475158747326e-05
fastfir8,result[6][13],train,zipcpu_filters,arithmetic_dsp,input_to_reg,1.063915,1.0639254,1.0385475158747326e-05
fastfir8,result[6][14],train,zipcpu_filters,arithmetic_dsp,input_to_reg,1.063915,1.0639254,1.0385475158747326e-05
fastfir8,result[6][15],train,zipcpu_filters,arithmetic_dsp,input_to_reg,1.063915,1.0639138,1.1778259276784553e-06
fastfir8,result[6][16],train,zipcpu_filters,arithmetic_dsp,input_to_reg,1.063915,1.0639138,1.1778259276784553e-06
fastfir8,result[6][17],train,zipcpu_filters,arithmetic_dsp,input_to_reg,1.063915,1.0639138,1.1778259276784553e-06
fastfir8,result[6][18],train,zipcpu_filters,arithmetic_dsp,input_to_reg,1.063915,1.0639138,1.1778259276784553e-06
fastfir8,result[6][19],train,zipcpu_filters,arithmetic_dsp,input_to_reg,1.063915,1.0639138,1.1778259276784553e-06
fastfir8,result[6][1],train,zipcpu_filters,arithmetic_dsp,input_to_reg,1.063915,1.2076894,0.14377440448760992
fastfir8,result[6][20],train,zipcpu_filters,arithmetic_dsp,input_to_reg,1.063915,1.0639138,1.1778259276784553e-06
fastfir8,result[6][21],train,zipcpu_filters,arithmetic_dsp,reg_to_reg,1.063915,1.0639483,3.3273658752497326e-05
fastfir8,result[6][22],train,zipcpu_filters,arithmetic_dsp,reg_to_reg,1.063915,1.1845524,0.12063743110656744
fastfir8,result[6][23],train,zipcpu_filters,arithmetic_dsp,reg_to_reg,1.063915,1.0639606,4.5552215576227795e-05
fastfir8,result[6][24],train,zipcpu_filters,arithmetic_dsp,reg_to_reg,1.063915,1.0639606,4.5552215576227795e-05
fastfir8,result[6][25],train,zipcpu_filters,arithmetic_dsp,reg_to_reg,1.063915,1.0638746,4.0397682189885487e-05
fastfir8,result[6][26],train,zipcpu_filters,arithmetic_dsp,reg_to_reg,1.063915,1.0639678,5.282398223882545e-05
fastfir8,result[6][27],train,zipcpu_filters,arithmetic_dsp,reg_to_reg,1.110936,1.1109127,2.3319374084396216e-05
fastfir8,result[6][2],train,zipcpu_filters,arithmetic_dsp,input_to_reg,1.063915,1.2761009,0.2121858739471436
fastfir8,result[6][3],train,zipcpu_filters,arithmetic_dsp,input_to_reg,1.063915,1.3760222,0.312107219657898
fastfir8,result[6][4],train,zipcpu_filters,arithmetic_dsp,input_to_reg,1.063915,1.207943,0.14402796264648443
fastfir8,result[6][5],train,zipcpu_filters,arithmetic_dsp,input_to_reg,1.063915,1.0642927,0.00037766929626470436
fastfir8,result[6][6],train,zipcpu_filters,arithmetic_dsp,input_to_reg,1.063915,1.2019721,0.13805712696075445
fastfir8,result[6][7],train,zipcpu_filters,arithmetic_dsp,input_to_reg,1.063915,1.0640057,9.073253631597389e-05
fastfir8,result[6][8],train,zipcpu_filters,arithmetic_dsp,input_to_reg,1.063915,1.0639254,1.0385475158747326e-05
fastfir8,result[6][9],train,zipcpu_filters,arithmetic_dsp,input_to_reg,1.063915,1.0639254,1.0385475158747326e-05
fastfir8,result[7][0],train,zipcpu_filters,arithmetic_dsp,input_to_reg,1.063915,1.1475363,0.08362127777099615
fastfir8,result[7][10],train,zipcpu_filters,arithmetic_dsp,input_to_reg,1.063915,1.0639254,1.0385475158747326e-05
fastfir8,result[7][11],train,zipcpu_filters,arithmetic_dsp,input_to_reg,1.063915,1.0639254,1.0385475158747326e-05
fastfir8,result[7][12],train,zipcpu_filters,arithmetic_dsp,input_to_reg,1.063915,1.0639254,1.0385475158747326e-05
fastfir8,result[7][13],train,zipcpu_filters,arithmetic_dsp,input_to_reg,1.063915,1.0639254,1.0385475158747326e-05
fastfir8,result[7][14],train,zipcpu_filters,arithmetic_dsp,input_to_reg,1.063915,1.0639254,1.0385475158747326e-05
fastfir8,result[7][15],train,zipcpu_filters,arithmetic_dsp,input_to_reg,1.063915,1.0639138,1.1778259276784553e-06
fastfir8,result[7][16],train,zipcpu_filters,arithmetic_dsp,input_to_reg,1.063915,1.0639138,1.1778259276784553e-06
fastfir8,result[7][17],train,zipcpu_filters,arithmetic_dsp,input_to_reg,1.063915,1.0639138,1.1778259276784553e-06
fastfir8,result[7][18],train,zipcpu_filters,arithmetic_dsp,input_to_reg,1.063915,1.0639138,1.1778259276784553e-06
fastfir8,result[7][19],train,zipcpu_filters,arithmetic_dsp,input_to_reg,1.063915,1.0639138,1.1778259276784553e-06
fastfir8,result[7][1],train,zipcpu_filters,arithmetic_dsp,input_to_reg,1.063915,1.2076894,0.14377440448760992
fastfir8,result[7][20],train,zipcpu_filters,arithmetic_dsp,input_to_reg,1.063915,1.0639138,1.1778259276784553e-06
fastfir8,result[7][21],train,zipcpu_filters,arithmetic_dsp,reg_to_reg,1.063915,1.0639153,2.526855469309197e-07
fastfir8,result[7][22],train,zipcpu_filters,arithmetic_dsp,reg_to_reg,1.063915,1.0647445,0.0008294725036621653
fastfir8,result[7][23],train,zipcpu_filters,arithmetic_dsp,reg_to_reg,1.063915,1.0636824,0.00023256305694574486
fastfir8,result[7][24],train,zipcpu_filters,arithmetic_dsp,reg_to_reg,1.063915,1.0636824,0.00023256305694574486
fastfir8,result[7][25],train,zipcpu_filters,arithmetic_dsp,reg_to_reg,1.063915,1.0635965,0.00031851295471185814
fastfir8,result[7][26],train,zipcpu_filters,arithmetic_dsp,reg_to_reg,1.458699,1.4571338,0.001565230010986296
fastfir8,result[7][27],train,zipcpu_filters,arithmetic_dsp,reg_to_reg,1.122547,1.1220256,0.0005213909835815045
fastfir8,result[7][2],train,zipcpu_filters,arithmetic_dsp,input_to_reg,1.063915,1.2761009,0.2121858739471436
fastfir8,result[7][3],train,zipcpu_filters,arithmetic_dsp,input_to_reg,1.063915,1.3760222,0.312107219657898
fastfir8,result[7][4],train,zipcpu_filters,arithmetic_dsp,input_to_reg,1.063915,1.207943,0.14402796264648443
fastfir8,result[7][5],train,zipcpu_filters,arithmetic_dsp,input_to_reg,1.063915,1.0642927,0.00037766929626470436
fastfir8,result[7][6],train,zipcpu_filters,arithmetic_dsp,input_to_reg,1.547977,1.2019721,0.34600487303924554
fastfir8,result[7][7],train,zipcpu_filters,arithmetic_dsp,input_to_reg,1.063915,1.0640057,9.073253631597389e-05
fastfir8,result[7][8],train,zipcpu_filters,arithmetic_dsp,input_to_reg,1.063915,1.0639254,1.0385475158747326e-05
fastfir8,result[7][9],train,zipcpu_filters,arithmetic_dsp,input_to_reg,1.063915,1.0639254,1.0385475158747326e-05
fastfir8,tap[1][0],train,zipcpu_filters,arithmetic_dsp,input_to_reg,1.072093,1.0720417,5.1250045776329856e-05
fastfir8,tap[1][10],train,zipcpu_filters,arithmetic_dsp,input_to_reg,1.072093,1.0720417,5.1250045776329856e-05
fastfir8,tap[1][11],train,zipcpu_filters,arithmetic_dsp,input_to_reg,1.072093,1.0720417,5.1250045776329856e-05
fastfir8,tap[1][1],train,zipcpu_filters,arithmetic_dsp,input_to_reg,1.072093,1.0720417,5.1250045776329856e-05
fastfir8,tap[1][2],train,zipcpu_filters,arithmetic_dsp,input_to_reg,1.072093,1.0720417,5.1250045776329856e-05
fastfir8,tap[1][3],train,zipcpu_filters,arithmetic_dsp,input_to_reg,1.072093,1.0720417,5.1250045776329856e-05
fastfir8,tap[1][4],train,zipcpu_filters,arithmetic_dsp,input_to_reg,1.072093,1.0720417,5.1250045776329856e-05
fastfir8,tap[1][5],train,zipcpu_filters,arithmetic_dsp,input_to_reg,1.072093,1.0720417,5.1250045776329856e-05
fastfir8,tap[1][6],train,zipcpu_filters,arithmetic_dsp,input_to_reg,1.072093,1.0720417,5.1250045776329856e-05
fastfir8,tap[1][7],train,zipcpu_filters,arithmetic_dsp,input_to_reg,1.072093,1.0720417,5.1250045776329856e-05
fastfir8,tap[1][8],train,zipcpu_filters,arithmetic_dsp,input_to_reg,1.072093,1.0720417,5.1250045776329856e-05
fastfir8,tap[1][9],train,zipcpu_filters,arithmetic_dsp,input_to_reg,1.072093,1.0720417,5.1250045776329856e-05
fastfir8,tap[2][0],train,zipcpu_filters,arithmetic_dsp,input_to_reg,1.064156,1.0641599,3.87014770497629e-06
fastfir8,tap[2][10],train,zipcpu_filters,arithmetic_dsp,input_to_reg,1.064156,1.0641599,3.87014770497629e-06
fastfir8,tap[2][11],train,zipcpu_filters,arithmetic_dsp,input_to_reg,1.064156,1.0641599,3.87014770497629e-06
fastfir8,tap[2][1],train,zipcpu_filters,arithmetic_dsp,input_to_reg,1.064156,1.0641599,3.87014770497629e-06
fastfir8,tap[2][2],train,zipcpu_filters,arithmetic_dsp,input_to_reg,1.064156,1.0641599,3.87014770497629e-06
fastfir8,tap[2][3],train,zipcpu_filters,arithmetic_dsp,input_to_reg,1.064156,1.0641599,3.87014770497629e-06
fastfir8,tap[2][4],train,zipcpu_filters,arithmetic_dsp,input_to_reg,1.064156,1.0641599,3.87014770497629e-06
fastfir8,tap[2][5],train,zipcpu_filters,arithmetic_dsp,input_to_reg,1.064156,1.0641599,3.87014770497629e-06
fastfir8,tap[2][6],train,zipcpu_filters,arithmetic_dsp,input_to_reg,1.064156,1.0641599,3.87014770497629e-06
fastfir8,tap[2][7],train,zipcpu_filters,arithmetic_dsp,input_to_reg,1.064156,1.0641599,3.87014770497629e-06
fastfir8,tap[2][8],train,zipcpu_filters,arithmetic_dsp,input_to_reg,1.064156,1.0641599,3.87014770497629e-06
fastfir8,tap[2][9],train,zipcpu_filters,arithmetic_dsp,input_to_reg,1.064156,1.0641599,3.87014770497629e-06
fastfir8,tap[3][0],train,zipcpu_filters,arithmetic_dsp,input_to_reg,1.064156,1.0641599,3.87014770497629e-06
fastfir8,tap[3][10],train,zipcpu_filters,arithmetic_dsp,input_to_reg,1.064156,1.0641599,3.87014770497629e-06
fastfir8,tap[3][11],train,zipcpu_filters,arithmetic_dsp,input_to_reg,1.064156,1.0641599,3.87014770497629e-06
fastfir8,tap[3][1],train,zipcpu_filters,arithmetic_dsp,input_to_reg,1.064156,1.0641599,3.87014770497629e-06
fastfir8,tap[3][2],train,zipcpu_filters,arithmetic_dsp,input_to_reg,1.064156,1.0641599,3.87014770497629e-06
fastfir8,tap[3][3],train,zipcpu_filters,arithmetic_dsp,input_to_reg,1.064156,1.0641599,3.87014770497629e-06
fastfir8,tap[3][4],train,zipcpu_filters,arithmetic_dsp,input_to_reg,1.064156,1.0641599,3.87014770497629e-06
fastfir8,tap[3][5],train,zipcpu_filters,arithmetic_dsp,input_to_reg,1.064156,1.0641599,3.87014770497629e-06
fastfir8,tap[3][6],train,zipcpu_filters,arithmetic_dsp,input_to_reg,1.064156,1.0641599,3.87014770497629e-06
fastfir8,tap[3][7],train,zipcpu_filters,arithmetic_dsp,input_to_reg,1.064156,1.0641599,3.87014770497629e-06
fastfir8,tap[3][8],train,zipcpu_filters,arithmetic_dsp,input_to_reg,1.064156,1.0641599,3.87014770497629e-06
fastfir8,tap[3][9],train,zipcpu_filters,arithmetic_dsp,input_to_reg,1.064156,1.0641599,3.87014770497629e-06
fastfir8,tap[4][0],train,zipcpu_filters,arithmetic_dsp,input_to_reg,1.064156,1.0641599,3.87014770497629e-06
fastfir8,tap[4][10],train,zipcpu_filters,arithmetic_dsp,input_to_reg,1.064156,1.0641599,3.87014770497629e-06
fastfir8,tap[4][11],train,zipcpu_filters,arithmetic_dsp,input_to_reg,1.064156,1.0641599,3.87014770497629e-06
fastfir8,tap[4][1],train,zipcpu_filters,arithmetic_dsp,input_to_reg,1.064156,1.0641599,3.87014770497629e-06
fastfir8,tap[4][2],train,zipcpu_filters,arithmetic_dsp,input_to_reg,1.064156,1.0641599,3.87014770497629e-06
fastfir8,tap[4][3],train,zipcpu_filters,arithmetic_dsp,input_to_reg,1.064156,1.0641599,3.87014770497629e-06
fastfir8,tap[4][4],train,zipcpu_filters,arithmetic_dsp,input_to_reg,1.064156,1.0641599,3.87014770497629e-06
fastfir8,tap[4][5],train,zipcpu_filters,arithmetic_dsp,input_to_reg,1.064156,1.0641599,3.87014770497629e-06
fastfir8,tap[4][6],train,zipcpu_filters,arithmetic_dsp,input_to_reg,1.064156,1.0641599,3.87014770497629e-06
fastfir8,tap[4][7],train,zipcpu_filters,arithmetic_dsp,input_to_reg,1.064156,1.0641599,3.87014770497629e-06
fastfir8,tap[4][8],train,zipcpu_filters,arithmetic_dsp,input_to_reg,1.064156,1.0641599,3.87014770497629e-06
fastfir8,tap[4][9],train,zipcpu_filters,arithmetic_dsp,input_to_reg,1.064156,1.0641599,3.87014770497629e-06
fastfir8,tap[5][0],train,zipcpu_filters,arithmetic_dsp,input_to_reg,1.064156,1.0641599,3.87014770497629e-06
fastfir8,tap[5][10],train,zipcpu_filters,arithmetic_dsp,input_to_reg,1.064156,1.0641599,3.87014770497629e-06
fastfir8,tap[5][11],train,zipcpu_filters,arithmetic_dsp,input_to_reg,1.064156,1.0641599,3.87014770497629e-06
fastfir8,tap[5][1],train,zipcpu_filters,arithmetic_dsp,input_to_reg,1.064156,1.0641599,3.87014770497629e-06
fastfir8,tap[5][2],train,zipcpu_filters,arithmetic_dsp,input_to_reg,1.064156,1.0641599,3.87014770497629e-06
fastfir8,tap[5][3],train,zipcpu_filters,arithmetic_dsp,input_to_reg,1.064156,1.0641599,3.87014770497629e-06
fastfir8,tap[5][4],train,zipcpu_filters,arithmetic_dsp,input_to_reg,1.064156,1.0641599,3.87014770497629e-06
fastfir8,tap[5][5],train,zipcpu_filters,arithmetic_dsp,input_to_reg,1.064156,1.0641599,3.87014770497629e-06
fastfir8,tap[5][6],train,zipcpu_filters,arithmetic_dsp,input_to_reg,1.064156,1.0641599,3.87014770497629e-06
fastfir8,tap[5][7],train,zipcpu_filters,arithmetic_dsp,input_to_reg,1.064156,1.0641599,3.87014770497629e-06
fastfir8,tap[5][8],train,zipcpu_filters,arithmetic_dsp,input_to_reg,1.064156,1.0641599,3.87014770497629e-06
fastfir8,tap[5][9],train,zipcpu_filters,arithmetic_dsp,input_to_reg,1.064156,1.0641599,3.87014770497629e-06
fastfir8,tap[6][0],train,zipcpu_filters,arithmetic_dsp,input_to_reg,1.064156,1.0641599,3.87014770497629e-06
fastfir8,tap[6][10],train,zipcpu_filters,arithmetic_dsp,input_to_reg,1.064156,1.0641599,3.87014770497629e-06
fastfir8,tap[6][11],train,zipcpu_filters,arithmetic_dsp,input_to_reg,1.064156,1.0641599,3.87014770497629e-06
fastfir8,tap[6][1],train,zipcpu_filters,arithmetic_dsp,input_to_reg,1.064156,1.0641599,3.87014770497629e-06
fastfir8,tap[6][2],train,zipcpu_filters,arithmetic_dsp,input_to_reg,1.064156,1.0641599,3.87014770497629e-06
fastfir8,tap[6][3],train,zipcpu_filters,arithmetic_dsp,input_to_reg,1.064156,1.0641599,3.87014770497629e-06
fastfir8,tap[6][4],train,zipcpu_filters,arithmetic_dsp,input_to_reg,1.064156,1.0641599,3.87014770497629e-06
fastfir8,tap[6][5],train,zipcpu_filters,arithmetic_dsp,input_to_reg,1.064156,1.0641599,3.87014770497629e-06
fastfir8,tap[6][6],train,zipcpu_filters,arithmetic_dsp,input_to_reg,1.064156,1.0641599,3.87014770497629e-06
fastfir8,tap[6][7],train,zipcpu_filters,arithmetic_dsp,input_to_reg,1.064156,1.0641599,3.87014770497629e-06
fastfir8,tap[6][8],train,zipcpu_filters,arithmetic_dsp,input_to_reg,1.064156,1.0641599,3.87014770497629e-06
fastfir8,tap[6][9],train,zipcpu_filters,arithmetic_dsp,input_to_reg,1.064156,1.0641599,3.87014770497629e-06
fastfir8,tap[7][0],train,zipcpu_filters,arithmetic_dsp,input_to_reg,1.064156,1.0641599,3.87014770497629e-06
fastfir8,tap[7][10],train,zipcpu_filters,arithmetic_dsp,input_to_reg,1.064156,1.0641599,3.87014770497629e-06
fastfir8,tap[7][11],train,zipcpu_filters,arithmetic_dsp,input_to_reg,1.064156,1.0641599,3.87014770497629e-06
fastfir8,tap[7][1],train,zipcpu_filters,arithmetic_dsp,input_to_reg,1.064156,1.0641599,3.87014770497629e-06
fastfir8,tap[7][2],train,zipcpu_filters,arithmetic_dsp,input_to_reg,1.064156,1.0641599,3.87014770497629e-06
fastfir8,tap[7][3],train,zipcpu_filters,arithmetic_dsp,input_to_reg,1.064156,1.0641599,3.87014770497629e-06
fastfir8,tap[7][4],train,zipcpu_filters,arithmetic_dsp,input_to_reg,1.064156,1.0641599,3.87014770497629e-06
fastfir8,tap[7][5],train,zipcpu_filters,arithmetic_dsp,input_to_reg,1.064156,1.0641599,3.87014770497629e-06
fastfir8,tap[7][6],train,zipcpu_filters,arithmetic_dsp,input_to_reg,1.064156,1.0641599,3.87014770497629e-06
fastfir8,tap[7][7],train,zipcpu_filters,arithmetic_dsp,input_to_reg,1.064156,1.0641599,3.87014770497629e-06
fastfir8,tap[7][8],train,zipcpu_filters,arithmetic_dsp,input_to_reg,1.064156,1.0641599,3.87014770497629e-06
fastfir8,tap[7][9],train,zipcpu_filters,arithmetic_dsp,input_to_reg,1.064156,1.0641599,3.87014770497629e-06
fastfir8,tap[8][0],train,zipcpu_filters,arithmetic_dsp,input_to_reg,1.064156,1.0641599,3.87014770497629e-06
fastfir8,tap[8][10],train,zipcpu_filters,arithmetic_dsp,input_to_reg,1.064156,1.0641599,3.87014770497629e-06
fastfir8,tap[8][11],train,zipcpu_filters,arithmetic_dsp,input_to_reg,1.064156,1.0641599,3.87014770497629e-06
fastfir8,tap[8][1],train,zipcpu_filters,arithmetic_dsp,input_to_reg,1.064156,1.0641599,3.87014770497629e-06
fastfir8,tap[8][2],train,zipcpu_filters,arithmetic_dsp,input_to_reg,1.064156,1.0641599,3.87014770497629e-06
fastfir8,tap[8][3],train,zipcpu_filters,arithmetic_dsp,input_to_reg,1.064156,1.0641599,3.87014770497629e-06
fastfir8,tap[8][4],train,zipcpu_filters,arithmetic_dsp,input_to_reg,1.064156,1.0641599,3.87014770497629e-06
fastfir8,tap[8][5],train,zipcpu_filters,arithmetic_dsp,input_to_reg,1.064156,1.0641599,3.87014770497629e-06
fastfir8,tap[8][6],train,zipcpu_filters,arithmetic_dsp,input_to_reg,1.064156,1.0641599,3.87014770497629e-06
fastfir8,tap[8][7],train,zipcpu_filters,arithmetic_dsp,input_to_reg,1.064156,1.0641599,3.87014770497629e-06
fastfir8,tap[8][8],train,zipcpu_filters,arithmetic_dsp,input_to_reg,1.064156,1.0641599,3.87014770497629e-06
fastfir8,tap[8][9],train,zipcpu_filters,arithmetic_dsp,input_to_reg,1.064156,1.0641599,3.87014770497629e-06
boxcar16,acc[0],train,zipcpu_filters,arithmetic_dsp,input_to_reg,1.079914,1.0811684,0.0012544131622314048
boxcar16,acc[10],train,zipcpu_filters,arithmetic_dsp,input_to_reg,1.063915,1.0659988,0.0020837926483154856
boxcar16,acc[11],train,zipcpu_filters,arithmetic_dsp,input_to_reg,1.063915,1.0634577,0.0004572725677489675
boxcar16,acc[12],train,zipcpu_filters,arithmetic_dsp,reg_to_reg,1.063915,1.0636058,0.0003092146301268972
boxcar16,acc[13],train,zipcpu_filters,arithmetic_dsp,reg_to_reg,1.063915,1.0632482,0.000666842498779241
boxcar16,acc[14],train,zipcpu_filters,arithmetic_dsp,reg_to_reg,1.063915,1.0655407,0.0016256713485718333
boxcar16,acc[15],train,zipcpu_filters,arithmetic_dsp,reg_to_reg,1.063915,1.0640343,0.00011934276580816139
boxcar16,acc[16],train,zipcpu_filters,arithmetic_dsp,reg_to_reg,1.548161,1.5473051,0.0008558928833006796
boxcar16,acc[17],train,zipcpu_filters,arithmetic_dsp,reg_to_reg,1.535922,1.5350407,0.0008812638015747165
boxcar16,acc[18],train,zipcpu_filters,arithmetic_dsp,reg_to_reg,1.155918,1.1573,0.0013819954223632802
boxcar16,acc[19],train,zipcpu_filters,arithmetic_dsp,reg_to_reg,1.163244,1.1631974,4.660181426996424e-05
boxcar16,acc[1],train,zipcpu_filters,arithmetic_dsp,input_to_reg,1.063915,1.0635735,0.0003415203475951589
boxcar16,acc[2],train,zipcpu_filters,arithmetic_dsp,input_to_reg,1.063915,1.0638456,6.936553955072533e-05
boxcar16,acc[3],train,zipcpu_filters,arithmetic_dsp,input_to_reg,1.063915,1.0638456,6.936553955072533e-05
boxcar16,acc[4],train,zipcpu_filters,arithmetic_dsp,input_to_reg,1.063915,1.0676992,0.0037841939544678294
boxcar16,acc[5],train,zipcpu_filters,arithmetic_dsp,input_to_reg,1.063915,1.0636961,0.00021885398864740502
boxcar16,acc[6],train,zipcpu_filters,arithmetic_dsp,input_to_reg,1.063915,1.0649692,0.001054182014465388
boxcar16,acc[7],train,zipcpu_filters,arithmetic_dsp,input_to_reg,1.063915,1.0633917,0.0005233145141601003
boxcar16,acc[8],train,zipcpu_filters,arithmetic_dsp,input_to_reg,1.063915,1.0633917,0.0005233145141601003
boxcar16,acc[9],train,zipcpu_filters,arithmetic_dsp,input_to_reg,1.063915,1.0633528,0.000562176742553655
boxcar16,full,train,zipcpu_filters,arithmetic_dsp,input_to_reg,1.578653,1.5756636,0.002989433410644615
boxcar16,mem[0][0],train,zipcpu_filters,arithmetic_dsp,input_to_reg,1.287931,1.2877535,0.0001775372085570659
boxcar16,mem[0][10],train,zipcpu_filters,arithmetic_dsp,input_to_reg,1.287931,1.2877535,0.0001775372085570659
boxcar16,mem[0][11],train,zipcpu_filters,arithmetic_dsp,input_to_reg,1.287931,1.2877535,0.0001775372085570659
boxcar16,mem[0][12],train,zipcpu_filters,arithmetic_dsp,input_to_reg,1.287931,1.2877535,0.0001775372085570659
boxcar16,mem[0][13],train,zipcpu_filters,arithmetic_dsp,input_to_reg,1.287931,1.2877535,0.0001775372085570659
boxcar16,mem[0][14],train,zipcpu_filters,arithmetic_dsp,input_to_reg,1.287931,1.2877535,0.0001775372085570659
boxcar16,mem[0][15],train,zipcpu_filters,arithmetic_dsp,input_to_reg,1.287931,1.2877535,0.0001775372085570659
boxcar16,mem[0][1],train,zipcpu_filters,arithmetic_dsp,input_to_reg,1.287931,1.2877535,0.0001775372085570659
boxcar16,mem[0][2],train,zipcpu_filters,arithmetic_dsp,input_to_reg,1.287931,1.2877535,0.0001775372085570659
boxcar16,mem[0][3],train,zipcpu_filters,arithmetic_dsp,input_to_reg,1.287931,1.2877535,0.0001775372085570659
boxcar16,mem[0][4],train,zipcpu_filters,arithmetic_dsp,input_to_reg,1.287931,1.2877535,0.0001775372085570659
boxcar16,mem[0][5],train,zipcpu_filters,arithmetic_dsp,input_to_reg,1.287931,1.2877535,0.0001775372085570659
boxcar16,mem[0][6],train,zipcpu_filters,arithmetic_dsp,input_to_reg,1.287931,1.2877535,0.0001775372085570659
boxcar16,mem[0][7],train,zipcpu_filters,arithmetic_dsp,input_to_reg,1.287931,1.2877535,0.0001775372085570659
boxcar16,mem[0][8],train,zipcpu_filters,arithmetic_dsp,input_to_reg,1.287931,1.2877535,0.0001775372085570659
boxcar16,mem[0][9],train,zipcpu_filters,arithmetic_dsp,input_to_reg,1.287931,1.2877535,0.0001775372085570659
boxcar16,mem[10][0],train,zipcpu_filters,arithmetic_dsp,input_to_reg,1.283107,1.2831254,1.8400543212893083e-05
boxcar16,mem[10][10],train,zipcpu_filters,arithmetic_dsp,input_to_reg,1.283107,1.2831254,1.8400543212893083e-05
boxcar16,mem[10][11],train,zipcpu_filters,arithmetic_dsp,input_to_reg,1.283107,1.2831254,1.8400543212893083e-05
boxcar16,mem[10][12],train,zipcpu_filters,arithmetic_dsp,input_to_reg,1.283107,1.2831254,1.8400543212893083e-05
boxcar16,mem[10][13],train,zipcpu_filters,arithmetic_dsp,input_to_reg,1.283107,1.2831254,1.8400543212893083e-05
boxcar16,mem[10][14],train,zipcpu_filters,arithmetic_dsp,input_to_reg,1.283107,1.2831254,1.8400543212893083e-05
boxcar16,mem[10][15],train,zipcpu_filters,arithmetic_dsp,input_to_reg,1.283107,1.2831254,1.8400543212893083e-05
boxcar16,mem[10][1],train,zipcpu_filters,arithmetic_dsp,input_to_reg,1.283107,1.2831254,1.8400543212893083e-05
boxcar16,mem[10][2],train,zipcpu_filters,arithmetic_dsp,input_to_reg,1.283107,1.2831254,1.8400543212893083e-05
boxcar16,mem[10][3],train,zipcpu_filters,arithmetic_dsp,input_to_reg,1.283107,1.2831254,1.8400543212893083e-05
boxcar16,mem[10][4],train,zipcpu_filters,arithmetic_dsp,input_to_reg,1.283107,1.2831254,1.8400543212893083e-05
boxcar16,mem[10][5],train,zipcpu_filters,arithmetic_dsp,input_to_reg,1.283107,1.2831254,1.8400543212893083e-05
boxcar16,mem[10][6],train,zipcpu_filters,arithmetic_dsp,input_to_reg,1.283107,1.2831254,1.8400543212893083e-05
boxcar16,mem[10][7],train,zipcpu_filters,arithmetic_dsp,input_to_reg,1.283107,1.2831254,1.8400543212893083e-05
boxcar16,mem[10][8],train,zipcpu_filters,arithmetic_dsp,input_to_reg,1.283107,1.2831254,1.8400543212893083e-05
boxcar16,mem[10][9],train,zipcpu_filters,arithmetic_dsp,input_to_reg,1.283107,1.2831254,1.8400543212893083e-05
boxcar16,mem[11][0],train,zipcpu_filters,arithmetic_dsp,input_to_reg,1.269134,1.2638693,0.005264714416503891
boxcar16,mem[11][10],train,zipcpu_filters,arithmetic_dsp,input_to_reg,1.269134,1.2638693,0.005264714416503891
boxcar16,mem[11][11],train,zipcpu_filters,arithmetic_dsp,input_to_reg,1.269134,1.2638693,0.005264714416503891
boxcar16,mem[11][12],train,zipcpu_filters,arithmetic_dsp,input_to_reg,1.269134,1.2638693,0.005264714416503891
boxcar16,mem[11][13],train,zipcpu_filters,arithmetic_dsp,input_to_reg,1.269134,1.2638693,0.005264714416503891
boxcar16,mem[11][14],train,zipcpu_filters,arithmetic_dsp,input_to_reg,1.269134,1.2638693,0.005264714416503891
boxcar16,mem[11][15],train,zipcpu_filters,arithmetic_dsp,input_to_reg,1.269134,1.2638693,0.005264714416503891
boxcar16,mem[11][1],train,zipcpu_filters,arithmetic_dsp,input_to_reg,1.269134,1.2638693,0.005264714416503891
boxcar16,mem[11][2],train,zipcpu_filters,arithmetic_dsp,input_to_reg,1.269134,1.2638693,0.005264714416503891
boxcar16,mem[11][3],train,zipcpu_filters,arithmetic_dsp,input_to_reg,1.269134,1.2638693,0.005264714416503891
boxcar16,mem[11][4],train,zipcpu_filters,arithmetic_dsp,input_to_reg,1.269134,1.2638693,0.005264714416503891
boxcar16,mem[11][5],train,zipcpu_filters,arithmetic_dsp,input_to_reg,1.269134,1.2638693,0.005264714416503891
boxcar16,mem[11][6],train,zipcpu_filters,arithmetic_dsp,input_to_reg,1.269134,1.2638693,0.005264714416503891
boxcar16,mem[11][7],train,zipcpu_filters,arithmetic_dsp,input_to_reg,1.269134,1.2638693,0.005264714416503891
boxcar16,mem[11][8],train,zipcpu_filters,arithmetic_dsp,input_to_reg,1.269134,1.2638693,0.005264714416503891
boxcar16,mem[11][9],train,zipcpu_filters,arithmetic_dsp,input_to_reg,1.269134,1.2638693,0.005264714416503891
boxcar16,mem[12][0],train,zipcpu_filters,arithmetic_dsp,input_to_reg,1.283107,1.2831254,1.8400543212893083e-05
boxcar16,mem[12][10],train,zipcpu_filters,arithmetic_dsp,input_to_reg,1.283107,1.2831254,1.8400543212893083e-05
boxcar16,mem[12][11],train,zipcpu_filters,arithmetic_dsp,input_to_reg,1.283107,1.2831254,1.8400543212893083e-05
boxcar16,mem[12][12],train,zipcpu_filters,arithmetic_dsp,input_to_reg,1.283107,1.2831254,1.8400543212893083e-05
boxcar16,mem[12][13],train,zipcpu_filters,arithmetic_dsp,input_to_reg,1.283107,1.2831254,1.8400543212893083e-05
boxcar16,mem[12][14],train,zipcpu_filters,arithmetic_dsp,input_to_reg,1.283107,1.2831254,1.8400543212893083e-05
boxcar16,mem[12][15],train,zipcpu_filters,arithmetic_dsp,input_to_reg,1.283107,1.2831254,1.8400543212893083e-05
boxcar16,mem[12][1],train,zipcpu_filters,arithmetic_dsp,input_to_reg,1.283107,1.2831254,1.8400543212893083e-05
boxcar16,mem[12][2],train,zipcpu_filters,arithmetic_dsp,input_to_reg,1.283107,1.2831254,1.8400543212893083e-05
boxcar16,mem[12][3],train,zipcpu_filters,arithmetic_dsp,input_to_reg,1.283107,1.2831254,1.8400543212893083e-05
boxcar16,mem[12][4],train,zipcpu_filters,arithmetic_dsp,input_to_reg,1.283107,1.2831254,1.8400543212893083e-05
boxcar16,mem[12][5],train,zipcpu_filters,arithmetic_dsp,input_to_reg,1.283107,1.2831254,1.8400543212893083e-05
boxcar16,mem[12][6],train,zipcpu_filters,arithmetic_dsp,input_to_reg,1.283107,1.2831254,1.8400543212893083e-05
boxcar16,mem[12][7],train,zipcpu_filters,arithmetic_dsp,input_to_reg,1.283107,1.2831254,1.8400543212893083e-05
boxcar16,mem[12][8],train,zipcpu_filters,arithmetic_dsp,input_to_reg,1.283107,1.2831254,1.8400543212893083e-05
boxcar16,mem[12][9],train,zipcpu_filters,arithmetic_dsp,input_to_reg,1.283107,1.2831254,1.8400543212893083e-05
boxcar16,mem[13][0],train,zipcpu_filters,arithmetic_dsp,input_to_reg,1.283107,1.2832059,9.886681365967043e-05
boxcar16,mem[13][10],train,zipcpu_filters,arithmetic_dsp,input_to_reg,1.283107,1.2832059,9.886681365967043e-05
boxcar16,mem[13][11],train,zipcpu_filters,arithmetic_dsp,input_to_reg,1.283107,1.2832059,9.886681365967043e-05
boxcar16,mem[13][12],train,zipcpu_filters,arithmetic_dsp,input_to_reg,1.283107,1.2832059,9.886681365967043e-05
boxcar16,mem[13][13],train,zipcpu_filters,arithmetic_dsp,input_to_reg,1.283107,1.2832059,9.886681365967043e-05
boxcar16,mem[13][14],train,zipcpu_filters,arithmetic_dsp,input_to_reg,1.283107,1.2832059,9.886681365967043e-05
boxcar16,mem[13][15],train,zipcpu_filters,arithmetic_dsp,input_to_reg,1.283107,1.2832059,9.886681365967043e-05
boxcar16,mem[13][1],train,zipcpu_filters,arithmetic_dsp,input_to_reg,1.283107,1.2832059,9.886681365967043e-05
boxcar16,mem[13][2],train,zipcpu_filters,arithmetic_dsp,input_to_reg,1.283107,1.2832059,9.886681365967043e-05
boxcar16,mem[13][3],train,zipcpu_filters,arithmetic_dsp,input_to_reg,1.283107,1.2832059,9.886681365967043e-05
boxcar16,mem[13][4],train,zipcpu_filters,arithmetic_dsp,input_to_reg,1.283107,1.2832059,9.886681365967043e-05
boxcar16,mem[13][5],train,zipcpu_filters,arithmetic_dsp,input_to_reg,1.283107,1.2832059,9.886681365967043e-05
boxcar16,mem[13][6],train,zipcpu_filters,arithmetic_dsp,input_to_reg,1.283107,1.2832059,9.886681365967043e-05
boxcar16,mem[13][7],train,zipcpu_filters,arithmetic_dsp,input_to_reg,1.283107,1.2832059,9.886681365967043e-05
boxcar16,mem[13][8],train,zipcpu_filters,arithmetic_dsp,input_to_reg,1.283107,1.2832059,9.886681365967043e-05
boxcar16,mem[13][9],train,zipcpu_filters,arithmetic_dsp,input_to_reg,1.283107,1.2832059,9.886681365967043e-05
boxcar16,mem[14][0],train,zipcpu_filters,arithmetic_dsp,input_to_reg,1.283107,1.2831254,1.8400543212893083e-05
boxcar16,mem[14][10],train,zipcpu_filters,arithmetic_dsp,input_to_reg,1.283107,1.2831254,1.8400543212893083e-05
boxcar16,mem[14][11],train,zipcpu_filters,arithmetic_dsp,input_to_reg,1.283107,1.2831254,1.8400543212893083e-05
boxcar16,mem[14][12],train,zipcpu_filters,arithmetic_dsp,input_to_reg,1.283107,1.2831254,1.8400543212893083e-05
boxcar16,mem[14][13],train,zipcpu_filters,arithmetic_dsp,input_to_reg,1.283107,1.2831254,1.8400543212893083e-05
boxcar16,mem[14][14],train,zipcpu_filters,arithmetic_dsp,input_to_reg,1.283107,1.2831254,1.8400543212893083e-05
boxcar16,mem[14][15],train,zipcpu_filters,arithmetic_dsp,input_to_reg,1.283107,1.2831254,1.8400543212893083e-05
boxcar16,mem[14][1],train,zipcpu_filters,arithmetic_dsp,input_to_reg,1.283107,1.2831254,1.8400543212893083e-05
boxcar16,mem[14][2],train,zipcpu_filters,arithmetic_dsp,input_to_reg,1.283107,1.2831254,1.8400543212893083e-05
boxcar16,mem[14][3],train,zipcpu_filters,arithmetic_dsp,input_to_reg,1.283107,1.2831254,1.8400543212893083e-05
boxcar16,mem[14][4],train,zipcpu_filters,arithmetic_dsp,input_to_reg,1.283107,1.2831254,1.8400543212893083e-05
boxcar16,mem[14][5],train,zipcpu_filters,arithmetic_dsp,input_to_reg,1.283107,1.2831254,1.8400543212893083e-05
boxcar16,mem[14][6],train,zipcpu_filters,arithmetic_dsp,input_to_reg,1.283107,1.2831254,1.8400543212893083e-05
boxcar16,mem[14][7],train,zipcpu_filters,arithmetic_dsp,input_to_reg,1.283107,1.2831254,1.8400543212893083e-05
boxcar16,mem[14][8],train,zipcpu_filters,arithmetic_dsp,input_to_reg,1.283107,1.2831254,1.8400543212893083e-05
boxcar16,mem[14][9],train,zipcpu_filters,arithmetic_dsp,input_to_reg,1.283107,1.2831254,1.8400543212893083e-05
boxcar16,mem[15][0],train,zipcpu_filters,arithmetic_dsp,input_to_reg,1.253259,1.2533795,0.00012046414947519679
boxcar16,mem[15][10],train,zipcpu_filters,arithmetic_dsp,input_to_reg,1.253259,1.2533795,0.00012046414947519679
boxcar16,mem[15][11],train,zipcpu_filters,arithmetic_dsp,input_to_reg,1.253259,1.2533795,0.00012046414947519679
boxcar16,mem[15][12],train,zipcpu_filters,arithmetic_dsp,input_to_reg,1.253259,1.2533795,0.00012046414947519679
boxcar16,mem[15][13],train,zipcpu_filters,arithmetic_dsp,input_to_reg,1.253259,1.2533795,0.00012046414947519679
boxcar16,mem[15][14],train,zipcpu_filters,arithmetic_dsp,input_to_reg,1.253259,1.2533795,0.00012046414947519679
boxcar16,mem[15][15],train,zipcpu_filters,arithmetic_dsp,input_to_reg,1.253259,1.2533795,0.00012046414947519679
boxcar16,mem[15][1],train,zipcpu_filters,arithmetic_dsp,input_to_reg,1.253259,1.2533795,0.00012046414947519679
boxcar16,mem[15][2],train,zipcpu_filters,arithmetic_dsp,input_to_reg,1.253259,1.2533795,0.00012046414947519679
boxcar16,mem[15][3],train,zipcpu_filters,arithmetic_dsp,input_to_reg,1.253259,1.2533795,0.00012046414947519679
boxcar16,mem[15][4],train,zipcpu_filters,arithmetic_dsp,input_to_reg,1.253259,1.2533795,0.00012046414947519679
boxcar16,mem[15][5],train,zipcpu_filters,arithmetic_dsp,input_to_reg,1.253259,1.2533795,0.00012046414947519679
boxcar16,mem[15][6],train,zipcpu_filters,arithmetic_dsp,input_to_reg,1.253259,1.2533795,0.00012046414947519679
boxcar16,mem[15][7],train,zipcpu_filters,arithmetic_dsp,input_to_reg,1.253259,1.2533795,0.00012046414947519679
boxcar16,mem[15][8],train,zipcpu_filters,arithmetic_dsp,input_to_reg,1.253259,1.2533795,0.00012046414947519679
boxcar16,mem[15][9],train,zipcpu_filters,arithmetic_dsp,input_to_reg,1.253259,1.2533795,0.00012046414947519679
boxcar16,mem[1][0],train,zipcpu_filters,arithmetic_dsp,input_to_reg,1.287931,1.287553,0.00037804723358147996
boxcar16,mem[1][10],train,zipcpu_filters,arithmetic_dsp,input_to_reg,1.287931,1.287553,0.00037804723358147996
boxcar16,mem[1][11],train,zipcpu_filters,arithmetic_dsp,input_to_reg,1.287931,1.287553,0.00037804723358147996
boxcar16,mem[1][12],train,zipcpu_filters,arithmetic_dsp,input_to_reg,1.287931,1.287553,0.00037804723358147996
boxcar16,mem[1][13],train,zipcpu_filters,arithmetic_dsp,input_to_reg,1.287931,1.287553,0.00037804723358147996
boxcar16,mem[1][14],train,zipcpu_filters,arithmetic_dsp,input_to_reg,1.287931,1.287553,0.00037804723358147996
boxcar16,mem[1][15],train,zipcpu_filters,arithmetic_dsp,input_to_reg,1.287931,1.287553,0.00037804723358147996
boxcar16,mem[1][1],train,zipcpu_filters,arithmetic_dsp,input_to_reg,1.287931,1.287553,0.00037804723358147996
boxcar16,mem[1][2],train,zipcpu_filters,arithmetic_dsp,input_to_reg,1.287931,1.287553,0.00037804723358147996
boxcar16,mem[1][3],train,zipcpu_filters,arithmetic_dsp,input_to_reg,1.287931,1.287553,0.00037804723358147996
boxcar16,mem[1][4],train,zipcpu_filters,arithmetic_dsp,input_to_reg,1.287931,1.287553,0.00037804723358147996
boxcar16,mem[1][5],train,zipcpu_filters,arithmetic_dsp,input_to_reg,1.287931,1.287553,0.00037804723358147996
boxcar16,mem[1][6],train,zipcpu_filters,arithmetic_dsp,input_to_reg,1.287931,1.287553,0.00037804723358147996
boxcar16,mem[1][7],train,zipcpu_filters,arithmetic_dsp,input_to_reg,1.287931,1.287553,0.00037804723358147996
boxcar16,mem[1][8],train,zipcpu_filters,arithmetic_dsp,input_to_reg,1.287931,1.287553,0.00037804723358147996
boxcar16,mem[1][9],train,zipcpu_filters,arithmetic_dsp,input_to_reg,1.287931,1.287553,0.00037804723358147996
boxcar16,mem[2][0],train,zipcpu_filters,arithmetic_dsp,input_to_reg,1.287931,1.2877535,0.0001775372085570659
boxcar16,mem[2][10],train,zipcpu_filters,arithmetic_dsp,input_to_reg,1.287931,1.2877535,0.0001775372085570659
boxcar16,mem[2][11],train,zipcpu_filters,arithmetic_dsp,input_to_reg,1.287931,1.2877535,0.0001775372085570659
boxcar16,mem[2][12],train,zipcpu_filters,arithmetic_dsp,input_to_reg,1.287931,1.2877535,0.0001775372085570659
boxcar16,mem[2][13],train,zipcpu_filters,arithmetic_dsp,input_to_reg,1.287931,1.2877535,0.0001775372085570659
boxcar16,mem[2][14],train,zipcpu_filters,arithmetic_dsp,input_to_reg,1.287931,1.2877535,0.0001775372085570659
boxcar16,mem[2][15],train,zipcpu_filters,arithmetic_dsp,input_to_reg,1.287931,1.2877535,0.0001775372085570659
boxcar16,mem[2][1],train,zipcpu_filters,arithmetic_dsp,input_to_reg,1.287931,1.2877535,0.0001775372085570659
boxcar16,mem[2][2],train,zipcpu_filters,arithmetic_dsp,input_to_reg,1.287931,1.2877535,0.0001775372085570659
boxcar16,mem[2][3],train,zipcpu_filters,arithmetic_dsp,input_to_reg,1.287931,1.2877535,0.0001775372085570659
boxcar16,mem[2][4],train,zipcpu_filters,arithmetic_dsp,input_to_reg,1.287931,1.2877535,0.0001775372085570659
boxcar16,mem[2][5],train,zipcpu_filters,arithmetic_dsp,input_to_reg,1.287931,1.2877535,0.0001775372085570659
boxcar16,mem[2][6],train,zipcpu_filters,arithmetic_dsp,input_to_reg,1.287931,1.2877535,0.0001775372085570659
boxcar16,mem[2][7],train,zipcpu_filters,arithmetic_dsp,input_to_reg,1.287931,1.2877535,0.0001775372085570659
boxcar16,mem[2][8],train,zipcpu_filters,arithmetic_dsp,input_to_reg,1.287931,1.2877535,0.0001775372085570659
boxcar16,mem[2][9],train,zipcpu_filters,arithmetic_dsp,input_to_reg,1.287931,1.2877535,0.0001775372085570659
boxcar16,mem[3][0],train,zipcpu_filters,arithmetic_dsp,input_to_reg,1.269134,1.2638693,0.005264714416503891
boxcar16,mem[3][10],train,zipcpu_filters,arithmetic_dsp,input_to_reg,1.269134,1.2638693,0.005264714416503891
boxcar16,mem[3][11],train,zipcpu_filters,arithmetic_dsp,input_to_reg,1.269134,1.2638693,0.005264714416503891
boxcar16,mem[3][12],train,zipcpu_filters,arithmetic_dsp,input_to_reg,1.269134,1.2638693,0.005264714416503891
boxcar16,mem[3][13],train,zipcpu_filters,arithmetic_dsp,input_to_reg,1.269134,1.2638693,0.005264714416503891
boxcar16,mem[3][14],train,zipcpu_filters,arithmetic_dsp,input_to_reg,1.269134,1.2638693,0.005264714416503891
boxcar16,mem[3][15],train,zipcpu_filters,arithmetic_dsp,input_to_reg,1.269134,1.2638693,0.005264714416503891
boxcar16,mem[3][1],train,zipcpu_filters,arithmetic_dsp,input_to_reg,1.269134,1.2638693,0.005264714416503891
boxcar16,mem[3][2],train,zipcpu_filters,arithmetic_dsp,input_to_reg,1.269134,1.2638693,0.005264714416503891
boxcar16,mem[3][3],train,zipcpu_filters,arithmetic_dsp,input_to_reg,1.269134,1.2638693,0.005264714416503891
boxcar16,mem[3][4],train,zipcpu_filters,arithmetic_dsp,input_to_reg,1.269134,1.2638693,0.005264714416503891
boxcar16,mem[3][5],train,zipcpu_filters,arithmetic_dsp,input_to_reg,1.269134,1.2638693,0.005264714416503891
boxcar16,mem[3][6],train,zipcpu_filters,arithmetic_dsp,input_to_reg,1.269134,1.2638693,0.005264714416503891
boxcar16,mem[3][7],train,zipcpu_filters,arithmetic_dsp,input_to_reg,1.269134,1.2638693,0.005264714416503891
boxcar16,mem[3][8],train,zipcpu_filters,arithmetic_dsp,input_to_reg,1.269134,1.2638693,0.005264714416503891
boxcar16,mem[3][9],train,zipcpu_filters,arithmetic_dsp,input_to_reg,1.269134,1.2638693,0.005264714416503891
boxcar16,mem[4][0],train,zipcpu_filters,arithmetic_dsp,input_to_reg,1.283107,1.2831254,1.8400543212893083e-05
boxcar16,mem[4][10],train,zipcpu_filters,arithmetic_dsp,input_to_reg,1.283107,1.2831254,1.8400543212893083e-05
boxcar16,mem[4][11],train,zipcpu_filters,arithmetic_dsp,input_to_reg,1.283107,1.2831254,1.8400543212893083e-05
boxcar16,mem[4][12],train,zipcpu_filters,arithmetic_dsp,input_to_reg,1.283107,1.2831254,1.8400543212893083e-05
boxcar16,mem[4][13],train,zipcpu_filters,arithmetic_dsp,input_to_reg,1.283107,1.2831254,1.8400543212893083e-05
boxcar16,mem[4][14],train,zipcpu_filters,arithmetic_dsp,input_to_reg,1.283107,1.2831254,1.8400543212893083e-05
boxcar16,mem[4][15],train,zipcpu_filters,arithmetic_dsp,input_to_reg,1.283107,1.2831254,1.8400543212893083e-05
boxcar16,mem[4][1],train,zipcpu_filters,arithmetic_dsp,input_to_reg,1.283107,1.2831254,1.8400543212893083e-05
boxcar16,mem[4][2],train,zipcpu_filters,arithmetic_dsp,input_to_reg,1.283107,1.2831254,1.8400543212893083e-05
boxcar16,mem[4][3],train,zipcpu_filters,arithmetic_dsp,input_to_reg,1.283107,1.2831254,1.8400543212893083e-05
boxcar16,mem[4][4],train,zipcpu_filters,arithmetic_dsp,input_to_reg,1.283107,1.2831254,1.8400543212893083e-05
boxcar16,mem[4][5],train,zipcpu_filters,arithmetic_dsp,input_to_reg,1.283107,1.2831254,1.8400543212893083e-05
boxcar16,mem[4][6],train,zipcpu_filters,arithmetic_dsp,input_to_reg,1.283107,1.2831254,1.8400543212893083e-05
boxcar16,mem[4][7],train,zipcpu_filters,arithmetic_dsp,input_to_reg,1.283107,1.2831254,1.8400543212893083e-05
boxcar16,mem[4][8],train,zipcpu_filters,arithmetic_dsp,input_to_reg,1.283107,1.2831254,1.8400543212893083e-05
boxcar16,mem[4][9],train,zipcpu_filters,arithmetic_dsp,input_to_reg,1.283107,1.2831254,1.8400543212893083e-05
boxcar16,mem[5][0],train,zipcpu_filters,arithmetic_dsp,input_to_reg,1.283107,1.2832059,9.886681365967043e-05
boxcar16,mem[5][10],train,zipcpu_filters,arithmetic_dsp,input_to_reg,1.283107,1.2832059,9.886681365967043e-05
boxcar16,mem[5][11],train,zipcpu_filters,arithmetic_dsp,input_to_reg,1.283107,1.2832059,9.886681365967043e-05
boxcar16,mem[5][12],train,zipcpu_filters,arithmetic_dsp,input_to_reg,1.283107,1.2832059,9.886681365967043e-05
boxcar16,mem[5][13],train,zipcpu_filters,arithmetic_dsp,input_to_reg,1.283107,1.2832059,9.886681365967043e-05
boxcar16,mem[5][14],train,zipcpu_filters,arithmetic_dsp,input_to_reg,1.283107,1.2832059,9.886681365967043e-05
boxcar16,mem[5][15],train,zipcpu_filters,arithmetic_dsp,input_to_reg,1.283107,1.2832059,9.886681365967043e-05
boxcar16,mem[5][1],train,zipcpu_filters,arithmetic_dsp,input_to_reg,1.283107,1.2832059,9.886681365967043e-05
boxcar16,mem[5][2],train,zipcpu_filters,arithmetic_dsp,input_to_reg,1.283107,1.2832059,9.886681365967043e-05
boxcar16,mem[5][3],train,zipcpu_filters,arithmetic_dsp,input_to_reg,1.283107,1.2832059,9.886681365967043e-05
boxcar16,mem[5][4],train,zipcpu_filters,arithmetic_dsp,input_to_reg,1.283107,1.2832059,9.886681365967043e-05
boxcar16,mem[5][5],train,zipcpu_filters,arithmetic_dsp,input_to_reg,1.283107,1.2832059,9.886681365967043e-05
boxcar16,mem[5][6],train,zipcpu_filters,arithmetic_dsp,input_to_reg,1.283107,1.2832059,9.886681365967043e-05
boxcar16,mem[5][7],train,zipcpu_filters,arithmetic_dsp,input_to_reg,1.283107,1.2832059,9.886681365967043e-05
boxcar16,mem[5][8],train,zipcpu_filters,arithmetic_dsp,input_to_reg,1.283107,1.2832059,9.886681365967043e-05
boxcar16,mem[5][9],train,zipcpu_filters,arithmetic_dsp,input_to_reg,1.283107,1.2832059,9.886681365967043e-05
boxcar16,mem[6][0],train,zipcpu_filters,arithmetic_dsp,input_to_reg,1.283107,1.2831254,1.8400543212893083e-05
boxcar16,mem[6][10],train,zipcpu_filters,arithmetic_dsp,input_to_reg,1.283107,1.2831254,1.8400543212893083e-05
boxcar16,mem[6][11],train,zipcpu_filters,arithmetic_dsp,input_to_reg,1.283107,1.2831254,1.8400543212893083e-05
boxcar16,mem[6][12],train,zipcpu_filters,arithmetic_dsp,input_to_reg,1.283107,1.2831254,1.8400543212893083e-05
boxcar16,mem[6][13],train,zipcpu_filters,arithmetic_dsp,input_to_reg,1.283107,1.2831254,1.8400543212893083e-05
boxcar16,mem[6][14],train,zipcpu_filters,arithmetic_dsp,input_to_reg,1.283107,1.2831254,1.8400543212893083e-05
boxcar16,mem[6][15],train,zipcpu_filters,arithmetic_dsp,input_to_reg,1.283107,1.2831254,1.8400543212893083e-05
boxcar16,mem[6][1],train,zipcpu_filters,arithmetic_dsp,input_to_reg,1.283107,1.2831254,1.8400543212893083e-05
boxcar16,mem[6][2],train,zipcpu_filters,arithmetic_dsp,input_to_reg,1.283107,1.2831254,1.8400543212893083e-05
boxcar16,mem[6][3],train,zipcpu_filters,arithmetic_dsp,input_to_reg,1.283107,1.2831254,1.8400543212893083e-05
boxcar16,mem[6][4],train,zipcpu_filters,arithmetic_dsp,input_to_reg,1.283107,1.2831254,1.8400543212893083e-05
boxcar16,mem[6][5],train,zipcpu_filters,arithmetic_dsp,input_to_reg,1.283107,1.2831254,1.8400543212893083e-05
boxcar16,mem[6][6],train,zipcpu_filters,arithmetic_dsp,input_to_reg,1.283107,1.2831254,1.8400543212893083e-05
boxcar16,mem[6][7],train,zipcpu_filters,arithmetic_dsp,input_to_reg,1.283107,1.2831254,1.8400543212893083e-05
boxcar16,mem[6][8],train,zipcpu_filters,arithmetic_dsp,input_to_reg,1.283107,1.2831254,1.8400543212893083e-05
boxcar16,mem[6][9],train,zipcpu_filters,arithmetic_dsp,input_to_reg,1.283107,1.2831254,1.8400543212893083e-05
boxcar16,mem[7][0],train,zipcpu_filters,arithmetic_dsp,input_to_reg,1.253258,1.2638693,0.01061128558349611
boxcar16,mem[7][10],train,zipcpu_filters,arithmetic_dsp,input_to_reg,1.253258,1.2638693,0.01061128558349611
boxcar16,mem[7][11],train,zipcpu_filters,arithmetic_dsp,input_to_reg,1.253258,1.2638693,0.01061128558349611
boxcar16,mem[7][12],train,zipcpu_filters,arithmetic_dsp,input_to_reg,1.253258,1.2638693,0.01061128558349611
boxcar16,mem[7][13],train,zipcpu_filters,arithmetic_dsp,input_to_reg,1.253258,1.2638693,0.01061128558349611
boxcar16,mem[7][14],train,zipcpu_filters,arithmetic_dsp,input_to_reg,1.253258,1.2638693,0.01061128558349611
boxcar16,mem[7][15],train,zipcpu_filters,arithmetic_dsp,input_to_reg,1.253258,1.2638693,0.01061128558349611
boxcar16,mem[7][1],train,zipcpu_filters,arithmetic_dsp,input_to_reg,1.253258,1.2638693,0.01061128558349611
boxcar16,mem[7][2],train,zipcpu_filters,arithmetic_dsp,input_to_reg,1.253258,1.2638693,0.01061128558349611
boxcar16,mem[7][3],train,zipcpu_filters,arithmetic_dsp,input_to_reg,1.253258,1.2638693,0.01061128558349611
boxcar16,mem[7][4],train,zipcpu_filters,arithmetic_dsp,input_to_reg,1.253258,1.2638693,0.01061128558349611
boxcar16,mem[7][5],train,zipcpu_filters,arithmetic_dsp,input_to_reg,1.253258,1.2638693,0.01061128558349611
boxcar16,mem[7][6],train,zipcpu_filters,arithmetic_dsp,input_to_reg,1.253258,1.2638693,0.01061128558349611
boxcar16,mem[7][7],train,zipcpu_filters,arithmetic_dsp,input_to_reg,1.253258,1.2638693,0.01061128558349611
boxcar16,mem[7][8],train,zipcpu_filters,arithmetic_dsp,input_to_reg,1.253258,1.2638693,0.01061128558349611
boxcar16,mem[7][9],train,zipcpu_filters,arithmetic_dsp,input_to_reg,1.253258,1.2638693,0.01061128558349611
boxcar16,mem[8][0],train,zipcpu_filters,arithmetic_dsp,input_to_reg,1.283107,1.2831254,1.8400543212893083e-05
boxcar16,mem[8][10],train,zipcpu_filters,arithmetic_dsp,input_to_reg,1.283107,1.2831254,1.8400543212893083e-05
boxcar16,mem[8][11],train,zipcpu_filters,arithmetic_dsp,input_to_reg,1.283107,1.2831254,1.8400543212893083e-05
boxcar16,mem[8][12],train,zipcpu_filters,arithmetic_dsp,input_to_reg,1.283107,1.2831254,1.8400543212893083e-05
boxcar16,mem[8][13],train,zipcpu_filters,arithmetic_dsp,input_to_reg,1.283107,1.2831254,1.8400543212893083e-05
boxcar16,mem[8][14],train,zipcpu_filters,arithmetic_dsp,input_to_reg,1.283107,1.2831254,1.8400543212893083e-05
boxcar16,mem[8][15],train,zipcpu_filters,arithmetic_dsp,input_to_reg,1.283107,1.2831254,1.8400543212893083e-05
boxcar16,mem[8][1],train,zipcpu_filters,arithmetic_dsp,input_to_reg,1.283107,1.2831254,1.8400543212893083e-05
boxcar16,mem[8][2],train,zipcpu_filters,arithmetic_dsp,input_to_reg,1.283107,1.2831254,1.8400543212893083e-05
boxcar16,mem[8][3],train,zipcpu_filters,arithmetic_dsp,input_to_reg,1.283107,1.2831254,1.8400543212893083e-05
boxcar16,mem[8][4],train,zipcpu_filters,arithmetic_dsp,input_to_reg,1.283107,1.2831254,1.8400543212893083e-05
boxcar16,mem[8][5],train,zipcpu_filters,arithmetic_dsp,input_to_reg,1.283107,1.2831254,1.8400543212893083e-05
boxcar16,mem[8][6],train,zipcpu_filters,arithmetic_dsp,input_to_reg,1.283107,1.2831254,1.8400543212893083e-05
boxcar16,mem[8][7],train,zipcpu_filters,arithmetic_dsp,input_to_reg,1.283107,1.2831254,1.8400543212893083e-05
boxcar16,mem[8][8],train,zipcpu_filters,arithmetic_dsp,input_to_reg,1.283107,1.2831254,1.8400543212893083e-05
boxcar16,mem[8][9],train,zipcpu_filters,arithmetic_dsp,input_to_reg,1.283107,1.2831254,1.8400543212893083e-05
boxcar16,mem[9][0],train,zipcpu_filters,arithmetic_dsp,input_to_reg,1.283107,1.2832059,9.886681365967043e-05
boxcar16,mem[9][10],train,zipcpu_filters,arithmetic_dsp,input_to_reg,1.283107,1.2832059,9.886681365967043e-05
boxcar16,mem[9][11],train,zipcpu_filters,arithmetic_dsp,input_to_reg,1.283107,1.2832059,9.886681365967043e-05
boxcar16,mem[9][12],train,zipcpu_filters,arithmetic_dsp,input_to_reg,1.283107,1.2832059,9.886681365967043e-05
boxcar16,mem[9][13],train,zipcpu_filters,arithmetic_dsp,input_to_reg,1.283107,1.2832059,9.886681365967043e-05
boxcar16,mem[9][14],train,zipcpu_filters,arithmetic_dsp,input_to_reg,1.283107,1.2832059,9.886681365967043e-05
boxcar16,mem[9][15],train,zipcpu_filters,arithmetic_dsp,input_to_reg,1.283107,1.2832059,9.886681365967043e-05
boxcar16,mem[9][1],train,zipcpu_filters,arithmetic_dsp,input_to_reg,1.283107,1.2832059,9.886681365967043e-05
boxcar16,mem[9][2],train,zipcpu_filters,arithmetic_dsp,input_to_reg,1.283107,1.2832059,9.886681365967043e-05
boxcar16,mem[9][3],train,zipcpu_filters,arithmetic_dsp,input_to_reg,1.283107,1.2832059,9.886681365967043e-05
boxcar16,mem[9][4],train,zipcpu_filters,arithmetic_dsp,input_to_reg,1.283107,1.2832059,9.886681365967043e-05
boxcar16,mem[9][5],train,zipcpu_filters,arithmetic_dsp,input_to_reg,1.283107,1.2832059,9.886681365967043e-05
boxcar16,mem[9][6],train,zipcpu_filters,arithmetic_dsp,input_to_reg,1.283107,1.2832059,9.886681365967043e-05
boxcar16,mem[9][7],train,zipcpu_filters,arithmetic_dsp,input_to_reg,1.283107,1.2832059,9.886681365967043e-05
boxcar16,mem[9][8],train,zipcpu_filters,arithmetic_dsp,input_to_reg,1.283107,1.2832059,9.886681365967043e-05
boxcar16,mem[9][9],train,zipcpu_filters,arithmetic_dsp,input_to_reg,1.283107,1.2832059,9.886681365967043e-05
boxcar16,memval[0],train,zipcpu_filters,arithmetic_dsp,input_to_reg,1.583821,1.583668,0.00015300645446769678
boxcar16,memval[10],train,zipcpu_filters,arithmetic_dsp,input_to_reg,1.583821,1.5834321,0.0003889216384886929
boxcar16,memval[11],train,zipcpu_filters,arithmetic_dsp,input_to_reg,1.521812,1.5212014,0.0006106278533934972
boxcar16,memval[12],train,zipcpu_filters,arithmetic_dsp,input_to_reg,1.521812,1.5212014,0.0006106278533934972
boxcar16,memval[13],train,zipcpu_filters,arithmetic_dsp,input_to_reg,1.521812,1.5212014,0.0006106278533934972
boxcar16,memval[14],train,zipcpu_filters,arithmetic_dsp,input_to_reg,1.521812,1.5212014,0.0006106278533934972
boxcar16,memval[15],train,zipcpu_filters,arithmetic_dsp,input_to_reg,1.583821,1.583668,0.00015300645446769678
boxcar16,memval[1],train,zipcpu_filters,arithmetic_dsp,input_to_reg,1.583821,1.583668,0.00015300645446769678
boxcar16,memval[2],train,zipcpu_filters,arithmetic_dsp,input_to_reg,1.583821,1.5834321,0.0003889216384886929
boxcar16,memval[3],train,zipcpu_filters,arithmetic_dsp,input_to_reg,1.521812,1.5212014,0.0006106278533934972
boxcar16,memval[4],train,zipcpu_filters,arithmetic_dsp,input_to_reg,1.521812,1.5212014,0.0006106278533934972
boxcar16,memval[5],train,zipcpu_filters,arithmetic_dsp,input_to_reg,1.583821,1.583668,0.00015300645446769678
boxcar16,memval[6],train,zipcpu_filters,arithmetic_dsp,input_to_reg,1.583821,1.583668,0.00015300645446769678
boxcar16,memval[7],train,zipcpu_filters,arithmetic_dsp,input_to_reg,1.519901,1.5212014,0.0013003721466064988
boxcar16,memval[8],train,zipcpu_filters,arithmetic_dsp,input_to_reg,1.519901,1.5212014,0.0013003721466064988
boxcar16,memval[9],train,zipcpu_filters,arithmetic_dsp,input_to_reg,1.521812,1.5212014,0.0006106278533934972
boxcar16,o_result[0],train,zipcpu_filters,arithmetic_dsp,input_to_reg,1.548161,1.5025798,0.04558119176483144
boxcar16,o_result[10],train,zipcpu_filters,arithmetic_dsp,input_to_reg,1.548161,1.5025798,0.04558119176483144
boxcar16,o_result[11],train,zipcpu_filters,arithmetic_dsp,input_to_reg,1.548161,1.5025798,0.04558119176483144
boxcar16,o_result[12],train,zipcpu_filters,arithmetic_dsp,input_to_reg,1.548161,1.5025798,0.04558119176483144
boxcar16,o_result[13],train,zipcpu_filters,arithmetic_dsp,input_to_reg,1.548161,1.5025798,0.04558119176483144
boxcar16,o_result[14],train,zipcpu_filters,arithmetic_dsp,input_to_reg,1.548161,1.5025798,0.04558119176483144
boxcar16,o_result[15],train,zipcpu_filters,arithmetic_dsp,input_to_reg,1.548161,1.5025798,0.04558119176483144
boxcar16,o_result[16],train,zipcpu_filters,arithmetic_dsp,input_to_reg,1.069889,1.5025798,0.43269080823516837
boxcar16,o_result[17],train,zipcpu_filters,arithmetic_dsp,input_to_reg,1.532403,1.5025798,0.029823191764831503
boxcar16,o_result[18],train,zipcpu_filters,arithmetic_dsp,input_to_reg,1.548161,1.5025798,0.04558119176483144
boxcar16,o_result[19],train,zipcpu_filters,arithmetic_dsp,input_to_reg,1.548161,1.5025798,0.04558119176483144
boxcar16,o_result[1],train,zipcpu_filters,arithmetic_dsp,input_to_reg,1.548161,1.5025798,0.04558119176483144
boxcar16,o_result[2],train,zipcpu_filters,arithmetic_dsp,input_to_reg,1.548161,1.5025798,0.04558119176483144
boxcar16,o_result[3],train,zipcpu_filters,arithmetic_dsp,input_to_reg,1.548161,1.5025798,0.04558119176483144
boxcar16,o_result[4],train,zipcpu_filters,arithmetic_dsp,input_to_reg,1.548161,1.5025798,0.04558119176483144
boxcar16,o_result[5],train,zipcpu_filters,arithmetic_dsp,input_to_reg,1.548161,1.5025798,0.04558119176483144
boxcar16,o_result[6],train,zipcpu_filters,arithmetic_dsp,input_to_reg,1.548161,1.5025798,0.04558119176483144
boxcar16,o_result[7],train,zipcpu_filters,arithmetic_dsp,input_to_reg,1.548161,1.5025798,0.04558119176483144
boxcar16,o_result[8],train,zipcpu_filters,arithmetic_dsp,input_to_reg,1.548161,1.5025798,0.04558119176483144
boxcar16,o_result[9],train,zipcpu_filters,arithmetic_dsp,input_to_reg,1.548161,1.5025798,0.04558119176483144
boxcar16,preval[0],train,zipcpu_filters,arithmetic_dsp,input_to_reg,1.548161,1.548013,0.00014802812194814052
boxcar16,preval[10],train,zipcpu_filters,arithmetic_dsp,input_to_reg,1.548161,1.548013,0.00014802812194814052
boxcar16,preval[11],train,zipcpu_filters,arithmetic_dsp,input_to_reg,1.548161,1.548013,0.00014802812194814052
boxcar16,preval[12],train,zipcpu_filters,arithmetic_dsp,input_to_reg,1.548161,1.548013,0.00014802812194814052
boxcar16,preval[13],train,zipcpu_filters,arithmetic_dsp,input_to_reg,1.548161,1.548013,0.00014802812194814052
boxcar16,preval[14],train,zipcpu_filters,arithmetic_dsp,input_to_reg,1.548161,1.548013,0.00014802812194814052
boxcar16,preval[15],train,zipcpu_filters,arithmetic_dsp,input_to_reg,1.548161,1.548013,0.00014802812194814052
boxcar16,preval[1],train,zipcpu_filters,arithmetic_dsp,input_to_reg,1.548161,1.548013,0.00014802812194814052
boxcar16,preval[2],train,zipcpu_filters,arithmetic_dsp,input_to_reg,1.548161,1.548013,0.00014802812194814052
boxcar16,preval[3],train,zipcpu_filters,arithmetic_dsp,input_to_reg,1.548161,1.548013,0.00014802812194814052
boxcar16,preval[4],train,zipcpu_filters,arithmetic_dsp,input_to_reg,1.548161,1.548013,0.00014802812194814052
boxcar16,preval[5],train,zipcpu_filters,arithmetic_dsp,input_to_reg,1.548161,1.548013,0.00014802812194814052
boxcar16,preval[6],train,zipcpu_filters,arithmetic_dsp,input_to_reg,1.548161,1.548013,0.00014802812194814052
boxcar16,preval[7],train,zipcpu_filters,arithmetic_dsp,input_to_reg,1.548161,1.548013,0.00014802812194814052
boxcar16,preval[8],train,zipcpu_filters,arithmetic_dsp,input_to_reg,1.548161,1.548013,0.00014802812194814052
boxcar16,preval[9],train,zipcpu_filters,arithmetic_dsp,input_to_reg,1.548161,1.548013,0.00014802812194814052
boxcar16,rdaddr[0],train,zipcpu_filters,arithmetic_dsp,input_to_reg,1.054386,1.0615925,0.007206459678649857
boxcar16,rdaddr[1],train,zipcpu_filters,arithmetic_dsp,input_to_reg,1.08549,1.5025798,0.4170898082351684
boxcar16,rdaddr[2],train,zipcpu_filters,arithmetic_dsp,input_to_reg,1.522238,1.5216688,0.0005692082290649214
boxcar16,rdaddr[3],train,zipcpu_filters,arithmetic_dsp,input_to_reg,1.528004,1.5288272,0.000823190399170004
boxcar16,sub[0],train,zipcpu_filters,arithmetic_dsp,input_to_reg,1.063915,1.0635735,0.0003415203475951589
boxcar16,sub[10],train,zipcpu_filters,arithmetic_dsp,input_to_reg,1.515529,1.5155957,6.667451477060382e-05
boxcar16,sub[11],train,zipcpu_filters,arithmetic_dsp,input_to_reg,1.525437,1.5251842,0.000252845489501885
boxcar16,sub[12],train,zipcpu_filters,arithmetic_dsp,reg_to_reg,1.515529,1.5152775,0.00025149507904043134
boxcar16,sub[13],train,zipcpu_filters,arithmetic_dsp,reg_to_reg,1.525437,1.5255159,7.89139633179392e-05
boxcar16,sub[14],train,zipcpu_filters,arithmetic_dsp,reg_to_reg,1.515529,1.515102,0.00042697115325918134
boxcar16,sub[15],train,zipcpu_filters,arithmetic_dsp,reg_to_reg,1.525437,1.5253197,0.00011730452728264673
boxcar16,sub[16],train,zipcpu_filters,arithmetic_dsp,reg_to_reg,1.515529,1.5154563,7.268114471425946e-05
boxcar16,sub[1],train,zipcpu_filters,arithmetic_dsp,input_to_reg,1.081605,1.0820599,0.0004548602294922599
boxcar16,sub[2],train,zipcpu_filters,arithmetic_dsp,input_to_reg,1.081605,1.0820599,0.0004548602294922599
boxcar16,sub[3],train,zipcpu_filters,arithmetic_dsp,input_to_reg,1.525437,1.5243343,0.0011026885147094045
boxcar16,sub[4],train,zipcpu_filters,arithmetic_dsp,input_to_reg,1.515529,1.5167986,0.0012696154556275374
boxcar16,sub[5],train,zipcpu_filters,arithmetic_dsp,input_to_reg,1.534702,1.5324947,0.0022073358078003036
boxcar16,sub[6],train,zipcpu_filters,arithmetic_dsp,input_to_reg,1.515529,1.5170739,0.0015448697052002913
boxcar16,sub[7],train,zipcpu_filters,arithmetic_dsp,input_to_reg,1.525437,1.5238056,0.0016313817138671194
boxcar16,sub[8],train,zipcpu_filters,arithmetic_dsp,input_to_reg,1.515529,1.5170774,0.0015484459838868148
boxcar16,sub[9],train,zipcpu_filters,arithmetic_dsp,input_to_reg,1.525437,1.5258727,0.0004357073669434275
boxcar16,wraddr[0],train,zipcpu_filters,arithmetic_dsp,input_to_reg,1.525437,1.5245585,0.000878455841064385
boxcar16,wraddr[1],train,zipcpu_filters,arithmetic_dsp,input_to_reg,1.093897,1.094536,0.0006389468460084036
boxcar16,wraddr[2],train,zipcpu_filters,arithmetic_dsp,input_to_reg,1.121612,1.1216428,3.082798767084505e-05
boxcar16,wraddr[3],train,zipcpu_filters,arithmetic_dsp,input_to_reg,1.166365,1.1667184,0.00035336376190175933
aes128,dcnt[0],train,opencores_aes,crypto_checksum,input_to_reg,1.066097,1.19278,0.12668301785278313
aes128,dcnt[1],train,opencores_aes,crypto_checksum,input_to_reg,1.053188,1.19278,0.1395920178527832
aes128,dcnt[2],train,opencores_aes,crypto_checksum,input_to_reg,1.05941,1.0618571,0.002447104301452674
aes128,dcnt[3],train,opencores_aes,crypto_checksum,input_to_reg,1.459203,1.19278,0.2664229821472168
aes128,done,train,opencores_aes,crypto_checksum,input_to_reg,1.48683,1.4867733,5.674751281747881e-05
aes128,ld_r,train,opencores_aes,crypto_checksum,input_to_reg,1.0,1.000189,0.00018894672393798828
aes128,sa00_sr[0],train,opencores_aes,crypto_checksum,reg_to_reg,1.89437,1.8938162,0.0005537673187256953
aes128,sa00_sr[1],train,opencores_aes,crypto_checksum,reg_to_reg,1.88635,1.8865168,0.00016680946350100534
aes128,sa00_sr[2],train,opencores_aes,crypto_checksum,reg_to_reg,1.889581,1.8895918,1.0813087463423798e-05
aes128,sa00_sr[3],train,opencores_aes,crypto_checksum,reg_to_reg,1.888188,1.8894541,0.001266126358032249
aes128,sa00_sr[4],train,opencores_aes,crypto_checksum,reg_to_reg,1.875272,1.8755655,0.00029352886962885627
aes128,sa00_sr[5],train,opencores_aes,crypto_checksum,reg_to_reg,1.845651,1.8474243,0.0017732687225342492
aes128,sa00_sr[6],train,opencores_aes,crypto_checksum,reg_to_reg,1.893014,1.8924388,0.0005752306594848378
aes128,sa00_sr[7],train,opencores_aes,crypto_checksum,reg_to_reg,1.879272,1.879159,0.00011302630615239728
aes128,sa01_sr[0],train,opencores_aes,crypto_checksum,reg_to_reg,1.871693,1.8719754,0.000282421905517527
aes128,sa01_sr[1],train,opencores_aes,crypto_checksum,reg_to_reg,1.863366,1.8643875,0.0010215122070311722
aes128,sa01_sr[2],train,opencores_aes,crypto_checksum,reg_to_reg,1.875133,1.8762587,0.0011257308883667605
aes128,sa01_sr[3],train,opencores_aes,crypto_checksum,reg_to_reg,1.86869,1.8685648,0.00012515586853023564
aes128,sa01_sr[4],train,opencores_aes,crypto_checksum,reg_to_reg,1.873803,1.8754625,0.0016595320434569238
aes128,sa01_sr[5],train,opencores_aes,crypto_checksum,reg_to_reg,1.876886,1.8771297,0.00024367395782465273
aes128,sa01_sr[6],train,opencores_aes,crypto_checksum,reg_to_reg,1.946147,1.946111,3.603617858893848e-05
aes128,sa01_sr[7],train,opencores_aes,crypto_checksum,reg_to_reg,1.878714,1.8786803,3.365160369872555e-05
aes128,sa02_sr[0],train,opencores_aes,crypto_checksum,reg_to_reg,1.841262,1.8424089,0.0011468954925537567
aes128,sa02_sr[1],train,opencores_aes,crypto_checksum,reg_to_reg,1.861371,1.8622451,0.0008740828552245006
aes128,sa02_sr[2],train,opencores_aes,crypto_checksum,reg_to_reg,1.883432,1.8833896,4.240782928466302e-05
aes128,sa02_sr[3],train,opencores_aes,crypto_checksum,reg_to_reg,1.879714,1.880081,0.0003670575485228422
aes128,sa02_sr[4],train,opencores_aes,crypto_checksum,reg_to_reg,1.912418,1.9125812,0.0001632053680420409
aes128,sa02_sr[5],train,opencores_aes,crypto_checksum,reg_to_reg,1.853255,1.8545204,0.0012654401016234385
aes128,sa02_sr[6],train,opencores_aes,crypto_checksum,reg_to_reg,1.841718,1.8437182,0.002000171119689975
aes128,sa02_sr[7],train,opencores_aes,crypto_checksum,reg_to_reg,1.89051,1.891195,0.0006850588226319232
aes128,sa03_sr[0],train,opencores_aes,crypto_checksum,reg_to_reg,1.866273,1.8663452,7.216716003410895e-05
aes128,sa03_sr[1],train,opencores_aes,crypto_checksum,reg_to_reg,1.910054,1.9091171,0.0009368973770140787
aes128,sa03_sr[2],train,opencores_aes,crypto_checksum,reg_to_reg,1.895354,1.8959334,0.0005793896636963058
aes128,sa03_sr[3],train,opencores_aes,crypto_checksum,reg_to_reg,1.881695,1.8813623,0.0003326810073851494
aes128,sa03_sr[4],train,opencores_aes,crypto_checksum,reg_to_reg,1.90983,1.9092993,0.000530745582580483
aes128,sa03_sr[5],train,opencores_aes,crypto_checksum,reg_to_reg,1.900886,1.9004393,0.00044673760986335687
aes128,sa03_sr[6],train,opencores_aes,crypto_checksum,reg_to_reg,1.921583,1.9213165,0.0002664955215454512
aes128,sa03_sr[7],train,opencores_aes,crypto_checksum,reg_to_reg,1.903721,1.9037006,2.0409866333004345e-05
aes128,sa10_sr[0],train,opencores_aes,crypto_checksum,reg_to_reg,1.873865,1.8744401,0.0005750739669800886
aes128,sa10_sr[1],train,opencores_aes,crypto_checksum,reg_to_reg,1.867103,1.8669935,0.00010945351409907822
aes128,sa10_sr[2],train,opencores_aes,crypto_checksum,reg_to_reg,1.8863,1.8866985,0.00039848442077627944
aes128,sa10_sr[3],train,opencores_aes,crypto_checksum,reg_to_reg,1.873963,1.8758901,0.0019271357650756382
aes128,sa10_sr[4],train,opencores_aes,crypto_checksum,reg_to_reg,1.883751,1.8834529,0.0002981076965331564
aes128,sa10_sr[5],train,opencores_aes,crypto_checksum,reg_to_reg,1.863361,1.8635459,0.0001848946228026893
aes128,sa10_sr[6],train,opencores_aes,crypto_checksum,reg_to_reg,1.873047,1.873369,0.0003219785003663045
aes128,sa10_sr[7],train,opencores_aes,crypto_checksum,reg_to_reg,1.89018,1.8904945,0.00031446582794192324
aes128,sa11_sr[0],train,opencores_aes,crypto_checksum,reg_to_reg,1.992827,1.991403,0.0014240163345335954
aes128,sa11_sr[1],train,opencores_aes,crypto_checksum,reg_to_reg,1.920577,1.9198099,0.0007670625228881622
aes128,sa11_sr[2],train,opencores_aes,crypto_checksum,reg_to_reg,1.952002,1.9515768,0.00042517104339601097
aes128,sa11_sr[3],train,opencores_aes,crypto_checksum,reg_to_reg,1.922676,1.922356,0.0003199905166626493
aes128,sa11_sr[4],train,opencores_aes,crypto_checksum,reg_to_reg,1.944303,1.942226,0.00207694771575917
aes128,sa11_sr[5],train,opencores_aes,crypto_checksum,reg_to_reg,1.949265,1.9488102,0.0004547802352905528
aes128,sa11_sr[6],train,opencores_aes,crypto_checksum,reg_to_reg,1.950613,1.9499447,0.0006682654266356725
aes128,sa11_sr[7],train,opencores_aes,crypto_checksum,reg_to_reg,1.915748,1.9152615,0.0004864929656982486
aes128,sa12_sr[0],train,opencores_aes,crypto_checksum,reg_to_reg,1.874806,1.8749536,0.00014762758636477358
aes128,sa12_sr[1],train,opencores_aes,crypto_checksum,reg_to_reg,1.8941,1.8935626,0.0005374446868895433
aes128,sa12_sr[2],train,opencores_aes,crypto_checksum,reg_to_reg,1.896739,1.8972127,0.00047374375915532063
aes128,sa12_sr[3],train,opencores_aes,crypto_checksum,reg_to_reg,1.90658,1.906202,0.0003780413436889063
aes128,sa12_sr[4],train,opencores_aes,crypto_checksum,reg_to_reg,1.869592,1.8714083,0.0018163433151245911
aes128,sa12_sr[5],train,opencores_aes,crypto_checksum,reg_to_reg,1.902028,1.9018347,0.00019327366638188792
aes128,sa12_sr[6],train,opencores_aes,crypto_checksum,reg_to_reg,1.895421,1.8963464,0.0009254498519897236
aes128,sa12_sr[7],train,opencores_aes,crypto_checksum,reg_to_reg,1.870561,1.8706772,0.00011623274230965208
aes128,sa13_sr[0],train,opencores_aes,crypto_checksum,reg_to_reg,1.94102,1.9403945,0.0006254792404174481
aes128,sa13_sr[1],train,opencores_aes,crypto_checksum,reg_to_reg,1.910463,1.9097232,0.0007398373489380106
aes128,sa13_sr[2],train,opencores_aes,crypto_checksum,reg_to_reg,1.924801,1.9248556,5.4589866638199425e-05
aes128,sa13_sr[3],train,opencores_aes,crypto_checksum,reg_to_reg,1.913275,1.9117295,0.0015455450057983988
aes128,sa13_sr[4],train,opencores_aes,crypto_checksum,reg_to_reg,1.916089,1.9157872,0.000301779998779228
aes128,sa13_sr[5],train,opencores_aes,crypto_checksum,reg_to_reg,1.885897,1.8855222,0.0003747536392211259
aes128,sa13_sr[6],train,opencores_aes,crypto_checksum,reg_to_reg,1.931978,1.9322789,0.0003008715362549097
aes128,sa13_sr[7],train,opencores_aes,crypto_checksum,reg_to_reg,1.924252,1.9241138,0.00013824954223640162
aes128,sa20_sr[0],train,opencores_aes,crypto_checksum,reg_to_reg,1.947138,1.9466892,0.00044875191497806277
aes128,sa20_sr[1],train,opencores_aes,crypto_checksum,reg_to_reg,1.932507,1.9335505,0.0010434770278930916
aes128,sa20_sr[2],train,opencores_aes,crypto_checksum,reg_to_reg,1.95818,1.9576714,0.0005085961151123364
aes128,sa20_sr[3],train,opencores_aes,crypto_checksum,reg_to_reg,1.963948,1.9626522,0.0012957935791015895
aes128,sa20_sr[4],train,opencores_aes,crypto_checksum,reg_to_reg,1.966176,1.9643168,0.001859155059814377
aes128,sa20_sr[5],train,opencores_aes,crypto_checksum,reg_to_reg,1.91148,1.9114904,1.0440368652275822e-05
aes128,sa20_sr[6],train,opencores_aes,crypto_checksum,reg_to_reg,1.942015,1.9413351,0.0006799179458618632
aes128,sa20_sr[7],train,opencores_aes,crypto_checksum,reg_to_reg,1.953962,1.9537858,0.00017622290801999618
aes128,sa21_sr[0],train,opencores_aes,crypto_checksum,reg_to_reg,1.931227,1.9313647,0.00013765549468991445
aes128,sa21_sr[1],train,opencores_aes,crypto_checksum,reg_to_reg,1.947534,1.9470501,0.0004839053955079109
aes128,sa21_sr[2],train,opencores_aes,crypto_checksum,reg_to_reg,1.936571,1.9366758,0.00010478697204585607
aes128,sa21_sr[3],train,opencores_aes,crypto_checksum,reg_to_reg,1.93576,1.9353021,0.0004578616714476791
aes128,sa21_sr[4],train,opencores_aes,crypto_checksum,reg_to_reg,1.968755,1.9684371,0.00031792438507083354
aes128,sa21_sr[5],train,opencores_aes,crypto_checksum,reg_to_reg,1.94383,1.9436021,0.00022791488647455616
aes128,sa21_sr[6],train,opencores_aes,crypto_checksum,reg_to_reg,1.927808,1.9277395,6.849900054928248e-05
aes128,sa21_sr[7],train,opencores_aes,crypto_checksum,reg_to_reg,1.95877,1.9585443,0.00022574569702138447
aes128,sa22_sr[0],train,opencores_aes,crypto_checksum,reg_to_reg,1.883525,1.8835096,1.5364074706925024e-05
aes128,sa22_sr[1],train,opencores_aes,crypto_checksum,reg_to_reg,1.890349,1.8899388,0.0004101686706543539
aes128,sa22_sr[2],train,opencores_aes,crypto_checksum,reg_to_reg,1.893497,1.8931266,0.00037039305877684114
aes128,sa22_sr[3],train,opencores_aes,crypto_checksum,reg_to_reg,1.881352,1.8818402,0.00048822903442391485
aes128,sa22_sr[4],train,opencores_aes,crypto_checksum,reg_to_reg,1.863097,1.862838,0.00025897013854980777
aes128,sa22_sr[5],train,opencores_aes,crypto_checksum,reg_to_reg,1.877184,1.8777115,0.0005275345001221066
aes128,sa22_sr[6],train,opencores_aes,crypto_checksum,reg_to_reg,1.887388,1.8877442,0.0003561883087157547
aes128,sa22_sr[7],train,opencores_aes,crypto_checksum,reg_to_reg,1.869337,1.8703042,0.0009672268753051494
aes128,sa23_sr[0],train,opencores_aes,crypto_checksum,reg_to_reg,1.9223,1.9225547,0.000254731369018657
aes128,sa23_sr[1],train,opencores_aes,crypto_checksum,reg_to_reg,1.941555,1.9415281,2.6918106079021342e-05
aes128,sa23_sr[2],train,opencores_aes,crypto_checksum,reg_to_reg,1.933828,1.9337295,9.847061920176259e-05
aes128,sa23_sr[3],train,opencores_aes,crypto_checksum,reg_to_reg,1.970689,1.9695803,0.0011087072982787216
aes128,sa23_sr[4],train,opencores_aes,crypto_checksum,reg_to_reg,1.914328,1.9135842,0.000743767669677764
aes128,sa23_sr[5],train,opencores_aes,crypto_checksum,reg_to_reg,1.897916,1.8972578,0.0006581951293944677
aes128,sa23_sr[6],train,opencores_aes,crypto_checksum,reg_to_reg,1.929725,1.9298848,0.00015979137420663037
aes128,sa23_sr[7],train,opencores_aes,crypto_checksum,reg_to_reg,1.901579,1.9016179,3.8884635925384714e-05
aes128,sa30_sr[0],train,opencores_aes,crypto_checksum,reg_to_reg,1.93748,1.9366169,0.0008631024169922785
aes128,sa30_sr[1],train,opencores_aes,crypto_checksum,reg_to_reg,1.882312,1.883221,0.0009090302352905422
aes128,sa30_sr[2],train,opencores_aes,crypto_checksum,reg_to_reg,1.892604,1.892248,0.0003559655227660663
aes128,sa30_sr[3],train,opencores_aes,crypto_checksum,reg_to_reg,1.922498,1.9220403,0.0004576567153931066
aes128,sa30_sr[4],train,opencores_aes,crypto_checksum,reg_to_reg,1.886599,1.8869631,0.00036412904357918663
aes128,sa30_sr[5],train,opencores_aes,crypto_checksum,reg_to_reg,1.918609,1.9186796,7.059499359129973e-05
aes128,sa30_sr[6],train,opencores_aes,crypto_checksum,reg_to_reg,1.897397,1.8967469,0.0006501261444091799
aes128,sa30_sr[7],train,opencores_aes,crypto_checksum,reg_to_reg,1.857116,1.8576242,0.0005081731643676868
aes128,sa31_sr[0],train,opencores_aes,crypto_checksum,reg_to_reg,1.910648,1.9103667,0.0002813456039427731
aes128,sa31_sr[1],train,opencores_aes,crypto_checksum,reg_to_reg,1.860858,1.8618808,0.0010227792663575208
aes128,sa31_sr[2],train,opencores_aes,crypto_checksum,reg_to_reg,1.882366,1.8818482,0.0005177839431762532
aes128,sa31_sr[3],train,opencores_aes,crypto_checksum,reg_to_reg,1.829336,1.8324207,0.003084706748962329
aes128,sa31_sr[4],train,opencores_aes,crypto_checksum,reg_to_reg,1.883183,1.8841544,0.0009714389724730932
aes128,sa31_sr[5],train,opencores_aes,crypto_checksum,reg_to_reg,1.856932,1.8574042,0.00047223202514645735
aes128,sa31_sr[6],train,opencores_aes,crypto_checksum,reg_to_reg,1.8595,1.8610734,0.0015733747482300497
aes128,sa31_sr[7],train,opencores_aes,crypto_checksum,reg_to_reg,1.886455,1.8873917,0.0009366864395141672
aes128,sa32_sr[0],train,opencores_aes,crypto_checksum,reg_to_reg,1.936489,1.9362257,0.0002633473052977564
aes128,sa32_sr[1],train,opencores_aes,crypto_checksum,reg_to_reg,1.948777,1.9487367,4.033236694334086e-05
aes128,sa32_sr[2],train,opencores_aes,crypto_checksum,reg_to_reg,1.934634,1.9339471,0.0006869136657714492
aes128,sa32_sr[3],train,opencores_aes,crypto_checksum,reg_to_reg,1.9129,1.9124411,0.00045886554718022055
aes128,sa32_sr[4],train,opencores_aes,crypto_checksum,reg_to_reg,1.908195,1.9078754,0.0003195813369751832
aes128,sa32_sr[5],train,opencores_aes,crypto_checksum,reg_to_reg,1.904837,1.9054202,0.0005831841354371203
aes128,sa32_sr[6],train,opencores_aes,crypto_checksum,reg_to_reg,1.984541,1.984087,0.000454009643554798
aes128,sa32_sr[7],train,opencores_aes,crypto_checksum,reg_to_reg,1.922416,1.9228766,0.0004605964508057614
aes128,sa33_sr[0],train,opencores_aes,crypto_checksum,reg_to_reg,1.941136,1.9407121,0.0004239056930541718
aes128,sa33_sr[1],train,opencores_aes,crypto_checksum,reg_to_reg,1.884637,1.884746,0.00010895546722422544
aes128,sa33_sr[2],train,opencores_aes,crypto_checksum,reg_to_reg,1.851783,1.8549092,0.003126181594848676
aes128,sa33_sr[3],train,opencores_aes,crypto_checksum,reg_to_reg,1.884283,1.8827281,0.0015549001770018833
aes128,sa33_sr[4],train,opencores_aes,crypto_checksum,reg_to_reg,1.949365,1.9480358,0.0013291637802124168
aes128,sa33_sr[5],train,opencores_aes,crypto_checksum,reg_to_reg,1.912963,1.9127098,0.00025316780853268384
aes128,sa33_sr[6],train,opencores_aes,crypto_checksum,reg_to_reg,1.931566,1.9314228,0.0001431703720091715
aes128,sa33_sr[7],train,opencores_aes,crypto_checksum,reg_to_reg,1.874147,1.8744943,0.0003473141937255786
aes128,text_in_r[0],train,opencores_aes,crypto_checksum,input_to_reg,1.072093,1.0720417,5.1250045776329856e-05
aes128,text_in_r[100],train,opencores_aes,crypto_checksum,input_to_reg,1.072093,1.0720417,5.1250045776329856e-05
aes128,text_in_r[101],train,opencores_aes,crypto_checksum,input_to_reg,1.072093,1.0720417,5.1250045776329856e-05
aes128,text_in_r[102],train,opencores_aes,crypto_checksum,input_to_reg,1.072093,1.0720417,5.1250045776329856e-05
aes128,text_in_r[103],train,opencores_aes,crypto_checksum,input_to_reg,1.072093,1.0720417,5.1250045776329856e-05
aes128,text_in_r[104],train,opencores_aes,crypto_checksum,input_to_reg,1.072093,1.0720417,5.1250045776329856e-05
aes128,text_in_r[105],train,opencores_aes,crypto_checksum,input_to_reg,1.072093,1.0720417,5.1250045776329856e-05
aes128,text_in_r[106],train,opencores_aes,crypto_checksum,input_to_reg,1.072093,1.0720417,5.1250045776329856e-05
aes128,text_in_r[107],train,opencores_aes,crypto_checksum,input_to_reg,1.072093,1.0720417,5.1250045776329856e-05
aes128,text_in_r[108],train,opencores_aes,crypto_checksum,input_to_reg,1.072093,1.0720417,5.1250045776329856e-05
aes128,text_in_r[109],train,opencores_aes,crypto_checksum,input_to_reg,1.072093,1.0720417,5.1250045776329856e-05
aes128,text_in_r[10],train,opencores_aes,crypto_checksum,input_to_reg,1.072093,1.0720417,5.1250045776329856e-05
aes128,text_in_r[110],train,opencores_aes,crypto_checksum,input_to_reg,1.072093,1.0720417,5.1250045776329856e-05
aes128,text_in_r[111],train,opencores_aes,crypto_checksum,input_to_reg,1.072093,1.0720417,5.1250045776329856e-05
aes128,text_in_r[112],train,opencores_aes,crypto_checksum,input_to_reg,1.072093,1.0720417,5.1250045776329856e-05
aes128,text_in_r[113],train,opencores_aes,crypto_checksum,input_to_reg,1.072093,1.0720417,5.1250045776329856e-05
aes128,text_in_r[114],train,opencores_aes,crypto_checksum,input_to_reg,1.072093,1.0720417,5.1250045776329856e-05
aes128,text_in_r[115],train,opencores_aes,crypto_checksum,input_to_reg,1.072093,1.0720417,5.1250045776329856e-05
aes128,text_in_r[116],train,opencores_aes,crypto_checksum,input_to_reg,1.072093,1.0720417,5.1250045776329856e-05
aes128,text_in_r[117],train,opencores_aes,crypto_checksum,input_to_reg,1.072093,1.0720417,5.1250045776329856e-05
aes128,text_in_r[118],train,opencores_aes,crypto_checksum,input_to_reg,1.072093,1.0720417,5.1250045776329856e-05
aes128,text_in_r[119],train,opencores_aes,crypto_checksum,input_to_reg,1.072093,1.0720417,5.1250045776329856e-05
aes128,text_in_r[11],train,opencores_aes,crypto_checksum,input_to_reg,1.072093,1.0720417,5.1250045776329856e-05
aes128,text_in_r[120],train,opencores_aes,crypto_checksum,input_to_reg,1.072093,1.0720417,5.1250045776329856e-05
aes128,text_in_r[121],train,opencores_aes,crypto_checksum,input_to_reg,1.072093,1.0720417,5.1250045776329856e-05
aes128,text_in_r[122],train,opencores_aes,crypto_checksum,input_to_reg,1.072093,1.0720417,5.1250045776329856e-05
aes128,text_in_r[123],train,opencores_aes,crypto_checksum,input_to_reg,1.072093,1.0720417,5.1250045776329856e-05
aes128,text_in_r[124],train,opencores_aes,crypto_checksum,input_to_reg,1.072093,1.0720417,5.1250045776329856e-05
aes128,text_in_r[125],train,opencores_aes,crypto_checksum,input_to_reg,1.072093,1.0720417,5.1250045776329856e-05
aes128,text_in_r[126],train,opencores_aes,crypto_checksum,input_to_reg,1.072093,1.0720417,5.1250045776329856e-05
aes128,text_in_r[127],train,opencores_aes,crypto_checksum,input_to_reg,1.072093,1.0720417,5.1250045776329856e-05
aes128,text_in_r[12],train,opencores_aes,crypto_checksum,input_to_reg,1.072093,1.0720417,5.1250045776329856e-05
aes128,text_in_r[13],train,opencores_aes,crypto_checksum,input_to_reg,1.072093,1.0720417,5.1250045776329856e-05
aes128,text_in_r[14],train,opencores_aes,crypto_checksum,input_to_reg,1.072093,1.0720417,5.1250045776329856e-05
aes128,text_in_r[15],train,opencores_aes,crypto_checksum,input_to_reg,1.072093,1.0720417,5.1250045776329856e-05
aes128,text_in_r[16],train,opencores_aes,crypto_checksum,input_to_reg,1.072093,1.0720417,5.1250045776329856e-05
aes128,text_in_r[17],train,opencores_aes,crypto_checksum,input_to_reg,1.072093,1.0720417,5.1250045776329856e-05
aes128,text_in_r[18],train,opencores_aes,crypto_checksum,input_to_reg,1.072093,1.0720417,5.1250045776329856e-05
aes128,text_in_r[19],train,opencores_aes,crypto_checksum,input_to_reg,1.072093,1.0720417,5.1250045776329856e-05
aes128,text_in_r[1],train,opencores_aes,crypto_checksum,input_to_reg,1.072093,1.0720417,5.1250045776329856e-05
aes128,text_in_r[20],train,opencores_aes,crypto_checksum,input_to_reg,1.072093,1.0720417,5.1250045776329856e-05
aes128,text_in_r[21],train,opencores_aes,crypto_checksum,input_to_reg,1.072093,1.0720417,5.1250045776329856e-05
aes128,text_in_r[22],train,opencores_aes,crypto_checksum,input_to_reg,1.072093,1.0720417,5.1250045776329856e-05
aes128,text_in_r[23],train,opencores_aes,crypto_checksum,input_to_reg,1.072093,1.0720417,5.1250045776329856e-05
aes128,text_in_r[24],train,opencores_aes,crypto_checksum,input_to_reg,1.072093,1.0720417,5.1250045776329856e-05
aes128,text_in_r[25],train,opencores_aes,crypto_checksum,input_to_reg,1.072093,1.0720417,5.1250045776329856e-05
aes128,text_in_r[26],train,opencores_aes,crypto_checksum,input_to_reg,1.072093,1.0720417,5.1250045776329856e-05
aes128,text_in_r[27],train,opencores_aes,crypto_checksum,input_to_reg,1.072093,1.0720417,5.1250045776329856e-05
aes128,text_in_r[28],train,opencores_aes,crypto_checksum,input_to_reg,1.072093,1.0720417,5.1250045776329856e-05
aes128,text_in_r[29],train,opencores_aes,crypto_checksum,input_to_reg,1.072093,1.0720417,5.1250045776329856e-05
aes128,text_in_r[2],train,opencores_aes,crypto_checksum,input_to_reg,1.072093,1.0720417,5.1250045776329856e-05
aes128,text_in_r[30],train,opencores_aes,crypto_checksum,input_to_reg,1.072093,1.0720417,5.1250045776329856e-05
aes128,text_in_r[31],train,opencores_aes,crypto_checksum,input_to_reg,1.072093,1.0720417,5.1250045776329856e-05
aes128,text_in_r[32],train,opencores_aes,crypto_checksum,input_to_reg,1.072093,1.0720417,5.1250045776329856e-05
aes128,text_in_r[33],train,opencores_aes,crypto_checksum,input_to_reg,1.072093,1.0720417,5.1250045776329856e-05
aes128,text_in_r[34],train,opencores_aes,crypto_checksum,input_to_reg,1.072093,1.0720417,5.1250045776329856e-05
aes128,text_in_r[35],train,opencores_aes,crypto_checksum,input_to_reg,1.072093,1.0720417,5.1250045776329856e-05
aes128,text_in_r[36],train,opencores_aes,crypto_checksum,input_to_reg,1.072093,1.0720417,5.1250045776329856e-05
aes128,text_in_r[37],train,opencores_aes,crypto_checksum,input_to_reg,1.072093,1.0720417,5.1250045776329856e-05
aes128,text_in_r[38],train,opencores_aes,crypto_checksum,input_to_reg,1.072093,1.0720417,5.1250045776329856e-05
aes128,text_in_r[39],train,opencores_aes,crypto_checksum,input_to_reg,1.072093,1.0720417,5.1250045776329856e-05
aes128,text_in_r[3],train,opencores_aes,crypto_checksum,input_to_reg,1.072093,1.0720417,5.1250045776329856e-05
aes128,text_in_r[40],train,opencores_aes,crypto_checksum,input_to_reg,1.072093,1.0720417,5.1250045776329856e-05
aes128,text_in_r[41],train,opencores_aes,crypto_checksum,input_to_reg,1.072093,1.0720417,5.1250045776329856e-05
aes128,text_in_r[42],train,opencores_aes,crypto_checksum,input_to_reg,1.072093,1.0720417,5.1250045776329856e-05
aes128,text_in_r[43],train,opencores_aes,crypto_checksum,input_to_reg,1.072093,1.0720417,5.1250045776329856e-05
aes128,text_in_r[44],train,opencores_aes,crypto_checksum,input_to_reg,1.072093,1.0720417,5.1250045776329856e-05
aes128,text_in_r[45],train,opencores_aes,crypto_checksum,input_to_reg,1.072093,1.0720417,5.1250045776329856e-05
aes128,text_in_r[46],train,opencores_aes,crypto_checksum,input_to_reg,1.072093,1.0720417,5.1250045776329856e-05
aes128,text_in_r[47],train,opencores_aes,crypto_checksum,input_to_reg,1.072093,1.0720417,5.1250045776329856e-05
aes128,text_in_r[48],train,opencores_aes,crypto_checksum,input_to_reg,1.072093,1.0720417,5.1250045776329856e-05
aes128,text_in_r[49],train,opencores_aes,crypto_checksum,input_to_reg,1.072093,1.0720417,5.1250045776329856e-05
aes128,text_in_r[4],train,opencores_aes,crypto_checksum,input_to_reg,1.072093,1.0720417,5.1250045776329856e-05
aes128,text_in_r[50],train,opencores_aes,crypto_checksum,input_to_reg,1.072093,1.0720417,5.1250045776329856e-05
aes128,text_in_r[51],train,opencores_aes,crypto_checksum,input_to_reg,1.072093,1.0720417,5.1250045776329856e-05
aes128,text_in_r[52],train,opencores_aes,crypto_checksum,input_to_reg,1.072093,1.0720417,5.1250045776329856e-05
aes128,text_in_r[53],train,opencores_aes,crypto_checksum,input_to_reg,1.072093,1.0720417,5.1250045776329856e-05
aes128,text_in_r[54],train,opencores_aes,crypto_checksum,input_to_reg,1.072093,1.0720417,5.1250045776329856e-05
aes128,text_in_r[55],train,opencores_aes,crypto_checksum,input_to_reg,1.072093,1.0720417,5.1250045776329856e-05
aes128,text_in_r[56],train,opencores_aes,crypto_checksum,input_to_reg,1.072093,1.0720417,5.1250045776329856e-05
aes128,text_in_r[57],train,opencores_aes,crypto_checksum,input_to_reg,1.072093,1.0720417,5.1250045776329856e-05
aes128,text_in_r[58],train,opencores_aes,crypto_checksum,input_to_reg,1.072093,1.0720417,5.1250045776329856e-05
aes128,text_in_r[59],train,opencores_aes,crypto_checksum,input_to_reg,1.072093,1.0720417,5.1250045776329856e-05
aes128,text_in_r[5],train,opencores_aes,crypto_checksum,input_to_reg,1.072093,1.0720417,5.1250045776329856e-05
aes128,text_in_r[60],train,opencores_aes,crypto_checksum,input_to_reg,1.072093,1.0720417,5.1250045776329856e-05
aes128,text_in_r[61],train,opencores_aes,crypto_checksum,input_to_reg,1.072093,1.0720417,5.1250045776329856e-05
aes128,text_in_r[62],train,opencores_aes,crypto_checksum,input_to_reg,1.072093,1.0720417,5.1250045776329856e-05
aes128,text_in_r[63],train,opencores_aes,crypto_checksum,input_to_reg,1.072093,1.0720417,5.1250045776329856e-05
aes128,text_in_r[64],train,opencores_aes,crypto_checksum,input_to_reg,1.072093,1.0720417,5.1250045776329856e-05
aes128,text_in_r[65],train,opencores_aes,crypto_checksum,input_to_reg,1.072093,1.0720417,5.1250045776329856e-05
aes128,text_in_r[66],train,opencores_aes,crypto_checksum,input_to_reg,1.072093,1.0720417,5.1250045776329856e-05
aes128,text_in_r[67],train,opencores_aes,crypto_checksum,input_to_reg,1.072093,1.0720417,5.1250045776329856e-05
aes128,text_in_r[68],train,opencores_aes,crypto_checksum,input_to_reg,1.072093,1.0720417,5.1250045776329856e-05
aes128,text_in_r[69],train,opencores_aes,crypto_checksum,input_to_reg,1.072093,1.0720417,5.1250045776329856e-05
aes128,text_in_r[6],train,opencores_aes,crypto_checksum,input_to_reg,1.072093,1.0720417,5.1250045776329856e-05
aes128,text_in_r[70],train,opencores_aes,crypto_checksum,input_to_reg,1.072093,1.0720417,5.1250045776329856e-05
aes128,text_in_r[71],train,opencores_aes,crypto_checksum,input_to_reg,1.072093,1.0720417,5.1250045776329856e-05
aes128,text_in_r[72],train,opencores_aes,crypto_checksum,input_to_reg,1.072093,1.0720417,5.1250045776329856e-05
aes128,text_in_r[73],train,opencores_aes,crypto_checksum,input_to_reg,1.072093,1.0720417,5.1250045776329856e-05
aes128,text_in_r[74],train,opencores_aes,crypto_checksum,input_to_reg,1.072093,1.0720417,5.1250045776329856e-05
aes128,text_in_r[75],train,opencores_aes,crypto_checksum,input_to_reg,1.072093,1.0720417,5.1250045776329856e-05
aes128,text_in_r[76],train,opencores_aes,crypto_checksum,input_to_reg,1.072093,1.0720417,5.1250045776329856e-05
aes128,text_in_r[77],train,opencores_aes,crypto_checksum,input_to_reg,1.072093,1.0720417,5.1250045776329856e-05
aes128,text_in_r[78],train,opencores_aes,crypto_checksum,input_to_reg,1.072093,1.0720417,5.1250045776329856e-05
aes128,text_in_r[79],train,opencores_aes,crypto_checksum,input_to_reg,1.072093,1.0720417,5.1250045776329856e-05
aes128,text_in_r[7],train,opencores_aes,crypto_checksum,input_to_reg,1.072093,1.0720417,5.1250045776329856e-05
aes128,text_in_r[80],train,opencores_aes,crypto_checksum,input_to_reg,1.072093,1.0720417,5.1250045776329856e-05
aes128,text_in_r[81],train,opencores_aes,crypto_checksum,input_to_reg,1.072093,1.0720417,5.1250045776329856e-05
aes128,text_in_r[82],train,opencores_aes,crypto_checksum,input_to_reg,1.072093,1.0720417,5.1250045776329856e-05
aes128,text_in_r[83],train,opencores_aes,crypto_checksum,input_to_reg,1.072093,1.0720417,5.1250045776329856e-05
aes128,text_in_r[84],train,opencores_aes,crypto_checksum,input_to_reg,1.072093,1.0720417,5.1250045776329856e-05
aes128,text_in_r[85],train,opencores_aes,crypto_checksum,input_to_reg,1.072093,1.0720417,5.1250045776329856e-05
aes128,text_in_r[86],train,opencores_aes,crypto_checksum,input_to_reg,1.072093,1.0720417,5.1250045776329856e-05
aes128,text_in_r[87],train,opencores_aes,crypto_checksum,input_to_reg,1.072093,1.0720417,5.1250045776329856e-05
aes128,text_in_r[88],train,opencores_aes,crypto_checksum,input_to_reg,1.072093,1.0720417,5.1250045776329856e-05
aes128,text_in_r[89],train,opencores_aes,crypto_checksum,input_to_reg,1.072093,1.0720417,5.1250045776329856e-05
aes128,text_in_r[8],train,opencores_aes,crypto_checksum,input_to_reg,1.072093,1.0720417,5.1250045776329856e-05
aes128,text_in_r[90],train,opencores_aes,crypto_checksum,input_to_reg,1.072093,1.0720417,5.1250045776329856e-05
aes128,text_in_r[91],train,opencores_aes,crypto_checksum,input_to_reg,1.072093,1.0720417,5.1250045776329856e-05
aes128,text_in_r[92],train,opencores_aes,crypto_checksum,input_to_reg,1.072093,1.0720417,5.1250045776329856e-05
aes128,text_in_r[93],train,opencores_aes,crypto_checksum,input_to_reg,1.072093,1.0720417,5.1250045776329856e-05
aes128,text_in_r[94],train,opencores_aes,crypto_checksum,input_to_reg,1.072093,1.0720417,5.1250045776329856e-05
aes128,text_in_r[95],train,opencores_aes,crypto_checksum,input_to_reg,1.072093,1.0720417,5.1250045776329856e-05
aes128,text_in_r[96],train,opencores_aes,crypto_checksum,input_to_reg,1.072093,1.0720417,5.1250045776329856e-05
aes128,text_in_r[97],train,opencores_aes,crypto_checksum,input_to_reg,1.072093,1.0720417,5.1250045776329856e-05
aes128,text_in_r[98],train,opencores_aes,crypto_checksum,input_to_reg,1.072093,1.0720417,5.1250045776329856e-05
aes128,text_in_r[99],train,opencores_aes,crypto_checksum,input_to_reg,1.072093,1.0720417,5.1250045776329856e-05
aes128,text_in_r[9],train,opencores_aes,crypto_checksum,input_to_reg,1.072093,1.0720417,5.1250045776329856e-05
aes128,text_out[0],train,opencores_aes,crypto_checksum,reg_to_reg,0.168249,0.16368249,0.004566509412765513
aes128,text_out[100],train,opencores_aes,crypto_checksum,reg_to_reg,0.167293,0.16776949,0.0004764916725158719
aes128,text_out[101],train,opencores_aes,crypto_checksum,reg_to_reg,0.162129,0.16302522,0.0008962152681350755
aes128,text_out[102],train,opencores_aes,crypto_checksum,reg_to_reg,0.174515,0.17528069,0.0007656901931762661
aes128,text_out[103],train,opencores_aes,crypto_checksum,reg_to_reg,0.186007,0.18533474,0.0006722579307556209
aes128,text_out[104],train,opencores_aes,crypto_checksum,reg_to_reg,0.162129,0.16305026,0.0009212641201019334
aes128,text_out[105],train,opencores_aes,crypto_checksum,reg_to_reg,0.168616,0.16882528,0.00020928364658356902
aes128,text_out[106],train,opencores_aes,crypto_checksum,reg_to_reg,0.167293,0.16776949,0.0004764916725158719
aes128,text_out[107],train,opencores_aes,crypto_checksum,reg_to_reg,0.167293,0.16776949,0.0004764916725158719
aes128,text_out[108],train,opencores_aes,crypto_checksum,reg_to_reg,0.162129,0.16368249,0.0015534905872345017
aes128,text_out[109],train,opencores_aes,crypto_checksum,reg_to_reg,0.168618,0.16882528,0.00020728364658356702
aes128,text_out[10],train,opencores_aes,crypto_checksum,reg_to_reg,0.173558,0.16825254,0.0053054573850631614
aes128,text_out[110],train,opencores_aes,crypto_checksum,reg_to_reg,0.162129,0.16302522,0.0008962152681350755
aes128,text_out[111],train,opencores_aes,crypto_checksum,reg_to_reg,0.183859,0.18444724,0.0005882438097000176
aes128,text_out[112],train,opencores_aes,crypto_checksum,reg_to_reg,0.162129,0.16368249,0.0015534905872345017
aes128,text_out[113],train,opencores_aes,crypto_checksum,reg_to_reg,0.162129,0.16368249,0.0015534905872345017
aes128,text_out[114],train,opencores_aes,crypto_checksum,reg_to_reg,0.162129,0.16368249,0.0015534905872345017
aes128,text_out[115],train,opencores_aes,crypto_checksum,reg_to_reg,0.162129,0.16368249,0.0015534905872345017
aes128,text_out[116],train,opencores_aes,crypto_checksum,reg_to_reg,0.162129,0.16305026,0.0009212641201019334
aes128,text_out[117],train,opencores_aes,crypto_checksum,reg_to_reg,0.162129,0.16302522,0.0008962152681350755
aes128,text_out[118],train,opencores_aes,crypto_checksum,reg_to_reg,0.162129,0.16305026,0.0009212641201019334
aes128,text_out[119],train,opencores_aes,crypto_checksum,reg_to_reg,0.189384,0.191444,0.0020599946413040193
aes128,text_out[11],train,opencores_aes,crypto_checksum,reg_to_reg,0.167295,0.16825254,0.0009575426149368294
aes128,text_out[120],train,opencores_aes,crypto_checksum,reg_to_reg,0.163372,0.16368249,0.0003104905872345076
aes128,text_out[121],train,opencores_aes,crypto_checksum,reg_to_reg,0.163372,0.16350804,0.0001360426931381331
aes128,text_out[122],train,opencores_aes,crypto_checksum,reg_to_reg,0.162353,0.16350804,0.0011550426931381252
aes128,text_out[123],train,opencores_aes,crypto_checksum,reg_to_reg,0.162129,0.16368249,0.0015534905872345017
aes128,text_out[124],train,opencores_aes,crypto_checksum,reg_to_reg,0.162942,0.16350804,0.0005660426931381191
aes128,text_out[125],train,opencores_aes,crypto_checksum,reg_to_reg,0.162129,0.16244715,0.00031815452194214333
aes128,text_out[126],train,opencores_aes,crypto_checksum,reg_to_reg,0.168618,0.16882528,0.00020728364658356702
aes128,text_out[127],train,opencores_aes,crypto_checksum,reg_to_reg,0.182682,0.18428326,0.0016012565307617077
aes128,text_out[12],train,opencores_aes,crypto_checksum,reg_to_reg,0.157411,0.16173269,0.00432168854618073
aes128,text_out[13],train,opencores_aes,crypto_checksum,reg_to_reg,0.163309,0.16390504,0.0005960394296646021
aes128,text_out[14],train,opencores_aes,crypto_checksum,reg_to_reg,0.168251,0.16805372,0.00019728357887269232
aes128,text_out[15],train,opencores_aes,crypto_checksum,reg_to_reg,0.191386,0.191444,5.799464130401555e-05
aes128,text_out[16],train,opencores_aes,crypto_checksum,reg_to_reg,0.161396,0.16368249,0.0022864905872344854
aes128,text_out[17],train,opencores_aes,crypto_checksum,reg_to_reg,0.161986,0.16368249,0.001696490587234506
aes128,text_out[18],train,opencores_aes,crypto_checksum,reg_to_reg,0.161029,0.16302522,0.0019962152681350653
aes128,text_out[19],train,opencores_aes,crypto_checksum,reg_to_reg,0.161986,0.16368249,0.001696490587234506
aes128,text_out[1],train,opencores_aes,crypto_checksum,reg_to_reg,0.167293,0.16825254,0.0009595426149368314
aes128,text_out[20],train,opencores_aes,crypto_checksum,reg_to_reg,0.161854,0.16173269,0.00012131145381927277
aes128,text_out[21],train,opencores_aes,crypto_checksum,reg_to_reg,0.161029,0.16302522,0.0019962152681350653
aes128,text_out[22],train,opencores_aes,crypto_checksum,reg_to_reg,0.161986,0.16368249,0.001696490587234506
aes128,text_out[23],train,opencores_aes,crypto_checksum,reg_to_reg,0.185516,0.18444724,0.0010687561902999743
aes128,text_out[24],train,opencores_aes,crypto_checksum,reg_to_reg,0.166221,0.16368249,0.0025385094127655106
aes128,text_out[25],train,opencores_aes,crypto_checksum,reg_to_reg,0.1601,0.16173269,0.0016326885461807328
aes128,text_out[26],train,opencores_aes,crypto_checksum,reg_to_reg,0.162942,0.16350804,0.0005660426931381191
aes128,text_out[27],train,opencores_aes,crypto_checksum,reg_to_reg,0.161984,0.16368249,0.001698490587234508
aes128,text_out[28],train,opencores_aes,crypto_checksum,reg_to_reg,0.168251,0.16805372,0.00019728357887269232
aes128,text_out[29],train,opencores_aes,crypto_checksum,reg_to_reg,0.162942,0.16350804,0.0005660426931381191
aes128,text_out[2],train,opencores_aes,crypto_checksum,reg_to_reg,0.169207,0.16882528,0.00038171635341643917
aes128,text_out[30],train,opencores_aes,crypto_checksum,reg_to_reg,0.162942,0.16350804,0.0005660426931381191
aes128,text_out[31],train,opencores_aes,crypto_checksum,reg_to_reg,0.175196,0.17528069,8.46901931762789e-05
aes128,text_out[32],train,opencores_aes,crypto_checksum,reg_to_reg,0.168249,0.16368249,0.004566509412765513
aes128,text_out[33],train,opencores_aes,crypto_checksum,reg_to_reg,0.167293,0.16776949,0.0004764916725158719
aes128,text_out[34],train,opencores_aes,crypto_checksum,reg_to_reg,0.169207,0.16882528,0.00038171635341643917
aes128,text_out[35],train,opencores_aes,crypto_checksum,reg_to_reg,0.169207,0.16882528,0.00038171635341643917
aes128,text_out[36],train,opencores_aes,crypto_checksum,reg_to_reg,0.167295,0.16776949,0.0004744916725158699
aes128,text_out[37],train,opencores_aes,crypto_checksum,reg_to_reg,0.165056,0.16302522,0.0020307847318649375
aes128,text_out[38],train,opencores_aes,crypto_checksum,reg_to_reg,0.173558,0.17528069,0.0017226901931762795
aes128,text_out[39],train,opencores_aes,crypto_checksum,reg_to_reg,0.186007,0.18533474,0.0006722579307556209
aes128,text_out[3],train,opencores_aes,crypto_checksum,reg_to_reg,0.169207,0.16882528,0.00038171635341643917
aes128,text_out[40],train,opencores_aes,crypto_checksum,reg_to_reg,0.168036,0.16305026,0.004985735879898062
aes128,text_out[41],train,opencores_aes,crypto_checksum,reg_to_reg,0.175473,0.17528069,0.00019230980682372056
aes128,text_out[42],train,opencores_aes,crypto_checksum,reg_to_reg,0.173558,0.16776949,0.005788508327484121
aes128,text_out[43],train,opencores_aes,crypto_checksum,reg_to_reg,0.167293,0.16776949,0.0004764916725158719
aes128,text_out[44],train,opencores_aes,crypto_checksum,reg_to_reg,0.165056,0.16305026,0.0020057358798980796
aes128,text_out[45],train,opencores_aes,crypto_checksum,reg_to_reg,0.165056,0.16390504,0.0011509605703353964
aes128,text_out[46],train,opencores_aes,crypto_checksum,reg_to_reg,0.168251,0.16805372,0.00019728357887269232
aes128,text_out[47],train,opencores_aes,crypto_checksum,reg_to_reg,0.191386,0.191444,5.799464130401555e-05
aes128,text_out[48],train,opencores_aes,crypto_checksum,reg_to_reg,0.168036,0.16368249,0.004353509412765494
aes128,text_out[49],train,opencores_aes,crypto_checksum,reg_to_reg,0.168036,0.16368249,0.004353509412765494
aes128,text_out[4],train,opencores_aes,crypto_checksum,reg_to_reg,0.167295,0.16825254,0.0009575426149368294
aes128,text_out[50],train,opencores_aes,crypto_checksum,reg_to_reg,0.168036,0.16302522,0.00501078473186492
aes128,text_out[51],train,opencores_aes,crypto_checksum,reg_to_reg,0.162129,0.16368249,0.0015534905872345017
aes128,text_out[52],train,opencores_aes,crypto_checksum,reg_to_reg,0.162129,0.16305026,0.0009212641201019334
aes128,text_out[53],train,opencores_aes,crypto_checksum,reg_to_reg,0.165056,0.16302522,0.0020307847318649375
aes128,text_out[54],train,opencores_aes,crypto_checksum,reg_to_reg,0.165056,0.16368249,0.0013735094127655112
aes128,text_out[55],train,opencores_aes,crypto_checksum,reg_to_reg,0.185516,0.18444724,0.0010687561902999743
aes128,text_out[56],train,opencores_aes,crypto_checksum,reg_to_reg,0.163718,0.16368249,3.5509412765505344e-05
aes128,text_out[57],train,opencores_aes,crypto_checksum,reg_to_reg,0.163718,0.16351716,0.0002008377962112451
aes128,text_out[58],train,opencores_aes,crypto_checksum,reg_to_reg,0.163718,0.16350804,0.00020995730686187986
aes128,text_out[59],train,opencores_aes,crypto_checksum,reg_to_reg,0.163031,0.16368249,0.0006514905872344878
aes128,text_out[5],train,opencores_aes,crypto_checksum,reg_to_reg,0.161028,0.16302522,0.0019972152681350663
aes128,text_out[60],train,opencores_aes,crypto_checksum,reg_to_reg,0.168251,0.16805372,0.00019728357887269232
aes128,text_out[61],train,opencores_aes,crypto_checksum,reg_to_reg,0.163031,0.16350804,0.0004770426931381133
aes128,text_out[62],train,opencores_aes,crypto_checksum,reg_to_reg,0.163031,0.16350804,0.0004770426931381133
aes128,text_out[63],train,opencores_aes,crypto_checksum,reg_to_reg,0.175196,0.17528069,8.46901931762789e-05
aes128,text_out[64],train,opencores_aes,crypto_checksum,reg_to_reg,0.168248,0.16368249,0.004565509412765512
aes128,text_out[65],train,opencores_aes,crypto_checksum,reg_to_reg,0.167293,0.16776949,0.0004764916725158719
aes128,text_out[66],train,opencores_aes,crypto_checksum,reg_to_reg,0.168251,0.16805372,0.00019728357887269232
aes128,text_out[67],train,opencores_aes,crypto_checksum,reg_to_reg,0.169207,0.16882528,0.00038171635341643917
aes128,text_out[68],train,opencores_aes,crypto_checksum,reg_to_reg,0.167293,0.16776949,0.0004764916725158719
aes128,text_out[69],train,opencores_aes,crypto_checksum,reg_to_reg,0.162129,0.16302522,0.0008962152681350755
aes128,text_out[6],train,opencores_aes,crypto_checksum,reg_to_reg,0.173558,0.17528069,0.0017226901931762795
aes128,text_out[70],train,opencores_aes,crypto_checksum,reg_to_reg,0.174516,0.17528069,0.0007646901931762651
aes128,text_out[71],train,opencores_aes,crypto_checksum,reg_to_reg,0.186007,0.18533474,0.0006722579307556209
aes128,text_out[72],train,opencores_aes,crypto_checksum,reg_to_reg,0.162129,0.16305026,0.0009212641201019334
aes128,text_out[73],train,opencores_aes,crypto_checksum,reg_to_reg,0.168618,0.16882528,0.00020728364658356702
aes128,text_out[74],train,opencores_aes,crypto_checksum,reg_to_reg,0.167293,0.16776949,0.0004764916725158719
aes128,text_out[75],train,opencores_aes,crypto_checksum,reg_to_reg,0.167293,0.16776949,0.0004764916725158719
aes128,text_out[76],train,opencores_aes,crypto_checksum,reg_to_reg,0.162129,0.16368249,0.0015534905872345017
aes128,text_out[77],train,opencores_aes,crypto_checksum,reg_to_reg,0.168618,0.16882528,0.00020728364658356702
aes128,text_out[78],train,opencores_aes,crypto_checksum,reg_to_reg,0.162129,0.16302522,0.0008962152681350755
aes128,text_out[79],train,opencores_aes,crypto_checksum,reg_to_reg,0.184411,0.18444724,3.624380970002061e-05
aes128,text_out[7],train,opencores_aes,crypto_checksum,reg_to_reg,0.186007,0.18533474,0.0006722579307556209
aes128,text_out[80],train,opencores_aes,crypto_checksum,reg_to_reg,0.162129,0.16368249,0.0015534905872345017
aes128,text_out[81],train,opencores_aes,crypto_checksum,reg_to_reg,0.162129,0.16368249,0.0015534905872345017
aes128,text_out[82],train,opencores_aes,crypto_checksum,reg_to_reg,0.162129,0.16368249,0.0015534905872345017
aes128,text_out[83],train,opencores_aes,crypto_checksum,reg_to_reg,0.162129,0.16368249,0.0015534905872345017
aes128,text_out[84],train,opencores_aes,crypto_checksum,reg_to_reg,0.162129,0.16305026,0.0009212641201019334
aes128,text_out[85],train,opencores_aes,crypto_checksum,reg_to_reg,0.162129,0.16302522,0.0008962152681350755
aes128,text_out[86],train,opencores_aes,crypto_checksum,reg_to_reg,0.162129,0.16305026,0.0009212641201019334
aes128,text_out[87],train,opencores_aes,crypto_checksum,reg_to_reg,0.184066,0.18428326,0.00021725653076171136
aes128,text_out[88],train,opencores_aes,crypto_checksum,reg_to_reg,0.165875,0.1639606,0.001914394140243525
aes128,text_out[89],train,opencores_aes,crypto_checksum,reg_to_reg,0.165875,0.1639606,0.001914394140243525
aes128,text_out[8],train,opencores_aes,crypto_checksum,reg_to_reg,0.167481,0.16173269,0.005748311453819266
aes128,text_out[90],train,opencores_aes,crypto_checksum,reg_to_reg,0.163224,0.1639606,0.0007366058597564618
aes128,text_out[91],train,opencores_aes,crypto_checksum,reg_to_reg,0.163226,0.1639606,0.0007346058597564598
aes128,text_out[92],train,opencores_aes,crypto_checksum,reg_to_reg,0.163226,0.1639606,0.0007346058597564598
aes128,text_out[93],train,opencores_aes,crypto_checksum,reg_to_reg,0.163226,0.1639606,0.0007346058597564598
aes128,text_out[94],train,opencores_aes,crypto_checksum,reg_to_reg,0.168618,0.16882528,0.00020728364658356702
aes128,text_out[95],train,opencores_aes,crypto_checksum,reg_to_reg,0.175752,0.17528069,0.00047130980682372203
aes128,text_out[96],train,opencores_aes,crypto_checksum,reg_to_reg,0.168248,0.16368249,0.004565509412765512
aes128,text_out[97],train,opencores_aes,crypto_checksum,reg_to_reg,0.167293,0.16776949,0.0004764916725158719
aes128,text_out[98],train,opencores_aes,crypto_checksum,reg_to_reg,0.168251,0.16805372,0.00019728357887269232
aes128,text_out[99],train,opencores_aes,crypto_checksum,reg_to_reg,0.169207,0.16882528,0.00038171635341643917
aes128,text_out[9],train,opencores_aes,crypto_checksum,reg_to_reg,0.175473,0.17528069,0.00019230980682372056
aes128,u0.r0.rcnt[0],train,opencores_aes,crypto_checksum,input_to_reg,1.036377,1.0361916,0.00018541732025156854
aes128,u0.r0.rcnt[1],train,opencores_aes,crypto_checksum,input_to_reg,1.036377,1.0362282,0.0001488200683594787
aes128,u0.r0.rcnt[2],train,opencores_aes,crypto_checksum,input_to_reg,1.036377,1.0368624,0.00048537335205067755
aes128,u0.r0.rcnt[3],train,opencores_aes,crypto_checksum,input_to_reg,1.036377,1.036899,0.0005219706039427674
aes128,u0.rcon[24],train,opencores_aes,crypto_checksum,input_to_reg,1.397692,1.3973371,0.00035492095184319616
aes128,u0.rcon[25],train,opencores_aes,crypto_checksum,input_to_reg,1.07628,1.079257,0.0029770114135743153
aes128,u0.rcon[26],train,opencores_aes,crypto_checksum,input_to_reg,1.102141,1.101762,0.0003789436492920295
aes128,u0.rcon[27],train,opencores_aes,crypto_checksum,input_to_reg,1.456481,1.4566778,0.000196794456482019
aes128,u0.rcon[28],train,opencores_aes,crypto_checksum,input_to_reg,1.036377,1.0368494,0.0004723795394896424
aes128,u0.rcon[29],train,opencores_aes,crypto_checksum,input_to_reg,1.119909,1.1213865,0.0014775280151366754
aes128,u0.rcon[30],train,opencores_aes,crypto_checksum,input_to_reg,1.121842,1.1212817,0.0005602569503784238
aes128,u0.rcon[31],train,opencores_aes,crypto_checksum,input_to_reg,1.121842,1.1212817,0.0005602569503784238
aes128,u0.subword[0],train,opencores_aes,crypto_checksum,input_to_reg,2.165375,2.1655793,0.0002043190002440909
aes128,u0.subword[10],train,opencores_aes,crypto_checksum,input_to_reg,1.994066,1.9938195,0.00024652482604969883
aes128,u0.subword[11],train,opencores_aes,crypto_checksum,input_to_reg,1.982385,1.9814129,0.0009721124267578762
aes128,u0.subword[12],train,opencores_aes,crypto_checksum,input_to_reg,1.990223,1.9904517,0.00022869353485099886
aes128,u0.subword[13],train,opencores_aes,crypto_checksum,input_to_reg,1.96609,1.9670334,0.0009433862304688567
aes128,u0.subword[14],train,opencores_aes,crypto_checksum,input_to_reg,1.975461,1.9759632,0.0005022349014283112
aes128,u0.subword[15],train,opencores_aes,crypto_checksum,input_to_reg,1.97052,1.9724485,0.001928468208312939
aes128,u0.subword[16],train,opencores_aes,crypto_checksum,input_to_reg,2.145836,2.1456082,0.00022781327819831887
aes128,u0.subword[17],train,opencores_aes,crypto_checksum,input_to_reg,2.131712,2.1322398,0.0005278185729982177
aes128,u0.subword[18],train,opencores_aes,crypto_checksum,input_to_reg,2.128542,2.1283007,0.00024133319091790284
aes128,u0.subword[19],train,opencores_aes,crypto_checksum,input_to_reg,2.161461,2.160617,0.0008438868865967564
aes128,u0.subword[1],train,opencores_aes,crypto_checksum,input_to_reg,2.106983,2.1068182,0.00016480084228520653
aes128,u0.subword[20],train,opencores_aes,crypto_checksum,input_to_reg,2.114072,2.11282,0.0012520899505616967
aes128,u0.subword[21],train,opencores_aes,crypto_checksum,input_to_reg,2.128853,2.1284897,0.000363267257690314
aes128,u0.subword[22],train,opencores_aes,crypto_checksum,input_to_reg,2.127608,2.1274672,0.00014084454345697495
aes128,u0.subword[23],train,opencores_aes,crypto_checksum,input_to_reg,2.175395,2.174616,0.0007789015960693035
aes128,u0.subword[24],train,opencores_aes,crypto_checksum,input_to_reg,2.047082,2.0475054,0.000423378723144463
aes128,u0.subword[25],train,opencores_aes,crypto_checksum,input_to_reg,2.005312,2.0056615,0.0003494875793457197
aes128,u0.subword[26],train,opencores_aes,crypto_checksum,input_to_reg,2.039913,2.039697,0.00021606816101060744
aes128,u0.subword[27],train,opencores_aes,crypto_checksum,input_to_reg,1.994434,1.9944575,2.348329162593643e-05
aes128,u0.subword[28],train,opencores_aes,crypto_checksum,input_to_reg,1.998435,1.9995443,0.0011092628860474019
aes128,u0.subword[29],train,opencores_aes,crypto_checksum,input_to_reg,2.033788,2.0338428,5.4802047729562986e-05
aes128,u0.subword[2],train,opencores_aes,crypto_checksum,input_to_reg,2.144617,2.1436713,0.0009457258148195535
aes128,u0.subword[30],train,opencores_aes,crypto_checksum,input_to_reg,2.041682,2.0409813,0.0007007072753908439
aes128,u0.subword[31],train,opencores_aes,crypto_checksum,input_to_reg,2.020896,2.0207667,0.0001292649230957288
aes128,u0.subword[3],train,opencores_aes,crypto_checksum,input_to_reg,2.144337,2.1439006,0.00043636714172379243
aes128,u0.subword[4],train,opencores_aes,crypto_checksum,input_to_reg,2.137203,2.1368277,0.0003752927093505498
aes128,u0.subword[5],train,opencores_aes,crypto_checksum,input_to_reg,2.090238,2.090996,0.0007580269927980332
aes128,u0.subword[6],train,opencores_aes,crypto_checksum,input_to_reg,2.142582,2.1424608,0.00012117694091795528
aes128,u0.subword[7],train,opencores_aes,crypto_checksum,input_to_reg,2.174152,2.1740606,9.141688537583903e-05
aes128,u0.subword[8],train,opencores_aes,crypto_checksum,input_to_reg,2.033922,2.0337615,0.00016049868774414833
aes128,u0.subword[9],train,opencores_aes,crypto_checksum,input_to_reg,1.961377,1.9619828,0.0006058462600708747
aes128,w0[0],train,opencores_aes,crypto_checksum,input_to_reg,1.051226,1.0513483,0.00012232859039307264
aes128,w0[10],train,opencores_aes,crypto_checksum,input_to_reg,1.051226,1.0513483,0.00012232859039307264
aes128,w0[11],train,opencores_aes,crypto_checksum,input_to_reg,1.051226,1.0513483,0.00012232859039307264
aes128,w0[12],train,opencores_aes,crypto_checksum,input_to_reg,1.051226,1.0513483,0.00012232859039307264
aes128,w0[13],train,opencores_aes,crypto_checksum,input_to_reg,1.051226,1.0513483,0.00012232859039307264
aes128,w0[14],train,opencores_aes,crypto_checksum,input_to_reg,1.051226,1.0513483,0.00012232859039307264
aes128,w0[15],train,opencores_aes,crypto_checksum,input_to_reg,1.051226,1.0513483,0.00012232859039307264
aes128,w0[16],train,opencores_aes,crypto_checksum,input_to_reg,1.051226,1.0513483,0.00012232859039307264
aes128,w0[17],train,opencores_aes,crypto_checksum,input_to_reg,1.051226,1.0513483,0.00012232859039307264
aes128,w0[18],train,opencores_aes,crypto_checksum,input_to_reg,1.051226,1.0513483,0.00012232859039307264
aes128,w0[19],train,opencores_aes,crypto_checksum,input_to_reg,1.051226,1.0513483,0.00012232859039307264
aes128,w0[1],train,opencores_aes,crypto_checksum,input_to_reg,1.051226,1.0513483,0.00012232859039307264
aes128,w0[20],train,opencores_aes,crypto_checksum,input_to_reg,1.051226,1.0513483,0.00012232859039307264
aes128,w0[21],train,opencores_aes,crypto_checksum,input_to_reg,1.051226,1.0513483,0.00012232859039307264
aes128,w0[22],train,opencores_aes,crypto_checksum,input_to_reg,1.051226,1.0513483,0.00012232859039307264
aes128,w0[23],train,opencores_aes,crypto_checksum,input_to_reg,1.051226,1.0513483,0.00012232859039307264
aes128,w0[24],train,opencores_aes,crypto_checksum,input_to_reg,1.051226,1.3516695,0.3004435499420166
aes128,w0[25],train,opencores_aes,crypto_checksum,input_to_reg,1.051226,1.3516695,0.3004435499420166
aes128,w0[26],train,opencores_aes,crypto_checksum,input_to_reg,1.051226,1.3516695,0.3004435499420166
aes128,w0[27],train,opencores_aes,crypto_checksum,input_to_reg,1.051226,1.3516695,0.3004435499420166
aes128,w0[28],train,opencores_aes,crypto_checksum,input_to_reg,1.051226,1.3516695,0.3004435499420166
aes128,w0[29],train,opencores_aes,crypto_checksum,input_to_reg,1.082255,1.3516695,0.26941454994201663
aes128,w0[2],train,opencores_aes,crypto_checksum,input_to_reg,1.051226,1.0513483,0.00012232859039307264
aes128,w0[30],train,opencores_aes,crypto_checksum,input_to_reg,1.082255,1.3516695,0.26941454994201663
aes128,w0[31],train,opencores_aes,crypto_checksum,input_to_reg,1.051226,1.3516695,0.3004435499420166
aes128,w0[3],train,opencores_aes,crypto_checksum,input_to_reg,1.051226,1.0513483,0.00012232859039307264
aes128,w0[4],train,opencores_aes,crypto_checksum,input_to_reg,1.051226,1.0513483,0.00012232859039307264
aes128,w0[5],train,opencores_aes,crypto_checksum,input_to_reg,1.051226,1.0513483,0.00012232859039307264
aes128,w0[6],train,opencores_aes,crypto_checksum,input_to_reg,1.051226,1.0513483,0.00012232859039307264
aes128,w0[7],train,opencores_aes,crypto_checksum,input_to_reg,1.051226,1.0513483,0.00012232859039307264
aes128,w0[8],train,opencores_aes,crypto_checksum,input_to_reg,1.051226,1.0513483,0.00012232859039307264
aes128,w0[9],train,opencores_aes,crypto_checksum,input_to_reg,1.051226,1.0513483,0.00012232859039307264
aes128,w1[0],train,opencores_aes,crypto_checksum,input_to_reg,1.449305,1.3516695,0.09763545005798346
aes128,w1[10],train,opencores_aes,crypto_checksum,input_to_reg,1.449305,1.3516695,0.09763545005798346
aes128,w1[11],train,opencores_aes,crypto_checksum,input_to_reg,1.449305,1.3516695,0.09763545005798346
aes128,w1[12],train,opencores_aes,crypto_checksum,input_to_reg,1.449305,1.3516695,0.09763545005798346
aes128,w1[13],train,opencores_aes,crypto_checksum,input_to_reg,1.449305,1.3516695,0.09763545005798346
aes128,w1[14],train,opencores_aes,crypto_checksum,input_to_reg,1.449305,1.3516695,0.09763545005798346
aes128,w1[15],train,opencores_aes,crypto_checksum,input_to_reg,1.449305,1.3516695,0.09763545005798346
aes128,w1[16],train,opencores_aes,crypto_checksum,input_to_reg,1.449305,1.3516695,0.09763545005798346
aes128,w1[17],train,opencores_aes,crypto_checksum,input_to_reg,1.449305,1.3516695,0.09763545005798346
aes128,w1[18],train,opencores_aes,crypto_checksum,input_to_reg,1.449305,1.3516695,0.09763545005798346
aes128,w1[19],train,opencores_aes,crypto_checksum,input_to_reg,1.449305,1.3516695,0.09763545005798346
aes128,w1[1],train,opencores_aes,crypto_checksum,input_to_reg,1.449305,1.3516695,0.09763545005798346
aes128,w1[20],train,opencores_aes,crypto_checksum,input_to_reg,1.449305,1.3516695,0.09763545005798346
aes128,w1[21],train,opencores_aes,crypto_checksum,input_to_reg,1.449305,1.3516695,0.09763545005798346
aes128,w1[22],train,opencores_aes,crypto_checksum,input_to_reg,1.449305,1.3516695,0.09763545005798346
aes128,w1[23],train,opencores_aes,crypto_checksum,input_to_reg,1.449305,1.3516695,0.09763545005798346
aes128,w1[24],train,opencores_aes,crypto_checksum,input_to_reg,1.127768,1.1279697,0.0002017418212889588
aes128,w1[25],train,opencores_aes,crypto_checksum,input_to_reg,1.127768,1.1279697,0.0002017418212889588
aes128,w1[26],train,opencores_aes,crypto_checksum,input_to_reg,1.127768,1.1279697,0.0002017418212889588
aes128,w1[27],train,opencores_aes,crypto_checksum,input_to_reg,1.127768,1.1279697,0.0002017418212889588
aes128,w1[28],train,opencores_aes,crypto_checksum,input_to_reg,1.127768,1.1279697,0.0002017418212889588
aes128,w1[29],train,opencores_aes,crypto_checksum,input_to_reg,1.127768,1.1279697,0.0002017418212889588
aes128,w1[2],train,opencores_aes,crypto_checksum,input_to_reg,1.449305,1.3516695,0.09763545005798346
aes128,w1[30],train,opencores_aes,crypto_checksum,input_to_reg,1.127768,1.1279697,0.0002017418212889588
aes128,w1[31],train,opencores_aes,crypto_checksum,input_to_reg,1.449305,1.3962271,0.05307787864685065
aes128,w1[3],train,opencores_aes,crypto_checksum,input_to_reg,1.449305,1.3516695,0.09763545005798346
aes128,w1[4],train,opencores_aes,crypto_checksum,input_to_reg,1.449305,1.3516695,0.09763545005798346
aes128,w1[5],train,opencores_aes,crypto_checksum,input_to_reg,1.449305,1.3516695,0.09763545005798346
aes128,w1[6],train,opencores_aes,crypto_checksum,input_to_reg,1.449305,1.3516695,0.09763545005798346
aes128,w1[7],train,opencores_aes,crypto_checksum,input_to_reg,1.449305,1.3516695,0.09763545005798346
aes128,w1[8],train,opencores_aes,crypto_checksum,input_to_reg,1.449305,1.3516695,0.09763545005798346
aes128,w1[9],train,opencores_aes,crypto_checksum,input_to_reg,1.449305,1.3516695,0.09763545005798346
aes128,w2[0],train,opencores_aes,crypto_checksum,input_to_reg,1.449305,1.3962271,0.05307787864685065
aes128,w2[10],train,opencores_aes,crypto_checksum,input_to_reg,1.449305,1.3962271,0.05307787864685065
aes128,w2[11],train,opencores_aes,crypto_checksum,input_to_reg,1.051226,1.3962271,0.3450011213531494
aes128,w2[12],train,opencores_aes,crypto_checksum,input_to_reg,1.515802,1.3962271,0.11957487864685068
aes128,w2[13],train,opencores_aes,crypto_checksum,input_to_reg,1.515802,1.3962271,0.11957487864685068
aes128,w2[14],train,opencores_aes,crypto_checksum,input_to_reg,1.515802,1.3962271,0.11957487864685068
aes128,w2[15],train,opencores_aes,crypto_checksum,input_to_reg,1.515802,1.3962271,0.11957487864685068
aes128,w2[16],train,opencores_aes,crypto_checksum,input_to_reg,1.449305,1.3962271,0.05307787864685065
aes128,w2[17],train,opencores_aes,crypto_checksum,input_to_reg,1.449305,1.3962271,0.05307787864685065
aes128,w2[18],train,opencores_aes,crypto_checksum,input_to_reg,1.449305,1.3962271,0.05307787864685065
aes128,w2[19],train,opencores_aes,crypto_checksum,input_to_reg,1.051226,1.3962271,0.3450011213531494
aes128,w2[1],train,opencores_aes,crypto_checksum,input_to_reg,1.449305,1.3962271,0.05307787864685065
aes128,w2[20],train,opencores_aes,crypto_checksum,input_to_reg,1.051226,1.3962271,0.3450011213531494
aes128,w2[21],train,opencores_aes,crypto_checksum,input_to_reg,1.515802,1.3962271,0.11957487864685068
aes128,w2[22],train,opencores_aes,crypto_checksum,input_to_reg,1.515802,1.3962271,0.11957487864685068
aes128,w2[23],train,opencores_aes,crypto_checksum,input_to_reg,1.515802,1.3962271,0.11957487864685068
aes128,w2[24],train,opencores_aes,crypto_checksum,input_to_reg,1.449305,1.2350907,0.21421426742553717
aes128,w2[25],train,opencores_aes,crypto_checksum,input_to_reg,1.449305,1.2350907,0.21421426742553717
aes128,w2[26],train,opencores_aes,crypto_checksum,input_to_reg,1.449305,1.2350907,0.21421426742553717
aes128,w2[27],train,opencores_aes,crypto_checksum,input_to_reg,1.051226,1.2350907,0.1838647325744629
aes128,w2[28],train,opencores_aes,crypto_checksum,input_to_reg,1.082255,1.2350907,0.15283573257446292
aes128,w2[29],train,opencores_aes,crypto_checksum,input_to_reg,1.082255,1.2350907,0.15283573257446292
aes128,w2[2],train,opencores_aes,crypto_checksum,input_to_reg,1.449305,1.3962271,0.05307787864685065
aes128,w2[30],train,opencores_aes,crypto_checksum,input_to_reg,1.082255,1.2350907,0.15283573257446292
aes128,w2[31],train,opencores_aes,crypto_checksum,input_to_reg,1.457847,1.454409,0.003437996742248428
aes128,w2[3],train,opencores_aes,crypto_checksum,input_to_reg,1.051226,1.3962271,0.3450011213531494
aes128,w2[4],train,opencores_aes,crypto_checksum,input_to_reg,1.051226,1.3962271,0.3450011213531494
aes128,w2[5],train,opencores_aes,crypto_checksum,input_to_reg,1.515802,1.3962271,0.11957487864685068
aes128,w2[6],train,opencores_aes,crypto_checksum,input_to_reg,1.515802,1.3962271,0.11957487864685068
aes128,w2[7],train,opencores_aes,crypto_checksum,input_to_reg,1.515802,1.3962271,0.11957487864685068
aes128,w2[8],train,opencores_aes,crypto_checksum,input_to_reg,1.449305,1.3962271,0.05307787864685065
aes128,w2[9],train,opencores_aes,crypto_checksum,input_to_reg,1.449305,1.3962271,0.05307787864685065
aes128,w3[0],train,opencores_aes,crypto_checksum,input_to_reg,1.640775,1.6405656,0.00020936622619638356
aes128,w3[10],train,opencores_aes,crypto_checksum,input_to_reg,1.70706,1.7075037,0.0004436764144897243
aes128,w3[11],train,opencores_aes,crypto_checksum,input_to_reg,1.439802,1.4420335,0.0022315292816161847
aes128,w3[12],train,opencores_aes,crypto_checksum,input_to_reg,1.907862,1.907471,0.00039105845642084525
aes128,w3[13],train,opencores_aes,crypto_checksum,input_to_reg,1.776578,1.7775209,0.0009428950042724704
aes128,w3[14],train,opencores_aes,crypto_checksum,input_to_reg,1.676521,1.67656,3.904428863532594e-05
aes128,w3[15],train,opencores_aes,crypto_checksum,input_to_reg,1.595916,1.5963076,0.0003916353073121215
aes128,w3[16],train,opencores_aes,crypto_checksum,input_to_reg,1.638209,1.6379528,0.0002561954345703388
aes128,w3[17],train,opencores_aes,crypto_checksum,input_to_reg,1.632882,1.6323738,0.0005081901855468196
aes128,w3[18],train,opencores_aes,crypto_checksum,input_to_reg,1.718519,1.7180861,0.00043287653350820854
aes128,w3[19],train,opencores_aes,crypto_checksum,input_to_reg,1.434791,1.4357162,0.0009251521911621818
aes128,w3[1],train,opencores_aes,crypto_checksum,input_to_reg,1.676235,1.6491406,0.02709440361022941
aes128,w3[20],train,opencores_aes,crypto_checksum,input_to_reg,1.781507,1.7815073,2.53646850634226e-07
aes128,w3[21],train,opencores_aes,crypto_checksum,input_to_reg,1.796144,1.7959241,0.00021993250274654486
aes128,w3[22],train,opencores_aes,crypto_checksum,input_to_reg,1.677123,1.67656,0.0005629557113646655
aes128,w3[23],train,opencores_aes,crypto_checksum,input_to_reg,1.582005,1.5824134,0.0004084349822996991
aes128,w3[24],train,opencores_aes,crypto_checksum,input_to_reg,1.608738,1.6097411,0.001003091728210448
aes128,w3[25],train,opencores_aes,crypto_checksum,input_to_reg,1.669448,1.6683155,0.0011324701766968204
aes128,w3[26],train,opencores_aes,crypto_checksum,input_to_reg,1.656578,1.6571913,0.0006132765502928628
aes128,w3[27],train,opencores_aes,crypto_checksum,input_to_reg,1.439632,1.4401289,0.0004969224624633561
aes128,w3[28],train,opencores_aes,crypto_checksum,input_to_reg,1.921717,1.9211969,0.0005200624389647412
aes128,w3[29],train,opencores_aes,crypto_checksum,input_to_reg,1.723344,1.7220334,0.001310618537902819
aes128,w3[2],train,opencores_aes,crypto_checksum,input_to_reg,1.676427,1.6762487,0.0001783303756712762
aes128,w3[30],train,opencores_aes,crypto_checksum,input_to_reg,1.601599,1.6044425,0.0028434772262573293
aes128,w3[31],train,opencores_aes,crypto_checksum,input_to_reg,1.560473,1.5612648,0.0007917533416748057
aes128,w3[3],train,opencores_aes,crypto_checksum,input_to_reg,1.454265,1.4539351,0.0003298536682128095
aes128,w3[4],train,opencores_aes,crypto_checksum,input_to_reg,1.709363,1.7101583,0.000795348083496128
aes128,w3[5],train,opencores_aes,crypto_checksum,input_to_reg,1.796798,1.7951347,0.0016633364181517507
aes128,w3[6],train,opencores_aes,crypto_checksum,input_to_reg,1.676001,1.6761047,0.00010366480255119548
aes128,w3[7],train,opencores_aes,crypto_checksum,input_to_reg,1.580229,1.57969,0.0005390204467774495
aes128,w3[8],train,opencores_aes,crypto_checksum,input_to_reg,1.644375,1.6435639,0.0008111333847045099
aes128,w3[9],train,opencores_aes,crypto_checksum,input_to_reg,1.62217,1.6491406,0.026970596389770618
sha256,H0_reg[0],train,secworks_sha2,crypto_checksum,input_to_reg,1.829552,1.8313241,0.0017721004943846985
sha256,H0_reg[10],train,secworks_sha2,crypto_checksum,input_to_reg,3.207692,3.2074435,0.0002485242767336082
sha256,H0_reg[11],train,secworks_sha2,crypto_checksum,input_to_reg,2.56184,2.8951375,0.33329754844665516
sha256,H0_reg[12],train,secworks_sha2,crypto_checksum,input_to_reg,3.257041,2.9204202,0.3366208301696778
sha256,H0_reg[13],train,secworks_sha2,crypto_checksum,input_to_reg,1.830853,2.871497,1.0406439158172607
sha256,H0_reg[14],train,secworks_sha2,crypto_checksum,input_to_reg,3.220473,2.5448158,0.6756572212677003
sha256,H0_reg[15],train,secworks_sha2,crypto_checksum,input_to_reg,1.650676,1.7255702,0.07489420187377926
sha256,H0_reg[16],train,secworks_sha2,crypto_checksum,input_to_reg,1.600407,1.6022708,0.0018638415985108292
sha256,H0_reg[17],train,secworks_sha2,crypto_checksum,reg_to_reg,3.257041,3.2553484,0.0016925560150147234
sha256,H0_reg[18],train,secworks_sha2,crypto_checksum,input_to_reg,3.298007,3.2471578,0.05084918788146986
sha256,H0_reg[19],train,secworks_sha2,crypto_checksum,input_to_reg,1.830654,2.8134165,0.9827624810180664
sha256,H0_reg[1],train,secworks_sha2,crypto_checksum,input_to_reg,1.830654,1.8295822,0.0010717856445312535
sha256,H0_reg[20],train,secworks_sha2,crypto_checksum,reg_to_reg,1.840531,1.8402395,0.00029147515869132334
sha256,H0_reg[21],train,secworks_sha2,crypto_checksum,reg_to_reg,1.773995,1.775951,0.001956027870178234
sha256,H0_reg[22],train,secworks_sha2,crypto_checksum,reg_to_reg,1.840531,1.8400301,0.000500925880432046
sha256,H0_reg[23],train,secworks_sha2,crypto_checksum,reg_to_reg,1.773995,1.7750812,0.0010861576843261833
sha256,H0_reg[24],train,secworks_sha2,crypto_checksum,reg_to_reg,3.298007,3.2957327,0.002274263412475719
sha256,H0_reg[25],train,secworks_sha2,crypto_checksum,reg_to_reg,1.830654,1.8318123,0.0011582625350952114
sha256,H0_reg[26],train,secworks_sha2,crypto_checksum,reg_to_reg,1.840531,1.8401444,0.0003866041717528468
sha256,H0_reg[27],train,secworks_sha2,crypto_checksum,reg_to_reg,1.830654,1.8322202,0.0015661967239379848
sha256,H0_reg[28],train,secworks_sha2,crypto_checksum,reg_to_reg,3.257041,3.2560782,0.0009627567443848406
sha256,H0_reg[29],train,secworks_sha2,crypto_checksum,reg_to_reg,1.829552,1.8302248,0.0006727524261473938
sha256,H0_reg[2],train,secworks_sha2,crypto_checksum,input_to_reg,3.34919,2.9558508,0.39333916038513195
sha256,H0_reg[30],train,secworks_sha2,crypto_checksum,reg_to_reg,3.207692,3.2063274,0.0013645616455080223
sha256,H0_reg[31],train,secworks_sha2,crypto_checksum,reg_to_reg,2.562065,2.5612323,0.0008326715850830446
sha256,H0_reg[3],train,secworks_sha2,crypto_checksum,input_to_reg,3.207692,2.1749403,1.0327516523284914
sha256,H0_reg[4],train,secworks_sha2,crypto_checksum,input_to_reg,2.560428,2.195158,0.36526999523925774
sha256,H0_reg[5],train,secworks_sha2,crypto_checksum,input_to_reg,1.829552,2.197091,0.3675391026000976
sha256,H0_reg[6],train,secworks_sha2,crypto_checksum,input_to_reg,3.207692,3.204727,0.0029650655670168113
sha256,H0_reg[7],train,secworks_sha2,crypto_checksum,input_to_reg,3.203033,3.2516468,0.04861375712585447
sha256,H0_reg[8],train,secworks_sha2,crypto_checksum,input_to_reg,1.838147,1.8382162,6.918556976320822e-05
sha256,H0_reg[9],train,secworks_sha2,crypto_checksum,input_to_reg,3.207692,3.2076168,7.519396972677228e-05
sha256,H1_reg[0],train,secworks_sha2,crypto_checksum,input_to_reg,3.207692,3.2321174,0.024425414474487095
sha256,H1_reg[10],train,secworks_sha2,crypto_checksum,input_to_reg,1.532512,1.5325018,1.0183250427342472e-05
sha256,H1_reg[11],train,secworks_sha2,crypto_checksum,input_to_reg,3.257041,2.8951375,0.3619034515533448
sha256,H1_reg[12],train,secworks_sha2,crypto_checksum,input_to_reg,3.298007,2.9204202,0.37758683016967787
sha256,H1_reg[13],train,secworks_sha2,crypto_checksum,input_to_reg,3.257041,2.871497,0.38554408418273933
sha256,H1_reg[14],train,secworks_sha2,crypto_checksum,input_to_reg,3.298007,2.5448158,0.7531912212677003
sha256,H1_reg[15],train,secworks_sha2,crypto_checksum,input_to_reg,1.763051,1.7255702,0.03748079812622063
sha256,H1_reg[16],train,secworks_sha2,crypto_checksum,input_to_reg,3.257041,2.3054154,0.951625608078003
sha256,H1_reg[17],train,secworks_sha2,crypto_checksum,input_to_reg,1.830968,2.5304601,0.6994921192474366
sha256,H1_reg[18],train,secworks_sha2,crypto_checksum,input_to_reg,1.532512,1.5329486,0.00043661316680898565
sha256,H1_reg[19],train,secworks_sha2,crypto_checksum,input_to_reg,2.56184,2.8134165,0.2515764810180663
sha256,H1_reg[1],train,secworks_sha2,crypto_checksum,input_to_reg,2.579719,2.2148993,0.3648196984710692
sha256,H1_reg[20],train,secworks_sha2,crypto_checksum,input_to_reg,2.560894,2.9293816,0.3684876089630129
sha256,H1_reg[21],train,secworks_sha2,crypto_checksum,reg_to_reg,1.532512,1.5331095,0.0005975457077025403
sha256,H1_reg[22],train,secworks_sha2,crypto_checksum,reg_to_reg,1.532512,1.5327473,0.00023526867675771612
sha256,H1_reg[23],train,secworks_sha2,crypto_checksum,reg_to_reg,3.257041,2.681834,0.5752070175323487
sha256,H1_reg[24],train,secworks_sha2,crypto_checksum,reg_to_reg,1.829873,2.5432208,0.7133477584381103
sha256,H1_reg[25],train,secworks_sha2,crypto_checksum,reg_to_reg,1.532512,2.047644,0.5151318999176024
sha256,H1_reg[26],train,secworks_sha2,crypto_checksum,reg_to_reg,2.56184,2.561231,0.0006091020965577343
sha256,H1_reg[27],train,secworks_sha2,crypto_checksum,reg_to_reg,3.198982,3.2301621,0.0311801437072754
sha256,H1_reg[28],train,secworks_sha2,crypto_checksum,reg_to_reg,1.536291,1.5346981,0.0015928712997437255
sha256,H1_reg[29],train,secworks_sha2,crypto_checksum,reg_to_reg,3.234362,2.4365761,0.7977858719940185
sha256,H1_reg[2],train,secworks_sha2,crypto_checksum,input_to_reg,3.34919,3.3473382,0.0018518003845215958
sha256,H1_reg[30],train,secworks_sha2,crypto_checksum,reg_to_reg,3.257041,2.9083774,0.34866359101867683
sha256,H1_reg[31],train,secworks_sha2,crypto_checksum,reg_to_reg,1.829552,1.830634,0.0010819979171752259
sha256,H1_reg[3],train,secworks_sha2,crypto_checksum,input_to_reg,3.207692,3.2025468,0.005145165054321499
sha256,H1_reg[4],train,secworks_sha2,crypto_checksum,reg_to_reg,3.207692,3.207263,0.00042900714111349103
sha256,H1_reg[5],train,secworks_sha2,crypto_checksum,input_to_reg,1.773995,1.7749141,0.0009191454696655388
sha256,H1_reg[6],train,secworks_sha2,crypto_checksum,input_to_reg,1.838415,2.358818,0.5204030541992188
sha256,H1_reg[7],train,secworks_sha2,crypto_checksum,input_to_reg,3.257041,3.2516468,0.005394242874145583
sha256,H1_reg[8],train,secworks_sha2,crypto_checksum,input_to_reg,2.56184,2.9306252,0.36878520027160633
sha256,H1_reg[9],train,secworks_sha2,crypto_checksum,input_to_reg,3.234362,3.0170536,0.2173083958740234
sha256,H2_reg[0],train,secworks_sha2,crypto_checksum,input_to_reg,3.257041,3.2540717,0.0029692875061035906
sha256,H2_reg[10],train,secworks_sha2,crypto_checksum,input_to_reg,2.561688,2.563164,0.0014759957427976644
sha256,H2_reg[11],train,secworks_sha2,crypto_checksum,input_to_reg,2.563217,2.8984413,0.33522431469726577
sha256,H2_reg[12],train,secworks_sha2,crypto_checksum,input_to_reg,1.532512,1.5317552,0.0007567910308838854
sha256,H2_reg[13],train,secworks_sha2,crypto_checksum,input_to_reg,3.198982,3.19879,0.0001919266052246016
sha256,H2_reg[14],train,secworks_sha2,crypto_checksum,input_to_reg,1.532512,1.5334253,0.0009133311157225599
sha256,H2_reg[15],train,secworks_sha2,crypto_checksum,input_to_reg,3.20697,3.2063508,0.0006191966247559577
sha256,H2_reg[16],train,secworks_sha2,crypto_checksum,reg_to_reg,3.257041,3.2547092,0.0023317562255860125
sha256,H2_reg[17],train,secworks_sha2,crypto_checksum,input_to_reg,1.831501,1.8284428,0.003058188034057663
sha256,H2_reg[18],train,secworks_sha2,crypto_checksum,input_to_reg,1.830516,1.7621635,0.06835248014068607
sha256,H2_reg[19],train,secworks_sha2,crypto_checksum,input_to_reg,3.198982,2.5147016,0.6842803951568603
sha256,H2_reg[1],train,secworks_sha2,crypto_checksum,input_to_reg,1.592879,1.5939077,0.0010287138900757498
sha256,H2_reg[20],train,secworks_sha2,crypto_checksum,input_to_reg,2.561828,2.5610929,0.000735146453857638
sha256,H2_reg[21],train,secworks_sha2,crypto_checksum,reg_to_reg,1.532512,1.6538948,0.12138278206634512
sha256,H2_reg[22],train,secworks_sha2,crypto_checksum,reg_to_reg,1.532512,1.5321432,0.00036876479339609247
sha256,H2_reg[23],train,secworks_sha2,crypto_checksum,reg_to_reg,1.842711,2.5499432,0.707232208694458
sha256,H2_reg[24],train,secworks_sha2,crypto_checksum,reg_to_reg,3.257041,2.5432208,0.7138202415618897
sha256,H2_reg[25],train,secworks_sha2,crypto_checksum,reg_to_reg,3.257041,3.2566094,0.00043156015014655935
sha256,H2_reg[26],train,secworks_sha2,crypto_checksum,reg_to_reg,1.830516,1.8305781,6.208876037594457e-05
sha256,H2_reg[27],train,secworks_sha2,crypto_checksum,reg_to_reg,1.830419,1.8322202,0.00180119672393797
sha256,H2_reg[28],train,secworks_sha2,crypto_checksum,reg_to_reg,1.532512,1.5346981,0.0021861287002562513
sha256,H2_reg[29],train,secworks_sha2,crypto_checksum,reg_to_reg,1.537444,1.5401022,0.0026582434234618812
sha256,H2_reg[2],train,secworks_sha2,crypto_checksum,input_to_reg,2.580546,2.964543,0.3839971041717529
sha256,H2_reg[30],train,secworks_sha2,crypto_checksum,reg_to_reg,3.257041,3.2545266,0.0025143848571778094
sha256,H2_reg[31],train,secworks_sha2,crypto_checksum,reg_to_reg,3.253245,3.2517002,0.0015448371124269222
sha256,H2_reg[3],train,secworks_sha2,crypto_checksum,input_to_reg,1.837461,1.8393507,0.0018897003784179578
sha256,H2_reg[4],train,secworks_sha2,crypto_checksum,input_to_reg,1.532512,1.5661567,0.03364474495697012
sha256,H2_reg[5],train,secworks_sha2,crypto_checksum,input_to_reg,3.234362,3.2297924,0.004569643508911092
sha256,H2_reg[6],train,secworks_sha2,crypto_checksum,input_to_reg,1.830516,1.8310388,0.0005228326644897141
sha256,H2_reg[7],train,secworks_sha2,crypto_checksum,input_to_reg,3.257041,3.2565284,0.0005126224670410906
sha256,H2_reg[8],train,secworks_sha2,crypto_checksum,input_to_reg,1.532512,1.5326438,0.000131795013427638
sha256,H2_reg[9],train,secworks_sha2,crypto_checksum,input_to_reg,3.20697,3.206468,0.000501894683837989
sha256,H3_reg[0],train,secworks_sha2,crypto_checksum,input_to_reg,2.579719,2.579241,0.00047796263122545923
sha256,H3_reg[10],train,secworks_sha2,crypto_checksum,input_to_reg,1.829552,2.808625,0.9790729828338622
sha256,H3_reg[11],train,secworks_sha2,crypto_checksum,input_to_reg,2.562298,2.8951375,0.3328395484466551
sha256,H3_reg[12],train,secworks_sha2,crypto_checksum,input_to_reg,1.532512,1.5319957,0.0005163458938599597
sha256,H3_reg[13],train,secworks_sha2,crypto_checksum,input_to_reg,3.198982,2.871497,0.32748508418273925
sha256,H3_reg[14],train,secworks_sha2,crypto_checksum,input_to_reg,1.532512,1.5334514,0.000939437950134181
sha256,H3_reg[15],train,secworks_sha2,crypto_checksum,input_to_reg,3.257041,3.23115,0.02589108811950691
sha256,H3_reg[16],train,secworks_sha2,crypto_checksum,input_to_reg,1.829552,2.3054154,0.475863391921997
sha256,H3_reg[17],train,secworks_sha2,crypto_checksum,input_to_reg,1.532512,1.5324842,2.7826225280858097e-05
sha256,H3_reg[18],train,secworks_sha2,crypto_checksum,input_to_reg,1.532512,1.5329486,0.00043661316680898565
sha256,H3_reg[19],train,secworks_sha2,crypto_checksum,input_to_reg,1.532512,1.5325991,8.709152984609503e-05
sha256,H3_reg[1],train,secworks_sha2,crypto_checksum,input_to_reg,1.84957,2.2148993,0.3653293015289307
sha256,H3_reg[20],train,secworks_sha2,crypto_checksum,reg_to_reg,1.841257,1.8402804,0.0009765863723754098
sha256,H3_reg[21],train,secworks_sha2,crypto_checksum,reg_to_reg,1.773995,1.7715901,0.0024048863601684456
sha256,H3_reg[22],train,secworks_sha2,crypto_checksum,reg_to_reg,1.830552,1.8332604,0.0027084169845581485
sha256,H3_reg[23],train,secworks_sha2,crypto_checksum,reg_to_reg,3.257041,2.681834,0.5752070175323487
sha256,H3_reg[24],train,secworks_sha2,crypto_checksum,reg_to_reg,1.532512,1.5338532,0.0013411732559203138
sha256,H3_reg[25],train,secworks_sha2,crypto_checksum,reg_to_reg,2.56184,2.047644,0.5141961000823976
sha256,H3_reg[26],train,secworks_sha2,crypto_checksum,reg_to_reg,1.532512,1.5323601,0.00015192309570322138
sha256,H3_reg[27],train,secworks_sha2,crypto_checksum,reg_to_reg,3.257041,3.2301621,0.026878856292724684
sha256,H3_reg[28],train,secworks_sha2,crypto_checksum,reg_to_reg,3.298007,3.2657712,0.032235849411010875
sha256,H3_reg[29],train,secworks_sha2,crypto_checksum,reg_to_reg,1.637811,2.4365761,0.7987651280059815
sha256,H3_reg[2],train,secworks_sha2,crypto_checksum,reg_to_reg,1.841257,1.842493,0.001236057250976641
sha256,H3_reg[30],train,secworks_sha2,crypto_checksum,reg_to_reg,2.560428,2.9083774,0.3479494089813233
sha256,H3_reg[31],train,secworks_sha2,crypto_checksum,reg_to_reg,1.757522,1.7576312,0.00010918267059323306
sha256,H3_reg[3],train,secworks_sha2,crypto_checksum,input_to_reg,3.20697,3.2040439,0.0029261347961426765
sha256,H3_reg[4],train,secworks_sha2,crypto_checksum,input_to_reg,3.207692,3.2069337,0.0007582631988527488
sha256,H3_reg[5],train,secworks_sha2,crypto_checksum,input_to_reg,3.234362,2.3836684,0.8506935773010253
sha256,H3_reg[6],train,secworks_sha2,crypto_checksum,input_to_reg,3.137074,2.358818,0.7782559458007814
sha256,H3_reg[7],train,secworks_sha2,crypto_checksum,input_to_reg,1.773995,1.7768937,0.0028987349319458122
sha256,H3_reg[8],train,secworks_sha2,crypto_checksum,input_to_reg,1.532512,1.5324991,1.292506408701044e-05
sha256,H3_reg[9],train,secworks_sha2,crypto_checksum,input_to_reg,1.841257,2.5484676,0.7072106361083985
sha256,H4_reg[0],train,secworks_sha2,crypto_checksum,input_to_reg,3.207692,3.204728,0.002964111892700405
sha256,H4_reg[10],train,secworks_sha2,crypto_checksum,input_to_reg,1.840567,1.8423,0.0017330574111937835
sha256,H4_reg[11],train,secworks_sha2,crypto_checksum,input_to_reg,3.234362,2.8984413,0.33592068530273433
sha256,H4_reg[12],train,secworks_sha2,crypto_checksum,input_to_reg,3.234011,3.2315042,0.002506798110962105
sha256,H4_reg[13],train,secworks_sha2,crypto_checksum,input_to_reg,3.257041,3.256623,0.0004179702911377703
sha256,H4_reg[14],train,secworks_sha2,crypto_checksum,input_to_reg,1.829861,1.831389,0.0015279503479004308
sha256,H4_reg[15],train,secworks_sha2,crypto_checksum,reg_to_reg,3.257041,3.256039,0.0010020958099365984
sha256,H4_reg[16],train,secworks_sha2,crypto_checksum,reg_to_reg,1.840567,1.842637,0.0020699428634642913
sha256,H4_reg[17],train,secworks_sha2,crypto_checksum,input_to_reg,1.826709,1.8284428,0.0017338119659424667
sha256,H4_reg[18],train,secworks_sha2,crypto_checksum,input_to_reg,1.691851,1.7621635,0.07031251985931397
sha256,H4_reg[19],train,secworks_sha2,crypto_checksum,input_to_reg,1.830669,2.5147016,0.6840326048431395
sha256,H4_reg[1],train,secworks_sha2,crypto_checksum,input_to_reg,1.849429,1.853029,0.0036000126800537213
sha256,H4_reg[20],train,secworks_sha2,crypto_checksum,reg_to_reg,1.840992,1.8423117,0.0013197399215698624
sha256,H4_reg[21],train,secworks_sha2,crypto_checksum,reg_to_reg,3.257041,3.2539685,0.003072522750854567
sha256,H4_reg[22],train,secworks_sha2,crypto_checksum,reg_to_reg,2.562282,2.562415,0.00013288456726057163
sha256,H4_reg[23],train,secworks_sha2,crypto_checksum,reg_to_reg,2.577527,2.5771203,0.0004066958923338859
sha256,H4_reg[24],train,secworks_sha2,crypto_checksum,reg_to_reg,3.207692,3.2077332,4.115429687479022e-05
sha256,H4_reg[25],train,secworks_sha2,crypto_checksum,reg_to_reg,3.257041,3.2566168,0.0004241691741944109
sha256,H4_reg[26],train,secworks_sha2,crypto_checksum,reg_to_reg,2.560451,2.5606098,0.00015881750488278001
sha256,H4_reg[27],train,secworks_sha2,crypto_checksum,reg_to_reg,2.56213,2.562329,0.0001990538787843832
sha256,H4_reg[28],train,secworks_sha2,crypto_checksum,reg_to_reg,3.207692,3.2077553,6.332722473123553e-05
sha256,H4_reg[29],train,secworks_sha2,crypto_checksum,reg_to_reg,2.563079,2.5623515,0.0007275347747803806
sha256,H4_reg[2],train,secworks_sha2,crypto_checksum,input_to_reg,3.34919,2.964543,0.3846468958282472
sha256,H4_reg[30],train,secworks_sha2,crypto_checksum,reg_to_reg,1.649854,1.6516862,0.001832191558837959
sha256,H4_reg[31],train,secworks_sha2,crypto_checksum,reg_to_reg,2.560428,2.5606167,0.0001887316436768316
sha256,H4_reg[3],train,secworks_sha2,crypto_checksum,input_to_reg,1.830419,1.834016,0.003596965461730939
sha256,H4_reg[4],train,secworks_sha2,crypto_checksum,input_to_reg,1.600407,1.5661567,0.0342502550430297
sha256,H4_reg[5],train,secworks_sha2,crypto_checksum,input_to_reg,1.532512,1.532869,0.0003569813613890638
sha256,H4_reg[6],train,secworks_sha2,crypto_checksum,input_to_reg,1.829755,1.8310388,0.0012838326644897258
sha256,H4_reg[7],train,secworks_sha2,crypto_checksum,input_to_reg,3.257041,3.2565284,0.0005126224670410906
sha256,H4_reg[8],train,secworks_sha2,crypto_checksum,input_to_reg,3.298007,3.295102,0.002905118972778453
sha256,H4_reg[9],train,secworks_sha2,crypto_checksum,input_to_reg,1.532512,1.5345935,0.0020814629440306653
sha256,H5_reg[0],train,secworks_sha2,crypto_checksum,input_to_reg,2.579232,2.579241,9.037368774222898e-06
sha256,H5_reg[10],train,secworks_sha2,crypto_checksum,input_to_reg,3.298007,2.808625,0.48938201716613783
sha256,H5_reg[11],train,secworks_sha2,crypto_checksum,input_to_reg,3.198982,2.8951375,0.3038444515533447
sha256,H5_reg[12],train,secworks_sha2,crypto_checksum,input_to_reg,3.298007,2.9204202,0.37758683016967787
sha256,H5_reg[13],train,secworks_sha2,crypto_checksum,input_to_reg,3.198982,2.871497,0.32748508418273925
sha256,H5_reg[14],train,secworks_sha2,crypto_checksum,input_to_reg,1.829873,2.5448158,0.7149427787322997
sha256,H5_reg[15],train,secworks_sha2,crypto_checksum,reg_to_reg,3.257041,3.2569456,9.538995361335623e-05
sha256,H5_reg[16],train,secworks_sha2,crypto_checksum,input_to_reg,1.829552,2.3054154,0.475863391921997
sha256,H5_reg[17],train,secworks_sha2,crypto_checksum,reg_to_reg,1.773995,1.7740102,1.5181427001964565e-05
sha256,H5_reg[18],train,secworks_sha2,crypto_checksum,input_to_reg,3.198982,3.2471578,0.04817581211853028
sha256,H5_reg[19],train,secworks_sha2,crypto_checksum,input_to_reg,3.207692,2.8134165,0.3942755189819338
sha256,H5_reg[1],train,secworks_sha2,crypto_checksum,reg_to_reg,1.841257,1.8409451,0.00031187537384025354
sha256,H5_reg[20],train,secworks_sha2,crypto_checksum,input_to_reg,3.298007,2.9293816,0.36862539103698744
sha256,H5_reg[21],train,secworks_sha2,crypto_checksum,reg_to_reg,1.773995,1.6538948,0.12010021793365477
sha256,H5_reg[22],train,secworks_sha2,crypto_checksum,reg_to_reg,3.298007,3.2962155,0.0017914657897950548
sha256,H5_reg[23],train,secworks_sha2,crypto_checksum,reg_to_reg,3.257041,2.5499432,0.7070977913055421
sha256,H5_reg[24],train,secworks_sha2,crypto_checksum,reg_to_reg,3.257041,2.5432208,0.7138202415618897
sha256,H5_reg[25],train,secworks_sha2,crypto_checksum,reg_to_reg,3.20697,3.2062776,0.0006923911285401374
sha256,H5_reg[26],train,secworks_sha2,crypto_checksum,reg_to_reg,1.841257,1.84225,0.000992989509582598
sha256,H5_reg[27],train,secworks_sha2,crypto_checksum,reg_to_reg,3.234362,3.2332802,0.0010818181152343342
sha256,H5_reg[28],train,secworks_sha2,crypto_checksum,reg_to_reg,1.829873,1.832093,0.002220000411987222
sha256,H5_reg[29],train,secworks_sha2,crypto_checksum,reg_to_reg,3.257041,3.256001,0.0010400043640137469
sha256,H5_reg[2],train,secworks_sha2,crypto_checksum,input_to_reg,1.848508,2.2153437,0.36683571376037594
sha256,H5_reg[30],train,secworks_sha2,crypto_checksum,reg_to_reg,2.560894,2.5619833,0.0010893469390871324
sha256,H5_reg[31],train,secworks_sha2,crypto_checksum,reg_to_reg,1.829873,1.8298928,1.9754554748452335e-05
sha256,H5_reg[3],train,secworks_sha2,crypto_checksum,input_to_reg,1.829552,2.1749403,0.3453883476715087
sha256,H5_reg[4],train,secworks_sha2,crypto_checksum,input_to_reg,2.560894,2.5605657,0.0003282899322507582
sha256,H5_reg[5],train,secworks_sha2,crypto_checksum,input_to_reg,1.773995,1.7749141,0.0009191454696655388
sha256,H5_reg[6],train,secworks_sha2,crypto_checksum,input_to_reg,1.841257,2.358818,0.5175610541992188
sha256,H5_reg[7],train,secworks_sha2,crypto_checksum,input_to_reg,3.198982,3.2516468,0.0526647571258545
sha256,H5_reg[8],train,secworks_sha2,crypto_checksum,input_to_reg,3.298007,2.9306252,0.3673817997283937
sha256,H5_reg[9],train,secworks_sha2,crypto_checksum,input_to_reg,3.257041,2.5484676,0.7085733638916016
sha256,H6_reg[0],train,secworks_sha2,crypto_checksum,input_to_reg,3.257041,3.2321174,0.02492358552551277
sha256,H6_reg[10],train,secworks_sha2,crypto_checksum,input_to_reg,3.298007,2.808625,0.48938201716613783
sha256,H6_reg[11],train,secworks_sha2,crypto_checksum,input_to_reg,1.532512,1.5332328,0.0007208081130980482
sha256,H6_reg[12],train,secworks_sha2,crypto_checksum,input_to_reg,1.829873,2.9204202,1.0905471698303222
sha256,H6_reg[13],train,secworks_sha2,crypto_checksum,input_to_reg,3.257041,3.2566226,0.0004184471282959734
sha256,H6_reg[14],train,secworks_sha2,crypto_checksum,input_to_reg,1.829552,2.5448158,0.7152637787322997
sha256,H6_reg[15],train,secworks_sha2,crypto_checksum,input_to_reg,1.763051,1.7255702,0.03748079812622063
sha256,H6_reg[16],train,secworks_sha2,crypto_checksum,input_to_reg,3.207692,3.2045882,0.0031038251800539207
sha256,H6_reg[17],train,secworks_sha2,crypto_checksum,input_to_reg,3.198982,2.5304601,0.6685218807525635
sha256,H6_reg[18],train,secworks_sha2,crypto_checksum,reg_to_reg,1.841257,1.8411703,8.668902587882776e-05
sha256,H6_reg[19],train,secworks_sha2,crypto_checksum,input_to_reg,3.257041,2.8134165,0.44362451898193367
sha256,H6_reg[1],train,secworks_sha2,crypto_checksum,input_to_reg,1.592879,1.5974538,0.00457483262634284
sha256,H6_reg[20],train,secworks_sha2,crypto_checksum,input_to_reg,3.298007,2.9293816,0.36862539103698744
sha256,H6_reg[21],train,secworks_sha2,crypto_checksum,input_to_reg,3.257041,3.2548559,0.0021851287994385515
sha256,H6_reg[22],train,secworks_sha2,crypto_checksum,reg_to_reg,2.560894,2.5610802,0.00018621736145041368
sha256,H6_reg[23],train,secworks_sha2,crypto_checksum,reg_to_reg,1.532512,2.681834,1.1493219824676513
sha256,H6_reg[24],train,secworks_sha2,crypto_checksum,reg_to_reg,1.829552,2.5432208,0.7136687584381103
sha256,H6_reg[25],train,secworks_sha2,crypto_checksum,reg_to_reg,1.830654,1.8303386,0.00031540270233154644
sha256,H6_reg[26],train,secworks_sha2,crypto_checksum,reg_to_reg,1.532512,1.5326066,9.460171508779425e-05
sha256,H6_reg[27],train,secworks_sha2,crypto_checksum,reg_to_reg,3.234362,3.2301621,0.004199856292724569
sha256,H6_reg[28],train,secworks_sha2,crypto_checksum,reg_to_reg,3.234011,3.2657712,0.03176015058898907
sha256,H6_reg[29],train,secworks_sha2,crypto_checksum,reg_to_reg,3.257041,3.2552528,0.00178816186523445
sha256,H6_reg[2],train,secworks_sha2,crypto_checksum,input_to_reg,2.581117,2.2153437,0.3657732862396239
sha256,H6_reg[30],train,secworks_sha2,crypto_checksum,reg_to_reg,2.560428,2.5594463,0.0009816651611327387
sha256,H6_reg[31],train,secworks_sha2,crypto_checksum,reg_to_reg,1.781538,1.7828984,0.0013604260559081371
sha256,H6_reg[3],train,secworks_sha2,crypto_checksum,input_to_reg,1.830795,2.1749403,0.34414534767150884
sha256,H6_reg[4],train,secworks_sha2,crypto_checksum,reg_to_reg,3.207692,3.207263,0.00042900714111349103
sha256,H6_reg[5],train,secworks_sha2,crypto_checksum,input_to_reg,1.532512,2.3836684,0.8511564226989745
sha256,H6_reg[6],train,secworks_sha2,crypto_checksum,input_to_reg,3.137074,2.358818,0.7782559458007814
sha256,H6_reg[7],train,secworks_sha2,crypto_checksum,input_to_reg,1.532512,1.5376921,0.005180070007324122
sha256,H6_reg[8],train,secworks_sha2,crypto_checksum,input_to_reg,1.532512,1.5324991,1.292506408701044e-05
sha256,H6_reg[9],train,secworks_sha2,crypto_checksum,input_to_reg,3.257041,3.0170536,0.2399873958740235
sha256,H7_reg[0],train,secworks_sha2,crypto_checksum,input_to_reg,1.831869,1.8313241,0.000544899505615204
sha256,H7_reg[10],train,secworks_sha2,crypto_checksum,input_to_reg,3.207692,3.2074435,0.0002485242767336082
sha256,H7_reg[11],train,secworks_sha2,crypto_checksum,input_to_reg,1.532512,1.5332328,0.0007208081130980482
sha256,H7_reg[12],train,secworks_sha2,crypto_checksum,input_to_reg,1.838415,1.8397384,0.001323368988037199
sha256,H7_reg[13],train,secworks_sha2,crypto_checksum,input_to_reg,3.257041,3.2566226,0.0004184471282959734
sha256,H7_reg[14],train,secworks_sha2,crypto_checksum,input_to_reg,3.207692,3.203213,0.004479023544311733
sha256,H7_reg[15],train,secworks_sha2,crypto_checksum,input_to_reg,3.20697,3.23115,0.024179911880493066
sha256,H7_reg[16],train,secworks_sha2,crypto_checksum,reg_to_reg,1.841257,1.8430998,0.0018428325347901175
sha256,H7_reg[17],train,secworks_sha2,crypto_checksum,input_to_reg,2.560894,2.5304601,0.030433880752563258
sha256,H7_reg[18],train,secworks_sha2,crypto_checksum,reg_to_reg,1.841257,1.8411703,8.668902587882776e-05
sha256,H7_reg[19],train,secworks_sha2,crypto_checksum,input_to_reg,3.207692,2.8134165,0.3942755189819338
sha256,H7_reg[1],train,secworks_sha2,crypto_checksum,input_to_reg,1.841257,1.8422592,0.0010021686248780082
sha256,H7_reg[20],train,secworks_sha2,crypto_checksum,input_to_reg,2.560894,2.9293816,0.3684876089630129
sha256,H7_reg[21],train,secworks_sha2,crypto_checksum,reg_to_reg,1.532512,1.5334116,0.00089962204742422
sha256,H7_reg[22],train,secworks_sha2,crypto_checksum,reg_to_reg,3.207692,3.2069023,0.0007897344512941551
sha256,H7_reg[23],train,secworks_sha2,crypto_checksum,reg_to_reg,1.532512,1.535559,0.0030470581893919935
sha256,H7_reg[24],train,secworks_sha2,crypto_checksum,reg_to_reg,1.830552,1.8307909,0.00023887734222416412
sha256,H7_reg[25],train,secworks_sha2,crypto_checksum,reg_to_reg,1.532512,1.5355997,0.00308770855712881
sha256,H7_reg[26],train,secworks_sha2,crypto_checksum,reg_to_reg,3.257041,3.2551591,0.001881860366821364
sha256,H7_reg[27],train,secworks_sha2,crypto_checksum,reg_to_reg,3.207692,3.2078867,0.00019469586181619647
sha256,H7_reg[28],train,secworks_sha2,crypto_checksum,reg_to_reg,3.207692,3.2063732,0.0013187852783205223
sha256,H7_reg[29],train,secworks_sha2,crypto_checksum,reg_to_reg,3.234362,3.2336915,0.0006705460662841389
sha256,H7_reg[2],train,secworks_sha2,crypto_checksum,input_to_reg,2.563618,2.9558508,0.3922328396148682
sha256,H7_reg[30],train,secworks_sha2,crypto_checksum,reg_to_reg,1.830795,1.8333095,0.002514531211853077
sha256,H7_reg[31],train,secworks_sha2,crypto_checksum,reg_to_reg,2.560428,2.5595734,0.0008545880584716059
sha256,H7_reg[3],train,secworks_sha2,crypto_checksum,input_to_reg,1.830795,2.1749403,0.34414534767150884
sha256,H7_reg[4],train,secworks_sha2,crypto_checksum,input_to_reg,1.829873,2.195158,0.3652850047607421
sha256,H7_reg[5],train,secworks_sha2,crypto_checksum,input_to_reg,2.563618,2.197091,0.3665268973999023
sha256,H7_reg[6],train,secworks_sha2,crypto_checksum,input_to_reg,1.841257,2.358818,0.5175610541992188
sha256,H7_reg[7],train,secworks_sha2,crypto_checksum,input_to_reg,3.34919,3.2516468,0.09754324287414562
sha256,H7_reg[8],train,secworks_sha2,crypto_checksum,input_to_reg,3.207692,3.2076168,7.519396972677228e-05
sha256,H7_reg[9],train,secworks_sha2,crypto_checksum,input_to_reg,2.560428,3.0170536,0.45662560412597664
sha256,a_reg[0],train,secworks_sha2,crypto_checksum,input_to_reg,4.857494,4.8575773,8.33239135742403e-05
sha256,a_reg[10],train,secworks_sha2,crypto_checksum,input_to_reg,4.857494,4.8573904,0.0001035962524413847
sha256,a_reg[11],train,secworks_sha2,crypto_checksum,input_to_reg,4.857494,4.8573904,0.0001035962524413847
sha256,a_reg[12],train,secworks_sha2,crypto_checksum,input_to_reg,4.842731,4.843298,0.0005669583740237627
sha256,a_reg[13],train,secworks_sha2,crypto_checksum,input_to_reg,4.842731,4.8432045,0.0004734982910159502
sha256,a_reg[14],train,secworks_sha2,crypto_checksum,input_to_reg,4.842731,4.8428245,9.345907592805958e-05
sha256,a_reg[15],train,secworks_sha2,crypto_checksum,input_to_reg,4.842731,4.842625,0.00010585885620084667
sha256,a_reg[16],train,secworks_sha2,crypto_checksum,input_to_reg,5.05425,5.0510745,0.0031754951477047655
sha256,a_reg[17],train,secworks_sha2,crypto_checksum,input_to_reg,4.842731,4.843971,0.001239775604248372
sha256,a_reg[18],train,secworks_sha2,crypto_checksum,input_to_reg,4.857494,4.8569794,0.0005146298828124785
sha256,a_reg[19],train,secworks_sha2,crypto_checksum,input_to_reg,4.857494,4.8569794,0.0005146298828124785
sha256,a_reg[1],train,secworks_sha2,crypto_checksum,input_to_reg,4.857494,4.858118,0.000624057250976584
sha256,a_reg[20],train,secworks_sha2,crypto_checksum,input_to_reg,4.857494,4.857466,2.777914428708783e-05
sha256,a_reg[21],train,secworks_sha2,crypto_checksum,input_to_reg,5.024037,5.0210333,0.0030037129516600203
sha256,a_reg[22],train,secworks_sha2,crypto_checksum,reg_to_reg,4.857494,4.8574924,1.5531005859159563e-06
sha256,a_reg[23],train,secworks_sha2,crypto_checksum,reg_to_reg,4.849196,4.8496823,0.0004863310852050162
sha256,a_reg[24],train,secworks_sha2,crypto_checksum,reg_to_reg,4.857494,4.8567853,0.0007087026062011503
sha256,a_reg[25],train,secworks_sha2,crypto_checksum,reg_to_reg,4.857494,4.8573914,0.00010264257812497846
sha256,a_reg[26],train,secworks_sha2,crypto_checksum,reg_to_reg,4.857494,4.8569736,0.000520351928710916
sha256,a_reg[27],train,secworks_sha2,crypto_checksum,reg_to_reg,4.857494,4.857431,6.306509399411908e-05
sha256,a_reg[28],train,secworks_sha2,crypto_checksum,reg_to_reg,4.857494,4.8574505,4.3514770507790956e-05
sha256,a_reg[29],train,secworks_sha2,crypto_checksum,reg_to_reg,4.857494,4.8574505,4.3514770507790956e-05
sha256,a_reg[2],train,secworks_sha2,crypto_checksum,input_to_reg,4.857494,4.8559794,0.0015145574035644316
sha256,a_reg[30],train,secworks_sha2,crypto_checksum,reg_to_reg,4.857494,4.8574505,4.3514770507790956e-05
sha256,a_reg[31],train,secworks_sha2,crypto_checksum,reg_to_reg,4.857494,4.8574505,4.3514770507790956e-05
sha256,a_reg[3],train,secworks_sha2,crypto_checksum,input_to_reg,4.857494,4.8576975,0.0002034868774414278
sha256,a_reg[4],train,secworks_sha2,crypto_checksum,input_to_reg,4.857494,4.8576975,0.0002034868774414278
sha256,a_reg[5],train,secworks_sha2,crypto_checksum,input_to_reg,4.26931,4.272504,0.003193852844238343
sha256,a_reg[6],train,secworks_sha2,crypto_checksum,input_to_reg,4.857494,4.856694,0.0007997785034179472
sha256,a_reg[7],train,secworks_sha2,crypto_checksum,input_to_reg,4.857494,4.8571787,0.0003153119506835722
sha256,a_reg[8],train,secworks_sha2,crypto_checksum,input_to_reg,4.842731,4.8438506,0.0011196126403811846
sha256,a_reg[9],train,secworks_sha2,crypto_checksum,input_to_reg,4.842731,4.8431053,0.0003743161621097002
sha256,b_reg[0],train,secworks_sha2,crypto_checksum,input_to_reg,4.26931,3.7727442,0.4965658212280273
sha256,b_reg[10],train,secworks_sha2,crypto_checksum,input_to_reg,2.106987,3.7727442,1.6657571787719725
sha256,b_reg[11],train,secworks_sha2,crypto_checksum,input_to_reg,4.903439,4.8211946,0.08224435125732388
sha256,b_reg[12],train,secworks_sha2,crypto_checksum,input_to_reg,4.903439,4.8211946,0.08224435125732388
sha256,b_reg[13],train,secworks_sha2,crypto_checksum,input_to_reg,4.26931,3.7727442,0.4965658212280273
sha256,b_reg[14],train,secworks_sha2,crypto_checksum,input_to_reg,4.903439,4.8211946,0.08224435125732388
sha256,b_reg[15],train,secworks_sha2,crypto_checksum,input_to_reg,4.891293,4.8211946,0.07009835125732433
sha256,b_reg[16],train,secworks_sha2,crypto_checksum,input_to_reg,4.268808,3.7727442,0.4960638212280273
sha256,b_reg[17],train,secworks_sha2,crypto_checksum,input_to_reg,4.903439,4.8211946,0.08224435125732388
sha256,b_reg[18],train,secworks_sha2,crypto_checksum,input_to_reg,2.128833,3.7727442,1.6439111787719725
sha256,b_reg[19],train,secworks_sha2,crypto_checksum,input_to_reg,4.26931,3.7727442,0.4965658212280273
sha256,b_reg[1],train,secworks_sha2,crypto_checksum,input_to_reg,4.903439,4.8211946,0.08224435125732388
sha256,b_reg[20],train,secworks_sha2,crypto_checksum,input_to_reg,4.903439,4.8211946,0.08224435125732388
sha256,b_reg[21],train,secworks_sha2,crypto_checksum,input_to_reg,2.1148,3.7727442,1.6579441787719729
sha256,b_reg[22],train,secworks_sha2,crypto_checksum,input_to_reg,4.891293,4.8211946,0.07009835125732433
sha256,b_reg[23],train,secworks_sha2,crypto_checksum,input_to_reg,4.903439,4.880835,0.02260394369506802
sha256,b_reg[24],train,secworks_sha2,crypto_checksum,input_to_reg,4.903439,4.8211946,0.08224435125732388
sha256,b_reg[25],train,secworks_sha2,crypto_checksum,input_to_reg,2.1148,3.7727442,1.6579441787719729
sha256,b_reg[26],train,secworks_sha2,crypto_checksum,input_to_reg,4.26931,3.7727442,0.4965658212280273
sha256,b_reg[27],train,secworks_sha2,crypto_checksum,input_to_reg,5.024037,3.7727442,1.2512928212280272
sha256,b_reg[28],train,secworks_sha2,crypto_checksum,input_to_reg,2.1148,3.7727442,1.6579441787719729
sha256,b_reg[29],train,secworks_sha2,crypto_checksum,input_to_reg,4.903439,4.8211946,0.08224435125732388
sha256,b_reg[2],train,secworks_sha2,crypto_checksum,input_to_reg,4.268808,3.7727442,0.4960638212280273
sha256,b_reg[30],train,secworks_sha2,crypto_checksum,input_to_reg,4.903439,4.880835,0.02260394369506802
sha256,b_reg[31],train,secworks_sha2,crypto_checksum,input_to_reg,4.26931,3.7727442,0.4965658212280273
sha256,b_reg[3],train,secworks_sha2,crypto_checksum,input_to_reg,4.903439,4.880835,0.02260394369506802
sha256,b_reg[4],train,secworks_sha2,crypto_checksum,input_to_reg,4.903439,4.880835,0.02260394369506802
sha256,b_reg[5],train,secworks_sha2,crypto_checksum,input_to_reg,4.966108,4.880835,0.08527294369506855
sha256,b_reg[6],train,secworks_sha2,crypto_checksum,input_to_reg,4.903439,4.880835,0.02260394369506802
sha256,b_reg[7],train,secworks_sha2,crypto_checksum,input_to_reg,4.903439,4.8211946,0.08224435125732388
sha256,b_reg[8],train,secworks_sha2,crypto_checksum,input_to_reg,4.26931,3.7727442,0.4965658212280273
sha256,b_reg[9],train,secworks_sha2,crypto_checksum,input_to_reg,4.268808,3.7727442,0.4960638212280273
sha256,c_reg[0],train,secworks_sha2,crypto_checksum,input_to_reg,4.857494,3.4753299,1.382164124053955
sha256,c_reg[10],train,secworks_sha2,crypto_checksum,input_to_reg,4.857494,3.4753299,1.382164124053955
sha256,c_reg[11],train,secworks_sha2,crypto_checksum,input_to_reg,4.903439,4.9020653,0.001373722900390284
sha256,c_reg[12],train,secworks_sha2,crypto_checksum,input_to_reg,2.1148,3.4753299,1.3605298759460451
sha256,c_reg[13],train,secworks_sha2,crypto_checksum,input_to_reg,4.876479,3.4753299,1.4011491240539549
sha256,c_reg[14],train,secworks_sha2,crypto_checksum,input_to_reg,2.1148,3.4753299,1.3605298759460451
sha256,c_reg[15],train,secworks_sha2,crypto_checksum,input_to_reg,4.903439,4.9020653,0.001373722900390284
sha256,c_reg[16],train,secworks_sha2,crypto_checksum,input_to_reg,4.903439,4.9014683,0.0019707230224605965
sha256,c_reg[17],train,secworks_sha2,crypto_checksum,input_to_reg,4.281955,3.4753299,0.806625124053955
sha256,c_reg[18],train,secworks_sha2,crypto_checksum,input_to_reg,4.903439,4.9020653,0.001373722900390284
sha256,c_reg[19],train,secworks_sha2,crypto_checksum,input_to_reg,5.024037,3.4753299,1.548707124053955
sha256,c_reg[1],train,secworks_sha2,crypto_checksum,input_to_reg,4.903439,4.9020653,0.001373722900390284
sha256,c_reg[20],train,secworks_sha2,crypto_checksum,input_to_reg,4.903439,4.9020653,0.001373722900390284
sha256,c_reg[21],train,secworks_sha2,crypto_checksum,input_to_reg,2.106987,3.4753299,1.3683428759460448
sha256,c_reg[22],train,secworks_sha2,crypto_checksum,input_to_reg,2.1148,3.4753299,1.3605298759460451
sha256,c_reg[23],train,secworks_sha2,crypto_checksum,input_to_reg,4.903439,4.9014683,0.0019707230224605965
sha256,c_reg[24],train,secworks_sha2,crypto_checksum,input_to_reg,4.903439,4.9014683,0.0019707230224605965
sha256,c_reg[25],train,secworks_sha2,crypto_checksum,input_to_reg,4.903439,4.9014683,0.0019707230224605965
sha256,c_reg[26],train,secworks_sha2,crypto_checksum,input_to_reg,4.903439,4.9020653,0.001373722900390284
sha256,c_reg[27],train,secworks_sha2,crypto_checksum,input_to_reg,4.281955,3.4753299,0.806625124053955
sha256,c_reg[28],train,secworks_sha2,crypto_checksum,input_to_reg,2.128833,3.4753299,1.3464968759460447
sha256,c_reg[29],train,secworks_sha2,crypto_checksum,input_to_reg,2.1148,3.4753299,1.3605298759460451
sha256,c_reg[2],train,secworks_sha2,crypto_checksum,input_to_reg,4.857494,3.4753299,1.382164124053955
sha256,c_reg[30],train,secworks_sha2,crypto_checksum,input_to_reg,4.903439,4.9014683,0.0019707230224605965
sha256,c_reg[31],train,secworks_sha2,crypto_checksum,input_to_reg,5.010781,5.010659,0.00012178216552705123
sha256,c_reg[3],train,secworks_sha2,crypto_checksum,input_to_reg,4.891293,4.9014683,0.01017527697753895
sha256,c_reg[4],train,secworks_sha2,crypto_checksum,input_to_reg,2.1148,3.4753299,1.3605298759460451
sha256,c_reg[5],train,secworks_sha2,crypto_checksum,input_to_reg,4.281955,3.4753299,0.806625124053955
sha256,c_reg[6],train,secworks_sha2,crypto_checksum,input_to_reg,4.903439,4.9020653,0.001373722900390284
sha256,c_reg[7],train,secworks_sha2,crypto_checksum,input_to_reg,4.903439,4.9014683,0.0019707230224605965
sha256,c_reg[8],train,secworks_sha2,crypto_checksum,input_to_reg,4.891293,4.9020653,0.010772277099609262
sha256,c_reg[9],train,secworks_sha2,crypto_checksum,input_to_reg,4.903439,4.9020653,0.001373722900390284
sha256,d_reg[0],train,secworks_sha2,crypto_checksum,input_to_reg,4.903439,4.8211946,0.08224435125732388
sha256,d_reg[10],train,secworks_sha2,crypto_checksum,input_to_reg,4.26931,3.7727442,0.4965658212280273
sha256,d_reg[11],train,secworks_sha2,crypto_checksum,input_to_reg,4.903439,4.8211946,0.08224435125732388
sha256,d_reg[12],train,secworks_sha2,crypto_checksum,input_to_reg,4.891293,4.8211946,0.07009835125732433
sha256,d_reg[13],train,secworks_sha2,crypto_checksum,input_to_reg,5.024037,3.7727442,1.2512928212280272
sha256,d_reg[14],train,secworks_sha2,crypto_checksum,input_to_reg,2.128833,3.7727442,1.6439111787719725
sha256,d_reg[15],train,secworks_sha2,crypto_checksum,input_to_reg,4.26931,3.7727442,0.4965658212280273
sha256,d_reg[16],train,secworks_sha2,crypto_checksum,input_to_reg,4.26931,3.7727442,0.4965658212280273
sha256,d_reg[17],train,secworks_sha2,crypto_checksum,input_to_reg,2.128833,3.7727442,1.6439111787719725
sha256,d_reg[18],train,secworks_sha2,crypto_checksum,input_to_reg,2.1148,3.7727442,1.6579441787719729
sha256,d_reg[19],train,secworks_sha2,crypto_checksum,input_to_reg,2.1148,3.7727442,1.6579441787719729
sha256,d_reg[1],train,secworks_sha2,crypto_checksum,input_to_reg,4.876479,3.7727442,1.1037348212280271
sha256,d_reg[20],train,secworks_sha2,crypto_checksum,input_to_reg,4.903439,4.880835,0.02260394369506802
sha256,d_reg[21],train,secworks_sha2,crypto_checksum,input_to_reg,4.966108,4.880835,0.08527294369506855
sha256,d_reg[22],train,secworks_sha2,crypto_checksum,input_to_reg,5.024037,3.7727442,1.2512928212280272
sha256,d_reg[23],train,secworks_sha2,crypto_checksum,input_to_reg,4.903439,4.880835,0.02260394369506802
sha256,d_reg[24],train,secworks_sha2,crypto_checksum,input_to_reg,2.1148,3.7727442,1.6579441787719729
sha256,d_reg[25],train,secworks_sha2,crypto_checksum,input_to_reg,4.26931,3.7727442,0.4965658212280273
sha256,d_reg[26],train,secworks_sha2,crypto_checksum,input_to_reg,2.1148,3.7727442,1.6579441787719729
sha256,d_reg[27],train,secworks_sha2,crypto_checksum,input_to_reg,4.903439,4.880835,0.02260394369506802
sha256,d_reg[28],train,secworks_sha2,crypto_checksum,input_to_reg,4.857494,3.7727442,1.0847498212280273
sha256,d_reg[29],train,secworks_sha2,crypto_checksum,input_to_reg,2.128833,3.7727442,1.6439111787719725
sha256,d_reg[2],train,secworks_sha2,crypto_checksum,input_to_reg,4.903439,4.880835,0.02260394369506802
sha256,d_reg[30],train,secworks_sha2,crypto_checksum,input_to_reg,4.26931,3.7727442,0.4965658212280273
sha256,d_reg[31],train,secworks_sha2,crypto_checksum,input_to_reg,2.1148,3.7727442,1.6579441787719729
sha256,d_reg[3],train,secworks_sha2,crypto_checksum,input_to_reg,4.26931,3.7727442,0.4965658212280273
sha256,d_reg[4],train,secworks_sha2,crypto_checksum,input_to_reg,4.268808,3.7727442,0.4960638212280273
sha256,d_reg[5],train,secworks_sha2,crypto_checksum,input_to_reg,4.268808,4.8211946,0.5523866487426758
sha256,d_reg[6],train,secworks_sha2,crypto_checksum,input_to_reg,4.891293,4.880835,0.010457943695068472
sha256,d_reg[7],train,secworks_sha2,crypto_checksum,input_to_reg,4.966108,4.880835,0.08527294369506855
sha256,d_reg[8],train,secworks_sha2,crypto_checksum,input_to_reg,2.1148,3.7727442,1.6579441787719729
sha256,d_reg[9],train,secworks_sha2,crypto_checksum,input_to_reg,4.903439,4.880835,0.02260394369506802
sha256,digest_update,train,secworks_sha2,crypto_checksum,reg_to_reg,1.55069,1.5509177,0.00022774463653574273
sha256,digest_valid,train,secworks_sha2,crypto_checksum,input_to_reg,1.53179,1.5330955,0.0013054790115356596
sha256,e_reg[0],train,secworks_sha2,crypto_checksum,input_to_reg,4.857494,4.85584,0.001653793853759744
sha256,e_reg[10],train,secworks_sha2,crypto_checksum,input_to_reg,5.024037,5.0227623,0.001274701416015489
sha256,e_reg[11],train,secworks_sha2,crypto_checksum,input_to_reg,4.90535,4.905109,0.0002410713195803993
sha256,e_reg[12],train,secworks_sha2,crypto_checksum,input_to_reg,4.842731,4.843985,0.0012540807189944658
sha256,e_reg[13],train,secworks_sha2,crypto_checksum,input_to_reg,4.90535,4.9039097,0.0014403167724612587
sha256,e_reg[14],train,secworks_sha2,crypto_checksum,input_to_reg,4.260757,4.263862,0.0031051330261231413
sha256,e_reg[15],train,secworks_sha2,crypto_checksum,input_to_reg,4.857494,4.857133,0.0003610883178710722
sha256,e_reg[16],train,secworks_sha2,crypto_checksum,input_to_reg,4.996705,4.9939923,0.002712671356201568
sha256,e_reg[17],train,secworks_sha2,crypto_checksum,input_to_reg,4.294123,4.296973,0.0028502284545899315
sha256,e_reg[18],train,secworks_sha2,crypto_checksum,input_to_reg,4.903439,4.903642,0.00020317758178745038
sha256,e_reg[19],train,secworks_sha2,crypto_checksum,input_to_reg,4.90535,4.904257,0.0010931793212893837
sha256,e_reg[1],train,secworks_sha2,crypto_checksum,input_to_reg,4.857494,4.85731,0.00018418173217771283
sha256,e_reg[20],train,secworks_sha2,crypto_checksum,input_to_reg,4.842731,4.842935,0.00020408529663118458
sha256,e_reg[21],train,secworks_sha2,crypto_checksum,input_to_reg,4.842731,4.84318,0.0004491795959475908
sha256,e_reg[22],train,secworks_sha2,crypto_checksum,input_to_reg,4.260757,4.263862,0.0031051330261231413
sha256,e_reg[23],train,secworks_sha2,crypto_checksum,input_to_reg,4.83619,4.8360734,0.00011660140991232026
sha256,e_reg[24],train,secworks_sha2,crypto_checksum,reg_to_reg,4.857494,4.8574333,6.0680908203103456e-05
sha256,e_reg[25],train,secworks_sha2,crypto_checksum,reg_to_reg,4.857494,4.8574333,6.0680908203103456e-05
sha256,e_reg[26],train,secworks_sha2,crypto_checksum,reg_to_reg,4.90535,4.9041147,0.001235276794433915
sha256,e_reg[27],train,secworks_sha2,crypto_checksum,reg_to_reg,4.842731,4.843323,0.0005922307434085283
sha256,e_reg[28],train,secworks_sha2,crypto_checksum,reg_to_reg,4.842731,4.843323,0.0005922307434085283
sha256,e_reg[29],train,secworks_sha2,crypto_checksum,reg_to_reg,4.857494,4.8573914,0.00010264257812497846
sha256,e_reg[2],train,secworks_sha2,crypto_checksum,input_to_reg,4.842731,4.8437023,0.0009713162841800127
sha256,e_reg[30],train,secworks_sha2,crypto_checksum,reg_to_reg,4.849196,4.8502684,0.0010723639526366568
sha256,e_reg[31],train,secworks_sha2,crypto_checksum,reg_to_reg,4.857494,4.8573914,0.00010264257812497846
sha256,e_reg[3],train,secworks_sha2,crypto_checksum,input_to_reg,4.857494,4.8575883,9.429116821291217e-05
sha256,e_reg[4],train,secworks_sha2,crypto_checksum,input_to_reg,5.024037,5.0232205,0.0008164609069822859
sha256,e_reg[5],train,secworks_sha2,crypto_checksum,input_to_reg,5.024037,5.0232205,0.0008164609069822859
sha256,e_reg[6],train,secworks_sha2,crypto_checksum,input_to_reg,4.842731,4.8433127,0.0005817403259280596
sha256,e_reg[7],train,secworks_sha2,crypto_checksum,input_to_reg,4.857494,4.8565326,0.0009614263000488066
sha256,e_reg[8],train,secworks_sha2,crypto_checksum,input_to_reg,4.857494,4.8592277,0.001733657318115256
sha256,e_reg[9],train,secworks_sha2,crypto_checksum,input_to_reg,5.024037,5.0227623,0.001274701416015489
sha256,f_reg[0],train,secworks_sha2,crypto_checksum,input_to_reg,4.26931,3.7727442,0.4965658212280273
sha256,f_reg[10],train,secworks_sha2,crypto_checksum,input_to_reg,4.26931,3.7727442,0.4965658212280273
sha256,f_reg[11],train,secworks_sha2,crypto_checksum,input_to_reg,5.024037,3.7727442,1.2512928212280272
sha256,f_reg[12],train,secworks_sha2,crypto_checksum,input_to_reg,4.26931,3.7727442,0.4965658212280273
sha256,f_reg[13],train,secworks_sha2,crypto_checksum,input_to_reg,5.024037,3.7727442,1.2512928212280272
sha256,f_reg[14],train,secworks_sha2,crypto_checksum,input_to_reg,4.903439,4.8211946,0.08224435125732388
sha256,f_reg[15],train,secworks_sha2,crypto_checksum,input_to_reg,4.903439,4.880835,0.02260394369506802
sha256,f_reg[16],train,secworks_sha2,crypto_checksum,input_to_reg,4.26931,3.7727442,0.4965658212280273
sha256,f_reg[17],train,secworks_sha2,crypto_checksum,input_to_reg,4.966108,4.880835,0.08527294369506855
sha256,f_reg[18],train,secworks_sha2,crypto_checksum,input_to_reg,5.024037,3.7727442,1.2512928212280272
sha256,f_reg[19],train,secworks_sha2,crypto_checksum,input_to_reg,4.903439,4.8211946,0.08224435125732388
sha256,f_reg[1],train,secworks_sha2,crypto_checksum,input_to_reg,4.903439,4.880835,0.02260394369506802
sha256,f_reg[20],train,secworks_sha2,crypto_checksum,input_to_reg,4.26931,3.7727442,0.4965658212280273
sha256,f_reg[21],train,secworks_sha2,crypto_checksum,input_to_reg,4.417511,4.880835,0.46332405630493145
sha256,f_reg[22],train,secworks_sha2,crypto_checksum,input_to_reg,4.903439,4.8211946,0.08224435125732388
sha256,f_reg[23],train,secworks_sha2,crypto_checksum,input_to_reg,4.903439,4.880835,0.02260394369506802
sha256,f_reg[24],train,secworks_sha2,crypto_checksum,input_to_reg,4.26931,3.7727442,0.4965658212280273
sha256,f_reg[25],train,secworks_sha2,crypto_checksum,input_to_reg,4.903439,4.8211946,0.08224435125732388
sha256,f_reg[26],train,secworks_sha2,crypto_checksum,input_to_reg,4.903439,4.880835,0.02260394369506802
sha256,f_reg[27],train,secworks_sha2,crypto_checksum,input_to_reg,4.903439,4.8211946,0.08224435125732388
sha256,f_reg[28],train,secworks_sha2,crypto_checksum,input_to_reg,4.903439,4.8211946,0.08224435125732388
sha256,f_reg[29],train,secworks_sha2,crypto_checksum,input_to_reg,4.26931,3.7727442,0.4965658212280273
sha256,f_reg[2],train,secworks_sha2,crypto_checksum,input_to_reg,4.26931,3.7727442,0.4965658212280273
sha256,f_reg[30],train,secworks_sha2,crypto_checksum,input_to_reg,4.903439,4.8211946,0.08224435125732388
sha256,f_reg[31],train,secworks_sha2,crypto_checksum,input_to_reg,4.932748,4.930911,0.0018369358520509138
sha256,f_reg[3],train,secworks_sha2,crypto_checksum,input_to_reg,4.26931,3.7727442,0.4965658212280273
sha256,f_reg[4],train,secworks_sha2,crypto_checksum,input_to_reg,4.903439,4.8211946,0.08224435125732388
sha256,f_reg[5],train,secworks_sha2,crypto_checksum,input_to_reg,4.417511,4.880835,0.46332405630493145
sha256,f_reg[6],train,secworks_sha2,crypto_checksum,input_to_reg,4.903439,4.880835,0.02260394369506802
sha256,f_reg[7],train,secworks_sha2,crypto_checksum,input_to_reg,5.024037,3.7727442,1.2512928212280272
sha256,f_reg[8],train,secworks_sha2,crypto_checksum,input_to_reg,4.26931,3.7727442,0.4965658212280273
sha256,f_reg[9],train,secworks_sha2,crypto_checksum,input_to_reg,4.903439,4.880835,0.02260394369506802
sha256,g_reg[0],train,secworks_sha2,crypto_checksum,input_to_reg,4.268808,3.7727442,0.4960638212280273
sha256,g_reg[10],train,secworks_sha2,crypto_checksum,input_to_reg,4.857494,3.7727442,1.0847498212280273
sha256,g_reg[11],train,secworks_sha2,crypto_checksum,input_to_reg,2.1148,3.7727442,1.6579441787719729
sha256,g_reg[12],train,secworks_sha2,crypto_checksum,input_to_reg,4.903439,4.8211946,0.08224435125732388
sha256,g_reg[13],train,secworks_sha2,crypto_checksum,input_to_reg,4.903439,4.880835,0.02260394369506802
sha256,g_reg[14],train,secworks_sha2,crypto_checksum,input_to_reg,4.26931,3.7727442,0.4965658212280273
sha256,g_reg[15],train,secworks_sha2,crypto_checksum,input_to_reg,2.1148,3.7727442,1.6579441787719729
sha256,g_reg[16],train,secworks_sha2,crypto_checksum,input_to_reg,4.903439,4.8211946,0.08224435125732388
sha256,g_reg[17],train,secworks_sha2,crypto_checksum,input_to_reg,5.024037,3.7727442,1.2512928212280272
sha256,g_reg[18],train,secworks_sha2,crypto_checksum,input_to_reg,4.903439,4.880835,0.02260394369506802
sha256,g_reg[19],train,secworks_sha2,crypto_checksum,input_to_reg,4.26931,3.7727442,0.4965658212280273
sha256,g_reg[1],train,secworks_sha2,crypto_checksum,input_to_reg,4.903439,4.8211946,0.08224435125732388
sha256,g_reg[20],train,secworks_sha2,crypto_checksum,input_to_reg,4.857494,3.7727442,1.0847498212280273
sha256,g_reg[21],train,secworks_sha2,crypto_checksum,input_to_reg,4.268808,3.7727442,0.4960638212280273
sha256,g_reg[22],train,secworks_sha2,crypto_checksum,input_to_reg,4.903439,4.8211946,0.08224435125732388
sha256,g_reg[23],train,secworks_sha2,crypto_checksum,input_to_reg,2.1148,3.7727442,1.6579441787719729
sha256,g_reg[24],train,secworks_sha2,crypto_checksum,input_to_reg,4.857494,3.7727442,1.0847498212280273
sha256,g_reg[25],train,secworks_sha2,crypto_checksum,input_to_reg,4.26931,3.7727442,0.4965658212280273
sha256,g_reg[26],train,secworks_sha2,crypto_checksum,input_to_reg,2.1148,3.7727442,1.6579441787719729
sha256,g_reg[27],train,secworks_sha2,crypto_checksum,input_to_reg,4.26931,3.7727442,0.4965658212280273
sha256,g_reg[28],train,secworks_sha2,crypto_checksum,input_to_reg,4.903439,4.8211946,0.08224435125732388
sha256,g_reg[29],train,secworks_sha2,crypto_checksum,input_to_reg,4.268808,3.7727442,0.4960638212280273
sha256,g_reg[2],train,secworks_sha2,crypto_checksum,input_to_reg,4.268808,3.7727442,0.4960638212280273
sha256,g_reg[30],train,secworks_sha2,crypto_checksum,input_to_reg,4.26931,3.7727442,0.4965658212280273
sha256,g_reg[31],train,secworks_sha2,crypto_checksum,input_to_reg,5.010781,5.010659,0.00012178216552705123
sha256,g_reg[3],train,secworks_sha2,crypto_checksum,input_to_reg,4.268808,3.7727442,0.4960638212280273
sha256,g_reg[4],train,secworks_sha2,crypto_checksum,input_to_reg,4.903439,4.880835,0.02260394369506802
sha256,g_reg[5],train,secworks_sha2,crypto_checksum,input_to_reg,2.106987,3.7727442,1.6657571787719725
sha256,g_reg[6],train,secworks_sha2,crypto_checksum,input_to_reg,4.891293,4.880835,0.010457943695068472
sha256,g_reg[7],train,secworks_sha2,crypto_checksum,input_to_reg,2.1148,3.7727442,1.6579441787719729
sha256,g_reg[8],train,secworks_sha2,crypto_checksum,input_to_reg,2.106987,3.7727442,1.6657571787719725
sha256,g_reg[9],train,secworks_sha2,crypto_checksum,input_to_reg,4.26931,3.7727442,0.4965658212280273
sha256,h_reg[0],train,secworks_sha2,crypto_checksum,input_to_reg,4.268808,4.8211946,0.5523866487426758
sha256,h_reg[10],train,secworks_sha2,crypto_checksum,input_to_reg,4.903439,4.8211946,0.08224435125732388
sha256,h_reg[11],train,secworks_sha2,crypto_checksum,input_to_reg,2.106987,3.7727442,1.6657571787719725
sha256,h_reg[12],train,secworks_sha2,crypto_checksum,input_to_reg,4.903439,4.880835,0.02260394369506802
sha256,h_reg[13],train,secworks_sha2,crypto_checksum,input_to_reg,4.903439,4.880835,0.02260394369506802
sha256,h_reg[14],train,secworks_sha2,crypto_checksum,input_to_reg,4.268808,3.7727442,0.4960638212280273
sha256,h_reg[15],train,secworks_sha2,crypto_checksum,input_to_reg,4.268808,3.7727442,0.4960638212280273
sha256,h_reg[16],train,secworks_sha2,crypto_checksum,input_to_reg,4.903439,4.880835,0.02260394369506802
sha256,h_reg[17],train,secworks_sha2,crypto_checksum,input_to_reg,4.903439,4.8211946,0.08224435125732388
sha256,h_reg[18],train,secworks_sha2,crypto_checksum,input_to_reg,4.903439,4.880835,0.02260394369506802
sha256,h_reg[19],train,secworks_sha2,crypto_checksum,input_to_reg,5.024037,3.7727442,1.2512928212280272
sha256,h_reg[1],train,secworks_sha2,crypto_checksum,input_to_reg,4.903439,4.880835,0.02260394369506802
sha256,h_reg[20],train,secworks_sha2,crypto_checksum,input_to_reg,4.903439,4.8211946,0.08224435125732388
sha256,h_reg[21],train,secworks_sha2,crypto_checksum,input_to_reg,2.128833,3.7727442,1.6439111787719725
sha256,h_reg[22],train,secworks_sha2,crypto_checksum,input_to_reg,4.903439,4.8211946,0.08224435125732388
sha256,h_reg[23],train,secworks_sha2,crypto_checksum,input_to_reg,2.128833,3.7727442,1.6439111787719725
sha256,h_reg[24],train,secworks_sha2,crypto_checksum,input_to_reg,5.024037,3.7727442,1.2512928212280272
sha256,h_reg[25],train,secworks_sha2,crypto_checksum,input_to_reg,2.128833,3.7727442,1.6439111787719725
sha256,h_reg[26],train,secworks_sha2,crypto_checksum,input_to_reg,4.268808,3.7727442,0.4960638212280273
sha256,h_reg[27],train,secworks_sha2,crypto_checksum,input_to_reg,4.268808,4.8211946,0.5523866487426758
sha256,h_reg[28],train,secworks_sha2,crypto_checksum,input_to_reg,4.903439,4.8211946,0.08224435125732388
sha256,h_reg[29],train,secworks_sha2,crypto_checksum,input_to_reg,4.268808,3.7727442,0.4960638212280273
sha256,h_reg[2],train,secworks_sha2,crypto_checksum,input_to_reg,4.268808,3.7727442,0.4960638212280273
sha256,h_reg[30],train,secworks_sha2,crypto_checksum,input_to_reg,4.268808,4.8211946,0.5523866487426758
sha256,h_reg[31],train,secworks_sha2,crypto_checksum,input_to_reg,4.26931,3.7727442,0.4965658212280273
sha256,h_reg[3],train,secworks_sha2,crypto_checksum,input_to_reg,4.268808,3.7727442,0.4960638212280273
sha256,h_reg[4],train,secworks_sha2,crypto_checksum,input_to_reg,4.903439,4.8211946,0.08224435125732388
sha256,h_reg[5],train,secworks_sha2,crypto_checksum,input_to_reg,4.268808,4.8211946,0.5523866487426758
sha256,h_reg[6],train,secworks_sha2,crypto_checksum,input_to_reg,4.903439,4.880835,0.02260394369506802
sha256,h_reg[7],train,secworks_sha2,crypto_checksum,input_to_reg,4.903439,4.8211946,0.08224435125732388
sha256,h_reg[8],train,secworks_sha2,crypto_checksum,input_to_reg,4.268808,3.7727442,0.4960638212280273
sha256,h_reg[9],train,secworks_sha2,crypto_checksum,input_to_reg,4.857494,3.7727442,1.0847498212280273
sha256,ready,train,secworks_sha2,crypto_checksum,input_to_reg,1.53209,1.5322492,0.00015921226501469654
sha256,t_ctr_reg[0],train,secworks_sha2,crypto_checksum,input_to_reg,4.87526,4.8697433,0.005516652832031177
sha256,t_ctr_reg[1],train,secworks_sha2,crypto_checksum,input_to_reg,2.072618,2.0733142,0.0006961899108888225
sha256,t_ctr_reg[2],train,secworks_sha2,crypto_checksum,input_to_reg,2.102827,2.1018302,0.000996755935668947
sha256,t_ctr_reg[3],train,secworks_sha2,crypto_checksum,input_to_reg,2.143017,2.1430764,5.94198303223159e-05
sha256,t_ctr_reg[4],train,secworks_sha2,crypto_checksum,input_to_reg,1.603836,1.6030395,0.0007964969024658597
sha256,t_ctr_reg[5],train,secworks_sha2,crypto_checksum,input_to_reg,4.256701,4.2532983,0.0034027173767086083
sha256,w_mem_inst.w_mem[0][0],train,secworks_sha2,crypto_checksum,reg_to_reg,15.24252,15.34862,0.10610041473388598
sha256,w_mem_inst.w_mem[0][10],train,secworks_sha2,crypto_checksum,reg_to_reg,15.24252,15.34862,0.10610041473388598
sha256,w_mem_inst.w_mem[0][11],train,secworks_sha2,crypto_checksum,reg_to_reg,15.24252,15.34862,0.10610041473388598
sha256,w_mem_inst.w_mem[0][12],train,secworks_sha2,crypto_checksum,reg_to_reg,15.24252,15.34862,0.10610041473388598
sha256,w_mem_inst.w_mem[0][13],train,secworks_sha2,crypto_checksum,reg_to_reg,15.24252,15.34862,0.10610041473388598
sha256,w_mem_inst.w_mem[0][14],train,secworks_sha2,crypto_checksum,reg_to_reg,15.24252,15.34862,0.10610041473388598
sha256,w_mem_inst.w_mem[0][15],train,secworks_sha2,crypto_checksum,reg_to_reg,15.24252,15.34862,0.10610041473388598
sha256,w_mem_inst.w_mem[0][16],train,secworks_sha2,crypto_checksum,reg_to_reg,15.24252,15.34862,0.10610041473388598
sha256,w_mem_inst.w_mem[0][17],train,secworks_sha2,crypto_checksum,reg_to_reg,15.24252,15.34862,0.10610041473388598
sha256,w_mem_inst.w_mem[0][18],train,secworks_sha2,crypto_checksum,reg_to_reg,15.24252,15.34862,0.10610041473388598
sha256,w_mem_inst.w_mem[0][19],train,secworks_sha2,crypto_checksum,reg_to_reg,15.24252,15.34862,0.10610041473388598
sha256,w_mem_inst.w_mem[0][1],train,secworks_sha2,crypto_checksum,reg_to_reg,15.24252,15.34862,0.10610041473388598
sha256,w_mem_inst.w_mem[0][20],train,secworks_sha2,crypto_checksum,reg_to_reg,15.24252,15.34862,0.10610041473388598
sha256,w_mem_inst.w_mem[0][21],train,secworks_sha2,crypto_checksum,reg_to_reg,15.24252,15.34862,0.10610041473388598
sha256,w_mem_inst.w_mem[0][22],train,secworks_sha2,crypto_checksum,reg_to_reg,15.24252,15.34862,0.10610041473388598
sha256,w_mem_inst.w_mem[0][23],train,secworks_sha2,crypto_checksum,reg_to_reg,15.24252,15.34862,0.10610041473388598
sha256,w_mem_inst.w_mem[0][24],train,secworks_sha2,crypto_checksum,reg_to_reg,15.24252,15.34862,0.10610041473388598
sha256,w_mem_inst.w_mem[0][25],train,secworks_sha2,crypto_checksum,reg_to_reg,15.24252,15.34862,0.10610041473388598
sha256,w_mem_inst.w_mem[0][26],train,secworks_sha2,crypto_checksum,reg_to_reg,15.24252,15.34862,0.10610041473388598
sha256,w_mem_inst.w_mem[0][27],train,secworks_sha2,crypto_checksum,reg_to_reg,15.24252,15.34862,0.10610041473388598
sha256,w_mem_inst.w_mem[0][28],train,secworks_sha2,crypto_checksum,reg_to_reg,15.24252,15.34862,0.10610041473388598
sha256,w_mem_inst.w_mem[0][29],train,secworks_sha2,crypto_checksum,reg_to_reg,15.24252,15.34862,0.10610041473388598
sha256,w_mem_inst.w_mem[0][2],train,secworks_sha2,crypto_checksum,reg_to_reg,15.24252,15.34862,0.10610041473388598
sha256,w_mem_inst.w_mem[0][30],train,secworks_sha2,crypto_checksum,reg_to_reg,15.24252,15.34862,0.10610041473388598
sha256,w_mem_inst.w_mem[0][31],train,secworks_sha2,crypto_checksum,reg_to_reg,15.24252,15.34862,0.10610041473388598
sha256,w_mem_inst.w_mem[0][3],train,secworks_sha2,crypto_checksum,reg_to_reg,15.24252,15.34862,0.10610041473388598
sha256,w_mem_inst.w_mem[0][4],train,secworks_sha2,crypto_checksum,reg_to_reg,15.24252,15.34862,0.10610041473388598
sha256,w_mem_inst.w_mem[0][5],train,secworks_sha2,crypto_checksum,reg_to_reg,15.24252,15.34862,0.10610041473388598
sha256,w_mem_inst.w_mem[0][6],train,secworks_sha2,crypto_checksum,reg_to_reg,15.24252,15.34862,0.10610041473388598
sha256,w_mem_inst.w_mem[0][7],train,secworks_sha2,crypto_checksum,reg_to_reg,15.24252,15.34862,0.10610041473388598
sha256,w_mem_inst.w_mem[0][8],train,secworks_sha2,crypto_checksum,reg_to_reg,15.24252,15.34862,0.10610041473388598
sha256,w_mem_inst.w_mem[0][9],train,secworks_sha2,crypto_checksum,reg_to_reg,15.24252,15.34862,0.10610041473388598
sha256,w_mem_inst.w_mem[10][0],train,secworks_sha2,crypto_checksum,reg_to_reg,15.24252,15.34862,0.10610041473388598
sha256,w_mem_inst.w_mem[10][10],train,secworks_sha2,crypto_checksum,reg_to_reg,15.24252,15.34862,0.10610041473388598
sha256,w_mem_inst.w_mem[10][11],train,secworks_sha2,crypto_checksum,reg_to_reg,15.24252,15.34862,0.10610041473388598
sha256,w_mem_inst.w_mem[10][12],train,secworks_sha2,crypto_checksum,reg_to_reg,15.24252,15.34862,0.10610041473388598
sha256,w_mem_inst.w_mem[10][13],train,secworks_sha2,crypto_checksum,reg_to_reg,15.24252,15.34862,0.10610041473388598
sha256,w_mem_inst.w_mem[10][14],train,secworks_sha2,crypto_checksum,reg_to_reg,15.24252,15.34862,0.10610041473388598
sha256,w_mem_inst.w_mem[10][15],train,secworks_sha2,crypto_checksum,reg_to_reg,15.24252,15.34862,0.10610041473388598
sha256,w_mem_inst.w_mem[10][16],train,secworks_sha2,crypto_checksum,reg_to_reg,15.24252,15.34862,0.10610041473388598
sha256,w_mem_inst.w_mem[10][17],train,secworks_sha2,crypto_checksum,reg_to_reg,15.24252,15.34862,0.10610041473388598
sha256,w_mem_inst.w_mem[10][18],train,secworks_sha2,crypto_checksum,reg_to_reg,15.24252,15.34862,0.10610041473388598
sha256,w_mem_inst.w_mem[10][19],train,secworks_sha2,crypto_checksum,reg_to_reg,15.24252,15.34862,0.10610041473388598
sha256,w_mem_inst.w_mem[10][1],train,secworks_sha2,crypto_checksum,reg_to_reg,15.24252,15.34862,0.10610041473388598
sha256,w_mem_inst.w_mem[10][20],train,secworks_sha2,crypto_checksum,reg_to_reg,15.24252,15.34862,0.10610041473388598
sha256,w_mem_inst.w_mem[10][21],train,secworks_sha2,crypto_checksum,reg_to_reg,15.24252,15.34862,0.10610041473388598
sha256,w_mem_inst.w_mem[10][22],train,secworks_sha2,crypto_checksum,reg_to_reg,15.24252,15.34862,0.10610041473388598
sha256,w_mem_inst.w_mem[10][23],train,secworks_sha2,crypto_checksum,reg_to_reg,15.24252,15.34862,0.10610041473388598
sha256,w_mem_inst.w_mem[10][24],train,secworks_sha2,crypto_checksum,reg_to_reg,15.24252,15.34862,0.10610041473388598
sha256,w_mem_inst.w_mem[10][25],train,secworks_sha2,crypto_checksum,reg_to_reg,15.24252,15.34862,0.10610041473388598
sha256,w_mem_inst.w_mem[10][26],train,secworks_sha2,crypto_checksum,reg_to_reg,15.24252,15.34862,0.10610041473388598
sha256,w_mem_inst.w_mem[10][27],train,secworks_sha2,crypto_checksum,reg_to_reg,15.24252,15.34862,0.10610041473388598
sha256,w_mem_inst.w_mem[10][28],train,secworks_sha2,crypto_checksum,reg_to_reg,15.24252,15.34862,0.10610041473388598
sha256,w_mem_inst.w_mem[10][29],train,secworks_sha2,crypto_checksum,reg_to_reg,15.24252,15.34862,0.10610041473388598
sha256,w_mem_inst.w_mem[10][2],train,secworks_sha2,crypto_checksum,reg_to_reg,15.24252,15.34862,0.10610041473388598
sha256,w_mem_inst.w_mem[10][30],train,secworks_sha2,crypto_checksum,reg_to_reg,15.24252,15.34862,0.10610041473388598
sha256,w_mem_inst.w_mem[10][31],train,secworks_sha2,crypto_checksum,reg_to_reg,15.921643,15.34862,0.5730225852661128
sha256,w_mem_inst.w_mem[10][3],train,secworks_sha2,crypto_checksum,reg_to_reg,15.24252,15.34862,0.10610041473388598
sha256,w_mem_inst.w_mem[10][4],train,secworks_sha2,crypto_checksum,reg_to_reg,15.24252,15.34862,0.10610041473388598
sha256,w_mem_inst.w_mem[10][5],train,secworks_sha2,crypto_checksum,reg_to_reg,15.24252,15.34862,0.10610041473388598
sha256,w_mem_inst.w_mem[10][6],train,secworks_sha2,crypto_checksum,reg_to_reg,15.24252,15.34862,0.10610041473388598
sha256,w_mem_inst.w_mem[10][7],train,secworks_sha2,crypto_checksum,reg_to_reg,15.24252,15.34862,0.10610041473388598
sha256,w_mem_inst.w_mem[10][8],train,secworks_sha2,crypto_checksum,reg_to_reg,15.24252,15.34862,0.10610041473388598
sha256,w_mem_inst.w_mem[10][9],train,secworks_sha2,crypto_checksum,reg_to_reg,15.24252,15.34862,0.10610041473388598
sha256,w_mem_inst.w_mem[11][0],train,secworks_sha2,crypto_checksum,reg_to_reg,15.24252,15.34862,0.10610041473388598
sha256,w_mem_inst.w_mem[11][10],train,secworks_sha2,crypto_checksum,reg_to_reg,15.24252,15.34862,0.10610041473388598
sha256,w_mem_inst.w_mem[11][11],train,secworks_sha2,crypto_checksum,reg_to_reg,15.24252,15.34862,0.10610041473388598
sha256,w_mem_inst.w_mem[11][12],train,secworks_sha2,crypto_checksum,reg_to_reg,15.24252,15.34862,0.10610041473388598
sha256,w_mem_inst.w_mem[11][13],train,secworks_sha2,crypto_checksum,reg_to_reg,15.24252,15.34862,0.10610041473388598
sha256,w_mem_inst.w_mem[11][14],train,secworks_sha2,crypto_checksum,reg_to_reg,15.24252,15.34862,0.10610041473388598
sha256,w_mem_inst.w_mem[11][15],train,secworks_sha2,crypto_checksum,reg_to_reg,15.24252,15.34862,0.10610041473388598
sha256,w_mem_inst.w_mem[11][16],train,secworks_sha2,crypto_checksum,reg_to_reg,15.24252,15.34862,0.10610041473388598
sha256,w_mem_inst.w_mem[11][17],train,secworks_sha2,crypto_checksum,reg_to_reg,15.24252,15.34862,0.10610041473388598
sha256,w_mem_inst.w_mem[11][18],train,secworks_sha2,crypto_checksum,reg_to_reg,15.24252,15.34862,0.10610041473388598
sha256,w_mem_inst.w_mem[11][19],train,secworks_sha2,crypto_checksum,reg_to_reg,15.24252,15.34862,0.10610041473388598
sha256,w_mem_inst.w_mem[11][1],train,secworks_sha2,crypto_checksum,reg_to_reg,15.24252,15.34862,0.10610041473388598
sha256,w_mem_inst.w_mem[11][20],train,secworks_sha2,crypto_checksum,reg_to_reg,15.24252,15.34862,0.10610041473388598
sha256,w_mem_inst.w_mem[11][21],train,secworks_sha2,crypto_checksum,reg_to_reg,15.24252,15.34862,0.10610041473388598
sha256,w_mem_inst.w_mem[11][22],train,secworks_sha2,crypto_checksum,reg_to_reg,15.24252,15.34862,0.10610041473388598
sha256,w_mem_inst.w_mem[11][23],train,secworks_sha2,crypto_checksum,reg_to_reg,15.24252,15.34862,0.10610041473388598
sha256,w_mem_inst.w_mem[11][24],train,secworks_sha2,crypto_checksum,reg_to_reg,15.24252,15.34862,0.10610041473388598
sha256,w_mem_inst.w_mem[11][25],train,secworks_sha2,crypto_checksum,reg_to_reg,15.24252,15.34862,0.10610041473388598
sha256,w_mem_inst.w_mem[11][26],train,secworks_sha2,crypto_checksum,reg_to_reg,15.24252,15.34862,0.10610041473388598
sha256,w_mem_inst.w_mem[11][27],train,secworks_sha2,crypto_checksum,reg_to_reg,15.24252,15.34862,0.10610041473388598
sha256,w_mem_inst.w_mem[11][28],train,secworks_sha2,crypto_checksum,reg_to_reg,15.24252,15.34862,0.10610041473388598
sha256,w_mem_inst.w_mem[11][29],train,secworks_sha2,crypto_checksum,reg_to_reg,15.24252,15.34862,0.10610041473388598
sha256,w_mem_inst.w_mem[11][2],train,secworks_sha2,crypto_checksum,reg_to_reg,15.24252,15.34862,0.10610041473388598
sha256,w_mem_inst.w_mem[11][30],train,secworks_sha2,crypto_checksum,reg_to_reg,15.24252,15.34862,0.10610041473388598
sha256,w_mem_inst.w_mem[11][31],train,secworks_sha2,crypto_checksum,reg_to_reg,15.921643,15.34862,0.5730225852661128
sha256,w_mem_inst.w_mem[11][3],train,secworks_sha2,crypto_checksum,reg_to_reg,15.24252,15.34862,0.10610041473388598
sha256,w_mem_inst.w_mem[11][4],train,secworks_sha2,crypto_checksum,reg_to_reg,15.24252,15.34862,0.10610041473388598
sha256,w_mem_inst.w_mem[11][5],train,secworks_sha2,crypto_checksum,reg_to_reg,15.24252,15.34862,0.10610041473388598
sha256,w_mem_inst.w_mem[11][6],train,secworks_sha2,crypto_checksum,reg_to_reg,15.24252,15.34862,0.10610041473388598
sha256,w_mem_inst.w_mem[11][7],train,secworks_sha2,crypto_checksum,reg_to_reg,15.24252,15.34862,0.10610041473388598
sha256,w_mem_inst.w_mem[11][8],train,secworks_sha2,crypto_checksum,reg_to_reg,15.24252,15.34862,0.10610041473388598
sha256,w_mem_inst.w_mem[11][9],train,secworks_sha2,crypto_checksum,reg_to_reg,15.24252,15.34862,0.10610041473388598
sha256,w_mem_inst.w_mem[12][0],train,secworks_sha2,crypto_checksum,reg_to_reg,15.24252,15.34862,0.10610041473388598
sha256,w_mem_inst.w_mem[12][10],train,secworks_sha2,crypto_checksum,reg_to_reg,15.24252,15.34862,0.10610041473388598
sha256,w_mem_inst.w_mem[12][11],train,secworks_sha2,crypto_checksum,reg_to_reg,15.24252,15.34862,0.10610041473388598
sha256,w_mem_inst.w_mem[12][12],train,secworks_sha2,crypto_checksum,reg_to_reg,15.24252,15.34862,0.10610041473388598
sha256,w_mem_inst.w_mem[12][13],train,secworks_sha2,crypto_checksum,reg_to_reg,15.24252,15.34862,0.10610041473388598
sha256,w_mem_inst.w_mem[12][14],train,secworks_sha2,crypto_checksum,reg_to_reg,15.24252,15.34862,0.10610041473388598
sha256,w_mem_inst.w_mem[12][15],train,secworks_sha2,crypto_checksum,reg_to_reg,15.24252,15.34862,0.10610041473388598
sha256,w_mem_inst.w_mem[12][16],train,secworks_sha2,crypto_checksum,reg_to_reg,15.24252,15.34862,0.10610041473388598
sha256,w_mem_inst.w_mem[12][17],train,secworks_sha2,crypto_checksum,reg_to_reg,15.24252,15.34862,0.10610041473388598
sha256,w_mem_inst.w_mem[12][18],train,secworks_sha2,crypto_checksum,reg_to_reg,15.24252,15.34862,0.10610041473388598
sha256,w_mem_inst.w_mem[12][19],train,secworks_sha2,crypto_checksum,reg_to_reg,15.24252,15.34862,0.10610041473388598
sha256,w_mem_inst.w_mem[12][1],train,secworks_sha2,crypto_checksum,reg_to_reg,15.24252,15.34862,0.10610041473388598
sha256,w_mem_inst.w_mem[12][20],train,secworks_sha2,crypto_checksum,reg_to_reg,15.24252,15.34862,0.10610041473388598
sha256,w_mem_inst.w_mem[12][21],train,secworks_sha2,crypto_checksum,reg_to_reg,15.24252,15.34862,0.10610041473388598
sha256,w_mem_inst.w_mem[12][22],train,secworks_sha2,crypto_checksum,reg_to_reg,15.24252,15.34862,0.10610041473388598
sha256,w_mem_inst.w_mem[12][23],train,secworks_sha2,crypto_checksum,reg_to_reg,15.24252,15.34862,0.10610041473388598
sha256,w_mem_inst.w_mem[12][24],train,secworks_sha2,crypto_checksum,reg_to_reg,15.24252,15.34862,0.10610041473388598
sha256,w_mem_inst.w_mem[12][25],train,secworks_sha2,crypto_checksum,reg_to_reg,15.24252,15.34862,0.10610041473388598
sha256,w_mem_inst.w_mem[12][26],train,secworks_sha2,crypto_checksum,reg_to_reg,15.24252,15.34862,0.10610041473388598
sha256,w_mem_inst.w_mem[12][27],train,secworks_sha2,crypto_checksum,reg_to_reg,15.24252,15.34862,0.10610041473388598
sha256,w_mem_inst.w_mem[12][28],train,secworks_sha2,crypto_checksum,reg_to_reg,15.24252,15.34862,0.10610041473388598
sha256,w_mem_inst.w_mem[12][29],train,secworks_sha2,crypto_checksum,reg_to_reg,15.24252,15.34862,0.10610041473388598
sha256,w_mem_inst.w_mem[12][2],train,secworks_sha2,crypto_checksum,reg_to_reg,15.24252,15.34862,0.10610041473388598
sha256,w_mem_inst.w_mem[12][30],train,secworks_sha2,crypto_checksum,reg_to_reg,15.24252,15.34862,0.10610041473388598
sha256,w_mem_inst.w_mem[12][31],train,secworks_sha2,crypto_checksum,reg_to_reg,15.921643,15.34862,0.5730225852661128
sha256,w_mem_inst.w_mem[12][3],train,secworks_sha2,crypto_checksum,reg_to_reg,15.24252,15.34862,0.10610041473388598
sha256,w_mem_inst.w_mem[12][4],train,secworks_sha2,crypto_checksum,reg_to_reg,15.24252,15.34862,0.10610041473388598
sha256,w_mem_inst.w_mem[12][5],train,secworks_sha2,crypto_checksum,reg_to_reg,15.24252,15.34862,0.10610041473388598
sha256,w_mem_inst.w_mem[12][6],train,secworks_sha2,crypto_checksum,reg_to_reg,15.24252,15.34862,0.10610041473388598
sha256,w_mem_inst.w_mem[12][7],train,secworks_sha2,crypto_checksum,reg_to_reg,15.24252,15.34862,0.10610041473388598
sha256,w_mem_inst.w_mem[12][8],train,secworks_sha2,crypto_checksum,reg_to_reg,15.24252,15.34862,0.10610041473388598
sha256,w_mem_inst.w_mem[12][9],train,secworks_sha2,crypto_checksum,reg_to_reg,15.24252,15.34862,0.10610041473388598
sha256,w_mem_inst.w_mem[13][0],train,secworks_sha2,crypto_checksum,reg_to_reg,15.24252,15.34862,0.10610041473388598
sha256,w_mem_inst.w_mem[13][10],train,secworks_sha2,crypto_checksum,reg_to_reg,15.24252,15.34862,0.10610041473388598
sha256,w_mem_inst.w_mem[13][11],train,secworks_sha2,crypto_checksum,reg_to_reg,15.24252,15.34862,0.10610041473388598
sha256,w_mem_inst.w_mem[13][12],train,secworks_sha2,crypto_checksum,reg_to_reg,15.24252,15.34862,0.10610041473388598
sha256,w_mem_inst.w_mem[13][13],train,secworks_sha2,crypto_checksum,reg_to_reg,15.24252,15.34862,0.10610041473388598
sha256,w_mem_inst.w_mem[13][14],train,secworks_sha2,crypto_checksum,reg_to_reg,15.24252,15.34862,0.10610041473388598
sha256,w_mem_inst.w_mem[13][15],train,secworks_sha2,crypto_checksum,reg_to_reg,15.24252,15.34862,0.10610041473388598
sha256,w_mem_inst.w_mem[13][16],train,secworks_sha2,crypto_checksum,reg_to_reg,15.24252,15.34862,0.10610041473388598
sha256,w_mem_inst.w_mem[13][17],train,secworks_sha2,crypto_checksum,reg_to_reg,15.24252,15.34862,0.10610041473388598
sha256,w_mem_inst.w_mem[13][18],train,secworks_sha2,crypto_checksum,reg_to_reg,15.24252,15.34862,0.10610041473388598
sha256,w_mem_inst.w_mem[13][19],train,secworks_sha2,crypto_checksum,reg_to_reg,15.24252,15.34862,0.10610041473388598
sha256,w_mem_inst.w_mem[13][1],train,secworks_sha2,crypto_checksum,reg_to_reg,15.24252,15.34862,0.10610041473388598
sha256,w_mem_inst.w_mem[13][20],train,secworks_sha2,crypto_checksum,reg_to_reg,15.24252,15.34862,0.10610041473388598
sha256,w_mem_inst.w_mem[13][21],train,secworks_sha2,crypto_checksum,reg_to_reg,15.24252,15.34862,0.10610041473388598
sha256,w_mem_inst.w_mem[13][22],train,secworks_sha2,crypto_checksum,reg_to_reg,15.24252,15.34862,0.10610041473388598
sha256,w_mem_inst.w_mem[13][23],train,secworks_sha2,crypto_checksum,reg_to_reg,15.24252,15.34862,0.10610041473388598
sha256,w_mem_inst.w_mem[13][24],train,secworks_sha2,crypto_checksum,reg_to_reg,15.24252,15.34862,0.10610041473388598
sha256,w_mem_inst.w_mem[13][25],train,secworks_sha2,crypto_checksum,reg_to_reg,15.24252,15.34862,0.10610041473388598
sha256,w_mem_inst.w_mem[13][26],train,secworks_sha2,crypto_checksum,reg_to_reg,15.24252,15.34862,0.10610041473388598
sha256,w_mem_inst.w_mem[13][27],train,secworks_sha2,crypto_checksum,reg_to_reg,15.24252,15.34862,0.10610041473388598
sha256,w_mem_inst.w_mem[13][28],train,secworks_sha2,crypto_checksum,reg_to_reg,15.24252,15.34862,0.10610041473388598
sha256,w_mem_inst.w_mem[13][29],train,secworks_sha2,crypto_checksum,reg_to_reg,15.24252,15.34862,0.10610041473388598
sha256,w_mem_inst.w_mem[13][2],train,secworks_sha2,crypto_checksum,reg_to_reg,15.24252,15.34862,0.10610041473388598
sha256,w_mem_inst.w_mem[13][30],train,secworks_sha2,crypto_checksum,reg_to_reg,15.24252,15.34862,0.10610041473388598
sha256,w_mem_inst.w_mem[13][31],train,secworks_sha2,crypto_checksum,reg_to_reg,15.24252,15.34862,0.10610041473388598
sha256,w_mem_inst.w_mem[13][3],train,secworks_sha2,crypto_checksum,reg_to_reg,15.24252,15.34862,0.10610041473388598
sha256,w_mem_inst.w_mem[13][4],train,secworks_sha2,crypto_checksum,reg_to_reg,15.24252,15.34862,0.10610041473388598
sha256,w_mem_inst.w_mem[13][5],train,secworks_sha2,crypto_checksum,reg_to_reg,15.24252,15.34862,0.10610041473388598
sha256,w_mem_inst.w_mem[13][6],train,secworks_sha2,crypto_checksum,reg_to_reg,15.24252,15.34862,0.10610041473388598
sha256,w_mem_inst.w_mem[13][7],train,secworks_sha2,crypto_checksum,reg_to_reg,15.24252,15.34862,0.10610041473388598
sha256,w_mem_inst.w_mem[13][8],train,secworks_sha2,crypto_checksum,reg_to_reg,15.24252,15.34862,0.10610041473388598
sha256,w_mem_inst.w_mem[13][9],train,secworks_sha2,crypto_checksum,reg_to_reg,15.24252,15.34862,0.10610041473388598
sha256,w_mem_inst.w_mem[14][0],train,secworks_sha2,crypto_checksum,reg_to_reg,15.921643,15.34862,0.5730225852661128
sha256,w_mem_inst.w_mem[14][10],train,secworks_sha2,crypto_checksum,reg_to_reg,15.921643,15.34862,0.5730225852661128
sha256,w_mem_inst.w_mem[14][11],train,secworks_sha2,crypto_checksum,reg_to_reg,15.921643,15.34862,0.5730225852661128
sha256,w_mem_inst.w_mem[14][12],train,secworks_sha2,crypto_checksum,reg_to_reg,15.921643,15.34862,0.5730225852661128
sha256,w_mem_inst.w_mem[14][13],train,secworks_sha2,crypto_checksum,reg_to_reg,15.921643,15.34862,0.5730225852661128
sha256,w_mem_inst.w_mem[14][14],train,secworks_sha2,crypto_checksum,reg_to_reg,15.921643,15.34862,0.5730225852661128
sha256,w_mem_inst.w_mem[14][15],train,secworks_sha2,crypto_checksum,reg_to_reg,15.921643,15.34862,0.5730225852661128
sha256,w_mem_inst.w_mem[14][16],train,secworks_sha2,crypto_checksum,reg_to_reg,15.921643,15.34862,0.5730225852661128
sha256,w_mem_inst.w_mem[14][17],train,secworks_sha2,crypto_checksum,reg_to_reg,15.921643,15.34862,0.5730225852661128
sha256,w_mem_inst.w_mem[14][18],train,secworks_sha2,crypto_checksum,reg_to_reg,15.921643,15.34862,0.5730225852661128
sha256,w_mem_inst.w_mem[14][19],train,secworks_sha2,crypto_checksum,reg_to_reg,15.921643,15.34862,0.5730225852661128
sha256,w_mem_inst.w_mem[14][1],train,secworks_sha2,crypto_checksum,reg_to_reg,15.921643,15.34862,0.5730225852661128
sha256,w_mem_inst.w_mem[14][20],train,secworks_sha2,crypto_checksum,reg_to_reg,15.921643,15.34862,0.5730225852661128
sha256,w_mem_inst.w_mem[14][21],train,secworks_sha2,crypto_checksum,reg_to_reg,15.921643,15.34862,0.5730225852661128
sha256,w_mem_inst.w_mem[14][22],train,secworks_sha2,crypto_checksum,reg_to_reg,15.921643,15.34862,0.5730225852661128
sha256,w_mem_inst.w_mem[14][23],train,secworks_sha2,crypto_checksum,reg_to_reg,15.921643,15.34862,0.5730225852661128
sha256,w_mem_inst.w_mem[14][24],train,secworks_sha2,crypto_checksum,reg_to_reg,15.921643,15.34862,0.5730225852661128
sha256,w_mem_inst.w_mem[14][25],train,secworks_sha2,crypto_checksum,reg_to_reg,15.921643,15.34862,0.5730225852661128
sha256,w_mem_inst.w_mem[14][26],train,secworks_sha2,crypto_checksum,reg_to_reg,15.921643,15.34862,0.5730225852661128
sha256,w_mem_inst.w_mem[14][27],train,secworks_sha2,crypto_checksum,reg_to_reg,15.921643,15.34862,0.5730225852661128
sha256,w_mem_inst.w_mem[14][28],train,secworks_sha2,crypto_checksum,reg_to_reg,15.921643,15.34862,0.5730225852661128
sha256,w_mem_inst.w_mem[14][29],train,secworks_sha2,crypto_checksum,reg_to_reg,15.921643,15.34862,0.5730225852661128
sha256,w_mem_inst.w_mem[14][2],train,secworks_sha2,crypto_checksum,reg_to_reg,15.921643,15.34862,0.5730225852661128
sha256,w_mem_inst.w_mem[14][30],train,secworks_sha2,crypto_checksum,reg_to_reg,15.921643,15.34862,0.5730225852661128
sha256,w_mem_inst.w_mem[14][31],train,secworks_sha2,crypto_checksum,reg_to_reg,15.921643,15.34862,0.5730225852661128
sha256,w_mem_inst.w_mem[14][3],train,secworks_sha2,crypto_checksum,reg_to_reg,15.921643,15.34862,0.5730225852661128
sha256,w_mem_inst.w_mem[14][4],train,secworks_sha2,crypto_checksum,reg_to_reg,15.921643,15.34862,0.5730225852661128
sha256,w_mem_inst.w_mem[14][5],train,secworks_sha2,crypto_checksum,reg_to_reg,15.921643,15.34862,0.5730225852661128
sha256,w_mem_inst.w_mem[14][6],train,secworks_sha2,crypto_checksum,reg_to_reg,15.921643,15.34862,0.5730225852661128
sha256,w_mem_inst.w_mem[14][7],train,secworks_sha2,crypto_checksum,reg_to_reg,15.921643,15.34862,0.5730225852661128
sha256,w_mem_inst.w_mem[14][8],train,secworks_sha2,crypto_checksum,reg_to_reg,15.921643,15.34862,0.5730225852661128
sha256,w_mem_inst.w_mem[14][9],train,secworks_sha2,crypto_checksum,reg_to_reg,15.921643,15.34862,0.5730225852661128
sha256,w_mem_inst.w_mem[15][0],train,secworks_sha2,crypto_checksum,reg_to_reg,3.647261,3.6465108,0.0007501605377195908
sha256,w_mem_inst.w_mem[15][10],train,secworks_sha2,crypto_checksum,reg_to_reg,3.119219,3.120439,0.0012200525817869234
sha256,w_mem_inst.w_mem[15][11],train,secworks_sha2,crypto_checksum,reg_to_reg,3.647261,3.6454158,0.0018452170715330674
sha256,w_mem_inst.w_mem[15][12],train,secworks_sha2,crypto_checksum,reg_to_reg,3.119219,3.1206849,0.0014658621368406344
sha256,w_mem_inst.w_mem[15][13],train,secworks_sha2,crypto_checksum,reg_to_reg,3.647261,3.646081,0.001180029235839708
sha256,w_mem_inst.w_mem[15][14],train,secworks_sha2,crypto_checksum,reg_to_reg,3.119219,3.1210253,0.0018063238677976656
sha256,w_mem_inst.w_mem[15][15],train,secworks_sha2,crypto_checksum,reg_to_reg,3.647261,3.6451066,0.002154445968627794
sha256,w_mem_inst.w_mem[15][16],train,secworks_sha2,crypto_checksum,reg_to_reg,3.119219,3.1208568,0.001637761932372861
sha256,w_mem_inst.w_mem[15][17],train,secworks_sha2,crypto_checksum,reg_to_reg,3.647261,3.6452696,0.001991367660522325
sha256,w_mem_inst.w_mem[15][18],train,secworks_sha2,crypto_checksum,reg_to_reg,3.119219,3.1211069,0.0018878630218504
sha256,w_mem_inst.w_mem[15][19],train,secworks_sha2,crypto_checksum,reg_to_reg,3.647261,3.6451194,0.0021415713653563095
sha256,w_mem_inst.w_mem[15][1],train,secworks_sha2,crypto_checksum,reg_to_reg,3.119219,3.119512,0.00029308114624004844
sha256,w_mem_inst.w_mem[15][20],train,secworks_sha2,crypto_checksum,reg_to_reg,3.119219,3.1211069,0.0018878630218504
sha256,w_mem_inst.w_mem[15][21],train,secworks_sha2,crypto_checksum,reg_to_reg,3.647261,3.6451194,0.0021415713653563095
sha256,w_mem_inst.w_mem[15][22],train,secworks_sha2,crypto_checksum,reg_to_reg,3.119219,3.1195006,0.00028163705444317344
sha256,w_mem_inst.w_mem[15][23],train,secworks_sha2,crypto_checksum,reg_to_reg,3.119219,3.1195006,0.00028163705444317344
sha256,w_mem_inst.w_mem[15][24],train,secworks_sha2,crypto_checksum,reg_to_reg,3.119219,3.1195006,0.00028163705444317344
sha256,w_mem_inst.w_mem[15][25],train,secworks_sha2,crypto_checksum,reg_to_reg,3.647261,3.6449604,0.0023005965576170517
sha256,w_mem_inst.w_mem[15][26],train,secworks_sha2,crypto_checksum,reg_to_reg,3.119219,3.119343,0.00012404237365704063
sha256,w_mem_inst.w_mem[15][27],train,secworks_sha2,crypto_checksum,reg_to_reg,3.119219,3.119343,0.00012404237365704063
sha256,w_mem_inst.w_mem[15][28],train,secworks_sha2,crypto_checksum,reg_to_reg,3.119219,3.1194193,0.00020033631896954063
sha256,w_mem_inst.w_mem[15][29],train,secworks_sha2,crypto_checksum,reg_to_reg,3.119219,3.1194193,0.00020033631896954063
sha256,w_mem_inst.w_mem[15][2],train,secworks_sha2,crypto_checksum,reg_to_reg,3.119219,3.119512,0.00029308114624004844
sha256,w_mem_inst.w_mem[15][30],train,secworks_sha2,crypto_checksum,reg_to_reg,3.119219,3.1194193,0.00020033631896954063
sha256,w_mem_inst.w_mem[15][31],train,secworks_sha2,crypto_checksum,reg_to_reg,3.119219,3.1191602,5.882467651385781e-05
sha256,w_mem_inst.w_mem[15][3],train,secworks_sha2,crypto_checksum,reg_to_reg,3.119219,3.119512,0.00029308114624004844
sha256,w_mem_inst.w_mem[15][4],train,secworks_sha2,crypto_checksum,reg_to_reg,3.119219,3.119512,0.00029308114624004844
sha256,w_mem_inst.w_mem[15][5],train,secworks_sha2,crypto_checksum,reg_to_reg,3.114306,3.1155188,0.0012128083648681454
sha256,w_mem_inst.w_mem[15][6],train,secworks_sha2,crypto_checksum,reg_to_reg,3.647261,3.6467373,0.0005236628875731064
sha256,w_mem_inst.w_mem[15][7],train,secworks_sha2,crypto_checksum,reg_to_reg,3.647261,3.6467373,0.0005236628875731064
sha256,w_mem_inst.w_mem[15][8],train,secworks_sha2,crypto_checksum,reg_to_reg,3.119219,3.1206045,0.0013855150756834078
sha256,w_mem_inst.w_mem[15][9],train,secworks_sha2,crypto_checksum,reg_to_reg,3.647261,3.6452765,0.00198445352172838
sha256,w_mem_inst.w_mem[1][0],train,secworks_sha2,crypto_checksum,reg_to_reg,15.921643,15.34862,0.5730225852661128
sha256,w_mem_inst.w_mem[1][10],train,secworks_sha2,crypto_checksum,reg_to_reg,15.921643,15.34862,0.5730225852661128
sha256,w_mem_inst.w_mem[1][11],train,secworks_sha2,crypto_checksum,reg_to_reg,15.921643,15.34862,0.5730225852661128
sha256,w_mem_inst.w_mem[1][12],train,secworks_sha2,crypto_checksum,reg_to_reg,15.921643,15.34862,0.5730225852661128
sha256,w_mem_inst.w_mem[1][13],train,secworks_sha2,crypto_checksum,reg_to_reg,15.921643,15.34862,0.5730225852661128
sha256,w_mem_inst.w_mem[1][14],train,secworks_sha2,crypto_checksum,reg_to_reg,15.921643,15.34862,0.5730225852661128
sha256,w_mem_inst.w_mem[1][15],train,secworks_sha2,crypto_checksum,reg_to_reg,15.921643,15.34862,0.5730225852661128
sha256,w_mem_inst.w_mem[1][16],train,secworks_sha2,crypto_checksum,reg_to_reg,15.921643,15.34862,0.5730225852661128
sha256,w_mem_inst.w_mem[1][17],train,secworks_sha2,crypto_checksum,reg_to_reg,15.921643,15.34862,0.5730225852661128
sha256,w_mem_inst.w_mem[1][18],train,secworks_sha2,crypto_checksum,reg_to_reg,15.921643,15.34862,0.5730225852661128
sha256,w_mem_inst.w_mem[1][19],train,secworks_sha2,crypto_checksum,reg_to_reg,15.921643,15.34862,0.5730225852661128
sha256,w_mem_inst.w_mem[1][1],train,secworks_sha2,crypto_checksum,reg_to_reg,15.921643,15.34862,0.5730225852661128
sha256,w_mem_inst.w_mem[1][20],train,secworks_sha2,crypto_checksum,reg_to_reg,15.921643,15.34862,0.5730225852661128
sha256,w_mem_inst.w_mem[1][21],train,secworks_sha2,crypto_checksum,reg_to_reg,15.921643,15.34862,0.5730225852661128
sha256,w_mem_inst.w_mem[1][22],train,secworks_sha2,crypto_checksum,reg_to_reg,15.921643,15.34862,0.5730225852661128
sha256,w_mem_inst.w_mem[1][23],train,secworks_sha2,crypto_checksum,reg_to_reg,15.921643,15.34862,0.5730225852661128
sha256,w_mem_inst.w_mem[1][24],train,secworks_sha2,crypto_checksum,reg_to_reg,15.921643,15.34862,0.5730225852661128
sha256,w_mem_inst.w_mem[1][25],train,secworks_sha2,crypto_checksum,reg_to_reg,15.921643,15.34862,0.5730225852661128
sha256,w_mem_inst.w_mem[1][26],train,secworks_sha2,crypto_checksum,reg_to_reg,15.921643,15.34862,0.5730225852661128
sha256,w_mem_inst.w_mem[1][27],train,secworks_sha2,crypto_checksum,reg_to_reg,15.921643,15.34862,0.5730225852661128
sha256,w_mem_inst.w_mem[1][28],train,secworks_sha2,crypto_checksum,reg_to_reg,15.921643,15.34862,0.5730225852661128
sha256,w_mem_inst.w_mem[1][29],train,secworks_sha2,crypto_checksum,reg_to_reg,15.921643,15.34862,0.5730225852661128
sha256,w_mem_inst.w_mem[1][2],train,secworks_sha2,crypto_checksum,reg_to_reg,15.921643,15.34862,0.5730225852661128
sha256,w_mem_inst.w_mem[1][30],train,secworks_sha2,crypto_checksum,reg_to_reg,15.921643,15.34862,0.5730225852661128
sha256,w_mem_inst.w_mem[1][31],train,secworks_sha2,crypto_checksum,reg_to_reg,15.921643,15.34862,0.5730225852661128
sha256,w_mem_inst.w_mem[1][3],train,secworks_sha2,crypto_checksum,reg_to_reg,15.921643,15.34862,0.5730225852661128
sha256,w_mem_inst.w_mem[1][4],train,secworks_sha2,crypto_checksum,reg_to_reg,15.921643,15.34862,0.5730225852661128
sha256,w_mem_inst.w_mem[1][5],train,secworks_sha2,crypto_checksum,reg_to_reg,15.921643,15.34862,0.5730225852661128
sha256,w_mem_inst.w_mem[1][6],train,secworks_sha2,crypto_checksum,reg_to_reg,15.921643,15.34862,0.5730225852661128
sha256,w_mem_inst.w_mem[1][7],train,secworks_sha2,crypto_checksum,reg_to_reg,15.921643,15.34862,0.5730225852661128
sha256,w_mem_inst.w_mem[1][8],train,secworks_sha2,crypto_checksum,reg_to_reg,15.921643,15.34862,0.5730225852661128
sha256,w_mem_inst.w_mem[1][9],train,secworks_sha2,crypto_checksum,reg_to_reg,15.921643,15.34862,0.5730225852661128
sha256,w_mem_inst.w_mem[2][0],train,secworks_sha2,crypto_checksum,reg_to_reg,15.24252,15.34862,0.10610041473388598
sha256,w_mem_inst.w_mem[2][10],train,secworks_sha2,crypto_checksum,reg_to_reg,15.24252,15.34862,0.10610041473388598
sha256,w_mem_inst.w_mem[2][11],train,secworks_sha2,crypto_checksum,reg_to_reg,15.24252,15.34862,0.10610041473388598
sha256,w_mem_inst.w_mem[2][12],train,secworks_sha2,crypto_checksum,reg_to_reg,15.24252,15.34862,0.10610041473388598
sha256,w_mem_inst.w_mem[2][13],train,secworks_sha2,crypto_checksum,reg_to_reg,15.24252,15.34862,0.10610041473388598
sha256,w_mem_inst.w_mem[2][14],train,secworks_sha2,crypto_checksum,reg_to_reg,15.24252,15.34862,0.10610041473388598
sha256,w_mem_inst.w_mem[2][15],train,secworks_sha2,crypto_checksum,reg_to_reg,15.24252,15.34862,0.10610041473388598
sha256,w_mem_inst.w_mem[2][16],train,secworks_sha2,crypto_checksum,reg_to_reg,15.24252,15.34862,0.10610041473388598
sha256,w_mem_inst.w_mem[2][17],train,secworks_sha2,crypto_checksum,reg_to_reg,15.24252,15.34862,0.10610041473388598
sha256,w_mem_inst.w_mem[2][18],train,secworks_sha2,crypto_checksum,reg_to_reg,15.24252,15.34862,0.10610041473388598
sha256,w_mem_inst.w_mem[2][19],train,secworks_sha2,crypto_checksum,reg_to_reg,15.24252,15.34862,0.10610041473388598
sha256,w_mem_inst.w_mem[2][1],train,secworks_sha2,crypto_checksum,reg_to_reg,15.24252,15.34862,0.10610041473388598
sha256,w_mem_inst.w_mem[2][20],train,secworks_sha2,crypto_checksum,reg_to_reg,15.24252,15.34862,0.10610041473388598
sha256,w_mem_inst.w_mem[2][21],train,secworks_sha2,crypto_checksum,reg_to_reg,15.24252,15.34862,0.10610041473388598
sha256,w_mem_inst.w_mem[2][22],train,secworks_sha2,crypto_checksum,reg_to_reg,15.24252,15.34862,0.10610041473388598
sha256,w_mem_inst.w_mem[2][23],train,secworks_sha2,crypto_checksum,reg_to_reg,15.24252,15.34862,0.10610041473388598
sha256,w_mem_inst.w_mem[2][24],train,secworks_sha2,crypto_checksum,reg_to_reg,15.24252,15.34862,0.10610041473388598
sha256,w_mem_inst.w_mem[2][25],train,secworks_sha2,crypto_checksum,reg_to_reg,15.24252,15.34862,0.10610041473388598
sha256,w_mem_inst.w_mem[2][26],train,secworks_sha2,crypto_checksum,reg_to_reg,15.24252,15.34862,0.10610041473388598
sha256,w_mem_inst.w_mem[2][27],train,secworks_sha2,crypto_checksum,reg_to_reg,15.24252,15.34862,0.10610041473388598
sha256,w_mem_inst.w_mem[2][28],train,secworks_sha2,crypto_checksum,reg_to_reg,15.24252,15.34862,0.10610041473388598
sha256,w_mem_inst.w_mem[2][29],train,secworks_sha2,crypto_checksum,reg_to_reg,15.24252,15.34862,0.10610041473388598
sha256,w_mem_inst.w_mem[2][2],train,secworks_sha2,crypto_checksum,reg_to_reg,15.24252,15.34862,0.10610041473388598
sha256,w_mem_inst.w_mem[2][30],train,secworks_sha2,crypto_checksum,reg_to_reg,15.24252,15.34862,0.10610041473388598
sha256,w_mem_inst.w_mem[2][31],train,secworks_sha2,crypto_checksum,reg_to_reg,15.921643,15.34862,0.5730225852661128
sha256,w_mem_inst.w_mem[2][3],train,secworks_sha2,crypto_checksum,reg_to_reg,15.24252,15.34862,0.10610041473388598
sha256,w_mem_inst.w_mem[2][4],train,secworks_sha2,crypto_checksum,reg_to_reg,15.24252,15.34862,0.10610041473388598
sha256,w_mem_inst.w_mem[2][5],train,secworks_sha2,crypto_checksum,reg_to_reg,15.24252,15.34862,0.10610041473388598
sha256,w_mem_inst.w_mem[2][6],train,secworks_sha2,crypto_checksum,reg_to_reg,15.24252,15.34862,0.10610041473388598
sha256,w_mem_inst.w_mem[2][7],train,secworks_sha2,crypto_checksum,reg_to_reg,15.24252,15.34862,0.10610041473388598
sha256,w_mem_inst.w_mem[2][8],train,secworks_sha2,crypto_checksum,reg_to_reg,15.24252,15.34862,0.10610041473388598
sha256,w_mem_inst.w_mem[2][9],train,secworks_sha2,crypto_checksum,reg_to_reg,15.24252,15.34862,0.10610041473388598
sha256,w_mem_inst.w_mem[3][0],train,secworks_sha2,crypto_checksum,reg_to_reg,15.24252,15.34862,0.10610041473388598
sha256,w_mem_inst.w_mem[3][10],train,secworks_sha2,crypto_checksum,reg_to_reg,15.24252,15.34862,0.10610041473388598
sha256,w_mem_inst.w_mem[3][11],train,secworks_sha2,crypto_checksum,reg_to_reg,15.24252,15.34862,0.10610041473388598
sha256,w_mem_inst.w_mem[3][12],train,secworks_sha2,crypto_checksum,reg_to_reg,15.24252,15.34862,0.10610041473388598
sha256,w_mem_inst.w_mem[3][13],train,secworks_sha2,crypto_checksum,reg_to_reg,15.24252,15.34862,0.10610041473388598
sha256,w_mem_inst.w_mem[3][14],train,secworks_sha2,crypto_checksum,reg_to_reg,15.24252,15.34862,0.10610041473388598
sha256,w_mem_inst.w_mem[3][15],train,secworks_sha2,crypto_checksum,reg_to_reg,15.24252,15.34862,0.10610041473388598
sha256,w_mem_inst.w_mem[3][16],train,secworks_sha2,crypto_checksum,reg_to_reg,15.24252,15.34862,0.10610041473388598
sha256,w_mem_inst.w_mem[3][17],train,secworks_sha2,crypto_checksum,reg_to_reg,15.24252,15.34862,0.10610041473388598
sha256,w_mem_inst.w_mem[3][18],train,secworks_sha2,crypto_checksum,reg_to_reg,15.24252,15.34862,0.10610041473388598
sha256,w_mem_inst.w_mem[3][19],train,secworks_sha2,crypto_checksum,reg_to_reg,15.24252,15.34862,0.10610041473388598
sha256,w_mem_inst.w_mem[3][1],train,secworks_sha2,crypto_checksum,reg_to_reg,15.24252,15.34862,0.10610041473388598
sha256,w_mem_inst.w_mem[3][20],train,secworks_sha2,crypto_checksum,reg_to_reg,15.24252,15.34862,0.10610041473388598
sha256,w_mem_inst.w_mem[3][21],train,secworks_sha2,crypto_checksum,reg_to_reg,15.24252,15.34862,0.10610041473388598
sha256,w_mem_inst.w_mem[3][22],train,secworks_sha2,crypto_checksum,reg_to_reg,15.24252,15.34862,0.10610041473388598
sha256,w_mem_inst.w_mem[3][23],train,secworks_sha2,crypto_checksum,reg_to_reg,15.24252,15.34862,0.10610041473388598
sha256,w_mem_inst.w_mem[3][24],train,secworks_sha2,crypto_checksum,reg_to_reg,15.24252,15.34862,0.10610041473388598
sha256,w_mem_inst.w_mem[3][25],train,secworks_sha2,crypto_checksum,reg_to_reg,15.24252,15.34862,0.10610041473388598
sha256,w_mem_inst.w_mem[3][26],train,secworks_sha2,crypto_checksum,reg_to_reg,15.24252,15.34862,0.10610041473388598
sha256,w_mem_inst.w_mem[3][27],train,secworks_sha2,crypto_checksum,reg_to_reg,15.24252,15.34862,0.10610041473388598
sha256,w_mem_inst.w_mem[3][28],train,secworks_sha2,crypto_checksum,reg_to_reg,15.24252,15.34862,0.10610041473388598
sha256,w_mem_inst.w_mem[3][29],train,secworks_sha2,crypto_checksum,reg_to_reg,15.24252,15.34862,0.10610041473388598
sha256,w_mem_inst.w_mem[3][2],train,secworks_sha2,crypto_checksum,reg_to_reg,15.24252,15.34862,0.10610041473388598
sha256,w_mem_inst.w_mem[3][30],train,secworks_sha2,crypto_checksum,reg_to_reg,15.24252,15.34862,0.10610041473388598
sha256,w_mem_inst.w_mem[3][31],train,secworks_sha2,crypto_checksum,reg_to_reg,15.921643,15.34862,0.5730225852661128
sha256,w_mem_inst.w_mem[3][3],train,secworks_sha2,crypto_checksum,reg_to_reg,15.24252,15.34862,0.10610041473388598
sha256,w_mem_inst.w_mem[3][4],train,secworks_sha2,crypto_checksum,reg_to_reg,15.24252,15.34862,0.10610041473388598
sha256,w_mem_inst.w_mem[3][5],train,secworks_sha2,crypto_checksum,reg_to_reg,15.24252,15.34862,0.10610041473388598
sha256,w_mem_inst.w_mem[3][6],train,secworks_sha2,crypto_checksum,reg_to_reg,15.24252,15.34862,0.10610041473388598
sha256,w_mem_inst.w_mem[3][7],train,secworks_sha2,crypto_checksum,reg_to_reg,15.24252,15.34862,0.10610041473388598
sha256,w_mem_inst.w_mem[3][8],train,secworks_sha2,crypto_checksum,reg_to_reg,15.24252,15.34862,0.10610041473388598
sha256,w_mem_inst.w_mem[3][9],train,secworks_sha2,crypto_checksum,reg_to_reg,15.24252,15.34862,0.10610041473388598
sha256,w_mem_inst.w_mem[4][0],train,secworks_sha2,crypto_checksum,reg_to_reg,15.24252,15.34862,0.10610041473388598
sha256,w_mem_inst.w_mem[4][10],train,secworks_sha2,crypto_checksum,reg_to_reg,15.24252,15.34862,0.10610041473388598
sha256,w_mem_inst.w_mem[4][11],train,secworks_sha2,crypto_checksum,reg_to_reg,15.24252,15.34862,0.10610041473388598
sha256,w_mem_inst.w_mem[4][12],train,secworks_sha2,crypto_checksum,reg_to_reg,15.24252,15.34862,0.10610041473388598
sha256,w_mem_inst.w_mem[4][13],train,secworks_sha2,crypto_checksum,reg_to_reg,15.24252,15.34862,0.10610041473388598
sha256,w_mem_inst.w_mem[4][14],train,secworks_sha2,crypto_checksum,reg_to_reg,15.24252,15.34862,0.10610041473388598
sha256,w_mem_inst.w_mem[4][15],train,secworks_sha2,crypto_checksum,reg_to_reg,15.24252,15.34862,0.10610041473388598
sha256,w_mem_inst.w_mem[4][16],train,secworks_sha2,crypto_checksum,reg_to_reg,15.24252,15.34862,0.10610041473388598
sha256,w_mem_inst.w_mem[4][17],train,secworks_sha2,crypto_checksum,reg_to_reg,15.24252,15.34862,0.10610041473388598
sha256,w_mem_inst.w_mem[4][18],train,secworks_sha2,crypto_checksum,reg_to_reg,15.24252,15.34862,0.10610041473388598
sha256,w_mem_inst.w_mem[4][19],train,secworks_sha2,crypto_checksum,reg_to_reg,15.24252,15.34862,0.10610041473388598
sha256,w_mem_inst.w_mem[4][1],train,secworks_sha2,crypto_checksum,reg_to_reg,15.24252,15.34862,0.10610041473388598
sha256,w_mem_inst.w_mem[4][20],train,secworks_sha2,crypto_checksum,reg_to_reg,15.24252,15.34862,0.10610041473388598
sha256,w_mem_inst.w_mem[4][21],train,secworks_sha2,crypto_checksum,reg_to_reg,15.24252,15.34862,0.10610041473388598
sha256,w_mem_inst.w_mem[4][22],train,secworks_sha2,crypto_checksum,reg_to_reg,15.24252,15.34862,0.10610041473388598
sha256,w_mem_inst.w_mem[4][23],train,secworks_sha2,crypto_checksum,reg_to_reg,15.24252,15.34862,0.10610041473388598
sha256,w_mem_inst.w_mem[4][24],train,secworks_sha2,crypto_checksum,reg_to_reg,15.24252,15.34862,0.10610041473388598
sha256,w_mem_inst.w_mem[4][25],train,secworks_sha2,crypto_checksum,reg_to_reg,15.24252,15.34862,0.10610041473388598
sha256,w_mem_inst.w_mem[4][26],train,secworks_sha2,crypto_checksum,reg_to_reg,15.24252,15.34862,0.10610041473388598
sha256,w_mem_inst.w_mem[4][27],train,secworks_sha2,crypto_checksum,reg_to_reg,15.24252,15.34862,0.10610041473388598
sha256,w_mem_inst.w_mem[4][28],train,secworks_sha2,crypto_checksum,reg_to_reg,15.24252,15.34862,0.10610041473388598
sha256,w_mem_inst.w_mem[4][29],train,secworks_sha2,crypto_checksum,reg_to_reg,15.24252,15.34862,0.10610041473388598
sha256,w_mem_inst.w_mem[4][2],train,secworks_sha2,crypto_checksum,reg_to_reg,15.24252,15.34862,0.10610041473388598
sha256,w_mem_inst.w_mem[4][30],train,secworks_sha2,crypto_checksum,reg_to_reg,15.24252,15.34862,0.10610041473388598
sha256,w_mem_inst.w_mem[4][31],train,secworks_sha2,crypto_checksum,reg_to_reg,15.921643,15.34862,0.5730225852661128
sha256,w_mem_inst.w_mem[4][3],train,secworks_sha2,crypto_checksum,reg_to_reg,15.24252,15.34862,0.10610041473388598
sha256,w_mem_inst.w_mem[4][4],train,secworks_sha2,crypto_checksum,reg_to_reg,15.24252,15.34862,0.10610041473388598
sha256,w_mem_inst.w_mem[4][5],train,secworks_sha2,crypto_checksum,reg_to_reg,15.24252,15.34862,0.10610041473388598
sha256,w_mem_inst.w_mem[4][6],train,secworks_sha2,crypto_checksum,reg_to_reg,15.24252,15.34862,0.10610041473388598
sha256,w_mem_inst.w_mem[4][7],train,secworks_sha2,crypto_checksum,reg_to_reg,15.24252,15.34862,0.10610041473388598
sha256,w_mem_inst.w_mem[4][8],train,secworks_sha2,crypto_checksum,reg_to_reg,15.24252,15.34862,0.10610041473388598
sha256,w_mem_inst.w_mem[4][9],train,secworks_sha2,crypto_checksum,reg_to_reg,15.24252,15.34862,0.10610041473388598
sha256,w_mem_inst.w_mem[5][0],train,secworks_sha2,crypto_checksum,reg_to_reg,15.24252,15.34862,0.10610041473388598
sha256,w_mem_inst.w_mem[5][10],train,secworks_sha2,crypto_checksum,reg_to_reg,15.24252,15.34862,0.10610041473388598
sha256,w_mem_inst.w_mem[5][11],train,secworks_sha2,crypto_checksum,reg_to_reg,15.24252,15.34862,0.10610041473388598
sha256,w_mem_inst.w_mem[5][12],train,secworks_sha2,crypto_checksum,reg_to_reg,15.24252,15.34862,0.10610041473388598
sha256,w_mem_inst.w_mem[5][13],train,secworks_sha2,crypto_checksum,reg_to_reg,15.24252,15.34862,0.10610041473388598
sha256,w_mem_inst.w_mem[5][14],train,secworks_sha2,crypto_checksum,reg_to_reg,15.24252,15.34862,0.10610041473388598
sha256,w_mem_inst.w_mem[5][15],train,secworks_sha2,crypto_checksum,reg_to_reg,15.24252,15.34862,0.10610041473388598
sha256,w_mem_inst.w_mem[5][16],train,secworks_sha2,crypto_checksum,reg_to_reg,15.24252,15.34862,0.10610041473388598
sha256,w_mem_inst.w_mem[5][17],train,secworks_sha2,crypto_checksum,reg_to_reg,15.24252,15.34862,0.10610041473388598
sha256,w_mem_inst.w_mem[5][18],train,secworks_sha2,crypto_checksum,reg_to_reg,15.24252,15.34862,0.10610041473388598
sha256,w_mem_inst.w_mem[5][19],train,secworks_sha2,crypto_checksum,reg_to_reg,15.24252,15.34862,0.10610041473388598
sha256,w_mem_inst.w_mem[5][1],train,secworks_sha2,crypto_checksum,reg_to_reg,15.24252,15.34862,0.10610041473388598
sha256,w_mem_inst.w_mem[5][20],train,secworks_sha2,crypto_checksum,reg_to_reg,15.24252,15.34862,0.10610041473388598
sha256,w_mem_inst.w_mem[5][21],train,secworks_sha2,crypto_checksum,reg_to_reg,15.24252,15.34862,0.10610041473388598
sha256,w_mem_inst.w_mem[5][22],train,secworks_sha2,crypto_checksum,reg_to_reg,15.24252,15.34862,0.10610041473388598
sha256,w_mem_inst.w_mem[5][23],train,secworks_sha2,crypto_checksum,reg_to_reg,15.24252,15.34862,0.10610041473388598
sha256,w_mem_inst.w_mem[5][24],train,secworks_sha2,crypto_checksum,reg_to_reg,15.24252,15.34862,0.10610041473388598
sha256,w_mem_inst.w_mem[5][25],train,secworks_sha2,crypto_checksum,reg_to_reg,15.24252,15.34862,0.10610041473388598
sha256,w_mem_inst.w_mem[5][26],train,secworks_sha2,crypto_checksum,reg_to_reg,15.24252,15.34862,0.10610041473388598
sha256,w_mem_inst.w_mem[5][27],train,secworks_sha2,crypto_checksum,reg_to_reg,15.24252,15.34862,0.10610041473388598
sha256,w_mem_inst.w_mem[5][28],train,secworks_sha2,crypto_checksum,reg_to_reg,15.24252,15.34862,0.10610041473388598
sha256,w_mem_inst.w_mem[5][29],train,secworks_sha2,crypto_checksum,reg_to_reg,15.24252,15.34862,0.10610041473388598
sha256,w_mem_inst.w_mem[5][2],train,secworks_sha2,crypto_checksum,reg_to_reg,15.24252,15.34862,0.10610041473388598
sha256,w_mem_inst.w_mem[5][30],train,secworks_sha2,crypto_checksum,reg_to_reg,15.24252,15.34862,0.10610041473388598
sha256,w_mem_inst.w_mem[5][31],train,secworks_sha2,crypto_checksum,reg_to_reg,15.921643,15.34862,0.5730225852661128
sha256,w_mem_inst.w_mem[5][3],train,secworks_sha2,crypto_checksum,reg_to_reg,15.24252,15.34862,0.10610041473388598
sha256,w_mem_inst.w_mem[5][4],train,secworks_sha2,crypto_checksum,reg_to_reg,15.24252,15.34862,0.10610041473388598
sha256,w_mem_inst.w_mem[5][5],train,secworks_sha2,crypto_checksum,reg_to_reg,15.24252,15.34862,0.10610041473388598
sha256,w_mem_inst.w_mem[5][6],train,secworks_sha2,crypto_checksum,reg_to_reg,15.24252,15.34862,0.10610041473388598
sha256,w_mem_inst.w_mem[5][7],train,secworks_sha2,crypto_checksum,reg_to_reg,15.24252,15.34862,0.10610041473388598
sha256,w_mem_inst.w_mem[5][8],train,secworks_sha2,crypto_checksum,reg_to_reg,15.24252,15.34862,0.10610041473388598
sha256,w_mem_inst.w_mem[5][9],train,secworks_sha2,crypto_checksum,reg_to_reg,15.24252,15.34862,0.10610041473388598
sha256,w_mem_inst.w_mem[6][0],train,secworks_sha2,crypto_checksum,reg_to_reg,15.24252,15.34862,0.10610041473388598
sha256,w_mem_inst.w_mem[6][10],train,secworks_sha2,crypto_checksum,reg_to_reg,15.24252,15.34862,0.10610041473388598
sha256,w_mem_inst.w_mem[6][11],train,secworks_sha2,crypto_checksum,reg_to_reg,15.24252,15.34862,0.10610041473388598
sha256,w_mem_inst.w_mem[6][12],train,secworks_sha2,crypto_checksum,reg_to_reg,15.24252,15.34862,0.10610041473388598
sha256,w_mem_inst.w_mem[6][13],train,secworks_sha2,crypto_checksum,reg_to_reg,15.24252,15.34862,0.10610041473388598
sha256,w_mem_inst.w_mem[6][14],train,secworks_sha2,crypto_checksum,reg_to_reg,15.24252,15.34862,0.10610041473388598
sha256,w_mem_inst.w_mem[6][15],train,secworks_sha2,crypto_checksum,reg_to_reg,15.24252,15.34862,0.10610041473388598
sha256,w_mem_inst.w_mem[6][16],train,secworks_sha2,crypto_checksum,reg_to_reg,15.24252,15.34862,0.10610041473388598
sha256,w_mem_inst.w_mem[6][17],train,secworks_sha2,crypto_checksum,reg_to_reg,15.24252,15.34862,0.10610041473388598
sha256,w_mem_inst.w_mem[6][18],train,secworks_sha2,crypto_checksum,reg_to_reg,15.24252,15.34862,0.10610041473388598
sha256,w_mem_inst.w_mem[6][19],train,secworks_sha2,crypto_checksum,reg_to_reg,15.24252,15.34862,0.10610041473388598
sha256,w_mem_inst.w_mem[6][1],train,secworks_sha2,crypto_checksum,reg_to_reg,15.24252,15.34862,0.10610041473388598
sha256,w_mem_inst.w_mem[6][20],train,secworks_sha2,crypto_checksum,reg_to_reg,15.24252,15.34862,0.10610041473388598
sha256,w_mem_inst.w_mem[6][21],train,secworks_sha2,crypto_checksum,reg_to_reg,15.24252,15.34862,0.10610041473388598
sha256,w_mem_inst.w_mem[6][22],train,secworks_sha2,crypto_checksum,reg_to_reg,15.24252,15.34862,0.10610041473388598
sha256,w_mem_inst.w_mem[6][23],train,secworks_sha2,crypto_checksum,reg_to_reg,15.24252,15.34862,0.10610041473388598
sha256,w_mem_inst.w_mem[6][24],train,secworks_sha2,crypto_checksum,reg_to_reg,15.24252,15.34862,0.10610041473388598
sha256,w_mem_inst.w_mem[6][25],train,secworks_sha2,crypto_checksum,reg_to_reg,15.24252,15.34862,0.10610041473388598
sha256,w_mem_inst.w_mem[6][26],train,secworks_sha2,crypto_checksum,reg_to_reg,15.24252,15.34862,0.10610041473388598
sha256,w_mem_inst.w_mem[6][27],train,secworks_sha2,crypto_checksum,reg_to_reg,15.24252,15.34862,0.10610041473388598
sha256,w_mem_inst.w_mem[6][28],train,secworks_sha2,crypto_checksum,reg_to_reg,15.24252,15.34862,0.10610041473388598
sha256,w_mem_inst.w_mem[6][29],train,secworks_sha2,crypto_checksum,reg_to_reg,15.24252,15.34862,0.10610041473388598
sha256,w_mem_inst.w_mem[6][2],train,secworks_sha2,crypto_checksum,reg_to_reg,15.24252,15.34862,0.10610041473388598
sha256,w_mem_inst.w_mem[6][30],train,secworks_sha2,crypto_checksum,reg_to_reg,15.24252,15.34862,0.10610041473388598
sha256,w_mem_inst.w_mem[6][31],train,secworks_sha2,crypto_checksum,reg_to_reg,15.921643,15.34862,0.5730225852661128
sha256,w_mem_inst.w_mem[6][3],train,secworks_sha2,crypto_checksum,reg_to_reg,15.24252,15.34862,0.10610041473388598
sha256,w_mem_inst.w_mem[6][4],train,secworks_sha2,crypto_checksum,reg_to_reg,15.24252,15.34862,0.10610041473388598
sha256,w_mem_inst.w_mem[6][5],train,secworks_sha2,crypto_checksum,reg_to_reg,15.24252,15.34862,0.10610041473388598
sha256,w_mem_inst.w_mem[6][6],train,secworks_sha2,crypto_checksum,reg_to_reg,15.24252,15.34862,0.10610041473388598
sha256,w_mem_inst.w_mem[6][7],train,secworks_sha2,crypto_checksum,reg_to_reg,15.24252,15.34862,0.10610041473388598
sha256,w_mem_inst.w_mem[6][8],train,secworks_sha2,crypto_checksum,reg_to_reg,15.24252,15.34862,0.10610041473388598
sha256,w_mem_inst.w_mem[6][9],train,secworks_sha2,crypto_checksum,reg_to_reg,15.24252,15.34862,0.10610041473388598
sha256,w_mem_inst.w_mem[7][0],train,secworks_sha2,crypto_checksum,reg_to_reg,15.24252,15.34862,0.10610041473388598
sha256,w_mem_inst.w_mem[7][10],train,secworks_sha2,crypto_checksum,reg_to_reg,15.24252,15.34862,0.10610041473388598
sha256,w_mem_inst.w_mem[7][11],train,secworks_sha2,crypto_checksum,reg_to_reg,15.24252,15.34862,0.10610041473388598
sha256,w_mem_inst.w_mem[7][12],train,secworks_sha2,crypto_checksum,reg_to_reg,15.24252,15.34862,0.10610041473388598
sha256,w_mem_inst.w_mem[7][13],train,secworks_sha2,crypto_checksum,reg_to_reg,15.24252,15.34862,0.10610041473388598
sha256,w_mem_inst.w_mem[7][14],train,secworks_sha2,crypto_checksum,reg_to_reg,15.24252,15.34862,0.10610041473388598
sha256,w_mem_inst.w_mem[7][15],train,secworks_sha2,crypto_checksum,reg_to_reg,15.24252,15.34862,0.10610041473388598
sha256,w_mem_inst.w_mem[7][16],train,secworks_sha2,crypto_checksum,reg_to_reg,15.24252,15.34862,0.10610041473388598
sha256,w_mem_inst.w_mem[7][17],train,secworks_sha2,crypto_checksum,reg_to_reg,15.24252,15.34862,0.10610041473388598
sha256,w_mem_inst.w_mem[7][18],train,secworks_sha2,crypto_checksum,reg_to_reg,15.24252,15.34862,0.10610041473388598
sha256,w_mem_inst.w_mem[7][19],train,secworks_sha2,crypto_checksum,reg_to_reg,15.24252,15.34862,0.10610041473388598
sha256,w_mem_inst.w_mem[7][1],train,secworks_sha2,crypto_checksum,reg_to_reg,15.24252,15.34862,0.10610041473388598
sha256,w_mem_inst.w_mem[7][20],train,secworks_sha2,crypto_checksum,reg_to_reg,15.24252,15.34862,0.10610041473388598
sha256,w_mem_inst.w_mem[7][21],train,secworks_sha2,crypto_checksum,reg_to_reg,15.24252,15.34862,0.10610041473388598
sha256,w_mem_inst.w_mem[7][22],train,secworks_sha2,crypto_checksum,reg_to_reg,15.24252,15.34862,0.10610041473388598
sha256,w_mem_inst.w_mem[7][23],train,secworks_sha2,crypto_checksum,reg_to_reg,15.24252,15.34862,0.10610041473388598
sha256,w_mem_inst.w_mem[7][24],train,secworks_sha2,crypto_checksum,reg_to_reg,15.24252,15.34862,0.10610041473388598
sha256,w_mem_inst.w_mem[7][25],train,secworks_sha2,crypto_checksum,reg_to_reg,15.24252,15.34862,0.10610041473388598
sha256,w_mem_inst.w_mem[7][26],train,secworks_sha2,crypto_checksum,reg_to_reg,15.24252,15.34862,0.10610041473388598
sha256,w_mem_inst.w_mem[7][27],train,secworks_sha2,crypto_checksum,reg_to_reg,15.24252,15.34862,0.10610041473388598
sha256,w_mem_inst.w_mem[7][28],train,secworks_sha2,crypto_checksum,reg_to_reg,15.24252,15.34862,0.10610041473388598
sha256,w_mem_inst.w_mem[7][29],train,secworks_sha2,crypto_checksum,reg_to_reg,15.24252,15.34862,0.10610041473388598
sha256,w_mem_inst.w_mem[7][2],train,secworks_sha2,crypto_checksum,reg_to_reg,15.24252,15.34862,0.10610041473388598
sha256,w_mem_inst.w_mem[7][30],train,secworks_sha2,crypto_checksum,reg_to_reg,15.24252,15.34862,0.10610041473388598
sha256,w_mem_inst.w_mem[7][31],train,secworks_sha2,crypto_checksum,reg_to_reg,15.921643,15.34862,0.5730225852661128
sha256,w_mem_inst.w_mem[7][3],train,secworks_sha2,crypto_checksum,reg_to_reg,15.24252,15.34862,0.10610041473388598
sha256,w_mem_inst.w_mem[7][4],train,secworks_sha2,crypto_checksum,reg_to_reg,15.24252,15.34862,0.10610041473388598
sha256,w_mem_inst.w_mem[7][5],train,secworks_sha2,crypto_checksum,reg_to_reg,15.24252,15.34862,0.10610041473388598
sha256,w_mem_inst.w_mem[7][6],train,secworks_sha2,crypto_checksum,reg_to_reg,15.24252,15.34862,0.10610041473388598
sha256,w_mem_inst.w_mem[7][7],train,secworks_sha2,crypto_checksum,reg_to_reg,15.24252,15.34862,0.10610041473388598
sha256,w_mem_inst.w_mem[7][8],train,secworks_sha2,crypto_checksum,reg_to_reg,15.24252,15.34862,0.10610041473388598
sha256,w_mem_inst.w_mem[7][9],train,secworks_sha2,crypto_checksum,reg_to_reg,15.24252,15.34862,0.10610041473388598
sha256,w_mem_inst.w_mem[8][0],train,secworks_sha2,crypto_checksum,reg_to_reg,15.24252,15.34862,0.10610041473388598
sha256,w_mem_inst.w_mem[8][10],train,secworks_sha2,crypto_checksum,reg_to_reg,15.24252,15.34862,0.10610041473388598
sha256,w_mem_inst.w_mem[8][11],train,secworks_sha2,crypto_checksum,reg_to_reg,15.24252,15.34862,0.10610041473388598
sha256,w_mem_inst.w_mem[8][12],train,secworks_sha2,crypto_checksum,reg_to_reg,15.24252,15.34862,0.10610041473388598
sha256,w_mem_inst.w_mem[8][13],train,secworks_sha2,crypto_checksum,reg_to_reg,15.24252,15.34862,0.10610041473388598
sha256,w_mem_inst.w_mem[8][14],train,secworks_sha2,crypto_checksum,reg_to_reg,15.24252,15.34862,0.10610041473388598
sha256,w_mem_inst.w_mem[8][15],train,secworks_sha2,crypto_checksum,reg_to_reg,15.24252,15.34862,0.10610041473388598
sha256,w_mem_inst.w_mem[8][16],train,secworks_sha2,crypto_checksum,reg_to_reg,15.24252,15.34862,0.10610041473388598
sha256,w_mem_inst.w_mem[8][17],train,secworks_sha2,crypto_checksum,reg_to_reg,15.24252,15.34862,0.10610041473388598
sha256,w_mem_inst.w_mem[8][18],train,secworks_sha2,crypto_checksum,reg_to_reg,15.24252,15.34862,0.10610041473388598
sha256,w_mem_inst.w_mem[8][19],train,secworks_sha2,crypto_checksum,reg_to_reg,15.24252,15.34862,0.10610041473388598
sha256,w_mem_inst.w_mem[8][1],train,secworks_sha2,crypto_checksum,reg_to_reg,15.24252,15.34862,0.10610041473388598
sha256,w_mem_inst.w_mem[8][20],train,secworks_sha2,crypto_checksum,reg_to_reg,15.24252,15.34862,0.10610041473388598
sha256,w_mem_inst.w_mem[8][21],train,secworks_sha2,crypto_checksum,reg_to_reg,15.24252,15.34862,0.10610041473388598
sha256,w_mem_inst.w_mem[8][22],train,secworks_sha2,crypto_checksum,reg_to_reg,15.24252,15.34862,0.10610041473388598
sha256,w_mem_inst.w_mem[8][23],train,secworks_sha2,crypto_checksum,reg_to_reg,15.24252,15.34862,0.10610041473388598
sha256,w_mem_inst.w_mem[8][24],train,secworks_sha2,crypto_checksum,reg_to_reg,15.24252,15.34862,0.10610041473388598
sha256,w_mem_inst.w_mem[8][25],train,secworks_sha2,crypto_checksum,reg_to_reg,15.24252,15.34862,0.10610041473388598
sha256,w_mem_inst.w_mem[8][26],train,secworks_sha2,crypto_checksum,reg_to_reg,15.24252,15.34862,0.10610041473388598
sha256,w_mem_inst.w_mem[8][27],train,secworks_sha2,crypto_checksum,reg_to_reg,15.24252,15.34862,0.10610041473388598
sha256,w_mem_inst.w_mem[8][28],train,secworks_sha2,crypto_checksum,reg_to_reg,15.24252,15.34862,0.10610041473388598
sha256,w_mem_inst.w_mem[8][29],train,secworks_sha2,crypto_checksum,reg_to_reg,15.24252,15.34862,0.10610041473388598
sha256,w_mem_inst.w_mem[8][2],train,secworks_sha2,crypto_checksum,reg_to_reg,15.24252,15.34862,0.10610041473388598
sha256,w_mem_inst.w_mem[8][30],train,secworks_sha2,crypto_checksum,reg_to_reg,15.24252,15.34862,0.10610041473388598
sha256,w_mem_inst.w_mem[8][31],train,secworks_sha2,crypto_checksum,reg_to_reg,15.921643,15.34862,0.5730225852661128
sha256,w_mem_inst.w_mem[8][3],train,secworks_sha2,crypto_checksum,reg_to_reg,15.24252,15.34862,0.10610041473388598
sha256,w_mem_inst.w_mem[8][4],train,secworks_sha2,crypto_checksum,reg_to_reg,15.24252,15.34862,0.10610041473388598
sha256,w_mem_inst.w_mem[8][5],train,secworks_sha2,crypto_checksum,reg_to_reg,15.24252,15.34862,0.10610041473388598
sha256,w_mem_inst.w_mem[8][6],train,secworks_sha2,crypto_checksum,reg_to_reg,15.24252,15.34862,0.10610041473388598
sha256,w_mem_inst.w_mem[8][7],train,secworks_sha2,crypto_checksum,reg_to_reg,15.24252,15.34862,0.10610041473388598
sha256,w_mem_inst.w_mem[8][8],train,secworks_sha2,crypto_checksum,reg_to_reg,15.24252,15.34862,0.10610041473388598
sha256,w_mem_inst.w_mem[8][9],train,secworks_sha2,crypto_checksum,reg_to_reg,15.24252,15.34862,0.10610041473388598
sha256,w_mem_inst.w_mem[9][0],train,secworks_sha2,crypto_checksum,reg_to_reg,15.24252,15.34862,0.10610041473388598
sha256,w_mem_inst.w_mem[9][10],train,secworks_sha2,crypto_checksum,reg_to_reg,15.24252,15.34862,0.10610041473388598
sha256,w_mem_inst.w_mem[9][11],train,secworks_sha2,crypto_checksum,reg_to_reg,15.24252,15.34862,0.10610041473388598
sha256,w_mem_inst.w_mem[9][12],train,secworks_sha2,crypto_checksum,reg_to_reg,15.24252,15.34862,0.10610041473388598
sha256,w_mem_inst.w_mem[9][13],train,secworks_sha2,crypto_checksum,reg_to_reg,15.24252,15.34862,0.10610041473388598
sha256,w_mem_inst.w_mem[9][14],train,secworks_sha2,crypto_checksum,reg_to_reg,15.24252,15.34862,0.10610041473388598
sha256,w_mem_inst.w_mem[9][15],train,secworks_sha2,crypto_checksum,reg_to_reg,15.24252,15.34862,0.10610041473388598
sha256,w_mem_inst.w_mem[9][16],train,secworks_sha2,crypto_checksum,reg_to_reg,15.24252,15.34862,0.10610041473388598
sha256,w_mem_inst.w_mem[9][17],train,secworks_sha2,crypto_checksum,reg_to_reg,15.24252,15.34862,0.10610041473388598
sha256,w_mem_inst.w_mem[9][18],train,secworks_sha2,crypto_checksum,reg_to_reg,15.24252,15.34862,0.10610041473388598
sha256,w_mem_inst.w_mem[9][19],train,secworks_sha2,crypto_checksum,reg_to_reg,15.24252,15.34862,0.10610041473388598
sha256,w_mem_inst.w_mem[9][1],train,secworks_sha2,crypto_checksum,reg_to_reg,15.24252,15.34862,0.10610041473388598
sha256,w_mem_inst.w_mem[9][20],train,secworks_sha2,crypto_checksum,reg_to_reg,15.24252,15.34862,0.10610041473388598
sha256,w_mem_inst.w_mem[9][21],train,secworks_sha2,crypto_checksum,reg_to_reg,15.24252,15.34862,0.10610041473388598
sha256,w_mem_inst.w_mem[9][22],train,secworks_sha2,crypto_checksum,reg_to_reg,15.24252,15.34862,0.10610041473388598
sha256,w_mem_inst.w_mem[9][23],train,secworks_sha2,crypto_checksum,reg_to_reg,15.24252,15.34862,0.10610041473388598
sha256,w_mem_inst.w_mem[9][24],train,secworks_sha2,crypto_checksum,reg_to_reg,15.24252,15.34862,0.10610041473388598
sha256,w_mem_inst.w_mem[9][25],train,secworks_sha2,crypto_checksum,reg_to_reg,15.24252,15.34862,0.10610041473388598
sha256,w_mem_inst.w_mem[9][26],train,secworks_sha2,crypto_checksum,reg_to_reg,15.24252,15.34862,0.10610041473388598
sha256,w_mem_inst.w_mem[9][27],train,secworks_sha2,crypto_checksum,reg_to_reg,15.24252,15.34862,0.10610041473388598
sha256,w_mem_inst.w_mem[9][28],train,secworks_sha2,crypto_checksum,reg_to_reg,15.24252,15.34862,0.10610041473388598
sha256,w_mem_inst.w_mem[9][29],train,secworks_sha2,crypto_checksum,reg_to_reg,15.24252,15.34862,0.10610041473388598
sha256,w_mem_inst.w_mem[9][2],train,secworks_sha2,crypto_checksum,reg_to_reg,15.24252,15.34862,0.10610041473388598
sha256,w_mem_inst.w_mem[9][30],train,secworks_sha2,crypto_checksum,reg_to_reg,15.24252,15.34862,0.10610041473388598
sha256,w_mem_inst.w_mem[9][31],train,secworks_sha2,crypto_checksum,reg_to_reg,15.921643,15.34862,0.5730225852661128
sha256,w_mem_inst.w_mem[9][3],train,secworks_sha2,crypto_checksum,reg_to_reg,15.24252,15.34862,0.10610041473388598
sha256,w_mem_inst.w_mem[9][4],train,secworks_sha2,crypto_checksum,reg_to_reg,15.24252,15.34862,0.10610041473388598
sha256,w_mem_inst.w_mem[9][5],train,secworks_sha2,crypto_checksum,reg_to_reg,15.24252,15.34862,0.10610041473388598
sha256,w_mem_inst.w_mem[9][6],train,secworks_sha2,crypto_checksum,reg_to_reg,15.24252,15.34862,0.10610041473388598
sha256,w_mem_inst.w_mem[9][7],train,secworks_sha2,crypto_checksum,reg_to_reg,15.24252,15.34862,0.10610041473388598
sha256,w_mem_inst.w_mem[9][8],train,secworks_sha2,crypto_checksum,reg_to_reg,15.24252,15.34862,0.10610041473388598
sha256,w_mem_inst.w_mem[9][9],train,secworks_sha2,crypto_checksum,reg_to_reg,15.24252,15.34862,0.10610041473388598
sha256,w_next,train,secworks_sha2,crypto_checksum,input_to_reg,1.516617,1.5178722,0.0012552143173216734
uart_tx,bit_cnt[0],train,forencich_uart,protocol_control,input_to_reg,1.216014,1.2242206,0.008206633506774974
uart_tx,bit_cnt[1],train,forencich_uart,protocol_control,input_to_reg,1.246195,1.2180792,0.028115790672302188
uart_tx,bit_cnt[2],train,forencich_uart,protocol_control,input_to_reg,1.190274,1.2180792,0.0278052093276977
uart_tx,bit_cnt[3],train,forencich_uart,protocol_control,input_to_reg,1.232639,1.2242206,0.008418366493225138
uart_tx,busy,train,forencich_uart,protocol_control,input_to_reg,1.064921,1.0650729,0.00015189409637450524
uart_tx,data_reg[0],train,forencich_uart,protocol_control,input_to_reg,1.235526,1.235439,8.705709075917945e-05
uart_tx,data_reg[1],train,forencich_uart,protocol_control,input_to_reg,1.235526,1.235439,8.705709075917945e-05
uart_tx,data_reg[2],train,forencich_uart,protocol_control,input_to_reg,1.235526,1.235439,8.705709075917945e-05
uart_tx,data_reg[3],train,forencich_uart,protocol_control,input_to_reg,1.235526,1.235439,8.705709075917945e-05
uart_tx,data_reg[4],train,forencich_uart,protocol_control,input_to_reg,1.235526,1.235439,8.705709075917945e-05
uart_tx,data_reg[5],train,forencich_uart,protocol_control,input_to_reg,1.235526,1.235439,8.705709075917945e-05
uart_tx,data_reg[6],train,forencich_uart,protocol_control,input_to_reg,1.235526,1.235439,8.705709075917945e-05
uart_tx,data_reg[7],train,forencich_uart,protocol_control,input_to_reg,1.235526,1.235439,8.705709075917945e-05
uart_tx,data_reg[8],train,forencich_uart,protocol_control,input_to_reg,1.221561,1.2217734,0.00021238600158701715
uart_tx,prescale_reg[0],train,forencich_uart,protocol_control,input_to_reg,1.336462,1.33476,0.001702049362182656
uart_tx,prescale_reg[10],train,forencich_uart,protocol_control,input_to_reg,1.390994,1.3908385,0.0001554961624146145
uart_tx,prescale_reg[11],train,forencich_uart,protocol_control,input_to_reg,1.366605,1.3662283,0.00037665794372565564
uart_tx,prescale_reg[12],train,forencich_uart,protocol_control,input_to_reg,1.358616,1.3606405,0.002024525817871048
uart_tx,prescale_reg[13],train,forencich_uart,protocol_control,input_to_reg,1.410299,1.4105533,0.00025433614349368305
uart_tx,prescale_reg[14],train,forencich_uart,protocol_control,input_to_reg,1.463028,1.4632113,0.00018329798889160642
uart_tx,prescale_reg[15],train,forencich_uart,protocol_control,input_to_reg,1.505545,1.5056944,0.00014938934326180764
uart_tx,prescale_reg[16],train,forencich_uart,protocol_control,input_to_reg,1.596466,1.5964377,2.830735778802662e-05
uart_tx,prescale_reg[17],train,forencich_uart,protocol_control,input_to_reg,1.620029,1.6197838,0.00024524088287347645
uart_tx,prescale_reg[18],train,forencich_uart,protocol_control,input_to_reg,1.625638,1.6250284,0.0006096281890868305
uart_tx,prescale_reg[1],train,forencich_uart,protocol_control,input_to_reg,1.332745,1.3045316,0.02821342575073249
uart_tx,prescale_reg[2],train,forencich_uart,protocol_control,input_to_reg,1.276552,1.3045316,0.02797957424926767
uart_tx,prescale_reg[3],train,forencich_uart,protocol_control,input_to_reg,1.344099,1.3288736,0.015225365661621026
uart_tx,prescale_reg[4],train,forencich_uart,protocol_control,input_to_reg,1.313215,1.3288736,0.015658634338378885
uart_tx,prescale_reg[5],train,forencich_uart,protocol_control,input_to_reg,1.276552,1.2777473,0.0011952734451294855
uart_tx,prescale_reg[6],train,forencich_uart,protocol_control,input_to_reg,1.313215,1.3130933,0.00012169536590578289
uart_tx,prescale_reg[7],train,forencich_uart,protocol_control,input_to_reg,1.29416,1.2942843,0.00012434371948244483
uart_tx,prescale_reg[8],train,forencich_uart,protocol_control,input_to_reg,1.313215,1.3130751,0.00013993438720705242
uart_tx,prescale_reg[9],train,forencich_uart,protocol_control,input_to_reg,1.361907,1.3616385,0.00026845401000974434
uart_tx,s_axis_tready,train,forencich_uart,protocol_control,input_to_reg,1.113484,1.1133296,0.00015435102844230109
uart_tx,txd,train,forencich_uart,protocol_control,input_to_reg,1.197343,1.198462,0.0011190094299315945
uart_rx,bit_cnt[0],train,forencich_uart,protocol_control,reg_to_reg,0.499863,0.5134951,0.01363208762359619
uart_rx,bit_cnt[1],train,forencich_uart,protocol_control,reg_to_reg,0.488453,0.48859164,0.00013864118766782063
uart_rx,bit_cnt[2],train,forencich_uart,protocol_control,reg_to_reg,0.527208,0.5134951,0.013712912376403819
uart_rx,bit_cnt[3],train,forencich_uart,protocol_control,reg_to_reg,0.540703,0.5398681,0.000834883621215865
uart_rx,busy,train,forencich_uart,protocol_control,reg_to_reg,0.597095,0.59654105,0.000553952903747601
uart_rx,data_reg[0],train,forencich_uart,protocol_control,reg_to_reg,0.765344,0.76516837,0.00017563118362429186
uart_rx,data_reg[1],train,forencich_uart,protocol_control,reg_to_reg,0.765344,0.76516837,0.00017563118362429186
uart_rx,data_reg[2],train,forencich_uart,protocol_control,reg_to_reg,0.765344,0.76516837,0.00017563118362429186
uart_rx,data_reg[3],train,forencich_uart,protocol_control,reg_to_reg,0.765344,0.76516837,0.00017563118362429186
uart_rx,data_reg[4],train,forencich_uart,protocol_control,reg_to_reg,0.765344,0.76516837,0.00017563118362429186
uart_rx,data_reg[5],train,forencich_uart,protocol_control,reg_to_reg,0.765344,0.76516837,0.00017563118362429186
uart_rx,data_reg[6],train,forencich_uart,protocol_control,reg_to_reg,0.765344,0.76516837,0.00017563118362429186
uart_rx,data_reg[7],train,forencich_uart,protocol_control,reg_to_reg,0.765344,0.76516837,0.00017563118362429186
uart_rx,frame_error,train,forencich_uart,protocol_control,reg_to_reg,0.408626,0.41018483,0.0015588304271698106
uart_rx,m_axis_tdata[0],train,forencich_uart,protocol_control,reg_to_reg,0.643843,0.6437438,9.91869621277397e-05
uart_rx,m_axis_tdata[1],train,forencich_uart,protocol_control,reg_to_reg,0.643843,0.6437438,9.91869621277397e-05
uart_rx,m_axis_tdata[2],train,forencich_uart,protocol_control,reg_to_reg,0.643843,0.6437438,9.91869621277397e-05
uart_rx,m_axis_tdata[3],train,forencich_uart,protocol_control,reg_to_reg,0.643843,0.6437438,9.91869621277397e-05
uart_rx,m_axis_tdata[4],train,forencich_uart,protocol_control,reg_to_reg,0.643843,0.6437438,9.91869621277397e-05
uart_rx,m_axis_tdata[5],train,forencich_uart,protocol_control,reg_to_reg,0.643843,0.6437438,9.91869621277397e-05
uart_rx,m_axis_tdata[6],train,forencich_uart,protocol_control,reg_to_reg,0.643843,0.6437438,9.91869621277397e-05
uart_rx,m_axis_tdata[7],train,forencich_uart,protocol_control,reg_to_reg,0.643843,0.6437438,9.91869621277397e-05
uart_rx,m_axis_tvalid,train,forencich_uart,protocol_control,input_to_reg,1.077172,1.0772774,0.00010542195129392695
uart_rx,overrun_error,train,forencich_uart,protocol_control,reg_to_reg,0.415393,0.41534054,5.245720672608645e-05
uart_rx,prescale_reg[0],train,forencich_uart,protocol_control,reg_to_reg,0.534981,0.53598905,0.001008046096801718
uart_rx,prescale_reg[10],train,forencich_uart,protocol_control,input_to_reg,1.406186,1.4049882,0.0011978303298949555
uart_rx,prescale_reg[11],train,forencich_uart,protocol_control,input_to_reg,1.417135,1.4168227,0.0003123281097412445
uart_rx,prescale_reg[12],train,forencich_uart,protocol_control,input_to_reg,1.498528,1.4980536,0.00047444927978523843
uart_rx,prescale_reg[13],train,forencich_uart,protocol_control,input_to_reg,1.555913,1.55474,0.0011730479125977578
uart_rx,prescale_reg[14],train,forencich_uart,protocol_control,input_to_reg,1.53287,1.532888,1.8054847717330347e-05
uart_rx,prescale_reg[15],train,forencich_uart,protocol_control,input_to_reg,1.574766,1.5765741,0.0018080871429442258
uart_rx,prescale_reg[16],train,forencich_uart,protocol_control,input_to_reg,1.624789,1.6247854,3.5767211914450314e-06
uart_rx,prescale_reg[17],train,forencich_uart,protocol_control,input_to_reg,1.650635,1.6503779,0.000257130393982008
uart_rx,prescale_reg[18],train,forencich_uart,protocol_control,input_to_reg,1.618697,1.6187664,6.942704010004519e-05
uart_rx,prescale_reg[1],train,forencich_uart,protocol_control,reg_to_reg,0.490037,0.48990017,0.0001368282432556156
uart_rx,prescale_reg[2],train,forencich_uart,protocol_control,input_to_reg,1.119081,1.1200716,0.0009906495513916092
uart_rx,prescale_reg[3],train,forencich_uart,protocol_control,input_to_reg,1.190377,1.1900028,0.0003742009658813661
uart_rx,prescale_reg[4],train,forencich_uart,protocol_control,input_to_reg,1.182233,1.1825051,0.00027213076782217627
uart_rx,prescale_reg[5],train,forencich_uart,protocol_control,input_to_reg,1.205279,1.2078899,0.002610914512634288
uart_rx,prescale_reg[6],train,forencich_uart,protocol_control,input_to_reg,1.315009,1.3139851,0.0010238906707764617
uart_rx,prescale_reg[7],train,forencich_uart,protocol_control,input_to_reg,1.334224,1.3339742,0.000249757789611893
uart_rx,prescale_reg[8],train,forencich_uart,protocol_control,input_to_reg,1.300109,1.300652,0.000543027130126994
uart_rx,prescale_reg[9],train,forencich_uart,protocol_control,input_to_reg,1.374161,1.3750172,0.0008561661376953467
uart_rx,rxd_reg,train,forencich_uart,protocol_control,input_to_reg,1.06328,1.0630822,0.0001977818298339873
simple_spi,ack_o,train,herveille_spi,protocol_control,input_to_reg,1.07198,1.0720655,8.547260284430536e-05
simple_spi,bcnt[0],train,herveille_spi,protocol_control,reg_to_reg,0.524386,0.52479845,0.00041245285415647537
simple_spi,bcnt[1],train,herveille_spi,protocol_control,reg_to_reg,0.570263,0.5685364,0.0017265992050170542
simple_spi,bcnt[2],train,herveille_spi,protocol_control,reg_to_reg,0.570263,0.5702527,1.028345870968117e-05
simple_spi,clkcnt[0],train,herveille_spi,protocol_control,reg_to_reg,0.338757,0.36523625,0.02647925254631045
simple_spi,clkcnt[10],train,herveille_spi,protocol_control,reg_to_reg,0.479479,0.47985283,0.00037382540321351243
simple_spi,clkcnt[11],train,herveille_spi,protocol_control,reg_to_reg,0.506131,0.5084602,0.0023292236747741724
simple_spi,clkcnt[1],train,herveille_spi,protocol_control,reg_to_reg,0.390542,0.39032453,0.0002174670143127444
simple_spi,clkcnt[2],train,herveille_spi,protocol_control,reg_to_reg,0.390542,0.36523625,0.025305747453689575
simple_spi,clkcnt[3],train,herveille_spi,protocol_control,reg_to_reg,0.362892,0.36270452,0.00018748454284667204
simple_spi,clkcnt[4],train,herveille_spi,protocol_control,reg_to_reg,0.35204,0.3519005,0.00013951186180116704
simple_spi,clkcnt[5],train,herveille_spi,protocol_control,reg_to_reg,0.338085,0.3388305,0.0007455008411407227
simple_spi,clkcnt[6],train,herveille_spi,protocol_control,reg_to_reg,0.367137,0.36846343,0.0013264268283844083
simple_spi,clkcnt[7],train,herveille_spi,protocol_control,reg_to_reg,0.391728,0.391558,0.00017000849533083118
simple_spi,clkcnt[8],train,herveille_spi,protocol_control,reg_to_reg,0.474831,0.4746371,0.00019390884017944643
simple_spi,clkcnt[9],train,herveille_spi,protocol_control,reg_to_reg,0.496588,0.49597177,0.0006162309055328108
simple_spi,cpha,train,herveille_spi,protocol_control,input_to_reg,1.321089,1.320488,0.0006010239257812078
simple_spi,cpol,train,herveille_spi,protocol_control,input_to_reg,1.321089,1.320488,0.0006010239257812078
simple_spi,dat_o[0],train,herveille_spi,protocol_control,input_to_reg,1.227472,1.2279339,0.000461883666992291
simple_spi,dat_o[1],train,herveille_spi,protocol_control,input_to_reg,1.227799,1.2263956,0.0014033930053711785
simple_spi,dat_o[2],train,herveille_spi,protocol_control,input_to_reg,1.230464,1.2286752,0.001788753761291506
simple_spi,dat_o[3],train,herveille_spi,protocol_control,input_to_reg,1.225501,1.2286752,0.0031742462387085446
simple_spi,dat_o[4],train,herveille_spi,protocol_control,input_to_reg,1.21506,1.2170109,0.0019508556747436234
simple_spi,dat_o[5],train,herveille_spi,protocol_control,input_to_reg,1.224125,1.2228365,0.0012885055541991264
simple_spi,dat_o[6],train,herveille_spi,protocol_control,input_to_reg,1.228503,1.228426,7.702038574208814e-05
simple_spi,dat_o[7],train,herveille_spi,protocol_control,input_to_reg,1.228503,1.228426,7.702038574208814e-05
simple_spi,dwom,train,herveille_spi,protocol_control,input_to_reg,1.321089,1.320488,0.0006010239257812078
simple_spi,espr[2],train,herveille_spi,protocol_control,input_to_reg,1.319573,1.3203763,0.000803276969909561
simple_spi,espr[3],train,herveille_spi,protocol_control,input_to_reg,1.320622,1.3203763,0.0002457230300902946
simple_spi,icnt[0],train,herveille_spi,protocol_control,input_to_reg,1.320622,1.3203763,0.0002457230300902946
simple_spi,icnt[1],train,herveille_spi,protocol_control,input_to_reg,1.319573,1.3203763,0.000803276969909561
simple_spi,inta_o,train,herveille_spi,protocol_control,reg_to_reg,0.135547,0.13573278,0.0001857848672866813
simple_spi,rfifo.gb,train,herveille_spi,protocol_control,input_to_reg,1.207304,1.2082806,0.0009765633544922547
simple_spi,rfifo.mem[0][0],train,herveille_spi,protocol_control,reg_to_reg,0.252664,0.2529641,0.0003001091823577884
simple_spi,rfifo.mem[0][1],train,herveille_spi,protocol_control,reg_to_reg,0.252664,0.2529641,0.0003001091823577884
simple_spi,rfifo.mem[0][2],train,herveille_spi,protocol_control,reg_to_reg,0.252664,0.2529641,0.0003001091823577884
simple_spi,rfifo.mem[0][3],train,herveille_spi,protocol_control,reg_to_reg,0.252664,0.2529641,0.0003001091823577884
simple_spi,rfifo.mem[0][4],train,herveille_spi,protocol_control,reg_to_reg,0.252664,0.2529641,0.0003001091823577884
simple_spi,rfifo.mem[0][5],train,herveille_spi,protocol_control,reg_to_reg,0.252664,0.2529641,0.0003001091823577884
simple_spi,rfifo.mem[0][6],train,herveille_spi,protocol_control,reg_to_reg,0.252664,0.2529641,0.0003001091823577884
simple_spi,rfifo.mem[0][7],train,herveille_spi,protocol_control,reg_to_reg,0.252664,0.2529641,0.0003001091823577884
simple_spi,rfifo.mem[1][0],train,herveille_spi,protocol_control,reg_to_reg,0.261012,0.26100484,7.164632797262982e-06
simple_spi,rfifo.mem[1][1],train,herveille_spi,protocol_control,reg_to_reg,0.261012,0.26100484,7.164632797262982e-06
simple_spi,rfifo.mem[1][2],train,herveille_spi,protocol_control,reg_to_reg,0.261012,0.26100484,7.164632797262982e-06
simple_spi,rfifo.mem[1][3],train,herveille_spi,protocol_control,reg_to_reg,0.261012,0.26100484,7.164632797262982e-06
simple_spi,rfifo.mem[1][4],train,herveille_spi,protocol_control,reg_to_reg,0.261012,0.26100484,7.164632797262982e-06
simple_spi,rfifo.mem[1][5],train,herveille_spi,protocol_control,reg_to_reg,0.261012,0.26100484,7.164632797262982e-06
simple_spi,rfifo.mem[1][6],train,herveille_spi,protocol_control,reg_to_reg,0.261012,0.26100484,7.164632797262982e-06
simple_spi,rfifo.mem[1][7],train,herveille_spi,protocol_control,reg_to_reg,0.261012,0.26100484,7.164632797262982e-06
simple_spi,rfifo.mem[2][0],train,herveille_spi,protocol_control,reg_to_reg,0.255215,0.25511602,9.898432731630935e-05
simple_spi,rfifo.mem[2][1],train,herveille_spi,protocol_control,reg_to_reg,0.255215,0.25511602,9.898432731630935e-05
simple_spi,rfifo.mem[2][2],train,herveille_spi,protocol_control,reg_to_reg,0.255215,0.25511602,9.898432731630935e-05
simple_spi,rfifo.mem[2][3],train,herveille_spi,protocol_control,reg_to_reg,0.255215,0.25511602,9.898432731630935e-05
simple_spi,rfifo.mem[2][4],train,herveille_spi,protocol_control,reg_to_reg,0.255215,0.25511602,9.898432731630935e-05
simple_spi,rfifo.mem[2][5],train,herveille_spi,protocol_control,reg_to_reg,0.255215,0.25511602,9.898432731630935e-05
simple_spi,rfifo.mem[2][6],train,herveille_spi,protocol_control,reg_to_reg,0.255215,0.25511602,9.898432731630935e-05
simple_spi,rfifo.mem[2][7],train,herveille_spi,protocol_control,reg_to_reg,0.255215,0.25511602,9.898432731630935e-05
simple_spi,rfifo.mem[3][0],train,herveille_spi,protocol_control,reg_to_reg,0.261018,0.26100484,1.3164632797213471e-05
simple_spi,rfifo.mem[3][1],train,herveille_spi,protocol_control,reg_to_reg,0.261018,0.26100484,1.3164632797213471e-05
simple_spi,rfifo.mem[3][2],train,herveille_spi,protocol_control,reg_to_reg,0.261018,0.26100484,1.3164632797213471e-05
simple_spi,rfifo.mem[3][3],train,herveille_spi,protocol_control,reg_to_reg,0.261018,0.26100484,1.3164632797213471e-05
simple_spi,rfifo.mem[3][4],train,herveille_spi,protocol_control,reg_to_reg,0.261018,0.26100484,1.3164632797213471e-05
simple_spi,rfifo.mem[3][5],train,herveille_spi,protocol_control,reg_to_reg,0.261018,0.26100484,1.3164632797213471e-05
simple_spi,rfifo.mem[3][6],train,herveille_spi,protocol_control,reg_to_reg,0.261018,0.26100484,1.3164632797213471e-05
simple_spi,rfifo.mem[3][7],train,herveille_spi,protocol_control,reg_to_reg,0.261018,0.26100484,1.3164632797213471e-05
simple_spi,rfifo.rp[0],train,herveille_spi,protocol_control,input_to_reg,1.252307,1.252031,0.00027603133392339885
simple_spi,rfifo.rp[1],train,herveille_spi,protocol_control,input_to_reg,1.262672,1.26266,1.1973449707047834e-05
simple_spi,rfifo.wp[0],train,herveille_spi,protocol_control,reg_to_reg,0.200601,0.20034927,0.00025172870254516755
simple_spi,rfifo.wp[1],train,herveille_spi,protocol_control,reg_to_reg,0.200198,0.20034927,0.0001512712974548469
simple_spi,rfwe,train,herveille_spi,protocol_control,reg_to_reg,0.42548,0.42538646,9.354136466982466e-05
simple_spi,sck_o,train,herveille_spi,protocol_control,reg_to_reg,0.454033,0.45571697,0.0016839675827026168
simple_spi,spcr[7],train,herveille_spi,protocol_control,input_to_reg,1.319817,1.320488,0.0006709760742187321
simple_spi,spe,train,herveille_spi,protocol_control,input_to_reg,1.321089,1.320488,0.0006010239257812078
simple_spi,sper[2],train,herveille_spi,protocol_control,input_to_reg,1.320622,1.3203763,0.0002457230300902946
simple_spi,sper[3],train,herveille_spi,protocol_control,input_to_reg,1.320622,1.3203763,0.0002457230300902946
simple_spi,sper[4],train,herveille_spi,protocol_control,input_to_reg,1.320622,1.3203763,0.0002457230300902946
simple_spi,sper[5],train,herveille_spi,protocol_control,input_to_reg,1.320622,1.3203763,0.0002457230300902946
simple_spi,spif,train,herveille_spi,protocol_control,input_to_reg,1.218412,1.2184447,3.270500946039867e-05
simple_spi,spr[0],train,herveille_spi,protocol_control,input_to_reg,1.319817,1.320488,0.0006709760742187321
simple_spi,spr[1],train,herveille_spi,protocol_control,input_to_reg,1.321089,1.320488,0.0006010239257812078
simple_spi,spsr[6],train,herveille_spi,protocol_control,input_to_reg,1.250385,1.2498837,0.0005013482666016422
simple_spi,ss_r,train,herveille_spi,protocol_control,input_to_reg,1.148186,1.1480982,8.776963806145233e-05
simple_spi,state[0],train,herveille_spi,protocol_control,reg_to_reg,0.46661,0.4666578,4.778756141660123e-05
simple_spi,state[1],train,herveille_spi,protocol_control,reg_to_reg,0.465901,0.4666578,0.0007567875614166164
simple_spi,tcnt[0],train,herveille_spi,protocol_control,reg_to_reg,0.268147,0.2681373,9.694025039697074e-06
simple_spi,tcnt[1],train,herveille_spi,protocol_control,reg_to_reg,0.268147,0.2681373,9.694025039697074e-06
simple_spi,treg[0],train,herveille_spi,protocol_control,input_to_reg,1.064844,1.0658063,0.0009622696456910163
simple_spi,treg[1],train,herveille_spi,protocol_control,reg_to_reg,0.55184,0.5596613,0.007821328792572024
simple_spi,treg[2],train,herveille_spi,protocol_control,reg_to_reg,0.55184,0.5596613,0.007821328792572024
simple_spi,treg[3],train,herveille_spi,protocol_control,reg_to_reg,0.55184,0.5596613,0.007821328792572024
simple_spi,treg[4],train,herveille_spi,protocol_control,reg_to_reg,0.55184,0.5596613,0.007821328792572024
simple_spi,treg[5],train,herveille_spi,protocol_control,reg_to_reg,0.562115,0.5596613,0.00245367120742801
simple_spi,treg[6],train,herveille_spi,protocol_control,reg_to_reg,0.585055,0.5596613,0.02539367120742797
simple_spi,treg[7],train,herveille_spi,protocol_control,reg_to_reg,0.562115,0.5596613,0.00245367120742801
simple_spi,wfifo.gb,train,herveille_spi,protocol_control,input_to_reg,1.221628,1.2218795,0.0002514822692871732
simple_spi,wfifo.mem[0][0],train,herveille_spi,protocol_control,input_to_reg,1.294505,1.2944529,5.2094345092790206e-05
simple_spi,wfifo.mem[0][1],train,herveille_spi,protocol_control,input_to_reg,1.294505,1.2944529,5.2094345092790206e-05
simple_spi,wfifo.mem[0][2],train,herveille_spi,protocol_control,input_to_reg,1.294505,1.2944529,5.2094345092790206e-05
simple_spi,wfifo.mem[0][3],train,herveille_spi,protocol_control,input_to_reg,1.294505,1.2944529,5.2094345092790206e-05
simple_spi,wfifo.mem[0][4],train,herveille_spi,protocol_control,input_to_reg,1.294505,1.2944529,5.2094345092790206e-05
simple_spi,wfifo.mem[0][5],train,herveille_spi,protocol_control,input_to_reg,1.294505,1.2944529,5.2094345092790206e-05
simple_spi,wfifo.mem[0][6],train,herveille_spi,protocol_control,input_to_reg,1.294505,1.2944529,5.2094345092790206e-05
simple_spi,wfifo.mem[0][7],train,herveille_spi,protocol_control,input_to_reg,1.294505,1.2944529,5.2094345092790206e-05
simple_spi,wfifo.mem[1][0],train,herveille_spi,protocol_control,input_to_reg,1.294505,1.2944529,5.2094345092790206e-05
simple_spi,wfifo.mem[1][1],train,herveille_spi,protocol_control,input_to_reg,1.294505,1.2944529,5.2094345092790206e-05
simple_spi,wfifo.mem[1][2],train,herveille_spi,protocol_control,input_to_reg,1.294505,1.2944529,5.2094345092790206e-05
simple_spi,wfifo.mem[1][3],train,herveille_spi,protocol_control,input_to_reg,1.294505,1.2944529,5.2094345092790206e-05
simple_spi,wfifo.mem[1][4],train,herveille_spi,protocol_control,input_to_reg,1.294505,1.2944529,5.2094345092790206e-05
simple_spi,wfifo.mem[1][5],train,herveille_spi,protocol_control,input_to_reg,1.294505,1.2944529,5.2094345092790206e-05
simple_spi,wfifo.mem[1][6],train,herveille_spi,protocol_control,input_to_reg,1.294505,1.2944529,5.2094345092790206e-05
simple_spi,wfifo.mem[1][7],train,herveille_spi,protocol_control,input_to_reg,1.294505,1.2944529,5.2094345092790206e-05
simple_spi,wfifo.mem[2][0],train,herveille_spi,protocol_control,input_to_reg,1.294505,1.2944529,5.2094345092790206e-05
simple_spi,wfifo.mem[2][1],train,herveille_spi,protocol_control,input_to_reg,1.294505,1.2944529,5.2094345092790206e-05
simple_spi,wfifo.mem[2][2],train,herveille_spi,protocol_control,input_to_reg,1.294505,1.2944529,5.2094345092790206e-05
simple_spi,wfifo.mem[2][3],train,herveille_spi,protocol_control,input_to_reg,1.294505,1.2944529,5.2094345092790206e-05
simple_spi,wfifo.mem[2][4],train,herveille_spi,protocol_control,input_to_reg,1.294505,1.2944529,5.2094345092790206e-05
simple_spi,wfifo.mem[2][5],train,herveille_spi,protocol_control,input_to_reg,1.294505,1.2944529,5.2094345092790206e-05
simple_spi,wfifo.mem[2][6],train,herveille_spi,protocol_control,input_to_reg,1.294505,1.2944529,5.2094345092790206e-05
simple_spi,wfifo.mem[2][7],train,herveille_spi,protocol_control,input_to_reg,1.294505,1.2944529,5.2094345092790206e-05
simple_spi,wfifo.mem[3][0],train,herveille_spi,protocol_control,input_to_reg,1.294505,1.2946742,0.0001691580963134598
simple_spi,wfifo.mem[3][1],train,herveille_spi,protocol_control,input_to_reg,1.294505,1.2946742,0.0001691580963134598
simple_spi,wfifo.mem[3][2],train,herveille_spi,protocol_control,input_to_reg,1.294505,1.2946742,0.0001691580963134598
simple_spi,wfifo.mem[3][3],train,herveille_spi,protocol_control,input_to_reg,1.294505,1.2946742,0.0001691580963134598
simple_spi,wfifo.mem[3][4],train,herveille_spi,protocol_control,input_to_reg,1.294505,1.2946742,0.0001691580963134598
simple_spi,wfifo.mem[3][5],train,herveille_spi,protocol_control,input_to_reg,1.294505,1.2946742,0.0001691580963134598
simple_spi,wfifo.mem[3][6],train,herveille_spi,protocol_control,input_to_reg,1.294505,1.2946742,0.0001691580963134598
simple_spi,wfifo.mem[3][7],train,herveille_spi,protocol_control,input_to_reg,1.294505,1.2946742,0.0001691580963134598
simple_spi,wfifo.rp[0],train,herveille_spi,protocol_control,reg_to_reg,0.264815,0.26448137,0.0003336343193054425
simple_spi,wfifo.rp[1],train,herveille_spi,protocol_control,reg_to_reg,0.338679,0.33813852,0.0005404792823791582
simple_spi,wfifo.wp[0],train,herveille_spi,protocol_control,input_to_reg,1.244033,1.2462018,0.0021687536163330634
simple_spi,wfifo.wp[1],train,herveille_spi,protocol_control,input_to_reg,1.262386,1.2601866,0.0021994469985961995
simple_spi,wfre,train,herveille_spi,protocol_control,reg_to_reg,0.374667,0.37472364,5.6643064498929085e-05
axis_fifo16,depth_reg[0],train,forencich_axis,interconnect_buffer,reg_to_reg,0.181172,0.18113442,3.758234691619844e-05
axis_fifo16,depth_reg[1],train,forencich_axis,interconnect_buffer,reg_to_reg,0.22142,0.22128013,0.00013987223625183676
axis_fifo16,depth_reg[2],train,forencich_axis,interconnect_buffer,reg_to_reg,0.265984,0.26577076,0.00021323684120178044
axis_fifo16,depth_reg[3],train,forencich_axis,interconnect_buffer,reg_to_reg,0.324043,0.32512534,0.001082336647033666
axis_fifo16,depth_reg[4],train,forencich_axis,interconnect_buffer,reg_to_reg,0.338993,0.33903152,3.851750564576317e-05
axis_fifo16,m_axis[0],train,forencich_axis,interconnect_buffer,input_to_reg,1.423041,1.4230295,1.1458030700683963e-05
axis_fifo16,m_axis[10],train,forencich_axis,interconnect_buffer,input_to_reg,1.423041,1.4230295,1.1458030700683963e-05
axis_fifo16,m_axis[11],train,forencich_axis,interconnect_buffer,input_to_reg,1.423041,1.4230295,1.1458030700683963e-05
axis_fifo16,m_axis[12],train,forencich_axis,interconnect_buffer,input_to_reg,1.423041,1.4230295,1.1458030700683963e-05
axis_fifo16,m_axis[13],train,forencich_axis,interconnect_buffer,input_to_reg,1.423041,1.4230295,1.1458030700683963e-05
axis_fifo16,m_axis[14],train,forencich_axis,interconnect_buffer,input_to_reg,1.423041,1.4230295,1.1458030700683963e-05
axis_fifo16,m_axis[15],train,forencich_axis,interconnect_buffer,input_to_reg,1.423041,1.4230295,1.1458030700683963e-05
axis_fifo16,m_axis[16],train,forencich_axis,interconnect_buffer,input_to_reg,1.423041,1.4230295,1.1458030700683963e-05
axis_fifo16,m_axis[17],train,forencich_axis,interconnect_buffer,input_to_reg,1.423041,1.4230295,1.1458030700683963e-05
axis_fifo16,m_axis[18],train,forencich_axis,interconnect_buffer,input_to_reg,1.423041,1.4230295,1.1458030700683963e-05
axis_fifo16,m_axis[19],train,forencich_axis,interconnect_buffer,input_to_reg,1.423041,1.4230295,1.1458030700683963e-05
axis_fifo16,m_axis[1],train,forencich_axis,interconnect_buffer,input_to_reg,1.423041,1.4230295,1.1458030700683963e-05
axis_fifo16,m_axis[20],train,forencich_axis,interconnect_buffer,input_to_reg,1.423041,1.4230295,1.1458030700683963e-05
axis_fifo16,m_axis[21],train,forencich_axis,interconnect_buffer,input_to_reg,1.423041,1.4230295,1.1458030700683963e-05
axis_fifo16,m_axis[22],train,forencich_axis,interconnect_buffer,input_to_reg,1.423041,1.4230295,1.1458030700683963e-05
axis_fifo16,m_axis[23],train,forencich_axis,interconnect_buffer,input_to_reg,1.423041,1.4230295,1.1458030700683963e-05
axis_fifo16,m_axis[24],train,forencich_axis,interconnect_buffer,input_to_reg,1.423041,1.4230295,1.1458030700683963e-05
axis_fifo16,m_axis[25],train,forencich_axis,interconnect_buffer,input_to_reg,1.423041,1.4230295,1.1458030700683963e-05
axis_fifo16,m_axis[26],train,forencich_axis,interconnect_buffer,input_to_reg,1.423041,1.4230295,1.1458030700683963e-05
axis_fifo16,m_axis[27],train,forencich_axis,interconnect_buffer,input_to_reg,1.423041,1.4230295,1.1458030700683963e-05
axis_fifo16,m_axis[28],train,forencich_axis,interconnect_buffer,input_to_reg,1.423041,1.4230295,1.1458030700683963e-05
axis_fifo16,m_axis[29],train,forencich_axis,interconnect_buffer,input_to_reg,1.423041,1.4230295,1.1458030700683963e-05
axis_fifo16,m_axis[2],train,forencich_axis,interconnect_buffer,input_to_reg,1.423041,1.4230295,1.1458030700683963e-05
axis_fifo16,m_axis[30],train,forencich_axis,interconnect_buffer,input_to_reg,1.423041,1.4230295,1.1458030700683963e-05
axis_fifo16,m_axis[31],train,forencich_axis,interconnect_buffer,input_to_reg,1.423041,1.4230295,1.1458030700683963e-05
axis_fifo16,m_axis[3],train,forencich_axis,interconnect_buffer,input_to_reg,1.423041,1.4230295,1.1458030700683963e-05
axis_fifo16,m_axis[4],train,forencich_axis,interconnect_buffer,input_to_reg,1.423041,1.4230295,1.1458030700683963e-05
axis_fifo16,m_axis[5],train,forencich_axis,interconnect_buffer,input_to_reg,1.423041,1.4230295,1.1458030700683963e-05
axis_fifo16,m_axis[6],train,forencich_axis,interconnect_buffer,input_to_reg,1.423041,1.4230295,1.1458030700683963e-05
axis_fifo16,m_axis[7],train,forencich_axis,interconnect_buffer,input_to_reg,1.423041,1.4230295,1.1458030700683963e-05
axis_fifo16,m_axis[8],train,forencich_axis,interconnect_buffer,input_to_reg,1.423041,1.4230295,1.1458030700683963e-05
axis_fifo16,m_axis[9],train,forencich_axis,interconnect_buffer,input_to_reg,1.423041,1.4230295,1.1458030700683963e-05
axis_fifo16,m_axis_pipe_reg[0][0],train,forencich_axis,interconnect_buffer,input_to_reg,2.492029,2.4995456,0.007516574188232372
axis_fifo16,m_axis_pipe_reg[0][10],train,forencich_axis,interconnect_buffer,input_to_reg,2.49081,2.4995456,0.008735574188232231
axis_fifo16,m_axis_pipe_reg[0][11],train,forencich_axis,interconnect_buffer,input_to_reg,2.525643,2.4995456,0.02609742581176766
axis_fifo16,m_axis_pipe_reg[0][12],train,forencich_axis,interconnect_buffer,input_to_reg,2.494442,2.4995456,0.005103574188232596
axis_fifo16,m_axis_pipe_reg[0][13],train,forencich_axis,interconnect_buffer,input_to_reg,2.508454,2.4995456,0.00890842581176754
axis_fifo16,m_axis_pipe_reg[0][14],train,forencich_axis,interconnect_buffer,input_to_reg,2.508454,2.4995456,0.00890842581176754
axis_fifo16,m_axis_pipe_reg[0][15],train,forencich_axis,interconnect_buffer,input_to_reg,2.523598,2.4995456,0.024052425811767364
axis_fifo16,m_axis_pipe_reg[0][16],train,forencich_axis,interconnect_buffer,input_to_reg,2.51432,2.4995456,0.014774425811767689
axis_fifo16,m_axis_pipe_reg[0][17],train,forencich_axis,interconnect_buffer,input_to_reg,2.508454,2.4995456,0.00890842581176754
axis_fifo16,m_axis_pipe_reg[0][18],train,forencich_axis,interconnect_buffer,input_to_reg,2.483945,2.4995456,0.015600574188232574
axis_fifo16,m_axis_pipe_reg[0][19],train,forencich_axis,interconnect_buffer,input_to_reg,2.511865,2.4995456,0.01231942581176737
axis_fifo16,m_axis_pipe_reg[0][1],train,forencich_axis,interconnect_buffer,input_to_reg,2.508454,2.4995456,0.00890842581176754
axis_fifo16,m_axis_pipe_reg[0][20],train,forencich_axis,interconnect_buffer,input_to_reg,2.482611,2.4995456,0.01693457418823252
axis_fifo16,m_axis_pipe_reg[0][21],train,forencich_axis,interconnect_buffer,input_to_reg,2.494442,2.4995456,0.005103574188232596
axis_fifo16,m_axis_pipe_reg[0][22],train,forencich_axis,interconnect_buffer,input_to_reg,2.494442,2.4995456,0.005103574188232596
axis_fifo16,m_axis_pipe_reg[0][23],train,forencich_axis,interconnect_buffer,input_to_reg,2.489401,2.4995456,0.010144574188232447
axis_fifo16,m_axis_pipe_reg[0][24],train,forencich_axis,interconnect_buffer,input_to_reg,2.508454,2.4995456,0.00890842581176754
axis_fifo16,m_axis_pipe_reg[0][25],train,forencich_axis,interconnect_buffer,input_to_reg,2.534393,2.4995456,0.034847425811767696
axis_fifo16,m_axis_pipe_reg[0][26],train,forencich_axis,interconnect_buffer,input_to_reg,2.51432,2.4995456,0.014774425811767689
axis_fifo16,m_axis_pipe_reg[0][27],train,forencich_axis,interconnect_buffer,input_to_reg,2.51432,2.4995456,0.014774425811767689
axis_fifo16,m_axis_pipe_reg[0][28],train,forencich_axis,interconnect_buffer,input_to_reg,2.492968,2.4995456,0.006577574188232571
axis_fifo16,m_axis_pipe_reg[0][29],train,forencich_axis,interconnect_buffer,input_to_reg,2.463883,2.4995456,0.03566257418823238
axis_fifo16,m_axis_pipe_reg[0][2],train,forencich_axis,interconnect_buffer,input_to_reg,2.492968,2.4995456,0.006577574188232571
axis_fifo16,m_axis_pipe_reg[0][30],train,forencich_axis,interconnect_buffer,input_to_reg,2.492029,2.4995456,0.007516574188232372
axis_fifo16,m_axis_pipe_reg[0][31],train,forencich_axis,interconnect_buffer,input_to_reg,2.486594,2.4995456,0.012951574188232229
axis_fifo16,m_axis_pipe_reg[0][3],train,forencich_axis,interconnect_buffer,input_to_reg,2.492968,2.4995456,0.006577574188232571
axis_fifo16,m_axis_pipe_reg[0][4],train,forencich_axis,interconnect_buffer,input_to_reg,2.483694,2.4995456,0.015851574188232576
axis_fifo16,m_axis_pipe_reg[0][5],train,forencich_axis,interconnect_buffer,input_to_reg,2.484387,2.4995456,0.015158574188232521
axis_fifo16,m_axis_pipe_reg[0][6],train,forencich_axis,interconnect_buffer,input_to_reg,2.511865,2.4995456,0.01231942581176737
axis_fifo16,m_axis_pipe_reg[0][7],train,forencich_axis,interconnect_buffer,input_to_reg,2.497119,2.4995456,0.0024265741882323333
axis_fifo16,m_axis_pipe_reg[0][8],train,forencich_axis,interconnect_buffer,input_to_reg,2.494442,2.4995456,0.005103574188232596
axis_fifo16,m_axis_pipe_reg[0][9],train,forencich_axis,interconnect_buffer,input_to_reg,2.492968,2.4995456,0.006577574188232571
axis_fifo16,m_axis_tvalid,train,forencich_axis,interconnect_buffer,input_to_reg,1.430523,1.4331605,0.002637543441772472
axis_fifo16,m_axis_tvalid_pipe_reg[0],train,forencich_axis,interconnect_buffer,input_to_reg,2.037334,2.0371513,0.00018266333007810331
axis_fifo16,mem[0][0],train,forencich_axis,interconnect_buffer,input_to_reg,1.614031,1.6139812,4.975305175780598e-05
axis_fifo16,mem[0][10],train,forencich_axis,interconnect_buffer,input_to_reg,1.614031,1.6139812,4.975305175780598e-05
axis_fifo16,mem[0][11],train,forencich_axis,interconnect_buffer,input_to_reg,1.614031,1.6139812,4.975305175780598e-05
axis_fifo16,mem[0][12],train,forencich_axis,interconnect_buffer,input_to_reg,1.614031,1.6139812,4.975305175780598e-05
axis_fifo16,mem[0][13],train,forencich_axis,interconnect_buffer,input_to_reg,1.614031,1.6139812,4.975305175780598e-05
axis_fifo16,mem[0][14],train,forencich_axis,interconnect_buffer,input_to_reg,1.614031,1.6139812,4.975305175780598e-05
axis_fifo16,mem[0][15],train,forencich_axis,interconnect_buffer,input_to_reg,1.614031,1.6139812,4.975305175780598e-05
axis_fifo16,mem[0][16],train,forencich_axis,interconnect_buffer,input_to_reg,1.614031,1.6139812,4.975305175780598e-05
axis_fifo16,mem[0][17],train,forencich_axis,interconnect_buffer,input_to_reg,1.614031,1.6139812,4.975305175780598e-05
axis_fifo16,mem[0][18],train,forencich_axis,interconnect_buffer,input_to_reg,1.614031,1.6139812,4.975305175780598e-05
axis_fifo16,mem[0][19],train,forencich_axis,interconnect_buffer,input_to_reg,1.614031,1.6139812,4.975305175780598e-05
axis_fifo16,mem[0][1],train,forencich_axis,interconnect_buffer,input_to_reg,1.614031,1.6139812,4.975305175780598e-05
axis_fifo16,mem[0][20],train,forencich_axis,interconnect_buffer,input_to_reg,1.614031,1.6139812,4.975305175780598e-05
axis_fifo16,mem[0][21],train,forencich_axis,interconnect_buffer,input_to_reg,1.614031,1.6139812,4.975305175780598e-05
axis_fifo16,mem[0][22],train,forencich_axis,interconnect_buffer,input_to_reg,1.614031,1.6139812,4.975305175780598e-05
axis_fifo16,mem[0][23],train,forencich_axis,interconnect_buffer,input_to_reg,1.614031,1.6139812,4.975305175780598e-05
axis_fifo16,mem[0][24],train,forencich_axis,interconnect_buffer,input_to_reg,1.614031,1.6139812,4.975305175780598e-05
axis_fifo16,mem[0][25],train,forencich_axis,interconnect_buffer,input_to_reg,1.614031,1.6139812,4.975305175780598e-05
axis_fifo16,mem[0][26],train,forencich_axis,interconnect_buffer,input_to_reg,1.614031,1.6139812,4.975305175780598e-05
axis_fifo16,mem[0][27],train,forencich_axis,interconnect_buffer,input_to_reg,1.614031,1.6139812,4.975305175780598e-05
axis_fifo16,mem[0][28],train,forencich_axis,interconnect_buffer,input_to_reg,1.614031,1.6139812,4.975305175780598e-05
axis_fifo16,mem[0][29],train,forencich_axis,interconnect_buffer,input_to_reg,1.614031,1.6139812,4.975305175780598e-05
axis_fifo16,mem[0][2],train,forencich_axis,interconnect_buffer,input_to_reg,1.614031,1.6139812,4.975305175780598e-05
axis_fifo16,mem[0][30],train,forencich_axis,interconnect_buffer,input_to_reg,1.614031,1.6139812,4.975305175780598e-05
axis_fifo16,mem[0][31],train,forencich_axis,interconnect_buffer,input_to_reg,1.614031,1.6139812,4.975305175780598e-05
axis_fifo16,mem[0][3],train,forencich_axis,interconnect_buffer,input_to_reg,1.614031,1.6139812,4.975305175780598e-05
axis_fifo16,mem[0][4],train,forencich_axis,interconnect_buffer,input_to_reg,1.614031,1.6139812,4.975305175780598e-05
axis_fifo16,mem[0][5],train,forencich_axis,interconnect_buffer,input_to_reg,1.614031,1.6139812,4.975305175780598e-05
axis_fifo16,mem[0][6],train,forencich_axis,interconnect_buffer,input_to_reg,1.614031,1.6139812,4.975305175780598e-05
axis_fifo16,mem[0][7],train,forencich_axis,interconnect_buffer,input_to_reg,1.614031,1.6139812,4.975305175780598e-05
axis_fifo16,mem[0][8],train,forencich_axis,interconnect_buffer,input_to_reg,1.614031,1.6139812,4.975305175780598e-05
axis_fifo16,mem[0][9],train,forencich_axis,interconnect_buffer,input_to_reg,1.614031,1.6139812,4.975305175780598e-05
axis_fifo16,mem[10][0],train,forencich_axis,interconnect_buffer,input_to_reg,1.614031,1.6139634,6.763444519042316e-05
axis_fifo16,mem[10][10],train,forencich_axis,interconnect_buffer,input_to_reg,1.614031,1.6139634,6.763444519042316e-05
axis_fifo16,mem[10][11],train,forencich_axis,interconnect_buffer,input_to_reg,1.614031,1.6139634,6.763444519042316e-05
axis_fifo16,mem[10][12],train,forencich_axis,interconnect_buffer,input_to_reg,1.614031,1.6139634,6.763444519042316e-05
axis_fifo16,mem[10][13],train,forencich_axis,interconnect_buffer,input_to_reg,1.614031,1.6139634,6.763444519042316e-05
axis_fifo16,mem[10][14],train,forencich_axis,interconnect_buffer,input_to_reg,1.614031,1.6139634,6.763444519042316e-05
axis_fifo16,mem[10][15],train,forencich_axis,interconnect_buffer,input_to_reg,1.614031,1.6139634,6.763444519042316e-05
axis_fifo16,mem[10][16],train,forencich_axis,interconnect_buffer,input_to_reg,1.614031,1.6139634,6.763444519042316e-05
axis_fifo16,mem[10][17],train,forencich_axis,interconnect_buffer,input_to_reg,1.614031,1.6139634,6.763444519042316e-05
axis_fifo16,mem[10][18],train,forencich_axis,interconnect_buffer,input_to_reg,1.614031,1.6139634,6.763444519042316e-05
axis_fifo16,mem[10][19],train,forencich_axis,interconnect_buffer,input_to_reg,1.614031,1.6139634,6.763444519042316e-05
axis_fifo16,mem[10][1],train,forencich_axis,interconnect_buffer,input_to_reg,1.614031,1.6139634,6.763444519042316e-05
axis_fifo16,mem[10][20],train,forencich_axis,interconnect_buffer,input_to_reg,1.614031,1.6139634,6.763444519042316e-05
axis_fifo16,mem[10][21],train,forencich_axis,interconnect_buffer,input_to_reg,1.614031,1.6139634,6.763444519042316e-05
axis_fifo16,mem[10][22],train,forencich_axis,interconnect_buffer,input_to_reg,1.614031,1.6139634,6.763444519042316e-05
axis_fifo16,mem[10][23],train,forencich_axis,interconnect_buffer,input_to_reg,1.614031,1.6139634,6.763444519042316e-05
axis_fifo16,mem[10][24],train,forencich_axis,interconnect_buffer,input_to_reg,1.614031,1.6139634,6.763444519042316e-05
axis_fifo16,mem[10][25],train,forencich_axis,interconnect_buffer,input_to_reg,1.614031,1.6139634,6.763444519042316e-05
axis_fifo16,mem[10][26],train,forencich_axis,interconnect_buffer,input_to_reg,1.614031,1.6139634,6.763444519042316e-05
axis_fifo16,mem[10][27],train,forencich_axis,interconnect_buffer,input_to_reg,1.614031,1.6139634,6.763444519042316e-05
axis_fifo16,mem[10][28],train,forencich_axis,interconnect_buffer,input_to_reg,1.614031,1.6139634,6.763444519042316e-05
axis_fifo16,mem[10][29],train,forencich_axis,interconnect_buffer,input_to_reg,1.614031,1.6139634,6.763444519042316e-05
axis_fifo16,mem[10][2],train,forencich_axis,interconnect_buffer,input_to_reg,1.614031,1.6139634,6.763444519042316e-05
axis_fifo16,mem[10][30],train,forencich_axis,interconnect_buffer,input_to_reg,1.614031,1.6139634,6.763444519042316e-05
axis_fifo16,mem[10][31],train,forencich_axis,interconnect_buffer,input_to_reg,1.614031,1.6139634,6.763444519042316e-05
axis_fifo16,mem[10][3],train,forencich_axis,interconnect_buffer,input_to_reg,1.614031,1.6139634,6.763444519042316e-05
axis_fifo16,mem[10][4],train,forencich_axis,interconnect_buffer,input_to_reg,1.614031,1.6139634,6.763444519042316e-05
axis_fifo16,mem[10][5],train,forencich_axis,interconnect_buffer,input_to_reg,1.614031,1.6139634,6.763444519042316e-05
axis_fifo16,mem[10][6],train,forencich_axis,interconnect_buffer,input_to_reg,1.614031,1.6139634,6.763444519042316e-05
axis_fifo16,mem[10][7],train,forencich_axis,interconnect_buffer,input_to_reg,1.614031,1.6139634,6.763444519042316e-05
axis_fifo16,mem[10][8],train,forencich_axis,interconnect_buffer,input_to_reg,1.614031,1.6139634,6.763444519042316e-05
axis_fifo16,mem[10][9],train,forencich_axis,interconnect_buffer,input_to_reg,1.614031,1.6139634,6.763444519042316e-05
axis_fifo16,mem[11][0],train,forencich_axis,interconnect_buffer,input_to_reg,1.420983,1.4209743,8.745391845810246e-06
axis_fifo16,mem[11][10],train,forencich_axis,interconnect_buffer,input_to_reg,1.420983,1.4209743,8.745391845810246e-06
axis_fifo16,mem[11][11],train,forencich_axis,interconnect_buffer,input_to_reg,1.420983,1.4209743,8.745391845810246e-06
axis_fifo16,mem[11][12],train,forencich_axis,interconnect_buffer,input_to_reg,1.420983,1.4209743,8.745391845810246e-06
axis_fifo16,mem[11][13],train,forencich_axis,interconnect_buffer,input_to_reg,1.420983,1.4209743,8.745391845810246e-06
axis_fifo16,mem[11][14],train,forencich_axis,interconnect_buffer,input_to_reg,1.420983,1.4209743,8.745391845810246e-06
axis_fifo16,mem[11][15],train,forencich_axis,interconnect_buffer,input_to_reg,1.420983,1.4209743,8.745391845810246e-06
axis_fifo16,mem[11][16],train,forencich_axis,interconnect_buffer,input_to_reg,1.420983,1.4209743,8.745391845810246e-06
axis_fifo16,mem[11][17],train,forencich_axis,interconnect_buffer,input_to_reg,1.420983,1.4209743,8.745391845810246e-06
axis_fifo16,mem[11][18],train,forencich_axis,interconnect_buffer,input_to_reg,1.420983,1.4209743,8.745391845810246e-06
axis_fifo16,mem[11][19],train,forencich_axis,interconnect_buffer,input_to_reg,1.420983,1.4209743,8.745391845810246e-06
axis_fifo16,mem[11][1],train,forencich_axis,interconnect_buffer,input_to_reg,1.420983,1.4209743,8.745391845810246e-06
axis_fifo16,mem[11][20],train,forencich_axis,interconnect_buffer,input_to_reg,1.420983,1.4209743,8.745391845810246e-06
axis_fifo16,mem[11][21],train,forencich_axis,interconnect_buffer,input_to_reg,1.420983,1.4209743,8.745391845810246e-06
axis_fifo16,mem[11][22],train,forencich_axis,interconnect_buffer,input_to_reg,1.420983,1.4209743,8.745391845810246e-06
axis_fifo16,mem[11][23],train,forencich_axis,interconnect_buffer,input_to_reg,1.420983,1.4209743,8.745391845810246e-06
axis_fifo16,mem[11][24],train,forencich_axis,interconnect_buffer,input_to_reg,1.420983,1.4209743,8.745391845810246e-06
axis_fifo16,mem[11][25],train,forencich_axis,interconnect_buffer,input_to_reg,1.420983,1.4209743,8.745391845810246e-06
axis_fifo16,mem[11][26],train,forencich_axis,interconnect_buffer,input_to_reg,1.420983,1.4209743,8.745391845810246e-06
axis_fifo16,mem[11][27],train,forencich_axis,interconnect_buffer,input_to_reg,1.420983,1.4209743,8.745391845810246e-06
axis_fifo16,mem[11][28],train,forencich_axis,interconnect_buffer,input_to_reg,1.420983,1.4209743,8.745391845810246e-06
axis_fifo16,mem[11][29],train,forencich_axis,interconnect_buffer,input_to_reg,1.420983,1.4209743,8.745391845810246e-06
axis_fifo16,mem[11][2],train,forencich_axis,interconnect_buffer,input_to_reg,1.420983,1.4209743,8.745391845810246e-06
axis_fifo16,mem[11][30],train,forencich_axis,interconnect_buffer,input_to_reg,1.420983,1.4209743,8.745391845810246e-06
axis_fifo16,mem[11][31],train,forencich_axis,interconnect_buffer,input_to_reg,1.420983,1.4209743,8.745391845810246e-06
axis_fifo16,mem[11][3],train,forencich_axis,interconnect_buffer,input_to_reg,1.420983,1.4209743,8.745391845810246e-06
axis_fifo16,mem[11][4],train,forencich_axis,interconnect_buffer,input_to_reg,1.420983,1.4209743,8.745391845810246e-06
axis_fifo16,mem[11][5],train,forencich_axis,interconnect_buffer,input_to_reg,1.420983,1.4209743,8.745391845810246e-06
axis_fifo16,mem[11][6],train,forencich_axis,interconnect_buffer,input_to_reg,1.420983,1.4209743,8.745391845810246e-06
axis_fifo16,mem[11][7],train,forencich_axis,interconnect_buffer,input_to_reg,1.420983,1.4209743,8.745391845810246e-06
axis_fifo16,mem[11][8],train,forencich_axis,interconnect_buffer,input_to_reg,1.420983,1.4209743,8.745391845810246e-06
axis_fifo16,mem[11][9],train,forencich_axis,interconnect_buffer,input_to_reg,1.420983,1.4209743,8.745391845810246e-06
axis_fifo16,mem[12][0],train,forencich_axis,interconnect_buffer,input_to_reg,1.493272,1.493258,1.4000579833917115e-05
axis_fifo16,mem[12][10],train,forencich_axis,interconnect_buffer,input_to_reg,1.493272,1.493258,1.4000579833917115e-05
axis_fifo16,mem[12][11],train,forencich_axis,interconnect_buffer,input_to_reg,1.493272,1.493258,1.4000579833917115e-05
axis_fifo16,mem[12][12],train,forencich_axis,interconnect_buffer,input_to_reg,1.493272,1.493258,1.4000579833917115e-05
axis_fifo16,mem[12][13],train,forencich_axis,interconnect_buffer,input_to_reg,1.493272,1.493258,1.4000579833917115e-05
axis_fifo16,mem[12][14],train,forencich_axis,interconnect_buffer,input_to_reg,1.493272,1.493258,1.4000579833917115e-05
axis_fifo16,mem[12][15],train,forencich_axis,interconnect_buffer,input_to_reg,1.493272,1.493258,1.4000579833917115e-05
axis_fifo16,mem[12][16],train,forencich_axis,interconnect_buffer,input_to_reg,1.493272,1.493258,1.4000579833917115e-05
axis_fifo16,mem[12][17],train,forencich_axis,interconnect_buffer,input_to_reg,1.493272,1.493258,1.4000579833917115e-05
axis_fifo16,mem[12][18],train,forencich_axis,interconnect_buffer,input_to_reg,1.493272,1.493258,1.4000579833917115e-05
axis_fifo16,mem[12][19],train,forencich_axis,interconnect_buffer,input_to_reg,1.493272,1.493258,1.4000579833917115e-05
axis_fifo16,mem[12][1],train,forencich_axis,interconnect_buffer,input_to_reg,1.493272,1.493258,1.4000579833917115e-05
axis_fifo16,mem[12][20],train,forencich_axis,interconnect_buffer,input_to_reg,1.493272,1.493258,1.4000579833917115e-05
axis_fifo16,mem[12][21],train,forencich_axis,interconnect_buffer,input_to_reg,1.493272,1.493258,1.4000579833917115e-05
axis_fifo16,mem[12][22],train,forencich_axis,interconnect_buffer,input_to_reg,1.493272,1.493258,1.4000579833917115e-05
axis_fifo16,mem[12][23],train,forencich_axis,interconnect_buffer,input_to_reg,1.493272,1.493258,1.4000579833917115e-05
axis_fifo16,mem[12][24],train,forencich_axis,interconnect_buffer,input_to_reg,1.493272,1.493258,1.4000579833917115e-05
axis_fifo16,mem[12][25],train,forencich_axis,interconnect_buffer,input_to_reg,1.493272,1.493258,1.4000579833917115e-05
axis_fifo16,mem[12][26],train,forencich_axis,interconnect_buffer,input_to_reg,1.493272,1.493258,1.4000579833917115e-05
axis_fifo16,mem[12][27],train,forencich_axis,interconnect_buffer,input_to_reg,1.493272,1.493258,1.4000579833917115e-05
axis_fifo16,mem[12][28],train,forencich_axis,interconnect_buffer,input_to_reg,1.493272,1.493258,1.4000579833917115e-05
axis_fifo16,mem[12][29],train,forencich_axis,interconnect_buffer,input_to_reg,1.493272,1.493258,1.4000579833917115e-05
axis_fifo16,mem[12][2],train,forencich_axis,interconnect_buffer,input_to_reg,1.493272,1.493258,1.4000579833917115e-05
axis_fifo16,mem[12][30],train,forencich_axis,interconnect_buffer,input_to_reg,1.493272,1.493258,1.4000579833917115e-05
axis_fifo16,mem[12][31],train,forencich_axis,interconnect_buffer,input_to_reg,1.493272,1.493258,1.4000579833917115e-05
axis_fifo16,mem[12][3],train,forencich_axis,interconnect_buffer,input_to_reg,1.493272,1.493258,1.4000579833917115e-05
axis_fifo16,mem[12][4],train,forencich_axis,interconnect_buffer,input_to_reg,1.493272,1.493258,1.4000579833917115e-05
axis_fifo16,mem[12][5],train,forencich_axis,interconnect_buffer,input_to_reg,1.493272,1.493258,1.4000579833917115e-05
axis_fifo16,mem[12][6],train,forencich_axis,interconnect_buffer,input_to_reg,1.493272,1.493258,1.4000579833917115e-05
axis_fifo16,mem[12][7],train,forencich_axis,interconnect_buffer,input_to_reg,1.493272,1.493258,1.4000579833917115e-05
axis_fifo16,mem[12][8],train,forencich_axis,interconnect_buffer,input_to_reg,1.493272,1.493258,1.4000579833917115e-05
axis_fifo16,mem[12][9],train,forencich_axis,interconnect_buffer,input_to_reg,1.493272,1.493258,1.4000579833917115e-05
axis_fifo16,mem[13][0],train,forencich_axis,interconnect_buffer,input_to_reg,1.493272,1.493258,1.4000579833917115e-05
axis_fifo16,mem[13][10],train,forencich_axis,interconnect_buffer,input_to_reg,1.493272,1.493258,1.4000579833917115e-05
axis_fifo16,mem[13][11],train,forencich_axis,interconnect_buffer,input_to_reg,1.493272,1.493258,1.4000579833917115e-05
axis_fifo16,mem[13][12],train,forencich_axis,interconnect_buffer,input_to_reg,1.493272,1.493258,1.4000579833917115e-05
axis_fifo16,mem[13][13],train,forencich_axis,interconnect_buffer,input_to_reg,1.493272,1.493258,1.4000579833917115e-05
axis_fifo16,mem[13][14],train,forencich_axis,interconnect_buffer,input_to_reg,1.493272,1.493258,1.4000579833917115e-05
axis_fifo16,mem[13][15],train,forencich_axis,interconnect_buffer,input_to_reg,1.493272,1.493258,1.4000579833917115e-05
axis_fifo16,mem[13][16],train,forencich_axis,interconnect_buffer,input_to_reg,1.493272,1.493258,1.4000579833917115e-05
axis_fifo16,mem[13][17],train,forencich_axis,interconnect_buffer,input_to_reg,1.493272,1.493258,1.4000579833917115e-05
axis_fifo16,mem[13][18],train,forencich_axis,interconnect_buffer,input_to_reg,1.493272,1.493258,1.4000579833917115e-05
axis_fifo16,mem[13][19],train,forencich_axis,interconnect_buffer,input_to_reg,1.493272,1.493258,1.4000579833917115e-05
axis_fifo16,mem[13][1],train,forencich_axis,interconnect_buffer,input_to_reg,1.493272,1.493258,1.4000579833917115e-05
axis_fifo16,mem[13][20],train,forencich_axis,interconnect_buffer,input_to_reg,1.493272,1.493258,1.4000579833917115e-05
axis_fifo16,mem[13][21],train,forencich_axis,interconnect_buffer,input_to_reg,1.493272,1.493258,1.4000579833917115e-05
axis_fifo16,mem[13][22],train,forencich_axis,interconnect_buffer,input_to_reg,1.493272,1.493258,1.4000579833917115e-05
axis_fifo16,mem[13][23],train,forencich_axis,interconnect_buffer,input_to_reg,1.493272,1.493258,1.4000579833917115e-05
axis_fifo16,mem[13][24],train,forencich_axis,interconnect_buffer,input_to_reg,1.493272,1.493258,1.4000579833917115e-05
axis_fifo16,mem[13][25],train,forencich_axis,interconnect_buffer,input_to_reg,1.493272,1.493258,1.4000579833917115e-05
axis_fifo16,mem[13][26],train,forencich_axis,interconnect_buffer,input_to_reg,1.493272,1.493258,1.4000579833917115e-05
axis_fifo16,mem[13][27],train,forencich_axis,interconnect_buffer,input_to_reg,1.493272,1.493258,1.4000579833917115e-05
axis_fifo16,mem[13][28],train,forencich_axis,interconnect_buffer,input_to_reg,1.493272,1.493258,1.4000579833917115e-05
axis_fifo16,mem[13][29],train,forencich_axis,interconnect_buffer,input_to_reg,1.493272,1.493258,1.4000579833917115e-05
axis_fifo16,mem[13][2],train,forencich_axis,interconnect_buffer,input_to_reg,1.493272,1.493258,1.4000579833917115e-05
axis_fifo16,mem[13][30],train,forencich_axis,interconnect_buffer,input_to_reg,1.493272,1.493258,1.4000579833917115e-05
axis_fifo16,mem[13][31],train,forencich_axis,interconnect_buffer,input_to_reg,1.493272,1.493258,1.4000579833917115e-05
axis_fifo16,mem[13][3],train,forencich_axis,interconnect_buffer,input_to_reg,1.493272,1.493258,1.4000579833917115e-05
axis_fifo16,mem[13][4],train,forencich_axis,interconnect_buffer,input_to_reg,1.493272,1.493258,1.4000579833917115e-05
axis_fifo16,mem[13][5],train,forencich_axis,interconnect_buffer,input_to_reg,1.493272,1.493258,1.4000579833917115e-05
axis_fifo16,mem[13][6],train,forencich_axis,interconnect_buffer,input_to_reg,1.493272,1.493258,1.4000579833917115e-05
axis_fifo16,mem[13][7],train,forencich_axis,interconnect_buffer,input_to_reg,1.493272,1.493258,1.4000579833917115e-05
axis_fifo16,mem[13][8],train,forencich_axis,interconnect_buffer,input_to_reg,1.493272,1.493258,1.4000579833917115e-05
axis_fifo16,mem[13][9],train,forencich_axis,interconnect_buffer,input_to_reg,1.493272,1.493258,1.4000579833917115e-05
axis_fifo16,mem[14][0],train,forencich_axis,interconnect_buffer,input_to_reg,1.493272,1.493258,1.4000579833917115e-05
axis_fifo16,mem[14][10],train,forencich_axis,interconnect_buffer,input_to_reg,1.493272,1.493258,1.4000579833917115e-05
axis_fifo16,mem[14][11],train,forencich_axis,interconnect_buffer,input_to_reg,1.493272,1.493258,1.4000579833917115e-05
axis_fifo16,mem[14][12],train,forencich_axis,interconnect_buffer,input_to_reg,1.493272,1.493258,1.4000579833917115e-05
axis_fifo16,mem[14][13],train,forencich_axis,interconnect_buffer,input_to_reg,1.493272,1.493258,1.4000579833917115e-05
axis_fifo16,mem[14][14],train,forencich_axis,interconnect_buffer,input_to_reg,1.493272,1.493258,1.4000579833917115e-05
axis_fifo16,mem[14][15],train,forencich_axis,interconnect_buffer,input_to_reg,1.493272,1.493258,1.4000579833917115e-05
axis_fifo16,mem[14][16],train,forencich_axis,interconnect_buffer,input_to_reg,1.493272,1.493258,1.4000579833917115e-05
axis_fifo16,mem[14][17],train,forencich_axis,interconnect_buffer,input_to_reg,1.493272,1.493258,1.4000579833917115e-05
axis_fifo16,mem[14][18],train,forencich_axis,interconnect_buffer,input_to_reg,1.493272,1.493258,1.4000579833917115e-05
axis_fifo16,mem[14][19],train,forencich_axis,interconnect_buffer,input_to_reg,1.493272,1.493258,1.4000579833917115e-05
axis_fifo16,mem[14][1],train,forencich_axis,interconnect_buffer,input_to_reg,1.493272,1.493258,1.4000579833917115e-05
axis_fifo16,mem[14][20],train,forencich_axis,interconnect_buffer,input_to_reg,1.493272,1.493258,1.4000579833917115e-05
axis_fifo16,mem[14][21],train,forencich_axis,interconnect_buffer,input_to_reg,1.493272,1.493258,1.4000579833917115e-05
axis_fifo16,mem[14][22],train,forencich_axis,interconnect_buffer,input_to_reg,1.493272,1.493258,1.4000579833917115e-05
axis_fifo16,mem[14][23],train,forencich_axis,interconnect_buffer,input_to_reg,1.493272,1.493258,1.4000579833917115e-05
axis_fifo16,mem[14][24],train,forencich_axis,interconnect_buffer,input_to_reg,1.493272,1.493258,1.4000579833917115e-05
axis_fifo16,mem[14][25],train,forencich_axis,interconnect_buffer,input_to_reg,1.493272,1.493258,1.4000579833917115e-05
axis_fifo16,mem[14][26],train,forencich_axis,interconnect_buffer,input_to_reg,1.493272,1.493258,1.4000579833917115e-05
axis_fifo16,mem[14][27],train,forencich_axis,interconnect_buffer,input_to_reg,1.493272,1.493258,1.4000579833917115e-05
axis_fifo16,mem[14][28],train,forencich_axis,interconnect_buffer,input_to_reg,1.493272,1.493258,1.4000579833917115e-05
axis_fifo16,mem[14][29],train,forencich_axis,interconnect_buffer,input_to_reg,1.493272,1.493258,1.4000579833917115e-05
axis_fifo16,mem[14][2],train,forencich_axis,interconnect_buffer,input_to_reg,1.493272,1.493258,1.4000579833917115e-05
axis_fifo16,mem[14][30],train,forencich_axis,interconnect_buffer,input_to_reg,1.493272,1.493258,1.4000579833917115e-05
axis_fifo16,mem[14][31],train,forencich_axis,interconnect_buffer,input_to_reg,1.493272,1.493258,1.4000579833917115e-05
axis_fifo16,mem[14][3],train,forencich_axis,interconnect_buffer,input_to_reg,1.493272,1.493258,1.4000579833917115e-05
axis_fifo16,mem[14][4],train,forencich_axis,interconnect_buffer,input_to_reg,1.493272,1.493258,1.4000579833917115e-05
axis_fifo16,mem[14][5],train,forencich_axis,interconnect_buffer,input_to_reg,1.493272,1.493258,1.4000579833917115e-05
axis_fifo16,mem[14][6],train,forencich_axis,interconnect_buffer,input_to_reg,1.493272,1.493258,1.4000579833917115e-05
axis_fifo16,mem[14][7],train,forencich_axis,interconnect_buffer,input_to_reg,1.493272,1.493258,1.4000579833917115e-05
axis_fifo16,mem[14][8],train,forencich_axis,interconnect_buffer,input_to_reg,1.493272,1.493258,1.4000579833917115e-05
axis_fifo16,mem[14][9],train,forencich_axis,interconnect_buffer,input_to_reg,1.493272,1.493258,1.4000579833917115e-05
axis_fifo16,mem[15][0],train,forencich_axis,interconnect_buffer,input_to_reg,1.477476,1.4773895,8.6545158386242e-05
axis_fifo16,mem[15][10],train,forencich_axis,interconnect_buffer,input_to_reg,1.477476,1.4773895,8.6545158386242e-05
axis_fifo16,mem[15][11],train,forencich_axis,interconnect_buffer,input_to_reg,1.477476,1.4773895,8.6545158386242e-05
axis_fifo16,mem[15][12],train,forencich_axis,interconnect_buffer,input_to_reg,1.477476,1.4773895,8.6545158386242e-05
axis_fifo16,mem[15][13],train,forencich_axis,interconnect_buffer,input_to_reg,1.477476,1.4773895,8.6545158386242e-05
axis_fifo16,mem[15][14],train,forencich_axis,interconnect_buffer,input_to_reg,1.477476,1.4773895,8.6545158386242e-05
axis_fifo16,mem[15][15],train,forencich_axis,interconnect_buffer,input_to_reg,1.477476,1.4773895,8.6545158386242e-05
axis_fifo16,mem[15][16],train,forencich_axis,interconnect_buffer,input_to_reg,1.477476,1.4773895,8.6545158386242e-05
axis_fifo16,mem[15][17],train,forencich_axis,interconnect_buffer,input_to_reg,1.477476,1.4773895,8.6545158386242e-05
axis_fifo16,mem[15][18],train,forencich_axis,interconnect_buffer,input_to_reg,1.477476,1.4773895,8.6545158386242e-05
axis_fifo16,mem[15][19],train,forencich_axis,interconnect_buffer,input_to_reg,1.477476,1.4773895,8.6545158386242e-05
axis_fifo16,mem[15][1],train,forencich_axis,interconnect_buffer,input_to_reg,1.477476,1.4773895,8.6545158386242e-05
axis_fifo16,mem[15][20],train,forencich_axis,interconnect_buffer,input_to_reg,1.477476,1.4773895,8.6545158386242e-05
axis_fifo16,mem[15][21],train,forencich_axis,interconnect_buffer,input_to_reg,1.477476,1.4773895,8.6545158386242e-05
axis_fifo16,mem[15][22],train,forencich_axis,interconnect_buffer,input_to_reg,1.477476,1.4773895,8.6545158386242e-05
axis_fifo16,mem[15][23],train,forencich_axis,interconnect_buffer,input_to_reg,1.477476,1.4773895,8.6545158386242e-05
axis_fifo16,mem[15][24],train,forencich_axis,interconnect_buffer,input_to_reg,1.477476,1.4773895,8.6545158386242e-05
axis_fifo16,mem[15][25],train,forencich_axis,interconnect_buffer,input_to_reg,1.477476,1.4773895,8.6545158386242e-05
axis_fifo16,mem[15][26],train,forencich_axis,interconnect_buffer,input_to_reg,1.477476,1.4773895,8.6545158386242e-05
axis_fifo16,mem[15][27],train,forencich_axis,interconnect_buffer,input_to_reg,1.477476,1.4773895,8.6545158386242e-05
axis_fifo16,mem[15][28],train,forencich_axis,interconnect_buffer,input_to_reg,1.477476,1.4773895,8.6545158386242e-05
axis_fifo16,mem[15][29],train,forencich_axis,interconnect_buffer,input_to_reg,1.477476,1.4773895,8.6545158386242e-05
axis_fifo16,mem[15][2],train,forencich_axis,interconnect_buffer,input_to_reg,1.477476,1.4773895,8.6545158386242e-05
axis_fifo16,mem[15][30],train,forencich_axis,interconnect_buffer,input_to_reg,1.477476,1.4773895,8.6545158386242e-05
axis_fifo16,mem[15][31],train,forencich_axis,interconnect_buffer,input_to_reg,1.477476,1.4773895,8.6545158386242e-05
axis_fifo16,mem[15][3],train,forencich_axis,interconnect_buffer,input_to_reg,1.477476,1.4773895,8.6545158386242e-05
axis_fifo16,mem[15][4],train,forencich_axis,interconnect_buffer,input_to_reg,1.477476,1.4773895,8.6545158386242e-05
axis_fifo16,mem[15][5],train,forencich_axis,interconnect_buffer,input_to_reg,1.477476,1.4773895,8.6545158386242e-05
axis_fifo16,mem[15][6],train,forencich_axis,interconnect_buffer,input_to_reg,1.477476,1.4773895,8.6545158386242e-05
axis_fifo16,mem[15][7],train,forencich_axis,interconnect_buffer,input_to_reg,1.477476,1.4773895,8.6545158386242e-05
axis_fifo16,mem[15][8],train,forencich_axis,interconnect_buffer,input_to_reg,1.477476,1.4773895,8.6545158386242e-05
axis_fifo16,mem[15][9],train,forencich_axis,interconnect_buffer,input_to_reg,1.477476,1.4773895,8.6545158386242e-05
axis_fifo16,mem[1][0],train,forencich_axis,interconnect_buffer,input_to_reg,1.614031,1.6139812,4.975305175780598e-05
axis_fifo16,mem[1][10],train,forencich_axis,interconnect_buffer,input_to_reg,1.614031,1.6139812,4.975305175780598e-05
axis_fifo16,mem[1][11],train,forencich_axis,interconnect_buffer,input_to_reg,1.614031,1.6139812,4.975305175780598e-05
axis_fifo16,mem[1][12],train,forencich_axis,interconnect_buffer,input_to_reg,1.614031,1.6139812,4.975305175780598e-05
axis_fifo16,mem[1][13],train,forencich_axis,interconnect_buffer,input_to_reg,1.614031,1.6139812,4.975305175780598e-05
axis_fifo16,mem[1][14],train,forencich_axis,interconnect_buffer,input_to_reg,1.614031,1.6139812,4.975305175780598e-05
axis_fifo16,mem[1][15],train,forencich_axis,interconnect_buffer,input_to_reg,1.614031,1.6139812,4.975305175780598e-05
axis_fifo16,mem[1][16],train,forencich_axis,interconnect_buffer,input_to_reg,1.614031,1.6139812,4.975305175780598e-05
axis_fifo16,mem[1][17],train,forencich_axis,interconnect_buffer,input_to_reg,1.614031,1.6139812,4.975305175780598e-05
axis_fifo16,mem[1][18],train,forencich_axis,interconnect_buffer,input_to_reg,1.614031,1.6139812,4.975305175780598e-05
axis_fifo16,mem[1][19],train,forencich_axis,interconnect_buffer,input_to_reg,1.614031,1.6139812,4.975305175780598e-05
axis_fifo16,mem[1][1],train,forencich_axis,interconnect_buffer,input_to_reg,1.614031,1.6139812,4.975305175780598e-05
axis_fifo16,mem[1][20],train,forencich_axis,interconnect_buffer,input_to_reg,1.614031,1.6139812,4.975305175780598e-05
axis_fifo16,mem[1][21],train,forencich_axis,interconnect_buffer,input_to_reg,1.614031,1.6139812,4.975305175780598e-05
axis_fifo16,mem[1][22],train,forencich_axis,interconnect_buffer,input_to_reg,1.614031,1.6139812,4.975305175780598e-05
axis_fifo16,mem[1][23],train,forencich_axis,interconnect_buffer,input_to_reg,1.614031,1.6139812,4.975305175780598e-05
axis_fifo16,mem[1][24],train,forencich_axis,interconnect_buffer,input_to_reg,1.614031,1.6139812,4.975305175780598e-05
axis_fifo16,mem[1][25],train,forencich_axis,interconnect_buffer,input_to_reg,1.614031,1.6139812,4.975305175780598e-05
axis_fifo16,mem[1][26],train,forencich_axis,interconnect_buffer,input_to_reg,1.614031,1.6139812,4.975305175780598e-05
axis_fifo16,mem[1][27],train,forencich_axis,interconnect_buffer,input_to_reg,1.614031,1.6139812,4.975305175780598e-05
axis_fifo16,mem[1][28],train,forencich_axis,interconnect_buffer,input_to_reg,1.614031,1.6139812,4.975305175780598e-05
axis_fifo16,mem[1][29],train,forencich_axis,interconnect_buffer,input_to_reg,1.614031,1.6139812,4.975305175780598e-05
axis_fifo16,mem[1][2],train,forencich_axis,interconnect_buffer,input_to_reg,1.614031,1.6139812,4.975305175780598e-05
axis_fifo16,mem[1][30],train,forencich_axis,interconnect_buffer,input_to_reg,1.614031,1.6139812,4.975305175780598e-05
axis_fifo16,mem[1][31],train,forencich_axis,interconnect_buffer,input_to_reg,1.614031,1.6139812,4.975305175780598e-05
axis_fifo16,mem[1][3],train,forencich_axis,interconnect_buffer,input_to_reg,1.614031,1.6139812,4.975305175780598e-05
axis_fifo16,mem[1][4],train,forencich_axis,interconnect_buffer,input_to_reg,1.614031,1.6139812,4.975305175780598e-05
axis_fifo16,mem[1][5],train,forencich_axis,interconnect_buffer,input_to_reg,1.614031,1.6139812,4.975305175780598e-05
axis_fifo16,mem[1][6],train,forencich_axis,interconnect_buffer,input_to_reg,1.614031,1.6139812,4.975305175780598e-05
axis_fifo16,mem[1][7],train,forencich_axis,interconnect_buffer,input_to_reg,1.614031,1.6139812,4.975305175780598e-05
axis_fifo16,mem[1][8],train,forencich_axis,interconnect_buffer,input_to_reg,1.614031,1.6139812,4.975305175780598e-05
axis_fifo16,mem[1][9],train,forencich_axis,interconnect_buffer,input_to_reg,1.614031,1.6139812,4.975305175780598e-05
axis_fifo16,mem[2][0],train,forencich_axis,interconnect_buffer,input_to_reg,1.614031,1.6139812,4.975305175780598e-05
axis_fifo16,mem[2][10],train,forencich_axis,interconnect_buffer,input_to_reg,1.614031,1.6139812,4.975305175780598e-05
axis_fifo16,mem[2][11],train,forencich_axis,interconnect_buffer,input_to_reg,1.614031,1.6139812,4.975305175780598e-05
axis_fifo16,mem[2][12],train,forencich_axis,interconnect_buffer,input_to_reg,1.614031,1.6139812,4.975305175780598e-05
axis_fifo16,mem[2][13],train,forencich_axis,interconnect_buffer,input_to_reg,1.614031,1.6139812,4.975305175780598e-05
axis_fifo16,mem[2][14],train,forencich_axis,interconnect_buffer,input_to_reg,1.614031,1.6139812,4.975305175780598e-05
axis_fifo16,mem[2][15],train,forencich_axis,interconnect_buffer,input_to_reg,1.614031,1.6139812,4.975305175780598e-05
axis_fifo16,mem[2][16],train,forencich_axis,interconnect_buffer,input_to_reg,1.614031,1.6139812,4.975305175780598e-05
axis_fifo16,mem[2][17],train,forencich_axis,interconnect_buffer,input_to_reg,1.614031,1.6139812,4.975305175780598e-05
axis_fifo16,mem[2][18],train,forencich_axis,interconnect_buffer,input_to_reg,1.614031,1.6139812,4.975305175780598e-05
axis_fifo16,mem[2][19],train,forencich_axis,interconnect_buffer,input_to_reg,1.614031,1.6139812,4.975305175780598e-05
axis_fifo16,mem[2][1],train,forencich_axis,interconnect_buffer,input_to_reg,1.614031,1.6139812,4.975305175780598e-05
axis_fifo16,mem[2][20],train,forencich_axis,interconnect_buffer,input_to_reg,1.614031,1.6139812,4.975305175780598e-05
axis_fifo16,mem[2][21],train,forencich_axis,interconnect_buffer,input_to_reg,1.614031,1.6139812,4.975305175780598e-05
axis_fifo16,mem[2][22],train,forencich_axis,interconnect_buffer,input_to_reg,1.614031,1.6139812,4.975305175780598e-05
axis_fifo16,mem[2][23],train,forencich_axis,interconnect_buffer,input_to_reg,1.614031,1.6139812,4.975305175780598e-05
axis_fifo16,mem[2][24],train,forencich_axis,interconnect_buffer,input_to_reg,1.614031,1.6139812,4.975305175780598e-05
axis_fifo16,mem[2][25],train,forencich_axis,interconnect_buffer,input_to_reg,1.614031,1.6139812,4.975305175780598e-05
axis_fifo16,mem[2][26],train,forencich_axis,interconnect_buffer,input_to_reg,1.614031,1.6139812,4.975305175780598e-05
axis_fifo16,mem[2][27],train,forencich_axis,interconnect_buffer,input_to_reg,1.614031,1.6139812,4.975305175780598e-05
axis_fifo16,mem[2][28],train,forencich_axis,interconnect_buffer,input_to_reg,1.614031,1.6139812,4.975305175780598e-05
axis_fifo16,mem[2][29],train,forencich_axis,interconnect_buffer,input_to_reg,1.614031,1.6139812,4.975305175780598e-05
axis_fifo16,mem[2][2],train,forencich_axis,interconnect_buffer,input_to_reg,1.614031,1.6139812,4.975305175780598e-05
axis_fifo16,mem[2][30],train,forencich_axis,interconnect_buffer,input_to_reg,1.614031,1.6139812,4.975305175780598e-05
axis_fifo16,mem[2][31],train,forencich_axis,interconnect_buffer,input_to_reg,1.614031,1.6139812,4.975305175780598e-05
axis_fifo16,mem[2][3],train,forencich_axis,interconnect_buffer,input_to_reg,1.614031,1.6139812,4.975305175780598e-05
axis_fifo16,mem[2][4],train,forencich_axis,interconnect_buffer,input_to_reg,1.614031,1.6139812,4.975305175780598e-05
axis_fifo16,mem[2][5],train,forencich_axis,interconnect_buffer,input_to_reg,1.614031,1.6139812,4.975305175780598e-05
axis_fifo16,mem[2][6],train,forencich_axis,interconnect_buffer,input_to_reg,1.614031,1.6139812,4.975305175780598e-05
axis_fifo16,mem[2][7],train,forencich_axis,interconnect_buffer,input_to_reg,1.614031,1.6139812,4.975305175780598e-05
axis_fifo16,mem[2][8],train,forencich_axis,interconnect_buffer,input_to_reg,1.614031,1.6139812,4.975305175780598e-05
axis_fifo16,mem[2][9],train,forencich_axis,interconnect_buffer,input_to_reg,1.614031,1.6139812,4.975305175780598e-05
axis_fifo16,mem[3][0],train,forencich_axis,interconnect_buffer,input_to_reg,1.420983,1.4209743,8.745391845810246e-06
axis_fifo16,mem[3][10],train,forencich_axis,interconnect_buffer,input_to_reg,1.420983,1.4209743,8.745391845810246e-06
axis_fifo16,mem[3][11],train,forencich_axis,interconnect_buffer,input_to_reg,1.420983,1.4209743,8.745391845810246e-06
axis_fifo16,mem[3][12],train,forencich_axis,interconnect_buffer,input_to_reg,1.420983,1.4209743,8.745391845810246e-06
axis_fifo16,mem[3][13],train,forencich_axis,interconnect_buffer,input_to_reg,1.420983,1.4209743,8.745391845810246e-06
axis_fifo16,mem[3][14],train,forencich_axis,interconnect_buffer,input_to_reg,1.420983,1.4209743,8.745391845810246e-06
axis_fifo16,mem[3][15],train,forencich_axis,interconnect_buffer,input_to_reg,1.420983,1.4209743,8.745391845810246e-06
axis_fifo16,mem[3][16],train,forencich_axis,interconnect_buffer,input_to_reg,1.420983,1.4209743,8.745391845810246e-06
axis_fifo16,mem[3][17],train,forencich_axis,interconnect_buffer,input_to_reg,1.420983,1.4209743,8.745391845810246e-06
axis_fifo16,mem[3][18],train,forencich_axis,interconnect_buffer,input_to_reg,1.420983,1.4209743,8.745391845810246e-06
axis_fifo16,mem[3][19],train,forencich_axis,interconnect_buffer,input_to_reg,1.420983,1.4209743,8.745391845810246e-06
axis_fifo16,mem[3][1],train,forencich_axis,interconnect_buffer,input_to_reg,1.420983,1.4209743,8.745391845810246e-06
axis_fifo16,mem[3][20],train,forencich_axis,interconnect_buffer,input_to_reg,1.420983,1.4209743,8.745391845810246e-06
axis_fifo16,mem[3][21],train,forencich_axis,interconnect_buffer,input_to_reg,1.420983,1.4209743,8.745391845810246e-06
axis_fifo16,mem[3][22],train,forencich_axis,interconnect_buffer,input_to_reg,1.420983,1.4209743,8.745391845810246e-06
axis_fifo16,mem[3][23],train,forencich_axis,interconnect_buffer,input_to_reg,1.420983,1.4209743,8.745391845810246e-06
axis_fifo16,mem[3][24],train,forencich_axis,interconnect_buffer,input_to_reg,1.420983,1.4209743,8.745391845810246e-06
axis_fifo16,mem[3][25],train,forencich_axis,interconnect_buffer,input_to_reg,1.420983,1.4209743,8.745391845810246e-06
axis_fifo16,mem[3][26],train,forencich_axis,interconnect_buffer,input_to_reg,1.420983,1.4209743,8.745391845810246e-06
axis_fifo16,mem[3][27],train,forencich_axis,interconnect_buffer,input_to_reg,1.420983,1.4209743,8.745391845810246e-06
axis_fifo16,mem[3][28],train,forencich_axis,interconnect_buffer,input_to_reg,1.420983,1.4209743,8.745391845810246e-06
axis_fifo16,mem[3][29],train,forencich_axis,interconnect_buffer,input_to_reg,1.420983,1.4209743,8.745391845810246e-06
axis_fifo16,mem[3][2],train,forencich_axis,interconnect_buffer,input_to_reg,1.420983,1.4209743,8.745391845810246e-06
axis_fifo16,mem[3][30],train,forencich_axis,interconnect_buffer,input_to_reg,1.420983,1.4209743,8.745391845810246e-06
axis_fifo16,mem[3][31],train,forencich_axis,interconnect_buffer,input_to_reg,1.420983,1.4209743,8.745391845810246e-06
axis_fifo16,mem[3][3],train,forencich_axis,interconnect_buffer,input_to_reg,1.420983,1.4209743,8.745391845810246e-06
axis_fifo16,mem[3][4],train,forencich_axis,interconnect_buffer,input_to_reg,1.420983,1.4209743,8.745391845810246e-06
axis_fifo16,mem[3][5],train,forencich_axis,interconnect_buffer,input_to_reg,1.420983,1.4209743,8.745391845810246e-06
axis_fifo16,mem[3][6],train,forencich_axis,interconnect_buffer,input_to_reg,1.420983,1.4209743,8.745391845810246e-06
axis_fifo16,mem[3][7],train,forencich_axis,interconnect_buffer,input_to_reg,1.420983,1.4209743,8.745391845810246e-06
axis_fifo16,mem[3][8],train,forencich_axis,interconnect_buffer,input_to_reg,1.420983,1.4209743,8.745391845810246e-06
axis_fifo16,mem[3][9],train,forencich_axis,interconnect_buffer,input_to_reg,1.420983,1.4209743,8.745391845810246e-06
axis_fifo16,mem[4][0],train,forencich_axis,interconnect_buffer,input_to_reg,1.493272,1.493258,1.4000579833917115e-05
axis_fifo16,mem[4][10],train,forencich_axis,interconnect_buffer,input_to_reg,1.493272,1.493258,1.4000579833917115e-05
axis_fifo16,mem[4][11],train,forencich_axis,interconnect_buffer,input_to_reg,1.493272,1.493258,1.4000579833917115e-05
axis_fifo16,mem[4][12],train,forencich_axis,interconnect_buffer,input_to_reg,1.493272,1.493258,1.4000579833917115e-05
axis_fifo16,mem[4][13],train,forencich_axis,interconnect_buffer,input_to_reg,1.493272,1.493258,1.4000579833917115e-05
axis_fifo16,mem[4][14],train,forencich_axis,interconnect_buffer,input_to_reg,1.493272,1.493258,1.4000579833917115e-05
axis_fifo16,mem[4][15],train,forencich_axis,interconnect_buffer,input_to_reg,1.493272,1.493258,1.4000579833917115e-05
axis_fifo16,mem[4][16],train,forencich_axis,interconnect_buffer,input_to_reg,1.493272,1.493258,1.4000579833917115e-05
axis_fifo16,mem[4][17],train,forencich_axis,interconnect_buffer,input_to_reg,1.493272,1.493258,1.4000579833917115e-05
axis_fifo16,mem[4][18],train,forencich_axis,interconnect_buffer,input_to_reg,1.493272,1.493258,1.4000579833917115e-05
axis_fifo16,mem[4][19],train,forencich_axis,interconnect_buffer,input_to_reg,1.493272,1.493258,1.4000579833917115e-05
axis_fifo16,mem[4][1],train,forencich_axis,interconnect_buffer,input_to_reg,1.493272,1.493258,1.4000579833917115e-05
axis_fifo16,mem[4][20],train,forencich_axis,interconnect_buffer,input_to_reg,1.493272,1.493258,1.4000579833917115e-05
axis_fifo16,mem[4][21],train,forencich_axis,interconnect_buffer,input_to_reg,1.493272,1.493258,1.4000579833917115e-05
axis_fifo16,mem[4][22],train,forencich_axis,interconnect_buffer,input_to_reg,1.493272,1.493258,1.4000579833917115e-05
axis_fifo16,mem[4][23],train,forencich_axis,interconnect_buffer,input_to_reg,1.493272,1.493258,1.4000579833917115e-05
axis_fifo16,mem[4][24],train,forencich_axis,interconnect_buffer,input_to_reg,1.493272,1.493258,1.4000579833917115e-05
axis_fifo16,mem[4][25],train,forencich_axis,interconnect_buffer,input_to_reg,1.493272,1.493258,1.4000579833917115e-05
axis_fifo16,mem[4][26],train,forencich_axis,interconnect_buffer,input_to_reg,1.493272,1.493258,1.4000579833917115e-05
axis_fifo16,mem[4][27],train,forencich_axis,interconnect_buffer,input_to_reg,1.493272,1.493258,1.4000579833917115e-05
axis_fifo16,mem[4][28],train,forencich_axis,interconnect_buffer,input_to_reg,1.493272,1.493258,1.4000579833917115e-05
axis_fifo16,mem[4][29],train,forencich_axis,interconnect_buffer,input_to_reg,1.493272,1.493258,1.4000579833917115e-05
axis_fifo16,mem[4][2],train,forencich_axis,interconnect_buffer,input_to_reg,1.493272,1.493258,1.4000579833917115e-05
axis_fifo16,mem[4][30],train,forencich_axis,interconnect_buffer,input_to_reg,1.493272,1.493258,1.4000579833917115e-05
axis_fifo16,mem[4][31],train,forencich_axis,interconnect_buffer,input_to_reg,1.493272,1.493258,1.4000579833917115e-05
axis_fifo16,mem[4][3],train,forencich_axis,interconnect_buffer,input_to_reg,1.493272,1.493258,1.4000579833917115e-05
axis_fifo16,mem[4][4],train,forencich_axis,interconnect_buffer,input_to_reg,1.493272,1.493258,1.4000579833917115e-05
axis_fifo16,mem[4][5],train,forencich_axis,interconnect_buffer,input_to_reg,1.493272,1.493258,1.4000579833917115e-05
axis_fifo16,mem[4][6],train,forencich_axis,interconnect_buffer,input_to_reg,1.493272,1.493258,1.4000579833917115e-05
axis_fifo16,mem[4][7],train,forencich_axis,interconnect_buffer,input_to_reg,1.493272,1.493258,1.4000579833917115e-05
axis_fifo16,mem[4][8],train,forencich_axis,interconnect_buffer,input_to_reg,1.493272,1.493258,1.4000579833917115e-05
axis_fifo16,mem[4][9],train,forencich_axis,interconnect_buffer,input_to_reg,1.493272,1.493258,1.4000579833917115e-05
axis_fifo16,mem[5][0],train,forencich_axis,interconnect_buffer,input_to_reg,1.493272,1.493258,1.4000579833917115e-05
axis_fifo16,mem[5][10],train,forencich_axis,interconnect_buffer,input_to_reg,1.493272,1.493258,1.4000579833917115e-05
axis_fifo16,mem[5][11],train,forencich_axis,interconnect_buffer,input_to_reg,1.493272,1.493258,1.4000579833917115e-05
axis_fifo16,mem[5][12],train,forencich_axis,interconnect_buffer,input_to_reg,1.493272,1.493258,1.4000579833917115e-05
axis_fifo16,mem[5][13],train,forencich_axis,interconnect_buffer,input_to_reg,1.493272,1.493258,1.4000579833917115e-05
axis_fifo16,mem[5][14],train,forencich_axis,interconnect_buffer,input_to_reg,1.493272,1.493258,1.4000579833917115e-05
axis_fifo16,mem[5][15],train,forencich_axis,interconnect_buffer,input_to_reg,1.493272,1.493258,1.4000579833917115e-05
axis_fifo16,mem[5][16],train,forencich_axis,interconnect_buffer,input_to_reg,1.493272,1.493258,1.4000579833917115e-05
axis_fifo16,mem[5][17],train,forencich_axis,interconnect_buffer,input_to_reg,1.493272,1.493258,1.4000579833917115e-05
axis_fifo16,mem[5][18],train,forencich_axis,interconnect_buffer,input_to_reg,1.493272,1.493258,1.4000579833917115e-05
axis_fifo16,mem[5][19],train,forencich_axis,interconnect_buffer,input_to_reg,1.493272,1.493258,1.4000579833917115e-05
axis_fifo16,mem[5][1],train,forencich_axis,interconnect_buffer,input_to_reg,1.493272,1.493258,1.4000579833917115e-05
axis_fifo16,mem[5][20],train,forencich_axis,interconnect_buffer,input_to_reg,1.493272,1.493258,1.4000579833917115e-05
axis_fifo16,mem[5][21],train,forencich_axis,interconnect_buffer,input_to_reg,1.493272,1.493258,1.4000579833917115e-05
axis_fifo16,mem[5][22],train,forencich_axis,interconnect_buffer,input_to_reg,1.493272,1.493258,1.4000579833917115e-05
axis_fifo16,mem[5][23],train,forencich_axis,interconnect_buffer,input_to_reg,1.493272,1.493258,1.4000579833917115e-05
axis_fifo16,mem[5][24],train,forencich_axis,interconnect_buffer,input_to_reg,1.493272,1.493258,1.4000579833917115e-05
axis_fifo16,mem[5][25],train,forencich_axis,interconnect_buffer,input_to_reg,1.493272,1.493258,1.4000579833917115e-05
axis_fifo16,mem[5][26],train,forencich_axis,interconnect_buffer,input_to_reg,1.493272,1.493258,1.4000579833917115e-05
axis_fifo16,mem[5][27],train,forencich_axis,interconnect_buffer,input_to_reg,1.493272,1.493258,1.4000579833917115e-05
axis_fifo16,mem[5][28],train,forencich_axis,interconnect_buffer,input_to_reg,1.493272,1.493258,1.4000579833917115e-05
axis_fifo16,mem[5][29],train,forencich_axis,interconnect_buffer,input_to_reg,1.493272,1.493258,1.4000579833917115e-05
axis_fifo16,mem[5][2],train,forencich_axis,interconnect_buffer,input_to_reg,1.493272,1.493258,1.4000579833917115e-05
axis_fifo16,mem[5][30],train,forencich_axis,interconnect_buffer,input_to_reg,1.493272,1.493258,1.4000579833917115e-05
axis_fifo16,mem[5][31],train,forencich_axis,interconnect_buffer,input_to_reg,1.493272,1.493258,1.4000579833917115e-05
axis_fifo16,mem[5][3],train,forencich_axis,interconnect_buffer,input_to_reg,1.493272,1.493258,1.4000579833917115e-05
axis_fifo16,mem[5][4],train,forencich_axis,interconnect_buffer,input_to_reg,1.493272,1.493258,1.4000579833917115e-05
axis_fifo16,mem[5][5],train,forencich_axis,interconnect_buffer,input_to_reg,1.493272,1.493258,1.4000579833917115e-05
axis_fifo16,mem[5][6],train,forencich_axis,interconnect_buffer,input_to_reg,1.493272,1.493258,1.4000579833917115e-05
axis_fifo16,mem[5][7],train,forencich_axis,interconnect_buffer,input_to_reg,1.493272,1.493258,1.4000579833917115e-05
axis_fifo16,mem[5][8],train,forencich_axis,interconnect_buffer,input_to_reg,1.493272,1.493258,1.4000579833917115e-05
axis_fifo16,mem[5][9],train,forencich_axis,interconnect_buffer,input_to_reg,1.493272,1.493258,1.4000579833917115e-05
axis_fifo16,mem[6][0],train,forencich_axis,interconnect_buffer,input_to_reg,1.493272,1.493258,1.4000579833917115e-05
axis_fifo16,mem[6][10],train,forencich_axis,interconnect_buffer,input_to_reg,1.493272,1.493258,1.4000579833917115e-05
axis_fifo16,mem[6][11],train,forencich_axis,interconnect_buffer,input_to_reg,1.493272,1.493258,1.4000579833917115e-05
axis_fifo16,mem[6][12],train,forencich_axis,interconnect_buffer,input_to_reg,1.493272,1.493258,1.4000579833917115e-05
axis_fifo16,mem[6][13],train,forencich_axis,interconnect_buffer,input_to_reg,1.493272,1.493258,1.4000579833917115e-05
axis_fifo16,mem[6][14],train,forencich_axis,interconnect_buffer,input_to_reg,1.493272,1.493258,1.4000579833917115e-05
axis_fifo16,mem[6][15],train,forencich_axis,interconnect_buffer,input_to_reg,1.493272,1.493258,1.4000579833917115e-05
axis_fifo16,mem[6][16],train,forencich_axis,interconnect_buffer,input_to_reg,1.493272,1.493258,1.4000579833917115e-05
axis_fifo16,mem[6][17],train,forencich_axis,interconnect_buffer,input_to_reg,1.493272,1.493258,1.4000579833917115e-05
axis_fifo16,mem[6][18],train,forencich_axis,interconnect_buffer,input_to_reg,1.493272,1.493258,1.4000579833917115e-05
axis_fifo16,mem[6][19],train,forencich_axis,interconnect_buffer,input_to_reg,1.493272,1.493258,1.4000579833917115e-05
axis_fifo16,mem[6][1],train,forencich_axis,interconnect_buffer,input_to_reg,1.493272,1.493258,1.4000579833917115e-05
axis_fifo16,mem[6][20],train,forencich_axis,interconnect_buffer,input_to_reg,1.493272,1.493258,1.4000579833917115e-05
axis_fifo16,mem[6][21],train,forencich_axis,interconnect_buffer,input_to_reg,1.493272,1.493258,1.4000579833917115e-05
axis_fifo16,mem[6][22],train,forencich_axis,interconnect_buffer,input_to_reg,1.493272,1.493258,1.4000579833917115e-05
axis_fifo16,mem[6][23],train,forencich_axis,interconnect_buffer,input_to_reg,1.493272,1.493258,1.4000579833917115e-05
axis_fifo16,mem[6][24],train,forencich_axis,interconnect_buffer,input_to_reg,1.493272,1.493258,1.4000579833917115e-05
axis_fifo16,mem[6][25],train,forencich_axis,interconnect_buffer,input_to_reg,1.493272,1.493258,1.4000579833917115e-05
axis_fifo16,mem[6][26],train,forencich_axis,interconnect_buffer,input_to_reg,1.493272,1.493258,1.4000579833917115e-05
axis_fifo16,mem[6][27],train,forencich_axis,interconnect_buffer,input_to_reg,1.493272,1.493258,1.4000579833917115e-05
axis_fifo16,mem[6][28],train,forencich_axis,interconnect_buffer,input_to_reg,1.493272,1.493258,1.4000579833917115e-05
axis_fifo16,mem[6][29],train,forencich_axis,interconnect_buffer,input_to_reg,1.493272,1.493258,1.4000579833917115e-05
axis_fifo16,mem[6][2],train,forencich_axis,interconnect_buffer,input_to_reg,1.493272,1.493258,1.4000579833917115e-05
axis_fifo16,mem[6][30],train,forencich_axis,interconnect_buffer,input_to_reg,1.493272,1.493258,1.4000579833917115e-05
axis_fifo16,mem[6][31],train,forencich_axis,interconnect_buffer,input_to_reg,1.493272,1.493258,1.4000579833917115e-05
axis_fifo16,mem[6][3],train,forencich_axis,interconnect_buffer,input_to_reg,1.493272,1.493258,1.4000579833917115e-05
axis_fifo16,mem[6][4],train,forencich_axis,interconnect_buffer,input_to_reg,1.493272,1.493258,1.4000579833917115e-05
axis_fifo16,mem[6][5],train,forencich_axis,interconnect_buffer,input_to_reg,1.493272,1.493258,1.4000579833917115e-05
axis_fifo16,mem[6][6],train,forencich_axis,interconnect_buffer,input_to_reg,1.493272,1.493258,1.4000579833917115e-05
axis_fifo16,mem[6][7],train,forencich_axis,interconnect_buffer,input_to_reg,1.493272,1.493258,1.4000579833917115e-05
axis_fifo16,mem[6][8],train,forencich_axis,interconnect_buffer,input_to_reg,1.493272,1.493258,1.4000579833917115e-05
axis_fifo16,mem[6][9],train,forencich_axis,interconnect_buffer,input_to_reg,1.493272,1.493258,1.4000579833917115e-05
axis_fifo16,mem[7][0],train,forencich_axis,interconnect_buffer,input_to_reg,1.420983,1.4211637,0.00018067816925038116
axis_fifo16,mem[7][10],train,forencich_axis,interconnect_buffer,input_to_reg,1.420983,1.4211637,0.00018067816925038116
axis_fifo16,mem[7][11],train,forencich_axis,interconnect_buffer,input_to_reg,1.420983,1.4211637,0.00018067816925038116
axis_fifo16,mem[7][12],train,forencich_axis,interconnect_buffer,input_to_reg,1.420983,1.4211637,0.00018067816925038116
axis_fifo16,mem[7][13],train,forencich_axis,interconnect_buffer,input_to_reg,1.420983,1.4211637,0.00018067816925038116
axis_fifo16,mem[7][14],train,forencich_axis,interconnect_buffer,input_to_reg,1.420983,1.4211637,0.00018067816925038116
axis_fifo16,mem[7][15],train,forencich_axis,interconnect_buffer,input_to_reg,1.420983,1.4211637,0.00018067816925038116
axis_fifo16,mem[7][16],train,forencich_axis,interconnect_buffer,input_to_reg,1.420983,1.4211637,0.00018067816925038116
axis_fifo16,mem[7][17],train,forencich_axis,interconnect_buffer,input_to_reg,1.420983,1.4211637,0.00018067816925038116
axis_fifo16,mem[7][18],train,forencich_axis,interconnect_buffer,input_to_reg,1.420983,1.4211637,0.00018067816925038116
axis_fifo16,mem[7][19],train,forencich_axis,interconnect_buffer,input_to_reg,1.420983,1.4211637,0.00018067816925038116
axis_fifo16,mem[7][1],train,forencich_axis,interconnect_buffer,input_to_reg,1.420983,1.4211637,0.00018067816925038116
axis_fifo16,mem[7][20],train,forencich_axis,interconnect_buffer,input_to_reg,1.420983,1.4211637,0.00018067816925038116
axis_fifo16,mem[7][21],train,forencich_axis,interconnect_buffer,input_to_reg,1.420983,1.4211637,0.00018067816925038116
axis_fifo16,mem[7][22],train,forencich_axis,interconnect_buffer,input_to_reg,1.420983,1.4211637,0.00018067816925038116
axis_fifo16,mem[7][23],train,forencich_axis,interconnect_buffer,input_to_reg,1.420983,1.4211637,0.00018067816925038116
axis_fifo16,mem[7][24],train,forencich_axis,interconnect_buffer,input_to_reg,1.420983,1.4211637,0.00018067816925038116
axis_fifo16,mem[7][25],train,forencich_axis,interconnect_buffer,input_to_reg,1.420983,1.4211637,0.00018067816925038116
axis_fifo16,mem[7][26],train,forencich_axis,interconnect_buffer,input_to_reg,1.420983,1.4211637,0.00018067816925038116
axis_fifo16,mem[7][27],train,forencich_axis,interconnect_buffer,input_to_reg,1.420983,1.4211637,0.00018067816925038116
axis_fifo16,mem[7][28],train,forencich_axis,interconnect_buffer,input_to_reg,1.420983,1.4211637,0.00018067816925038116
axis_fifo16,mem[7][29],train,forencich_axis,interconnect_buffer,input_to_reg,1.420983,1.4211637,0.00018067816925038116
axis_fifo16,mem[7][2],train,forencich_axis,interconnect_buffer,input_to_reg,1.420983,1.4211637,0.00018067816925038116
axis_fifo16,mem[7][30],train,forencich_axis,interconnect_buffer,input_to_reg,1.420983,1.4211637,0.00018067816925038116
axis_fifo16,mem[7][31],train,forencich_axis,interconnect_buffer,input_to_reg,1.420983,1.4211637,0.00018067816925038116
axis_fifo16,mem[7][3],train,forencich_axis,interconnect_buffer,input_to_reg,1.420983,1.4211637,0.00018067816925038116
axis_fifo16,mem[7][4],train,forencich_axis,interconnect_buffer,input_to_reg,1.420983,1.4211637,0.00018067816925038116
axis_fifo16,mem[7][5],train,forencich_axis,interconnect_buffer,input_to_reg,1.420983,1.4211637,0.00018067816925038116
axis_fifo16,mem[7][6],train,forencich_axis,interconnect_buffer,input_to_reg,1.420983,1.4211637,0.00018067816925038116
axis_fifo16,mem[7][7],train,forencich_axis,interconnect_buffer,input_to_reg,1.420983,1.4211637,0.00018067816925038116
axis_fifo16,mem[7][8],train,forencich_axis,interconnect_buffer,input_to_reg,1.420983,1.4211637,0.00018067816925038116
axis_fifo16,mem[7][9],train,forencich_axis,interconnect_buffer,input_to_reg,1.420983,1.4211637,0.00018067816925038116
axis_fifo16,mem[8][0],train,forencich_axis,interconnect_buffer,input_to_reg,1.614031,1.6139634,6.763444519042316e-05
axis_fifo16,mem[8][10],train,forencich_axis,interconnect_buffer,input_to_reg,1.614031,1.6139634,6.763444519042316e-05
axis_fifo16,mem[8][11],train,forencich_axis,interconnect_buffer,input_to_reg,1.614031,1.6139634,6.763444519042316e-05
axis_fifo16,mem[8][12],train,forencich_axis,interconnect_buffer,input_to_reg,1.614031,1.6139634,6.763444519042316e-05
axis_fifo16,mem[8][13],train,forencich_axis,interconnect_buffer,input_to_reg,1.614031,1.6139634,6.763444519042316e-05
axis_fifo16,mem[8][14],train,forencich_axis,interconnect_buffer,input_to_reg,1.614031,1.6139634,6.763444519042316e-05
axis_fifo16,mem[8][15],train,forencich_axis,interconnect_buffer,input_to_reg,1.614031,1.6139634,6.763444519042316e-05
axis_fifo16,mem[8][16],train,forencich_axis,interconnect_buffer,input_to_reg,1.614031,1.6139634,6.763444519042316e-05
axis_fifo16,mem[8][17],train,forencich_axis,interconnect_buffer,input_to_reg,1.614031,1.6139634,6.763444519042316e-05
axis_fifo16,mem[8][18],train,forencich_axis,interconnect_buffer,input_to_reg,1.614031,1.6139634,6.763444519042316e-05
axis_fifo16,mem[8][19],train,forencich_axis,interconnect_buffer,input_to_reg,1.614031,1.6139634,6.763444519042316e-05
axis_fifo16,mem[8][1],train,forencich_axis,interconnect_buffer,input_to_reg,1.614031,1.6139634,6.763444519042316e-05
axis_fifo16,mem[8][20],train,forencich_axis,interconnect_buffer,input_to_reg,1.614031,1.6139634,6.763444519042316e-05
axis_fifo16,mem[8][21],train,forencich_axis,interconnect_buffer,input_to_reg,1.614031,1.6139634,6.763444519042316e-05
axis_fifo16,mem[8][22],train,forencich_axis,interconnect_buffer,input_to_reg,1.614031,1.6139634,6.763444519042316e-05
axis_fifo16,mem[8][23],train,forencich_axis,interconnect_buffer,input_to_reg,1.614031,1.6139634,6.763444519042316e-05
axis_fifo16,mem[8][24],train,forencich_axis,interconnect_buffer,input_to_reg,1.614031,1.6139634,6.763444519042316e-05
axis_fifo16,mem[8][25],train,forencich_axis,interconnect_buffer,input_to_reg,1.614031,1.6139634,6.763444519042316e-05
axis_fifo16,mem[8][26],train,forencich_axis,interconnect_buffer,input_to_reg,1.614031,1.6139634,6.763444519042316e-05
axis_fifo16,mem[8][27],train,forencich_axis,interconnect_buffer,input_to_reg,1.614031,1.6139634,6.763444519042316e-05
axis_fifo16,mem[8][28],train,forencich_axis,interconnect_buffer,input_to_reg,1.614031,1.6139634,6.763444519042316e-05
axis_fifo16,mem[8][29],train,forencich_axis,interconnect_buffer,input_to_reg,1.614031,1.6139634,6.763444519042316e-05
axis_fifo16,mem[8][2],train,forencich_axis,interconnect_buffer,input_to_reg,1.614031,1.6139634,6.763444519042316e-05
axis_fifo16,mem[8][30],train,forencich_axis,interconnect_buffer,input_to_reg,1.614031,1.6139634,6.763444519042316e-05
axis_fifo16,mem[8][31],train,forencich_axis,interconnect_buffer,input_to_reg,1.614031,1.6139634,6.763444519042316e-05
axis_fifo16,mem[8][3],train,forencich_axis,interconnect_buffer,input_to_reg,1.614031,1.6139634,6.763444519042316e-05
axis_fifo16,mem[8][4],train,forencich_axis,interconnect_buffer,input_to_reg,1.614031,1.6139634,6.763444519042316e-05
axis_fifo16,mem[8][5],train,forencich_axis,interconnect_buffer,input_to_reg,1.614031,1.6139634,6.763444519042316e-05
axis_fifo16,mem[8][6],train,forencich_axis,interconnect_buffer,input_to_reg,1.614031,1.6139634,6.763444519042316e-05
axis_fifo16,mem[8][7],train,forencich_axis,interconnect_buffer,input_to_reg,1.614031,1.6139634,6.763444519042316e-05
axis_fifo16,mem[8][8],train,forencich_axis,interconnect_buffer,input_to_reg,1.614031,1.6139634,6.763444519042316e-05
axis_fifo16,mem[8][9],train,forencich_axis,interconnect_buffer,input_to_reg,1.614031,1.6139634,6.763444519042316e-05
axis_fifo16,mem[9][0],train,forencich_axis,interconnect_buffer,input_to_reg,1.614031,1.6139634,6.763444519042316e-05
axis_fifo16,mem[9][10],train,forencich_axis,interconnect_buffer,input_to_reg,1.614031,1.6139634,6.763444519042316e-05
axis_fifo16,mem[9][11],train,forencich_axis,interconnect_buffer,input_to_reg,1.614031,1.6139634,6.763444519042316e-05
axis_fifo16,mem[9][12],train,forencich_axis,interconnect_buffer,input_to_reg,1.614031,1.6139634,6.763444519042316e-05
axis_fifo16,mem[9][13],train,forencich_axis,interconnect_buffer,input_to_reg,1.614031,1.6139634,6.763444519042316e-05
axis_fifo16,mem[9][14],train,forencich_axis,interconnect_buffer,input_to_reg,1.614031,1.6139634,6.763444519042316e-05
axis_fifo16,mem[9][15],train,forencich_axis,interconnect_buffer,input_to_reg,1.614031,1.6139634,6.763444519042316e-05
axis_fifo16,mem[9][16],train,forencich_axis,interconnect_buffer,input_to_reg,1.614031,1.6139634,6.763444519042316e-05
axis_fifo16,mem[9][17],train,forencich_axis,interconnect_buffer,input_to_reg,1.614031,1.6139634,6.763444519042316e-05
axis_fifo16,mem[9][18],train,forencich_axis,interconnect_buffer,input_to_reg,1.614031,1.6139634,6.763444519042316e-05
axis_fifo16,mem[9][19],train,forencich_axis,interconnect_buffer,input_to_reg,1.614031,1.6139634,6.763444519042316e-05
axis_fifo16,mem[9][1],train,forencich_axis,interconnect_buffer,input_to_reg,1.614031,1.6139634,6.763444519042316e-05
axis_fifo16,mem[9][20],train,forencich_axis,interconnect_buffer,input_to_reg,1.614031,1.6139634,6.763444519042316e-05
axis_fifo16,mem[9][21],train,forencich_axis,interconnect_buffer,input_to_reg,1.614031,1.6139634,6.763444519042316e-05
axis_fifo16,mem[9][22],train,forencich_axis,interconnect_buffer,input_to_reg,1.614031,1.6139634,6.763444519042316e-05
axis_fifo16,mem[9][23],train,forencich_axis,interconnect_buffer,input_to_reg,1.614031,1.6139634,6.763444519042316e-05
axis_fifo16,mem[9][24],train,forencich_axis,interconnect_buffer,input_to_reg,1.614031,1.6139634,6.763444519042316e-05
axis_fifo16,mem[9][25],train,forencich_axis,interconnect_buffer,input_to_reg,1.614031,1.6139634,6.763444519042316e-05
axis_fifo16,mem[9][26],train,forencich_axis,interconnect_buffer,input_to_reg,1.614031,1.6139634,6.763444519042316e-05
axis_fifo16,mem[9][27],train,forencich_axis,interconnect_buffer,input_to_reg,1.614031,1.6139634,6.763444519042316e-05
axis_fifo16,mem[9][28],train,forencich_axis,interconnect_buffer,input_to_reg,1.614031,1.6139634,6.763444519042316e-05
axis_fifo16,mem[9][29],train,forencich_axis,interconnect_buffer,input_to_reg,1.614031,1.6139634,6.763444519042316e-05
axis_fifo16,mem[9][2],train,forencich_axis,interconnect_buffer,input_to_reg,1.614031,1.6139634,6.763444519042316e-05
axis_fifo16,mem[9][30],train,forencich_axis,interconnect_buffer,input_to_reg,1.614031,1.6139634,6.763444519042316e-05
axis_fifo16,mem[9][31],train,forencich_axis,interconnect_buffer,input_to_reg,1.614031,1.6139634,6.763444519042316e-05
axis_fifo16,mem[9][3],train,forencich_axis,interconnect_buffer,input_to_reg,1.614031,1.6139634,6.763444519042316e-05
axis_fifo16,mem[9][4],train,forencich_axis,interconnect_buffer,input_to_reg,1.614031,1.6139634,6.763444519042316e-05
axis_fifo16,mem[9][5],train,forencich_axis,interconnect_buffer,input_to_reg,1.614031,1.6139634,6.763444519042316e-05
axis_fifo16,mem[9][6],train,forencich_axis,interconnect_buffer,input_to_reg,1.614031,1.6139634,6.763444519042316e-05
axis_fifo16,mem[9][7],train,forencich_axis,interconnect_buffer,input_to_reg,1.614031,1.6139634,6.763444519042316e-05
axis_fifo16,mem[9][8],train,forencich_axis,interconnect_buffer,input_to_reg,1.614031,1.6139634,6.763444519042316e-05
axis_fifo16,mem[9][9],train,forencich_axis,interconnect_buffer,input_to_reg,1.614031,1.6139634,6.763444519042316e-05
axis_fifo16,rd_ptr_reg[0],train,forencich_axis,interconnect_buffer,input_to_reg,2.029851,2.0311694,0.001318414520263822
axis_fifo16,rd_ptr_reg[1],train,forencich_axis,interconnect_buffer,input_to_reg,2.033908,2.0337615,0.0001464986877439678
axis_fifo16,rd_ptr_reg[2],train,forencich_axis,interconnect_buffer,input_to_reg,2.228903,2.2289572,5.4176208496237166e-05
axis_fifo16,rd_ptr_reg[3],train,forencich_axis,interconnect_buffer,input_to_reg,2.26762,2.2666812,0.0009388056945800471
axis_fifo16,rd_ptr_reg[4],train,forencich_axis,interconnect_buffer,input_to_reg,2.293034,2.2934265,0.0003925136718749833
axis_fifo16,wr_ptr_reg[0],train,forencich_axis,interconnect_buffer,input_to_reg,1.182172,1.182399,0.00022703450012206972
axis_fifo16,wr_ptr_reg[1],train,forencich_axis,interconnect_buffer,input_to_reg,1.172981,1.1727606,0.00022039418792729748
axis_fifo16,wr_ptr_reg[2],train,forencich_axis,interconnect_buffer,input_to_reg,1.220546,1.2237405,0.0031944584884644467
axis_fifo16,wr_ptr_reg[3],train,forencich_axis,interconnect_buffer,input_to_reg,1.228011,1.2290139,0.001002919830322302
axis_fifo16,wr_ptr_reg[4],train,forencich_axis,interconnect_buffer,input_to_reg,1.465977,1.4678526,0.0018755924682616332
axis_arb_mux4,arb_inst.mask_reg[0],train,forencich_axis,interconnect_buffer,input_to_reg,1.228103,1.2274624,0.000640589073181097
axis_arb_mux4,arb_inst.mask_reg[1],train,forencich_axis,interconnect_buffer,input_to_reg,1.278581,1.2787529,0.00017192301177981761
axis_arb_mux4,arb_inst.mask_reg[2],train,forencich_axis,interconnect_buffer,input_to_reg,1.26414,1.2635822,0.0005577703857422289
axis_arb_mux4,arb_inst.mask_reg[3],train,forencich_axis,interconnect_buffer,input_to_reg,1.289211,1.2890766,0.0001344333038331147
axis_arb_mux4,grant[0],train,forencich_axis,interconnect_buffer,input_to_reg,1.278002,1.2787529,0.0007509230117797028
axis_arb_mux4,grant[1],train,forencich_axis,interconnect_buffer,input_to_reg,1.278876,1.2772468,0.001629167152404687
axis_arb_mux4,grant[2],train,forencich_axis,interconnect_buffer,input_to_reg,1.289712,1.2894403,0.00027172576141354376
axis_arb_mux4,grant[3],train,forencich_axis,interconnect_buffer,input_to_reg,1.292822,1.2930706,0.0002485547332764515
axis_arb_mux4,grant_encoded[0],train,forencich_axis,interconnect_buffer,input_to_reg,1.271189,1.2723839,0.001194928298950293
axis_arb_mux4,grant_encoded[1],train,forencich_axis,interconnect_buffer,input_to_reg,1.250892,1.2506353,0.0002567336959837796
axis_arb_mux4,grant_valid,train,forencich_axis,interconnect_buffer,input_to_reg,1.178802,1.1797508,0.0009488001327515594
axis_arb_mux4,m_axis_tdata[0],train,forencich_axis,interconnect_buffer,input_to_reg,1.471795,1.4716991,9.588138580318706e-05
axis_arb_mux4,m_axis_tdata[10],train,forencich_axis,interconnect_buffer,input_to_reg,1.471795,1.4716991,9.588138580318706e-05
axis_arb_mux4,m_axis_tdata[11],train,forencich_axis,interconnect_buffer,input_to_reg,1.471795,1.4716991,9.588138580318706e-05
axis_arb_mux4,m_axis_tdata[12],train,forencich_axis,interconnect_buffer,input_to_reg,1.471795,1.4716991,9.588138580318706e-05
axis_arb_mux4,m_axis_tdata[13],train,forencich_axis,interconnect_buffer,input_to_reg,1.471795,1.4716991,9.588138580318706e-05
axis_arb_mux4,m_axis_tdata[14],train,forencich_axis,interconnect_buffer,input_to_reg,1.471795,1.4716991,9.588138580318706e-05
axis_arb_mux4,m_axis_tdata[15],train,forencich_axis,interconnect_buffer,input_to_reg,1.471795,1.4716991,9.588138580318706e-05
axis_arb_mux4,m_axis_tdata[16],train,forencich_axis,interconnect_buffer,input_to_reg,1.471795,1.4716991,9.588138580318706e-05
axis_arb_mux4,m_axis_tdata[17],train,forencich_axis,interconnect_buffer,input_to_reg,1.471795,1.4716991,9.588138580318706e-05
axis_arb_mux4,m_axis_tdata[18],train,forencich_axis,interconnect_buffer,input_to_reg,1.471795,1.4716991,9.588138580318706e-05
axis_arb_mux4,m_axis_tdata[19],train,forencich_axis,interconnect_buffer,input_to_reg,1.471795,1.4716991,9.588138580318706e-05
axis_arb_mux4,m_axis_tdata[1],train,forencich_axis,interconnect_buffer,input_to_reg,1.471795,1.4716991,9.588138580318706e-05
axis_arb_mux4,m_axis_tdata[20],train,forencich_axis,interconnect_buffer,input_to_reg,1.471795,1.4716991,9.588138580318706e-05
axis_arb_mux4,m_axis_tdata[21],train,forencich_axis,interconnect_buffer,input_to_reg,1.471795,1.4716991,9.588138580318706e-05
axis_arb_mux4,m_axis_tdata[22],train,forencich_axis,interconnect_buffer,input_to_reg,1.471795,1.4716991,9.588138580318706e-05
axis_arb_mux4,m_axis_tdata[23],train,forencich_axis,interconnect_buffer,input_to_reg,1.471795,1.4716991,9.588138580318706e-05
axis_arb_mux4,m_axis_tdata[24],train,forencich_axis,interconnect_buffer,input_to_reg,1.471795,1.4716991,9.588138580318706e-05
axis_arb_mux4,m_axis_tdata[25],train,forencich_axis,interconnect_buffer,input_to_reg,1.471795,1.4716991,9.588138580318706e-05
axis_arb_mux4,m_axis_tdata[26],train,forencich_axis,interconnect_buffer,input_to_reg,1.471795,1.4716991,9.588138580318706e-05
axis_arb_mux4,m_axis_tdata[27],train,forencich_axis,interconnect_buffer,input_to_reg,1.471795,1.4716991,9.588138580318706e-05
axis_arb_mux4,m_axis_tdata[28],train,forencich_axis,interconnect_buffer,input_to_reg,1.471795,1.4716991,9.588138580318706e-05
axis_arb_mux4,m_axis_tdata[29],train,forencich_axis,interconnect_buffer,input_to_reg,1.471795,1.4716991,9.588138580318706e-05
axis_arb_mux4,m_axis_tdata[2],train,forencich_axis,interconnect_buffer,input_to_reg,1.471795,1.4716991,9.588138580318706e-05
axis_arb_mux4,m_axis_tdata[30],train,forencich_axis,interconnect_buffer,input_to_reg,1.471795,1.4716991,9.588138580318706e-05
axis_arb_mux4,m_axis_tdata[31],train,forencich_axis,interconnect_buffer,input_to_reg,1.471795,1.4716991,9.588138580318706e-05
axis_arb_mux4,m_axis_tdata[3],train,forencich_axis,interconnect_buffer,input_to_reg,1.471795,1.4716991,9.588138580318706e-05
axis_arb_mux4,m_axis_tdata[4],train,forencich_axis,interconnect_buffer,input_to_reg,1.471795,1.4716991,9.588138580318706e-05
axis_arb_mux4,m_axis_tdata[5],train,forencich_axis,interconnect_buffer,input_to_reg,1.471795,1.4716991,9.588138580318706e-05
axis_arb_mux4,m_axis_tdata[6],train,forencich_axis,interconnect_buffer,input_to_reg,1.471795,1.4716991,9.588138580318706e-05
axis_arb_mux4,m_axis_tdata[7],train,forencich_axis,interconnect_buffer,input_to_reg,1.471795,1.4716991,9.588138580318706e-05
axis_arb_mux4,m_axis_tdata[8],train,forencich_axis,interconnect_buffer,input_to_reg,1.471795,1.4716991,9.588138580318706e-05
axis_arb_mux4,m_axis_tdata[9],train,forencich_axis,interconnect_buffer,input_to_reg,1.471795,1.4716991,9.588138580318706e-05
axis_arb_mux4,m_axis_tready_int_reg,train,forencich_axis,interconnect_buffer,input_to_reg,1.094354,1.0940818,0.0002722405471802247
axis_arb_mux4,m_axis_tvalid,train,forencich_axis,interconnect_buffer,input_to_reg,1.490475,1.4892739,0.0012010942459106388
axis_arb_mux4,s_axis_tdata_reg[0],train,forencich_axis,interconnect_buffer,input_to_reg,1.071875,1.0718702,4.792213439852588e-06
axis_arb_mux4,s_axis_tdata_reg[100],train,forencich_axis,interconnect_buffer,input_to_reg,1.071875,1.0718702,4.792213439852588e-06
axis_arb_mux4,s_axis_tdata_reg[101],train,forencich_axis,interconnect_buffer,input_to_reg,1.071875,1.0718702,4.792213439852588e-06
axis_arb_mux4,s_axis_tdata_reg[102],train,forencich_axis,interconnect_buffer,input_to_reg,1.071875,1.0718702,4.792213439852588e-06
axis_arb_mux4,s_axis_tdata_reg[103],train,forencich_axis,interconnect_buffer,input_to_reg,1.071875,1.0718702,4.792213439852588e-06
axis_arb_mux4,s_axis_tdata_reg[104],train,forencich_axis,interconnect_buffer,input_to_reg,1.071875,1.0718702,4.792213439852588e-06
axis_arb_mux4,s_axis_tdata_reg[105],train,forencich_axis,interconnect_buffer,input_to_reg,1.071875,1.0718702,4.792213439852588e-06
axis_arb_mux4,s_axis_tdata_reg[106],train,forencich_axis,interconnect_buffer,input_to_reg,1.071875,1.0718702,4.792213439852588e-06
axis_arb_mux4,s_axis_tdata_reg[107],train,forencich_axis,interconnect_buffer,input_to_reg,1.071875,1.0718702,4.792213439852588e-06
axis_arb_mux4,s_axis_tdata_reg[108],train,forencich_axis,interconnect_buffer,input_to_reg,1.071875,1.0718702,4.792213439852588e-06
axis_arb_mux4,s_axis_tdata_reg[109],train,forencich_axis,interconnect_buffer,input_to_reg,1.071875,1.0718702,4.792213439852588e-06
axis_arb_mux4,s_axis_tdata_reg[10],train,forencich_axis,interconnect_buffer,input_to_reg,1.071875,1.0718702,4.792213439852588e-06
axis_arb_mux4,s_axis_tdata_reg[110],train,forencich_axis,interconnect_buffer,input_to_reg,1.071875,1.0718702,4.792213439852588e-06
axis_arb_mux4,s_axis_tdata_reg[111],train,forencich_axis,interconnect_buffer,input_to_reg,1.071875,1.0718702,4.792213439852588e-06
axis_arb_mux4,s_axis_tdata_reg[112],train,forencich_axis,interconnect_buffer,input_to_reg,1.071875,1.0718702,4.792213439852588e-06
axis_arb_mux4,s_axis_tdata_reg[113],train,forencich_axis,interconnect_buffer,input_to_reg,1.071875,1.0718702,4.792213439852588e-06
axis_arb_mux4,s_axis_tdata_reg[114],train,forencich_axis,interconnect_buffer,input_to_reg,1.071875,1.0718702,4.792213439852588e-06
axis_arb_mux4,s_axis_tdata_reg[115],train,forencich_axis,interconnect_buffer,input_to_reg,1.071875,1.0718702,4.792213439852588e-06
axis_arb_mux4,s_axis_tdata_reg[116],train,forencich_axis,interconnect_buffer,input_to_reg,1.071875,1.0718702,4.792213439852588e-06
axis_arb_mux4,s_axis_tdata_reg[117],train,forencich_axis,interconnect_buffer,input_to_reg,1.071875,1.0718702,4.792213439852588e-06
axis_arb_mux4,s_axis_tdata_reg[118],train,forencich_axis,interconnect_buffer,input_to_reg,1.071875,1.0718702,4.792213439852588e-06
axis_arb_mux4,s_axis_tdata_reg[119],train,forencich_axis,interconnect_buffer,input_to_reg,1.071875,1.0718702,4.792213439852588e-06
axis_arb_mux4,s_axis_tdata_reg[11],train,forencich_axis,interconnect_buffer,input_to_reg,1.071875,1.0718702,4.792213439852588e-06
axis_arb_mux4,s_axis_tdata_reg[120],train,forencich_axis,interconnect_buffer,input_to_reg,1.071875,1.0718702,4.792213439852588e-06
axis_arb_mux4,s_axis_tdata_reg[121],train,forencich_axis,interconnect_buffer,input_to_reg,1.071875,1.0718702,4.792213439852588e-06
axis_arb_mux4,s_axis_tdata_reg[122],train,forencich_axis,interconnect_buffer,input_to_reg,1.071875,1.0718702,4.792213439852588e-06
axis_arb_mux4,s_axis_tdata_reg[123],train,forencich_axis,interconnect_buffer,input_to_reg,1.071875,1.0718702,4.792213439852588e-06
axis_arb_mux4,s_axis_tdata_reg[124],train,forencich_axis,interconnect_buffer,input_to_reg,1.071875,1.0718702,4.792213439852588e-06
axis_arb_mux4,s_axis_tdata_reg[125],train,forencich_axis,interconnect_buffer,input_to_reg,1.071875,1.0718702,4.792213439852588e-06
axis_arb_mux4,s_axis_tdata_reg[126],train,forencich_axis,interconnect_buffer,input_to_reg,1.071875,1.0718702,4.792213439852588e-06
axis_arb_mux4,s_axis_tdata_reg[127],train,forencich_axis,interconnect_buffer,input_to_reg,1.071875,1.0718702,4.792213439852588e-06
axis_arb_mux4,s_axis_tdata_reg[12],train,forencich_axis,interconnect_buffer,input_to_reg,1.071875,1.0718702,4.792213439852588e-06
axis_arb_mux4,s_axis_tdata_reg[13],train,forencich_axis,interconnect_buffer,input_to_reg,1.071875,1.0718702,4.792213439852588e-06
axis_arb_mux4,s_axis_tdata_reg[14],train,forencich_axis,interconnect_buffer,input_to_reg,1.071875,1.0718702,4.792213439852588e-06
axis_arb_mux4,s_axis_tdata_reg[15],train,forencich_axis,interconnect_buffer,input_to_reg,1.071875,1.0718702,4.792213439852588e-06
axis_arb_mux4,s_axis_tdata_reg[16],train,forencich_axis,interconnect_buffer,input_to_reg,1.071875,1.0718702,4.792213439852588e-06
axis_arb_mux4,s_axis_tdata_reg[17],train,forencich_axis,interconnect_buffer,input_to_reg,1.071875,1.0718702,4.792213439852588e-06
axis_arb_mux4,s_axis_tdata_reg[18],train,forencich_axis,interconnect_buffer,input_to_reg,1.071875,1.0718702,4.792213439852588e-06
axis_arb_mux4,s_axis_tdata_reg[19],train,forencich_axis,interconnect_buffer,input_to_reg,1.071875,1.0718702,4.792213439852588e-06
axis_arb_mux4,s_axis_tdata_reg[1],train,forencich_axis,interconnect_buffer,input_to_reg,1.071875,1.0718702,4.792213439852588e-06
axis_arb_mux4,s_axis_tdata_reg[20],train,forencich_axis,interconnect_buffer,input_to_reg,1.071875,1.0718702,4.792213439852588e-06
axis_arb_mux4,s_axis_tdata_reg[21],train,forencich_axis,interconnect_buffer,input_to_reg,1.071875,1.0718702,4.792213439852588e-06
axis_arb_mux4,s_axis_tdata_reg[22],train,forencich_axis,interconnect_buffer,input_to_reg,1.071875,1.0718702,4.792213439852588e-06
axis_arb_mux4,s_axis_tdata_reg[23],train,forencich_axis,interconnect_buffer,input_to_reg,1.071875,1.0718702,4.792213439852588e-06
axis_arb_mux4,s_axis_tdata_reg[24],train,forencich_axis,interconnect_buffer,input_to_reg,1.071875,1.0718702,4.792213439852588e-06
axis_arb_mux4,s_axis_tdata_reg[25],train,forencich_axis,interconnect_buffer,input_to_reg,1.071875,1.0718702,4.792213439852588e-06
axis_arb_mux4,s_axis_tdata_reg[26],train,forencich_axis,interconnect_buffer,input_to_reg,1.071875,1.0718702,4.792213439852588e-06
axis_arb_mux4,s_axis_tdata_reg[27],train,forencich_axis,interconnect_buffer,input_to_reg,1.071875,1.0718702,4.792213439852588e-06
axis_arb_mux4,s_axis_tdata_reg[28],train,forencich_axis,interconnect_buffer,input_to_reg,1.071875,1.0718702,4.792213439852588e-06
axis_arb_mux4,s_axis_tdata_reg[29],train,forencich_axis,interconnect_buffer,input_to_reg,1.071875,1.0718702,4.792213439852588e-06
axis_arb_mux4,s_axis_tdata_reg[2],train,forencich_axis,interconnect_buffer,input_to_reg,1.071875,1.0718702,4.792213439852588e-06
axis_arb_mux4,s_axis_tdata_reg[30],train,forencich_axis,interconnect_buffer,input_to_reg,1.071875,1.0718702,4.792213439852588e-06
axis_arb_mux4,s_axis_tdata_reg[31],train,forencich_axis,interconnect_buffer,input_to_reg,1.071875,1.0718702,4.792213439852588e-06
axis_arb_mux4,s_axis_tdata_reg[32],train,forencich_axis,interconnect_buffer,input_to_reg,1.071875,1.0718702,4.792213439852588e-06
axis_arb_mux4,s_axis_tdata_reg[33],train,forencich_axis,interconnect_buffer,input_to_reg,1.071875,1.0718702,4.792213439852588e-06
axis_arb_mux4,s_axis_tdata_reg[34],train,forencich_axis,interconnect_buffer,input_to_reg,1.071875,1.0718702,4.792213439852588e-06
axis_arb_mux4,s_axis_tdata_reg[35],train,forencich_axis,interconnect_buffer,input_to_reg,1.071875,1.0718702,4.792213439852588e-06
axis_arb_mux4,s_axis_tdata_reg[36],train,forencich_axis,interconnect_buffer,input_to_reg,1.071875,1.0718702,4.792213439852588e-06
axis_arb_mux4,s_axis_tdata_reg[37],train,forencich_axis,interconnect_buffer,input_to_reg,1.071875,1.0718702,4.792213439852588e-06
axis_arb_mux4,s_axis_tdata_reg[38],train,forencich_axis,interconnect_buffer,input_to_reg,1.071875,1.0718702,4.792213439852588e-06
axis_arb_mux4,s_axis_tdata_reg[39],train,forencich_axis,interconnect_buffer,input_to_reg,1.071875,1.0718702,4.792213439852588e-06
axis_arb_mux4,s_axis_tdata_reg[3],train,forencich_axis,interconnect_buffer,input_to_reg,1.071875,1.0718702,4.792213439852588e-06
axis_arb_mux4,s_axis_tdata_reg[40],train,forencich_axis,interconnect_buffer,input_to_reg,1.071875,1.0718702,4.792213439852588e-06
axis_arb_mux4,s_axis_tdata_reg[41],train,forencich_axis,interconnect_buffer,input_to_reg,1.071875,1.0718702,4.792213439852588e-06
axis_arb_mux4,s_axis_tdata_reg[42],train,forencich_axis,interconnect_buffer,input_to_reg,1.071875,1.0718702,4.792213439852588e-06
axis_arb_mux4,s_axis_tdata_reg[43],train,forencich_axis,interconnect_buffer,input_to_reg,1.071875,1.0718702,4.792213439852588e-06
axis_arb_mux4,s_axis_tdata_reg[44],train,forencich_axis,interconnect_buffer,input_to_reg,1.071875,1.0718702,4.792213439852588e-06
axis_arb_mux4,s_axis_tdata_reg[45],train,forencich_axis,interconnect_buffer,input_to_reg,1.071875,1.0718702,4.792213439852588e-06
axis_arb_mux4,s_axis_tdata_reg[46],train,forencich_axis,interconnect_buffer,input_to_reg,1.071875,1.0718702,4.792213439852588e-06
axis_arb_mux4,s_axis_tdata_reg[47],train,forencich_axis,interconnect_buffer,input_to_reg,1.071875,1.0718702,4.792213439852588e-06
axis_arb_mux4,s_axis_tdata_reg[48],train,forencich_axis,interconnect_buffer,input_to_reg,1.071875,1.0718702,4.792213439852588e-06
axis_arb_mux4,s_axis_tdata_reg[49],train,forencich_axis,interconnect_buffer,input_to_reg,1.071875,1.0718702,4.792213439852588e-06
axis_arb_mux4,s_axis_tdata_reg[4],train,forencich_axis,interconnect_buffer,input_to_reg,1.071875,1.0718702,4.792213439852588e-06
axis_arb_mux4,s_axis_tdata_reg[50],train,forencich_axis,interconnect_buffer,input_to_reg,1.071875,1.0718702,4.792213439852588e-06
axis_arb_mux4,s_axis_tdata_reg[51],train,forencich_axis,interconnect_buffer,input_to_reg,1.071875,1.0718702,4.792213439852588e-06
axis_arb_mux4,s_axis_tdata_reg[52],train,forencich_axis,interconnect_buffer,input_to_reg,1.071875,1.0718702,4.792213439852588e-06
axis_arb_mux4,s_axis_tdata_reg[53],train,forencich_axis,interconnect_buffer,input_to_reg,1.071875,1.0718702,4.792213439852588e-06
axis_arb_mux4,s_axis_tdata_reg[54],train,forencich_axis,interconnect_buffer,input_to_reg,1.071875,1.0718702,4.792213439852588e-06
axis_arb_mux4,s_axis_tdata_reg[55],train,forencich_axis,interconnect_buffer,input_to_reg,1.071875,1.0718702,4.792213439852588e-06
axis_arb_mux4,s_axis_tdata_reg[56],train,forencich_axis,interconnect_buffer,input_to_reg,1.071875,1.0718702,4.792213439852588e-06
axis_arb_mux4,s_axis_tdata_reg[57],train,forencich_axis,interconnect_buffer,input_to_reg,1.071875,1.0718702,4.792213439852588e-06
axis_arb_mux4,s_axis_tdata_reg[58],train,forencich_axis,interconnect_buffer,input_to_reg,1.071875,1.0718702,4.792213439852588e-06
axis_arb_mux4,s_axis_tdata_reg[59],train,forencich_axis,interconnect_buffer,input_to_reg,1.071875,1.0718702,4.792213439852588e-06
axis_arb_mux4,s_axis_tdata_reg[5],train,forencich_axis,interconnect_buffer,input_to_reg,1.071875,1.0718702,4.792213439852588e-06
axis_arb_mux4,s_axis_tdata_reg[60],train,forencich_axis,interconnect_buffer,input_to_reg,1.071875,1.0718702,4.792213439852588e-06
axis_arb_mux4,s_axis_tdata_reg[61],train,forencich_axis,interconnect_buffer,input_to_reg,1.071875,1.0718702,4.792213439852588e-06
axis_arb_mux4,s_axis_tdata_reg[62],train,forencich_axis,interconnect_buffer,input_to_reg,1.071875,1.0718702,4.792213439852588e-06
axis_arb_mux4,s_axis_tdata_reg[63],train,forencich_axis,interconnect_buffer,input_to_reg,1.071875,1.0718702,4.792213439852588e-06
axis_arb_mux4,s_axis_tdata_reg[64],train,forencich_axis,interconnect_buffer,input_to_reg,1.071875,1.0718702,4.792213439852588e-06
axis_arb_mux4,s_axis_tdata_reg[65],train,forencich_axis,interconnect_buffer,input_to_reg,1.071875,1.0718702,4.792213439852588e-06
axis_arb_mux4,s_axis_tdata_reg[66],train,forencich_axis,interconnect_buffer,input_to_reg,1.071875,1.0718702,4.792213439852588e-06
axis_arb_mux4,s_axis_tdata_reg[67],train,forencich_axis,interconnect_buffer,input_to_reg,1.071875,1.0718702,4.792213439852588e-06
axis_arb_mux4,s_axis_tdata_reg[68],train,forencich_axis,interconnect_buffer,input_to_reg,1.071875,1.0718702,4.792213439852588e-06
axis_arb_mux4,s_axis_tdata_reg[69],train,forencich_axis,interconnect_buffer,input_to_reg,1.071875,1.0718702,4.792213439852588e-06
axis_arb_mux4,s_axis_tdata_reg[6],train,forencich_axis,interconnect_buffer,input_to_reg,1.071875,1.0718702,4.792213439852588e-06
axis_arb_mux4,s_axis_tdata_reg[70],train,forencich_axis,interconnect_buffer,input_to_reg,1.071875,1.0718702,4.792213439852588e-06
axis_arb_mux4,s_axis_tdata_reg[71],train,forencich_axis,interconnect_buffer,input_to_reg,1.071875,1.0718702,4.792213439852588e-06
axis_arb_mux4,s_axis_tdata_reg[72],train,forencich_axis,interconnect_buffer,input_to_reg,1.071875,1.0718702,4.792213439852588e-06
axis_arb_mux4,s_axis_tdata_reg[73],train,forencich_axis,interconnect_buffer,input_to_reg,1.071875,1.0718702,4.792213439852588e-06
axis_arb_mux4,s_axis_tdata_reg[74],train,forencich_axis,interconnect_buffer,input_to_reg,1.071875,1.0718702,4.792213439852588e-06
axis_arb_mux4,s_axis_tdata_reg[75],train,forencich_axis,interconnect_buffer,input_to_reg,1.071875,1.0718702,4.792213439852588e-06
axis_arb_mux4,s_axis_tdata_reg[76],train,forencich_axis,interconnect_buffer,input_to_reg,1.071875,1.0718702,4.792213439852588e-06
axis_arb_mux4,s_axis_tdata_reg[77],train,forencich_axis,interconnect_buffer,input_to_reg,1.071875,1.0718702,4.792213439852588e-06
axis_arb_mux4,s_axis_tdata_reg[78],train,forencich_axis,interconnect_buffer,input_to_reg,1.071875,1.0718702,4.792213439852588e-06
axis_arb_mux4,s_axis_tdata_reg[79],train,forencich_axis,interconnect_buffer,input_to_reg,1.071875,1.0718702,4.792213439852588e-06
axis_arb_mux4,s_axis_tdata_reg[7],train,forencich_axis,interconnect_buffer,input_to_reg,1.071875,1.0718702,4.792213439852588e-06
axis_arb_mux4,s_axis_tdata_reg[80],train,forencich_axis,interconnect_buffer,input_to_reg,1.071875,1.0718702,4.792213439852588e-06
axis_arb_mux4,s_axis_tdata_reg[81],train,forencich_axis,interconnect_buffer,input_to_reg,1.071875,1.0718702,4.792213439852588e-06
axis_arb_mux4,s_axis_tdata_reg[82],train,forencich_axis,interconnect_buffer,input_to_reg,1.071875,1.0718702,4.792213439852588e-06
axis_arb_mux4,s_axis_tdata_reg[83],train,forencich_axis,interconnect_buffer,input_to_reg,1.071875,1.0718702,4.792213439852588e-06
axis_arb_mux4,s_axis_tdata_reg[84],train,forencich_axis,interconnect_buffer,input_to_reg,1.071875,1.0718702,4.792213439852588e-06
axis_arb_mux4,s_axis_tdata_reg[85],train,forencich_axis,interconnect_buffer,input_to_reg,1.071875,1.0718702,4.792213439852588e-06
axis_arb_mux4,s_axis_tdata_reg[86],train,forencich_axis,interconnect_buffer,input_to_reg,1.071875,1.0718702,4.792213439852588e-06
axis_arb_mux4,s_axis_tdata_reg[87],train,forencich_axis,interconnect_buffer,input_to_reg,1.071875,1.0718702,4.792213439852588e-06
axis_arb_mux4,s_axis_tdata_reg[88],train,forencich_axis,interconnect_buffer,input_to_reg,1.071875,1.0718702,4.792213439852588e-06
axis_arb_mux4,s_axis_tdata_reg[89],train,forencich_axis,interconnect_buffer,input_to_reg,1.071875,1.0718702,4.792213439852588e-06
axis_arb_mux4,s_axis_tdata_reg[8],train,forencich_axis,interconnect_buffer,input_to_reg,1.071875,1.0718702,4.792213439852588e-06
axis_arb_mux4,s_axis_tdata_reg[90],train,forencich_axis,interconnect_buffer,input_to_reg,1.071875,1.0718702,4.792213439852588e-06
axis_arb_mux4,s_axis_tdata_reg[91],train,forencich_axis,interconnect_buffer,input_to_reg,1.071875,1.0718702,4.792213439852588e-06
axis_arb_mux4,s_axis_tdata_reg[92],train,forencich_axis,interconnect_buffer,input_to_reg,1.071875,1.0718702,4.792213439852588e-06
axis_arb_mux4,s_axis_tdata_reg[93],train,forencich_axis,interconnect_buffer,input_to_reg,1.071875,1.0718702,4.792213439852588e-06
axis_arb_mux4,s_axis_tdata_reg[94],train,forencich_axis,interconnect_buffer,input_to_reg,1.071875,1.0718702,4.792213439852588e-06
axis_arb_mux4,s_axis_tdata_reg[95],train,forencich_axis,interconnect_buffer,input_to_reg,1.071875,1.0718702,4.792213439852588e-06
axis_arb_mux4,s_axis_tdata_reg[96],train,forencich_axis,interconnect_buffer,input_to_reg,1.071875,1.0718702,4.792213439852588e-06
axis_arb_mux4,s_axis_tdata_reg[97],train,forencich_axis,interconnect_buffer,input_to_reg,1.071875,1.0718702,4.792213439852588e-06
axis_arb_mux4,s_axis_tdata_reg[98],train,forencich_axis,interconnect_buffer,input_to_reg,1.071875,1.0718702,4.792213439852588e-06
axis_arb_mux4,s_axis_tdata_reg[99],train,forencich_axis,interconnect_buffer,input_to_reg,1.071875,1.0718702,4.792213439852588e-06
axis_arb_mux4,s_axis_tdata_reg[9],train,forencich_axis,interconnect_buffer,input_to_reg,1.071875,1.0718702,4.792213439852588e-06
axis_arb_mux4,s_axis_tvalid_reg[0],train,forencich_axis,interconnect_buffer,input_to_reg,1.083739,1.0622652,0.021473842300415047
axis_arb_mux4,s_axis_tvalid_reg[1],train,forencich_axis,interconnect_buffer,input_to_reg,1.04005,1.0622652,0.022215157699585042
axis_arb_mux4,s_axis_tvalid_reg[2],train,forencich_axis,interconnect_buffer,input_to_reg,1.083739,1.0622652,0.021473842300415047
axis_arb_mux4,s_axis_tvalid_reg[3],train,forencich_axis,interconnect_buffer,input_to_reg,1.04005,1.0622652,0.022215157699585042
axis_arb_mux4,temp_m_axis_tdata_reg[0],train,forencich_axis,interconnect_buffer,input_to_reg,1.37924,1.3792526,1.2552986144998002e-05
axis_arb_mux4,temp_m_axis_tdata_reg[10],train,forencich_axis,interconnect_buffer,input_to_reg,1.37924,1.3792526,1.2552986144998002e-05
axis_arb_mux4,temp_m_axis_tdata_reg[11],train,forencich_axis,interconnect_buffer,input_to_reg,1.37924,1.3792526,1.2552986144998002e-05
axis_arb_mux4,temp_m_axis_tdata_reg[12],train,forencich_axis,interconnect_buffer,input_to_reg,1.37924,1.3792526,1.2552986144998002e-05
axis_arb_mux4,temp_m_axis_tdata_reg[13],train,forencich_axis,interconnect_buffer,input_to_reg,1.37924,1.3792526,1.2552986144998002e-05
axis_arb_mux4,temp_m_axis_tdata_reg[14],train,forencich_axis,interconnect_buffer,input_to_reg,1.37924,1.3792526,1.2552986144998002e-05
axis_arb_mux4,temp_m_axis_tdata_reg[15],train,forencich_axis,interconnect_buffer,input_to_reg,1.37924,1.3792526,1.2552986144998002e-05
axis_arb_mux4,temp_m_axis_tdata_reg[16],train,forencich_axis,interconnect_buffer,input_to_reg,1.37924,1.3792526,1.2552986144998002e-05
axis_arb_mux4,temp_m_axis_tdata_reg[17],train,forencich_axis,interconnect_buffer,input_to_reg,1.37924,1.3792526,1.2552986144998002e-05
axis_arb_mux4,temp_m_axis_tdata_reg[18],train,forencich_axis,interconnect_buffer,input_to_reg,1.37924,1.3792526,1.2552986144998002e-05
axis_arb_mux4,temp_m_axis_tdata_reg[19],train,forencich_axis,interconnect_buffer,input_to_reg,1.37924,1.3792526,1.2552986144998002e-05
axis_arb_mux4,temp_m_axis_tdata_reg[1],train,forencich_axis,interconnect_buffer,input_to_reg,1.37924,1.3792526,1.2552986144998002e-05
axis_arb_mux4,temp_m_axis_tdata_reg[20],train,forencich_axis,interconnect_buffer,input_to_reg,1.37924,1.3792526,1.2552986144998002e-05
axis_arb_mux4,temp_m_axis_tdata_reg[21],train,forencich_axis,interconnect_buffer,input_to_reg,1.37924,1.3792526,1.2552986144998002e-05
axis_arb_mux4,temp_m_axis_tdata_reg[22],train,forencich_axis,interconnect_buffer,input_to_reg,1.37924,1.3792526,1.2552986144998002e-05
axis_arb_mux4,temp_m_axis_tdata_reg[23],train,forencich_axis,interconnect_buffer,input_to_reg,1.37924,1.3792526,1.2552986144998002e-05
axis_arb_mux4,temp_m_axis_tdata_reg[24],train,forencich_axis,interconnect_buffer,input_to_reg,1.37924,1.3792526,1.2552986144998002e-05
axis_arb_mux4,temp_m_axis_tdata_reg[25],train,forencich_axis,interconnect_buffer,input_to_reg,1.37924,1.3792526,1.2552986144998002e-05
axis_arb_mux4,temp_m_axis_tdata_reg[26],train,forencich_axis,interconnect_buffer,input_to_reg,1.37924,1.3792526,1.2552986144998002e-05
axis_arb_mux4,temp_m_axis_tdata_reg[27],train,forencich_axis,interconnect_buffer,input_to_reg,1.37924,1.3792526,1.2552986144998002e-05
axis_arb_mux4,temp_m_axis_tdata_reg[28],train,forencich_axis,interconnect_buffer,input_to_reg,1.37924,1.3792526,1.2552986144998002e-05
axis_arb_mux4,temp_m_axis_tdata_reg[29],train,forencich_axis,interconnect_buffer,input_to_reg,1.37924,1.3792526,1.2552986144998002e-05
axis_arb_mux4,temp_m_axis_tdata_reg[2],train,forencich_axis,interconnect_buffer,input_to_reg,1.37924,1.3792526,1.2552986144998002e-05
axis_arb_mux4,temp_m_axis_tdata_reg[30],train,forencich_axis,interconnect_buffer,input_to_reg,1.37924,1.3792526,1.2552986144998002e-05
axis_arb_mux4,temp_m_axis_tdata_reg[31],train,forencich_axis,interconnect_buffer,input_to_reg,1.37924,1.3792526,1.2552986144998002e-05
axis_arb_mux4,temp_m_axis_tdata_reg[3],train,forencich_axis,interconnect_buffer,input_to_reg,1.37924,1.3792526,1.2552986144998002e-05
axis_arb_mux4,temp_m_axis_tdata_reg[4],train,forencich_axis,interconnect_buffer,input_to_reg,1.37924,1.3792526,1.2552986144998002e-05
axis_arb_mux4,temp_m_axis_tdata_reg[5],train,forencich_axis,interconnect_buffer,input_to_reg,1.37924,1.3792526,1.2552986144998002e-05
axis_arb_mux4,temp_m_axis_tdata_reg[6],train,forencich_axis,interconnect_buffer,input_to_reg,1.37924,1.3792526,1.2552986144998002e-05
axis_arb_mux4,temp_m_axis_tdata_reg[7],train,forencich_axis,interconnect_buffer,input_to_reg,1.37924,1.3792526,1.2552986144998002e-05
axis_arb_mux4,temp_m_axis_tdata_reg[8],train,forencich_axis,interconnect_buffer,input_to_reg,1.37924,1.3792526,1.2552986144998002e-05
axis_arb_mux4,temp_m_axis_tdata_reg[9],train,forencich_axis,interconnect_buffer,input_to_reg,1.37924,1.3792526,1.2552986144998002e-05
axis_arb_mux4,temp_m_axis_tvalid_reg,train,forencich_axis,interconnect_buffer,input_to_reg,1.400049,1.4012012,0.0011522481689452135
axis_skid32,genblk1.temp_m_axis_tdata_reg[0],train,forencich_axis,interconnect_buffer,input_to_reg,1.282136,1.2820655,7.048925018304786e-05
axis_skid32,genblk1.temp_m_axis_tdata_reg[10],train,forencich_axis,interconnect_buffer,input_to_reg,1.282136,1.2820655,7.048925018304786e-05
axis_skid32,genblk1.temp_m_axis_tdata_reg[11],train,forencich_axis,interconnect_buffer,input_to_reg,1.282136,1.2820655,7.048925018304786e-05
axis_skid32,genblk1.temp_m_axis_tdata_reg[12],train,forencich_axis,interconnect_buffer,input_to_reg,1.282136,1.2820655,7.048925018304786e-05
axis_skid32,genblk1.temp_m_axis_tdata_reg[13],train,forencich_axis,interconnect_buffer,input_to_reg,1.282136,1.2820655,7.048925018304786e-05
axis_skid32,genblk1.temp_m_axis_tdata_reg[14],train,forencich_axis,interconnect_buffer,input_to_reg,1.282136,1.2820655,7.048925018304786e-05
axis_skid32,genblk1.temp_m_axis_tdata_reg[15],train,forencich_axis,interconnect_buffer,input_to_reg,1.282136,1.2820655,7.048925018304786e-05
axis_skid32,genblk1.temp_m_axis_tdata_reg[16],train,forencich_axis,interconnect_buffer,input_to_reg,1.282136,1.2820655,7.048925018304786e-05
axis_skid32,genblk1.temp_m_axis_tdata_reg[17],train,forencich_axis,interconnect_buffer,input_to_reg,1.282136,1.2820655,7.048925018304786e-05
axis_skid32,genblk1.temp_m_axis_tdata_reg[18],train,forencich_axis,interconnect_buffer,input_to_reg,1.282136,1.2820655,7.048925018304786e-05
axis_skid32,genblk1.temp_m_axis_tdata_reg[19],train,forencich_axis,interconnect_buffer,input_to_reg,1.282136,1.2820655,7.048925018304786e-05
axis_skid32,genblk1.temp_m_axis_tdata_reg[1],train,forencich_axis,interconnect_buffer,input_to_reg,1.282136,1.2820655,7.048925018304786e-05
axis_skid32,genblk1.temp_m_axis_tdata_reg[20],train,forencich_axis,interconnect_buffer,input_to_reg,1.282136,1.2820655,7.048925018304786e-05
axis_skid32,genblk1.temp_m_axis_tdata_reg[21],train,forencich_axis,interconnect_buffer,input_to_reg,1.282136,1.2820655,7.048925018304786e-05
axis_skid32,genblk1.temp_m_axis_tdata_reg[22],train,forencich_axis,interconnect_buffer,input_to_reg,1.282136,1.2820655,7.048925018304786e-05
axis_skid32,genblk1.temp_m_axis_tdata_reg[23],train,forencich_axis,interconnect_buffer,input_to_reg,1.282136,1.2820655,7.048925018304786e-05
axis_skid32,genblk1.temp_m_axis_tdata_reg[24],train,forencich_axis,interconnect_buffer,input_to_reg,1.282136,1.2820655,7.048925018304786e-05
axis_skid32,genblk1.temp_m_axis_tdata_reg[25],train,forencich_axis,interconnect_buffer,input_to_reg,1.282136,1.2820655,7.048925018304786e-05
axis_skid32,genblk1.temp_m_axis_tdata_reg[26],train,forencich_axis,interconnect_buffer,input_to_reg,1.282136,1.2820655,7.048925018304786e-05
axis_skid32,genblk1.temp_m_axis_tdata_reg[27],train,forencich_axis,interconnect_buffer,input_to_reg,1.282136,1.2820655,7.048925018304786e-05
axis_skid32,genblk1.temp_m_axis_tdata_reg[28],train,forencich_axis,interconnect_buffer,input_to_reg,1.282136,1.2820655,7.048925018304786e-05
axis_skid32,genblk1.temp_m_axis_tdata_reg[29],train,forencich_axis,interconnect_buffer,input_to_reg,1.282136,1.2820655,7.048925018304786e-05
axis_skid32,genblk1.temp_m_axis_tdata_reg[2],train,forencich_axis,interconnect_buffer,input_to_reg,1.282136,1.2820655,7.048925018304786e-05
axis_skid32,genblk1.temp_m_axis_tdata_reg[30],train,forencich_axis,interconnect_buffer,input_to_reg,1.282136,1.2820655,7.048925018304786e-05
axis_skid32,genblk1.temp_m_axis_tdata_reg[31],train,forencich_axis,interconnect_buffer,input_to_reg,1.282136,1.2820655,7.048925018304786e-05
axis_skid32,genblk1.temp_m_axis_tdata_reg[3],train,forencich_axis,interconnect_buffer,input_to_reg,1.282136,1.2820655,7.048925018304786e-05
axis_skid32,genblk1.temp_m_axis_tdata_reg[4],train,forencich_axis,interconnect_buffer,input_to_reg,1.282136,1.2820655,7.048925018304786e-05
axis_skid32,genblk1.temp_m_axis_tdata_reg[5],train,forencich_axis,interconnect_buffer,input_to_reg,1.282136,1.2820655,7.048925018304786e-05
axis_skid32,genblk1.temp_m_axis_tdata_reg[6],train,forencich_axis,interconnect_buffer,input_to_reg,1.282136,1.2820655,7.048925018304786e-05
axis_skid32,genblk1.temp_m_axis_tdata_reg[7],train,forencich_axis,interconnect_buffer,input_to_reg,1.282136,1.2820655,7.048925018304786e-05
axis_skid32,genblk1.temp_m_axis_tdata_reg[8],train,forencich_axis,interconnect_buffer,input_to_reg,1.282136,1.2820655,7.048925018304786e-05
axis_skid32,genblk1.temp_m_axis_tdata_reg[9],train,forencich_axis,interconnect_buffer,input_to_reg,1.282136,1.2820655,7.048925018304786e-05
axis_skid32,genblk1.temp_m_axis_tvalid_reg,train,forencich_axis,interconnect_buffer,input_to_reg,1.151065,1.1510397,2.5280418396000925e-05
axis_skid32,m_axis_tdata[0],train,forencich_axis,interconnect_buffer,input_to_reg,1.37904,1.3789914,4.8634567260785744e-05
axis_skid32,m_axis_tdata[10],train,forencich_axis,interconnect_buffer,input_to_reg,1.37904,1.3789914,4.8634567260785744e-05
axis_skid32,m_axis_tdata[11],train,forencich_axis,interconnect_buffer,input_to_reg,1.37904,1.3790394,5.932235718209e-07
axis_skid32,m_axis_tdata[12],train,forencich_axis,interconnect_buffer,input_to_reg,1.37904,1.3790394,5.932235718209e-07
axis_skid32,m_axis_tdata[13],train,forencich_axis,interconnect_buffer,input_to_reg,1.37904,1.3790394,5.932235718209e-07
axis_skid32,m_axis_tdata[14],train,forencich_axis,interconnect_buffer,input_to_reg,1.37904,1.3789914,4.8634567260785744e-05
axis_skid32,m_axis_tdata[15],train,forencich_axis,interconnect_buffer,input_to_reg,1.37904,1.3790394,5.932235718209e-07
axis_skid32,m_axis_tdata[16],train,forencich_axis,interconnect_buffer,input_to_reg,1.37904,1.3790394,5.932235718209e-07
axis_skid32,m_axis_tdata[17],train,forencich_axis,interconnect_buffer,input_to_reg,1.37904,1.3789914,4.8634567260785744e-05
axis_skid32,m_axis_tdata[18],train,forencich_axis,interconnect_buffer,input_to_reg,1.37904,1.3789914,4.8634567260785744e-05
axis_skid32,m_axis_tdata[19],train,forencich_axis,interconnect_buffer,input_to_reg,1.37904,1.3789914,4.8634567260785744e-05
axis_skid32,m_axis_tdata[1],train,forencich_axis,interconnect_buffer,input_to_reg,1.37904,1.3789914,4.8634567260785744e-05
axis_skid32,m_axis_tdata[20],train,forencich_axis,interconnect_buffer,input_to_reg,1.37904,1.3789914,4.8634567260785744e-05
axis_skid32,m_axis_tdata[21],train,forencich_axis,interconnect_buffer,input_to_reg,1.37904,1.3789914,4.8634567260785744e-05
axis_skid32,m_axis_tdata[22],train,forencich_axis,interconnect_buffer,input_to_reg,1.37904,1.3789914,4.8634567260785744e-05
axis_skid32,m_axis_tdata[23],train,forencich_axis,interconnect_buffer,input_to_reg,1.37904,1.3790394,5.932235718209e-07
axis_skid32,m_axis_tdata[24],train,forencich_axis,interconnect_buffer,input_to_reg,1.37904,1.3790394,5.932235718209e-07
axis_skid32,m_axis_tdata[25],train,forencich_axis,interconnect_buffer,input_to_reg,1.37904,1.3790394,5.932235718209e-07
axis_skid32,m_axis_tdata[26],train,forencich_axis,interconnect_buffer,input_to_reg,1.37904,1.3790394,5.932235718209e-07
axis_skid32,m_axis_tdata[27],train,forencich_axis,interconnect_buffer,input_to_reg,1.37904,1.3790394,5.932235718209e-07
axis_skid32,m_axis_tdata[28],train,forencich_axis,interconnect_buffer,input_to_reg,1.37904,1.3790394,5.932235718209e-07
axis_skid32,m_axis_tdata[29],train,forencich_axis,interconnect_buffer,input_to_reg,1.37904,1.3789914,4.8634567260785744e-05
axis_skid32,m_axis_tdata[2],train,forencich_axis,interconnect_buffer,input_to_reg,1.37904,1.3789914,4.8634567260785744e-05
axis_skid32,m_axis_tdata[30],train,forencich_axis,interconnect_buffer,input_to_reg,1.37904,1.3789914,4.8634567260785744e-05
axis_skid32,m_axis_tdata[31],train,forencich_axis,interconnect_buffer,input_to_reg,1.37904,1.3790394,5.932235718209e-07
axis_skid32,m_axis_tdata[3],train,forencich_axis,interconnect_buffer,input_to_reg,1.37904,1.3790394,5.932235718209e-07
axis_skid32,m_axis_tdata[4],train,forencich_axis,interconnect_buffer,input_to_reg,1.37904,1.3789914,4.8634567260785744e-05
axis_skid32,m_axis_tdata[5],train,forencich_axis,interconnect_buffer,input_to_reg,1.37904,1.3790394,5.932235718209e-07
axis_skid32,m_axis_tdata[6],train,forencich_axis,interconnect_buffer,input_to_reg,1.37904,1.3789914,4.8634567260785744e-05
axis_skid32,m_axis_tdata[7],train,forencich_axis,interconnect_buffer,input_to_reg,1.37904,1.3789914,4.8634567260785744e-05
axis_skid32,m_axis_tdata[8],train,forencich_axis,interconnect_buffer,input_to_reg,1.37904,1.3790394,5.932235718209e-07
axis_skid32,m_axis_tdata[9],train,forencich_axis,interconnect_buffer,input_to_reg,1.37904,1.3790394,5.932235718209e-07
axis_skid32,m_axis_tvalid,train,forencich_axis,interconnect_buffer,input_to_reg,1.416378,1.4166687,0.00029065348815926484
axis_skid32,s_axis_tready,train,forencich_axis,interconnect_buffer,input_to_reg,1.077003,1.0775616,0.0005586168975830752
