design,rtl_bit,common_ff,bog_ff,bog_d_pin,mapped_ff,mapped_d_pin
femtorv_quark,registerFile[31][0],$auto$ff.cc:337:slice$1150,_14301_,_14301_/D,_12863_,_12863_/D
femtorv_quark,registerFile[31][1],$auto$ff.cc:337:slice$1151,_14302_,_14302_/D,_12864_,_12864_/D
femtorv_quark,registerFile[31][2],$auto$ff.cc:337:slice$1152,_14303_,_14303_/D,_12865_,_12865_/D
femtorv_quark,registerFile[31][3],$auto$ff.cc:337:slice$1153,_14304_,_14304_/D,_12866_,_12866_/D
femtorv_quark,registerFile[31][4],$auto$ff.cc:337:slice$1154,_14305_,_14305_/D,_12867_,_12867_/D
femtorv_quark,registerFile[31][5],$auto$ff.cc:337:slice$1155,_14306_,_14306_/D,_12868_,_12868_/D
femtorv_quark,registerFile[31][6],$auto$ff.cc:337:slice$1156,_14307_,_14307_/D,_12869_,_12869_/D
femtorv_quark,registerFile[31][7],$auto$ff.cc:337:slice$1157,_14308_,_14308_/D,_12870_,_12870_/D
femtorv_quark,registerFile[31][8],$auto$ff.cc:337:slice$1158,_14309_,_14309_/D,_12871_,_12871_/D
femtorv_quark,registerFile[31][9],$auto$ff.cc:337:slice$1159,_14310_,_14310_/D,_12872_,_12872_/D
femtorv_quark,registerFile[31][10],$auto$ff.cc:337:slice$1160,_14311_,_14311_/D,_12873_,_12873_/D
femtorv_quark,registerFile[31][11],$auto$ff.cc:337:slice$1161,_14312_,_14312_/D,_12874_,_12874_/D
femtorv_quark,registerFile[31][12],$auto$ff.cc:337:slice$1162,_14313_,_14313_/D,_12875_,_12875_/D
femtorv_quark,registerFile[31][13],$auto$ff.cc:337:slice$1163,_14314_,_14314_/D,_12876_,_12876_/D
femtorv_quark,registerFile[31][14],$auto$ff.cc:337:slice$1164,_14315_,_14315_/D,_12877_,_12877_/D
femtorv_quark,registerFile[31][15],$auto$ff.cc:337:slice$1165,_14316_,_14316_/D,_12878_,_12878_/D
femtorv_quark,registerFile[31][16],$auto$ff.cc:337:slice$1166,_14317_,_14317_/D,_12879_,_12879_/D
femtorv_quark,registerFile[31][17],$auto$ff.cc:337:slice$1167,_14318_,_14318_/D,_12880_,_12880_/D
femtorv_quark,registerFile[31][18],$auto$ff.cc:337:slice$1168,_14319_,_14319_/D,_12881_,_12881_/D
femtorv_quark,registerFile[31][19],$auto$ff.cc:337:slice$1169,_14320_,_14320_/D,_12882_,_12882_/D
femtorv_quark,registerFile[31][20],$auto$ff.cc:337:slice$1170,_14321_,_14321_/D,_12883_,_12883_/D
femtorv_quark,registerFile[31][21],$auto$ff.cc:337:slice$1171,_14322_,_14322_/D,_12884_,_12884_/D
femtorv_quark,registerFile[31][22],$auto$ff.cc:337:slice$1172,_14323_,_14323_/D,_12885_,_12885_/D
femtorv_quark,registerFile[31][23],$auto$ff.cc:337:slice$1173,_14324_,_14324_/D,_12886_,_12886_/D
femtorv_quark,registerFile[31][24],$auto$ff.cc:337:slice$1174,_14325_,_14325_/D,_12887_,_12887_/D
femtorv_quark,registerFile[31][25],$auto$ff.cc:337:slice$1175,_14326_,_14326_/D,_12888_,_12888_/D
femtorv_quark,registerFile[31][26],$auto$ff.cc:337:slice$1176,_14327_,_14327_/D,_12889_,_12889_/D
femtorv_quark,registerFile[31][27],$auto$ff.cc:337:slice$1177,_14328_,_14328_/D,_12890_,_12890_/D
femtorv_quark,registerFile[31][28],$auto$ff.cc:337:slice$1178,_14329_,_14329_/D,_12891_,_12891_/D
femtorv_quark,registerFile[31][29],$auto$ff.cc:337:slice$1179,_14330_,_14330_/D,_12892_,_12892_/D
femtorv_quark,registerFile[31][30],$auto$ff.cc:337:slice$1180,_14331_,_14331_/D,_12893_,_12893_/D
femtorv_quark,registerFile[31][31],$auto$ff.cc:337:slice$1181,_14298_,_14298_/D,_12860_,_12860_/D
femtorv_quark,registerFile[30][0],$auto$ff.cc:337:slice$1182,_14332_,_14332_/D,_12894_,_12894_/D
femtorv_quark,registerFile[30][1],$auto$ff.cc:337:slice$1183,_14333_,_14333_/D,_12895_,_12895_/D
femtorv_quark,registerFile[30][2],$auto$ff.cc:337:slice$1184,_14334_,_14334_/D,_12896_,_12896_/D
femtorv_quark,registerFile[30][3],$auto$ff.cc:337:slice$1185,_14335_,_14335_/D,_12897_,_12897_/D
femtorv_quark,registerFile[30][4],$auto$ff.cc:337:slice$1186,_14336_,_14336_/D,_12898_,_12898_/D
femtorv_quark,registerFile[30][5],$auto$ff.cc:337:slice$1187,_14337_,_14337_/D,_12899_,_12899_/D
femtorv_quark,registerFile[30][6],$auto$ff.cc:337:slice$1188,_14338_,_14338_/D,_12900_,_12900_/D
femtorv_quark,registerFile[30][7],$auto$ff.cc:337:slice$1189,_14339_,_14339_/D,_12901_,_12901_/D
femtorv_quark,registerFile[30][8],$auto$ff.cc:337:slice$1190,_14340_,_14340_/D,_12902_,_12902_/D
femtorv_quark,registerFile[30][9],$auto$ff.cc:337:slice$1191,_14341_,_14341_/D,_12903_,_12903_/D
femtorv_quark,registerFile[30][10],$auto$ff.cc:337:slice$1192,_14342_,_14342_/D,_12904_,_12904_/D
femtorv_quark,registerFile[30][11],$auto$ff.cc:337:slice$1193,_14343_,_14343_/D,_12905_,_12905_/D
femtorv_quark,registerFile[30][12],$auto$ff.cc:337:slice$1194,_14344_,_14344_/D,_12906_,_12906_/D
femtorv_quark,registerFile[30][13],$auto$ff.cc:337:slice$1195,_14345_,_14345_/D,_12907_,_12907_/D
femtorv_quark,registerFile[30][14],$auto$ff.cc:337:slice$1196,_14346_,_14346_/D,_12908_,_12908_/D
femtorv_quark,registerFile[30][15],$auto$ff.cc:337:slice$1197,_14347_,_14347_/D,_12909_,_12909_/D
femtorv_quark,registerFile[30][16],$auto$ff.cc:337:slice$1198,_14348_,_14348_/D,_12910_,_12910_/D
femtorv_quark,registerFile[30][17],$auto$ff.cc:337:slice$1199,_14349_,_14349_/D,_12911_,_12911_/D
femtorv_quark,registerFile[30][18],$auto$ff.cc:337:slice$1200,_14350_,_14350_/D,_12912_,_12912_/D
femtorv_quark,registerFile[30][19],$auto$ff.cc:337:slice$1201,_14351_,_14351_/D,_12913_,_12913_/D
femtorv_quark,registerFile[30][20],$auto$ff.cc:337:slice$1202,_14352_,_14352_/D,_12914_,_12914_/D
femtorv_quark,registerFile[30][21],$auto$ff.cc:337:slice$1203,_14353_,_14353_/D,_12915_,_12915_/D
femtorv_quark,registerFile[30][22],$auto$ff.cc:337:slice$1204,_14354_,_14354_/D,_12916_,_12916_/D
femtorv_quark,registerFile[30][23],$auto$ff.cc:337:slice$1205,_14355_,_14355_/D,_12917_,_12917_/D
femtorv_quark,registerFile[30][24],$auto$ff.cc:337:slice$1206,_14356_,_14356_/D,_12918_,_12918_/D
femtorv_quark,registerFile[30][25],$auto$ff.cc:337:slice$1207,_14357_,_14357_/D,_12919_,_12919_/D
femtorv_quark,registerFile[30][26],$auto$ff.cc:337:slice$1208,_14358_,_14358_/D,_12920_,_12920_/D
femtorv_quark,registerFile[30][27],$auto$ff.cc:337:slice$1209,_14359_,_14359_/D,_12921_,_12921_/D
femtorv_quark,registerFile[30][28],$auto$ff.cc:337:slice$1210,_14360_,_14360_/D,_12922_,_12922_/D
femtorv_quark,registerFile[30][29],$auto$ff.cc:337:slice$1211,_14361_,_14361_/D,_12923_,_12923_/D
femtorv_quark,registerFile[30][30],$auto$ff.cc:337:slice$1212,_14362_,_14362_/D,_12924_,_12924_/D
femtorv_quark,registerFile[30][31],$auto$ff.cc:337:slice$1213,_14297_,_14297_/D,_12859_,_12859_/D
femtorv_quark,registerFile[29][0],$auto$ff.cc:337:slice$1214,_14363_,_14363_/D,_12925_,_12925_/D
femtorv_quark,registerFile[29][1],$auto$ff.cc:337:slice$1215,_14364_,_14364_/D,_12926_,_12926_/D
femtorv_quark,registerFile[29][2],$auto$ff.cc:337:slice$1216,_14365_,_14365_/D,_12927_,_12927_/D
femtorv_quark,registerFile[29][3],$auto$ff.cc:337:slice$1217,_14366_,_14366_/D,_12928_,_12928_/D
femtorv_quark,registerFile[29][4],$auto$ff.cc:337:slice$1218,_14367_,_14367_/D,_12929_,_12929_/D
femtorv_quark,registerFile[29][5],$auto$ff.cc:337:slice$1219,_14368_,_14368_/D,_12930_,_12930_/D
femtorv_quark,registerFile[29][6],$auto$ff.cc:337:slice$1220,_14369_,_14369_/D,_12931_,_12931_/D
femtorv_quark,registerFile[29][7],$auto$ff.cc:337:slice$1221,_14370_,_14370_/D,_12932_,_12932_/D
femtorv_quark,registerFile[29][8],$auto$ff.cc:337:slice$1222,_14371_,_14371_/D,_12933_,_12933_/D
femtorv_quark,registerFile[29][9],$auto$ff.cc:337:slice$1223,_14372_,_14372_/D,_12934_,_12934_/D
femtorv_quark,registerFile[29][10],$auto$ff.cc:337:slice$1224,_14373_,_14373_/D,_12935_,_12935_/D
femtorv_quark,registerFile[29][11],$auto$ff.cc:337:slice$1225,_14374_,_14374_/D,_12936_,_12936_/D
femtorv_quark,registerFile[29][12],$auto$ff.cc:337:slice$1226,_14375_,_14375_/D,_12937_,_12937_/D
femtorv_quark,registerFile[29][13],$auto$ff.cc:337:slice$1227,_14376_,_14376_/D,_12938_,_12938_/D
femtorv_quark,registerFile[29][14],$auto$ff.cc:337:slice$1228,_14377_,_14377_/D,_12939_,_12939_/D
femtorv_quark,registerFile[29][15],$auto$ff.cc:337:slice$1229,_14378_,_14378_/D,_12940_,_12940_/D
femtorv_quark,registerFile[29][16],$auto$ff.cc:337:slice$1230,_14379_,_14379_/D,_12941_,_12941_/D
femtorv_quark,registerFile[29][17],$auto$ff.cc:337:slice$1231,_14380_,_14380_/D,_12942_,_12942_/D
femtorv_quark,registerFile[29][18],$auto$ff.cc:337:slice$1232,_14381_,_14381_/D,_12943_,_12943_/D
femtorv_quark,registerFile[29][19],$auto$ff.cc:337:slice$1233,_14382_,_14382_/D,_12944_,_12944_/D
femtorv_quark,registerFile[29][20],$auto$ff.cc:337:slice$1234,_14383_,_14383_/D,_12945_,_12945_/D
femtorv_quark,registerFile[29][21],$auto$ff.cc:337:slice$1235,_14384_,_14384_/D,_12946_,_12946_/D
femtorv_quark,registerFile[29][22],$auto$ff.cc:337:slice$1236,_14385_,_14385_/D,_12947_,_12947_/D
femtorv_quark,registerFile[29][23],$auto$ff.cc:337:slice$1237,_14386_,_14386_/D,_12948_,_12948_/D
femtorv_quark,registerFile[29][24],$auto$ff.cc:337:slice$1238,_14387_,_14387_/D,_12949_,_12949_/D
femtorv_quark,registerFile[29][25],$auto$ff.cc:337:slice$1239,_14388_,_14388_/D,_12950_,_12950_/D
femtorv_quark,registerFile[29][26],$auto$ff.cc:337:slice$1240,_14389_,_14389_/D,_12951_,_12951_/D
femtorv_quark,registerFile[29][27],$auto$ff.cc:337:slice$1241,_14390_,_14390_/D,_12952_,_12952_/D
femtorv_quark,registerFile[29][28],$auto$ff.cc:337:slice$1242,_14391_,_14391_/D,_12953_,_12953_/D
femtorv_quark,registerFile[29][29],$auto$ff.cc:337:slice$1243,_14392_,_14392_/D,_12954_,_12954_/D
femtorv_quark,registerFile[29][30],$auto$ff.cc:337:slice$1244,_14393_,_14393_/D,_12955_,_12955_/D
femtorv_quark,registerFile[29][31],$auto$ff.cc:337:slice$1245,_14296_,_14296_/D,_12858_,_12858_/D
femtorv_quark,registerFile[28][0],$auto$ff.cc:337:slice$1246,_14394_,_14394_/D,_12956_,_12956_/D
femtorv_quark,registerFile[28][1],$auto$ff.cc:337:slice$1247,_14395_,_14395_/D,_12957_,_12957_/D
femtorv_quark,registerFile[28][2],$auto$ff.cc:337:slice$1248,_14396_,_14396_/D,_12958_,_12958_/D
femtorv_quark,registerFile[28][3],$auto$ff.cc:337:slice$1249,_14397_,_14397_/D,_12959_,_12959_/D
femtorv_quark,registerFile[28][4],$auto$ff.cc:337:slice$1250,_14398_,_14398_/D,_12960_,_12960_/D
femtorv_quark,registerFile[28][5],$auto$ff.cc:337:slice$1251,_14399_,_14399_/D,_12961_,_12961_/D
femtorv_quark,registerFile[28][6],$auto$ff.cc:337:slice$1252,_14400_,_14400_/D,_12962_,_12962_/D
femtorv_quark,registerFile[28][7],$auto$ff.cc:337:slice$1253,_14401_,_14401_/D,_12963_,_12963_/D
femtorv_quark,registerFile[28][8],$auto$ff.cc:337:slice$1254,_14402_,_14402_/D,_12964_,_12964_/D
femtorv_quark,registerFile[28][9],$auto$ff.cc:337:slice$1255,_14403_,_14403_/D,_12965_,_12965_/D
femtorv_quark,registerFile[28][10],$auto$ff.cc:337:slice$1256,_14404_,_14404_/D,_12966_,_12966_/D
femtorv_quark,registerFile[28][11],$auto$ff.cc:337:slice$1257,_14405_,_14405_/D,_12967_,_12967_/D
femtorv_quark,registerFile[28][12],$auto$ff.cc:337:slice$1258,_14406_,_14406_/D,_12968_,_12968_/D
femtorv_quark,registerFile[28][13],$auto$ff.cc:337:slice$1259,_14407_,_14407_/D,_12969_,_12969_/D
femtorv_quark,registerFile[28][14],$auto$ff.cc:337:slice$1260,_14408_,_14408_/D,_12970_,_12970_/D
femtorv_quark,registerFile[28][15],$auto$ff.cc:337:slice$1261,_14409_,_14409_/D,_12971_,_12971_/D
femtorv_quark,registerFile[28][16],$auto$ff.cc:337:slice$1262,_14410_,_14410_/D,_12972_,_12972_/D
femtorv_quark,registerFile[28][17],$auto$ff.cc:337:slice$1263,_14411_,_14411_/D,_12973_,_12973_/D
femtorv_quark,registerFile[28][18],$auto$ff.cc:337:slice$1264,_14412_,_14412_/D,_12974_,_12974_/D
femtorv_quark,registerFile[28][19],$auto$ff.cc:337:slice$1265,_14413_,_14413_/D,_12975_,_12975_/D
femtorv_quark,registerFile[28][20],$auto$ff.cc:337:slice$1266,_14414_,_14414_/D,_12976_,_12976_/D
femtorv_quark,registerFile[28][21],$auto$ff.cc:337:slice$1267,_14415_,_14415_/D,_12977_,_12977_/D
femtorv_quark,registerFile[28][22],$auto$ff.cc:337:slice$1268,_14416_,_14416_/D,_12978_,_12978_/D
femtorv_quark,registerFile[28][23],$auto$ff.cc:337:slice$1269,_14417_,_14417_/D,_12979_,_12979_/D
femtorv_quark,registerFile[28][24],$auto$ff.cc:337:slice$1270,_14418_,_14418_/D,_12980_,_12980_/D
femtorv_quark,registerFile[28][25],$auto$ff.cc:337:slice$1271,_14419_,_14419_/D,_12981_,_12981_/D
femtorv_quark,registerFile[28][26],$auto$ff.cc:337:slice$1272,_14420_,_14420_/D,_12982_,_12982_/D
femtorv_quark,registerFile[28][27],$auto$ff.cc:337:slice$1273,_14421_,_14421_/D,_12983_,_12983_/D
femtorv_quark,registerFile[28][28],$auto$ff.cc:337:slice$1274,_14422_,_14422_/D,_12984_,_12984_/D
femtorv_quark,registerFile[28][29],$auto$ff.cc:337:slice$1275,_14423_,_14423_/D,_12985_,_12985_/D
femtorv_quark,registerFile[28][30],$auto$ff.cc:337:slice$1276,_14424_,_14424_/D,_12986_,_12986_/D
femtorv_quark,registerFile[28][31],$auto$ff.cc:337:slice$1277,_14295_,_14295_/D,_12857_,_12857_/D
femtorv_quark,registerFile[27][0],$auto$ff.cc:337:slice$1278,_14425_,_14425_/D,_12987_,_12987_/D
femtorv_quark,registerFile[27][1],$auto$ff.cc:337:slice$1279,_14426_,_14426_/D,_12988_,_12988_/D
femtorv_quark,registerFile[27][2],$auto$ff.cc:337:slice$1280,_14427_,_14427_/D,_12989_,_12989_/D
femtorv_quark,registerFile[27][3],$auto$ff.cc:337:slice$1281,_14428_,_14428_/D,_12990_,_12990_/D
femtorv_quark,registerFile[27][4],$auto$ff.cc:337:slice$1282,_14429_,_14429_/D,_12991_,_12991_/D
femtorv_quark,registerFile[27][5],$auto$ff.cc:337:slice$1283,_14430_,_14430_/D,_12992_,_12992_/D
femtorv_quark,registerFile[27][6],$auto$ff.cc:337:slice$1284,_14431_,_14431_/D,_12993_,_12993_/D
femtorv_quark,registerFile[27][7],$auto$ff.cc:337:slice$1285,_14432_,_14432_/D,_12994_,_12994_/D
femtorv_quark,registerFile[27][8],$auto$ff.cc:337:slice$1286,_14433_,_14433_/D,_12995_,_12995_/D
femtorv_quark,registerFile[27][9],$auto$ff.cc:337:slice$1287,_14434_,_14434_/D,_12996_,_12996_/D
femtorv_quark,registerFile[27][10],$auto$ff.cc:337:slice$1288,_14435_,_14435_/D,_12997_,_12997_/D
femtorv_quark,registerFile[27][11],$auto$ff.cc:337:slice$1289,_14436_,_14436_/D,_12998_,_12998_/D
femtorv_quark,registerFile[27][12],$auto$ff.cc:337:slice$1290,_14437_,_14437_/D,_12999_,_12999_/D
femtorv_quark,registerFile[27][13],$auto$ff.cc:337:slice$1291,_14438_,_14438_/D,_13000_,_13000_/D
femtorv_quark,registerFile[27][14],$auto$ff.cc:337:slice$1292,_14439_,_14439_/D,_13001_,_13001_/D
femtorv_quark,registerFile[27][15],$auto$ff.cc:337:slice$1293,_14440_,_14440_/D,_13002_,_13002_/D
femtorv_quark,registerFile[27][16],$auto$ff.cc:337:slice$1294,_14441_,_14441_/D,_13003_,_13003_/D
femtorv_quark,registerFile[27][17],$auto$ff.cc:337:slice$1295,_14442_,_14442_/D,_13004_,_13004_/D
femtorv_quark,registerFile[27][18],$auto$ff.cc:337:slice$1296,_14443_,_14443_/D,_13005_,_13005_/D
femtorv_quark,registerFile[27][19],$auto$ff.cc:337:slice$1297,_14444_,_14444_/D,_13006_,_13006_/D
femtorv_quark,registerFile[27][20],$auto$ff.cc:337:slice$1298,_14445_,_14445_/D,_13007_,_13007_/D
femtorv_quark,registerFile[27][21],$auto$ff.cc:337:slice$1299,_14446_,_14446_/D,_13008_,_13008_/D
femtorv_quark,registerFile[27][22],$auto$ff.cc:337:slice$1300,_14447_,_14447_/D,_13009_,_13009_/D
femtorv_quark,registerFile[27][23],$auto$ff.cc:337:slice$1301,_14448_,_14448_/D,_13010_,_13010_/D
femtorv_quark,registerFile[27][24],$auto$ff.cc:337:slice$1302,_14449_,_14449_/D,_13011_,_13011_/D
femtorv_quark,registerFile[27][25],$auto$ff.cc:337:slice$1303,_14450_,_14450_/D,_13012_,_13012_/D
femtorv_quark,registerFile[27][26],$auto$ff.cc:337:slice$1304,_14451_,_14451_/D,_13013_,_13013_/D
femtorv_quark,registerFile[27][27],$auto$ff.cc:337:slice$1305,_14452_,_14452_/D,_13014_,_13014_/D
femtorv_quark,registerFile[27][28],$auto$ff.cc:337:slice$1306,_14453_,_14453_/D,_13015_,_13015_/D
femtorv_quark,registerFile[27][29],$auto$ff.cc:337:slice$1307,_14454_,_14454_/D,_13016_,_13016_/D
femtorv_quark,registerFile[27][30],$auto$ff.cc:337:slice$1308,_14455_,_14455_/D,_13017_,_13017_/D
femtorv_quark,registerFile[27][31],$auto$ff.cc:337:slice$1309,_14294_,_14294_/D,_12856_,_12856_/D
femtorv_quark,registerFile[26][0],$auto$ff.cc:337:slice$1310,_14456_,_14456_/D,_13018_,_13018_/D
femtorv_quark,registerFile[26][1],$auto$ff.cc:337:slice$1311,_14457_,_14457_/D,_13019_,_13019_/D
femtorv_quark,registerFile[26][2],$auto$ff.cc:337:slice$1312,_14458_,_14458_/D,_13020_,_13020_/D
femtorv_quark,registerFile[26][3],$auto$ff.cc:337:slice$1313,_14459_,_14459_/D,_13021_,_13021_/D
femtorv_quark,registerFile[26][4],$auto$ff.cc:337:slice$1314,_14460_,_14460_/D,_13022_,_13022_/D
femtorv_quark,registerFile[26][5],$auto$ff.cc:337:slice$1315,_14461_,_14461_/D,_13023_,_13023_/D
femtorv_quark,registerFile[26][6],$auto$ff.cc:337:slice$1316,_14462_,_14462_/D,_13024_,_13024_/D
femtorv_quark,registerFile[26][7],$auto$ff.cc:337:slice$1317,_14463_,_14463_/D,_13025_,_13025_/D
femtorv_quark,registerFile[26][8],$auto$ff.cc:337:slice$1318,_14464_,_14464_/D,_13026_,_13026_/D
femtorv_quark,registerFile[26][9],$auto$ff.cc:337:slice$1319,_14465_,_14465_/D,_13027_,_13027_/D
femtorv_quark,registerFile[26][10],$auto$ff.cc:337:slice$1320,_14466_,_14466_/D,_13028_,_13028_/D
femtorv_quark,registerFile[26][11],$auto$ff.cc:337:slice$1321,_14467_,_14467_/D,_13029_,_13029_/D
femtorv_quark,registerFile[26][12],$auto$ff.cc:337:slice$1322,_14468_,_14468_/D,_13030_,_13030_/D
femtorv_quark,registerFile[26][13],$auto$ff.cc:337:slice$1323,_14469_,_14469_/D,_13031_,_13031_/D
femtorv_quark,registerFile[26][14],$auto$ff.cc:337:slice$1324,_14470_,_14470_/D,_13032_,_13032_/D
femtorv_quark,registerFile[26][15],$auto$ff.cc:337:slice$1325,_14471_,_14471_/D,_13033_,_13033_/D
femtorv_quark,registerFile[26][16],$auto$ff.cc:337:slice$1326,_14472_,_14472_/D,_13034_,_13034_/D
femtorv_quark,registerFile[26][17],$auto$ff.cc:337:slice$1327,_14473_,_14473_/D,_13035_,_13035_/D
femtorv_quark,registerFile[26][18],$auto$ff.cc:337:slice$1328,_14474_,_14474_/D,_13036_,_13036_/D
femtorv_quark,registerFile[26][19],$auto$ff.cc:337:slice$1329,_14475_,_14475_/D,_13037_,_13037_/D
femtorv_quark,registerFile[26][20],$auto$ff.cc:337:slice$1330,_14476_,_14476_/D,_13038_,_13038_/D
femtorv_quark,registerFile[26][21],$auto$ff.cc:337:slice$1331,_14477_,_14477_/D,_13039_,_13039_/D
femtorv_quark,registerFile[26][22],$auto$ff.cc:337:slice$1332,_14478_,_14478_/D,_13040_,_13040_/D
femtorv_quark,registerFile[26][23],$auto$ff.cc:337:slice$1333,_14479_,_14479_/D,_13041_,_13041_/D
femtorv_quark,registerFile[26][24],$auto$ff.cc:337:slice$1334,_14480_,_14480_/D,_13042_,_13042_/D
femtorv_quark,registerFile[26][25],$auto$ff.cc:337:slice$1335,_14481_,_14481_/D,_13043_,_13043_/D
femtorv_quark,registerFile[26][26],$auto$ff.cc:337:slice$1336,_14482_,_14482_/D,_13044_,_13044_/D
femtorv_quark,registerFile[26][27],$auto$ff.cc:337:slice$1337,_14483_,_14483_/D,_13045_,_13045_/D
femtorv_quark,registerFile[26][28],$auto$ff.cc:337:slice$1338,_14484_,_14484_/D,_13046_,_13046_/D
femtorv_quark,registerFile[26][29],$auto$ff.cc:337:slice$1339,_14485_,_14485_/D,_13047_,_13047_/D
femtorv_quark,registerFile[26][30],$auto$ff.cc:337:slice$1340,_14486_,_14486_/D,_13048_,_13048_/D
femtorv_quark,registerFile[26][31],$auto$ff.cc:337:slice$1341,_14293_,_14293_/D,_12855_,_12855_/D
femtorv_quark,registerFile[25][0],$auto$ff.cc:337:slice$1342,_14487_,_14487_/D,_13049_,_13049_/D
femtorv_quark,registerFile[25][1],$auto$ff.cc:337:slice$1343,_14488_,_14488_/D,_13050_,_13050_/D
femtorv_quark,registerFile[25][2],$auto$ff.cc:337:slice$1344,_14489_,_14489_/D,_13051_,_13051_/D
femtorv_quark,registerFile[25][3],$auto$ff.cc:337:slice$1345,_14490_,_14490_/D,_13052_,_13052_/D
femtorv_quark,registerFile[25][4],$auto$ff.cc:337:slice$1346,_14491_,_14491_/D,_13053_,_13053_/D
femtorv_quark,registerFile[25][5],$auto$ff.cc:337:slice$1347,_14492_,_14492_/D,_13054_,_13054_/D
femtorv_quark,registerFile[25][6],$auto$ff.cc:337:slice$1348,_14493_,_14493_/D,_13055_,_13055_/D
femtorv_quark,registerFile[25][7],$auto$ff.cc:337:slice$1349,_14494_,_14494_/D,_13056_,_13056_/D
femtorv_quark,registerFile[25][8],$auto$ff.cc:337:slice$1350,_14495_,_14495_/D,_13057_,_13057_/D
femtorv_quark,registerFile[25][9],$auto$ff.cc:337:slice$1351,_14496_,_14496_/D,_13058_,_13058_/D
femtorv_quark,registerFile[25][10],$auto$ff.cc:337:slice$1352,_14497_,_14497_/D,_13059_,_13059_/D
femtorv_quark,registerFile[25][11],$auto$ff.cc:337:slice$1353,_14498_,_14498_/D,_13060_,_13060_/D
femtorv_quark,registerFile[25][12],$auto$ff.cc:337:slice$1354,_14499_,_14499_/D,_13061_,_13061_/D
femtorv_quark,registerFile[25][13],$auto$ff.cc:337:slice$1355,_14500_,_14500_/D,_13062_,_13062_/D
femtorv_quark,registerFile[25][14],$auto$ff.cc:337:slice$1356,_14501_,_14501_/D,_13063_,_13063_/D
femtorv_quark,registerFile[25][15],$auto$ff.cc:337:slice$1357,_14502_,_14502_/D,_13064_,_13064_/D
femtorv_quark,registerFile[25][16],$auto$ff.cc:337:slice$1358,_14503_,_14503_/D,_13065_,_13065_/D
femtorv_quark,registerFile[25][17],$auto$ff.cc:337:slice$1359,_14504_,_14504_/D,_13066_,_13066_/D
femtorv_quark,registerFile[25][18],$auto$ff.cc:337:slice$1360,_14505_,_14505_/D,_13067_,_13067_/D
femtorv_quark,registerFile[25][19],$auto$ff.cc:337:slice$1361,_14506_,_14506_/D,_13068_,_13068_/D
femtorv_quark,registerFile[25][20],$auto$ff.cc:337:slice$1362,_14507_,_14507_/D,_13069_,_13069_/D
femtorv_quark,registerFile[25][21],$auto$ff.cc:337:slice$1363,_14508_,_14508_/D,_13070_,_13070_/D
femtorv_quark,registerFile[25][22],$auto$ff.cc:337:slice$1364,_14509_,_14509_/D,_13071_,_13071_/D
femtorv_quark,registerFile[25][23],$auto$ff.cc:337:slice$1365,_14510_,_14510_/D,_13072_,_13072_/D
femtorv_quark,registerFile[25][24],$auto$ff.cc:337:slice$1366,_14511_,_14511_/D,_13073_,_13073_/D
femtorv_quark,registerFile[25][25],$auto$ff.cc:337:slice$1367,_14512_,_14512_/D,_13074_,_13074_/D
femtorv_quark,registerFile[25][26],$auto$ff.cc:337:slice$1368,_14513_,_14513_/D,_13075_,_13075_/D
femtorv_quark,registerFile[25][27],$auto$ff.cc:337:slice$1369,_14514_,_14514_/D,_13076_,_13076_/D
femtorv_quark,registerFile[25][28],$auto$ff.cc:337:slice$1370,_14515_,_14515_/D,_13077_,_13077_/D
femtorv_quark,registerFile[25][29],$auto$ff.cc:337:slice$1371,_14516_,_14516_/D,_13078_,_13078_/D
femtorv_quark,registerFile[25][30],$auto$ff.cc:337:slice$1372,_14517_,_14517_/D,_13079_,_13079_/D
femtorv_quark,registerFile[25][31],$auto$ff.cc:337:slice$1373,_14292_,_14292_/D,_12854_,_12854_/D
femtorv_quark,registerFile[24][0],$auto$ff.cc:337:slice$1374,_14518_,_14518_/D,_13080_,_13080_/D
femtorv_quark,registerFile[24][1],$auto$ff.cc:337:slice$1375,_14519_,_14519_/D,_13081_,_13081_/D
femtorv_quark,registerFile[24][2],$auto$ff.cc:337:slice$1376,_14520_,_14520_/D,_13082_,_13082_/D
femtorv_quark,registerFile[24][3],$auto$ff.cc:337:slice$1377,_14521_,_14521_/D,_13083_,_13083_/D
femtorv_quark,registerFile[24][4],$auto$ff.cc:337:slice$1378,_14522_,_14522_/D,_13084_,_13084_/D
femtorv_quark,registerFile[24][5],$auto$ff.cc:337:slice$1379,_14523_,_14523_/D,_13085_,_13085_/D
femtorv_quark,registerFile[24][6],$auto$ff.cc:337:slice$1380,_14524_,_14524_/D,_13086_,_13086_/D
femtorv_quark,registerFile[24][7],$auto$ff.cc:337:slice$1381,_14525_,_14525_/D,_13087_,_13087_/D
femtorv_quark,registerFile[24][8],$auto$ff.cc:337:slice$1382,_14526_,_14526_/D,_13088_,_13088_/D
femtorv_quark,registerFile[24][9],$auto$ff.cc:337:slice$1383,_14527_,_14527_/D,_13089_,_13089_/D
femtorv_quark,registerFile[24][10],$auto$ff.cc:337:slice$1384,_14528_,_14528_/D,_13090_,_13090_/D
femtorv_quark,registerFile[24][11],$auto$ff.cc:337:slice$1385,_14529_,_14529_/D,_13091_,_13091_/D
femtorv_quark,registerFile[24][12],$auto$ff.cc:337:slice$1386,_14530_,_14530_/D,_13092_,_13092_/D
femtorv_quark,registerFile[24][13],$auto$ff.cc:337:slice$1387,_14531_,_14531_/D,_13093_,_13093_/D
femtorv_quark,registerFile[24][14],$auto$ff.cc:337:slice$1388,_14532_,_14532_/D,_13094_,_13094_/D
femtorv_quark,registerFile[24][15],$auto$ff.cc:337:slice$1389,_14533_,_14533_/D,_13095_,_13095_/D
femtorv_quark,registerFile[24][16],$auto$ff.cc:337:slice$1390,_14534_,_14534_/D,_13096_,_13096_/D
femtorv_quark,registerFile[24][17],$auto$ff.cc:337:slice$1391,_14535_,_14535_/D,_13097_,_13097_/D
femtorv_quark,registerFile[24][18],$auto$ff.cc:337:slice$1392,_14536_,_14536_/D,_13098_,_13098_/D
femtorv_quark,registerFile[24][19],$auto$ff.cc:337:slice$1393,_14537_,_14537_/D,_13099_,_13099_/D
femtorv_quark,registerFile[24][20],$auto$ff.cc:337:slice$1394,_14538_,_14538_/D,_13100_,_13100_/D
femtorv_quark,registerFile[24][21],$auto$ff.cc:337:slice$1395,_14539_,_14539_/D,_13101_,_13101_/D
femtorv_quark,registerFile[24][22],$auto$ff.cc:337:slice$1396,_14540_,_14540_/D,_13102_,_13102_/D
femtorv_quark,registerFile[24][23],$auto$ff.cc:337:slice$1397,_14541_,_14541_/D,_13103_,_13103_/D
femtorv_quark,registerFile[24][24],$auto$ff.cc:337:slice$1398,_14542_,_14542_/D,_13104_,_13104_/D
femtorv_quark,registerFile[24][25],$auto$ff.cc:337:slice$1399,_14543_,_14543_/D,_13105_,_13105_/D
femtorv_quark,registerFile[24][26],$auto$ff.cc:337:slice$1400,_14544_,_14544_/D,_13106_,_13106_/D
femtorv_quark,registerFile[24][27],$auto$ff.cc:337:slice$1401,_14545_,_14545_/D,_13107_,_13107_/D
femtorv_quark,registerFile[24][28],$auto$ff.cc:337:slice$1402,_14546_,_14546_/D,_13108_,_13108_/D
femtorv_quark,registerFile[24][29],$auto$ff.cc:337:slice$1403,_14547_,_14547_/D,_13109_,_13109_/D
femtorv_quark,registerFile[24][30],$auto$ff.cc:337:slice$1404,_14548_,_14548_/D,_13110_,_13110_/D
femtorv_quark,registerFile[24][31],$auto$ff.cc:337:slice$1405,_14291_,_14291_/D,_12853_,_12853_/D
femtorv_quark,registerFile[23][0],$auto$ff.cc:337:slice$1406,_14549_,_14549_/D,_13111_,_13111_/D
femtorv_quark,registerFile[23][1],$auto$ff.cc:337:slice$1407,_14550_,_14550_/D,_13112_,_13112_/D
femtorv_quark,registerFile[23][2],$auto$ff.cc:337:slice$1408,_14551_,_14551_/D,_13113_,_13113_/D
femtorv_quark,registerFile[23][3],$auto$ff.cc:337:slice$1409,_14552_,_14552_/D,_13114_,_13114_/D
femtorv_quark,registerFile[23][4],$auto$ff.cc:337:slice$1410,_14553_,_14553_/D,_13115_,_13115_/D
femtorv_quark,registerFile[23][5],$auto$ff.cc:337:slice$1411,_14554_,_14554_/D,_13116_,_13116_/D
femtorv_quark,registerFile[23][6],$auto$ff.cc:337:slice$1412,_14555_,_14555_/D,_13117_,_13117_/D
femtorv_quark,registerFile[23][7],$auto$ff.cc:337:slice$1413,_14556_,_14556_/D,_13118_,_13118_/D
femtorv_quark,registerFile[23][8],$auto$ff.cc:337:slice$1414,_14557_,_14557_/D,_13119_,_13119_/D
femtorv_quark,registerFile[23][9],$auto$ff.cc:337:slice$1415,_14558_,_14558_/D,_13120_,_13120_/D
femtorv_quark,registerFile[23][10],$auto$ff.cc:337:slice$1416,_14559_,_14559_/D,_13121_,_13121_/D
femtorv_quark,registerFile[23][11],$auto$ff.cc:337:slice$1417,_14560_,_14560_/D,_13122_,_13122_/D
femtorv_quark,registerFile[23][12],$auto$ff.cc:337:slice$1418,_14561_,_14561_/D,_13123_,_13123_/D
femtorv_quark,registerFile[23][13],$auto$ff.cc:337:slice$1419,_14562_,_14562_/D,_13124_,_13124_/D
femtorv_quark,registerFile[23][14],$auto$ff.cc:337:slice$1420,_14563_,_14563_/D,_13125_,_13125_/D
femtorv_quark,registerFile[23][15],$auto$ff.cc:337:slice$1421,_14564_,_14564_/D,_13126_,_13126_/D
femtorv_quark,registerFile[23][16],$auto$ff.cc:337:slice$1422,_14565_,_14565_/D,_13127_,_13127_/D
femtorv_quark,registerFile[23][17],$auto$ff.cc:337:slice$1423,_14566_,_14566_/D,_13128_,_13128_/D
femtorv_quark,registerFile[23][18],$auto$ff.cc:337:slice$1424,_14567_,_14567_/D,_13129_,_13129_/D
femtorv_quark,registerFile[23][19],$auto$ff.cc:337:slice$1425,_14568_,_14568_/D,_13130_,_13130_/D
femtorv_quark,registerFile[23][20],$auto$ff.cc:337:slice$1426,_14569_,_14569_/D,_13131_,_13131_/D
femtorv_quark,registerFile[23][21],$auto$ff.cc:337:slice$1427,_14570_,_14570_/D,_13132_,_13132_/D
femtorv_quark,registerFile[23][22],$auto$ff.cc:337:slice$1428,_14571_,_14571_/D,_13133_,_13133_/D
femtorv_quark,registerFile[23][23],$auto$ff.cc:337:slice$1429,_14572_,_14572_/D,_13134_,_13134_/D
femtorv_quark,registerFile[23][24],$auto$ff.cc:337:slice$1430,_14573_,_14573_/D,_13135_,_13135_/D
femtorv_quark,registerFile[23][25],$auto$ff.cc:337:slice$1431,_14574_,_14574_/D,_13136_,_13136_/D
femtorv_quark,registerFile[23][26],$auto$ff.cc:337:slice$1432,_14575_,_14575_/D,_13137_,_13137_/D
femtorv_quark,registerFile[23][27],$auto$ff.cc:337:slice$1433,_14576_,_14576_/D,_13138_,_13138_/D
femtorv_quark,registerFile[23][28],$auto$ff.cc:337:slice$1434,_14577_,_14577_/D,_13139_,_13139_/D
femtorv_quark,registerFile[23][29],$auto$ff.cc:337:slice$1435,_14578_,_14578_/D,_13140_,_13140_/D
femtorv_quark,registerFile[23][30],$auto$ff.cc:337:slice$1436,_14579_,_14579_/D,_13141_,_13141_/D
femtorv_quark,registerFile[23][31],$auto$ff.cc:337:slice$1437,_14290_,_14290_/D,_12852_,_12852_/D
femtorv_quark,registerFile[22][0],$auto$ff.cc:337:slice$1438,_14580_,_14580_/D,_13142_,_13142_/D
femtorv_quark,registerFile[22][1],$auto$ff.cc:337:slice$1439,_14581_,_14581_/D,_13143_,_13143_/D
femtorv_quark,registerFile[22][2],$auto$ff.cc:337:slice$1440,_14582_,_14582_/D,_13144_,_13144_/D
femtorv_quark,registerFile[22][3],$auto$ff.cc:337:slice$1441,_14583_,_14583_/D,_13145_,_13145_/D
femtorv_quark,registerFile[22][4],$auto$ff.cc:337:slice$1442,_14584_,_14584_/D,_13146_,_13146_/D
femtorv_quark,registerFile[22][5],$auto$ff.cc:337:slice$1443,_14585_,_14585_/D,_13147_,_13147_/D
femtorv_quark,registerFile[22][6],$auto$ff.cc:337:slice$1444,_14586_,_14586_/D,_13148_,_13148_/D
femtorv_quark,registerFile[22][7],$auto$ff.cc:337:slice$1445,_14587_,_14587_/D,_13149_,_13149_/D
femtorv_quark,registerFile[22][8],$auto$ff.cc:337:slice$1446,_14588_,_14588_/D,_13150_,_13150_/D
femtorv_quark,registerFile[22][9],$auto$ff.cc:337:slice$1447,_14589_,_14589_/D,_13151_,_13151_/D
femtorv_quark,registerFile[22][10],$auto$ff.cc:337:slice$1448,_14590_,_14590_/D,_13152_,_13152_/D
femtorv_quark,registerFile[22][11],$auto$ff.cc:337:slice$1449,_14591_,_14591_/D,_13153_,_13153_/D
femtorv_quark,registerFile[22][12],$auto$ff.cc:337:slice$1450,_14592_,_14592_/D,_13154_,_13154_/D
femtorv_quark,registerFile[22][13],$auto$ff.cc:337:slice$1451,_14593_,_14593_/D,_13155_,_13155_/D
femtorv_quark,registerFile[22][14],$auto$ff.cc:337:slice$1452,_14594_,_14594_/D,_13156_,_13156_/D
femtorv_quark,registerFile[22][15],$auto$ff.cc:337:slice$1453,_14595_,_14595_/D,_13157_,_13157_/D
femtorv_quark,registerFile[22][16],$auto$ff.cc:337:slice$1454,_14596_,_14596_/D,_13158_,_13158_/D
femtorv_quark,registerFile[22][17],$auto$ff.cc:337:slice$1455,_14597_,_14597_/D,_13159_,_13159_/D
femtorv_quark,registerFile[22][18],$auto$ff.cc:337:slice$1456,_14598_,_14598_/D,_13160_,_13160_/D
femtorv_quark,registerFile[22][19],$auto$ff.cc:337:slice$1457,_14599_,_14599_/D,_13161_,_13161_/D
femtorv_quark,registerFile[22][20],$auto$ff.cc:337:slice$1458,_14600_,_14600_/D,_13162_,_13162_/D
femtorv_quark,registerFile[22][21],$auto$ff.cc:337:slice$1459,_14601_,_14601_/D,_13163_,_13163_/D
femtorv_quark,registerFile[22][22],$auto$ff.cc:337:slice$1460,_14602_,_14602_/D,_13164_,_13164_/D
femtorv_quark,registerFile[22][23],$auto$ff.cc:337:slice$1461,_14603_,_14603_/D,_13165_,_13165_/D
femtorv_quark,registerFile[22][24],$auto$ff.cc:337:slice$1462,_14604_,_14604_/D,_13166_,_13166_/D
femtorv_quark,registerFile[22][25],$auto$ff.cc:337:slice$1463,_14605_,_14605_/D,_13167_,_13167_/D
femtorv_quark,registerFile[22][26],$auto$ff.cc:337:slice$1464,_14606_,_14606_/D,_13168_,_13168_/D
femtorv_quark,registerFile[22][27],$auto$ff.cc:337:slice$1465,_14607_,_14607_/D,_13169_,_13169_/D
femtorv_quark,registerFile[22][28],$auto$ff.cc:337:slice$1466,_14608_,_14608_/D,_13170_,_13170_/D
femtorv_quark,registerFile[22][29],$auto$ff.cc:337:slice$1467,_14609_,_14609_/D,_13171_,_13171_/D
femtorv_quark,registerFile[22][30],$auto$ff.cc:337:slice$1468,_14610_,_14610_/D,_13172_,_13172_/D
femtorv_quark,registerFile[22][31],$auto$ff.cc:337:slice$1469,_14289_,_14289_/D,_12851_,_12851_/D
femtorv_quark,registerFile[21][0],$auto$ff.cc:337:slice$1470,_14611_,_14611_/D,_13173_,_13173_/D
femtorv_quark,registerFile[21][1],$auto$ff.cc:337:slice$1471,_14612_,_14612_/D,_13174_,_13174_/D
femtorv_quark,registerFile[21][2],$auto$ff.cc:337:slice$1472,_14613_,_14613_/D,_13175_,_13175_/D
femtorv_quark,registerFile[21][3],$auto$ff.cc:337:slice$1473,_14614_,_14614_/D,_13176_,_13176_/D
femtorv_quark,registerFile[21][4],$auto$ff.cc:337:slice$1474,_14615_,_14615_/D,_13177_,_13177_/D
femtorv_quark,registerFile[21][5],$auto$ff.cc:337:slice$1475,_14616_,_14616_/D,_13178_,_13178_/D
femtorv_quark,registerFile[21][6],$auto$ff.cc:337:slice$1476,_14617_,_14617_/D,_13179_,_13179_/D
femtorv_quark,registerFile[21][7],$auto$ff.cc:337:slice$1477,_14618_,_14618_/D,_13180_,_13180_/D
femtorv_quark,registerFile[21][8],$auto$ff.cc:337:slice$1478,_14619_,_14619_/D,_13181_,_13181_/D
femtorv_quark,registerFile[21][9],$auto$ff.cc:337:slice$1479,_14620_,_14620_/D,_13182_,_13182_/D
femtorv_quark,registerFile[21][10],$auto$ff.cc:337:slice$1480,_14621_,_14621_/D,_13183_,_13183_/D
femtorv_quark,registerFile[21][11],$auto$ff.cc:337:slice$1481,_14622_,_14622_/D,_13184_,_13184_/D
femtorv_quark,registerFile[21][12],$auto$ff.cc:337:slice$1482,_14623_,_14623_/D,_13185_,_13185_/D
femtorv_quark,registerFile[21][13],$auto$ff.cc:337:slice$1483,_14624_,_14624_/D,_13186_,_13186_/D
femtorv_quark,registerFile[21][14],$auto$ff.cc:337:slice$1484,_14625_,_14625_/D,_13187_,_13187_/D
femtorv_quark,registerFile[21][15],$auto$ff.cc:337:slice$1485,_14626_,_14626_/D,_13188_,_13188_/D
femtorv_quark,registerFile[21][16],$auto$ff.cc:337:slice$1486,_14627_,_14627_/D,_13189_,_13189_/D
femtorv_quark,registerFile[21][17],$auto$ff.cc:337:slice$1487,_14628_,_14628_/D,_13190_,_13190_/D
femtorv_quark,registerFile[21][18],$auto$ff.cc:337:slice$1488,_14629_,_14629_/D,_13191_,_13191_/D
femtorv_quark,registerFile[21][19],$auto$ff.cc:337:slice$1489,_14630_,_14630_/D,_13192_,_13192_/D
femtorv_quark,registerFile[21][20],$auto$ff.cc:337:slice$1490,_14631_,_14631_/D,_13193_,_13193_/D
femtorv_quark,registerFile[21][21],$auto$ff.cc:337:slice$1491,_14632_,_14632_/D,_13194_,_13194_/D
femtorv_quark,registerFile[21][22],$auto$ff.cc:337:slice$1492,_14633_,_14633_/D,_13195_,_13195_/D
femtorv_quark,registerFile[21][23],$auto$ff.cc:337:slice$1493,_14634_,_14634_/D,_13196_,_13196_/D
femtorv_quark,registerFile[21][24],$auto$ff.cc:337:slice$1494,_14635_,_14635_/D,_13197_,_13197_/D
femtorv_quark,registerFile[21][25],$auto$ff.cc:337:slice$1495,_14636_,_14636_/D,_13198_,_13198_/D
femtorv_quark,registerFile[21][26],$auto$ff.cc:337:slice$1496,_14637_,_14637_/D,_13199_,_13199_/D
femtorv_quark,registerFile[21][27],$auto$ff.cc:337:slice$1497,_14638_,_14638_/D,_13200_,_13200_/D
femtorv_quark,registerFile[21][28],$auto$ff.cc:337:slice$1498,_14639_,_14639_/D,_13201_,_13201_/D
femtorv_quark,registerFile[21][29],$auto$ff.cc:337:slice$1499,_14640_,_14640_/D,_13202_,_13202_/D
femtorv_quark,registerFile[21][30],$auto$ff.cc:337:slice$1500,_14641_,_14641_/D,_13203_,_13203_/D
femtorv_quark,registerFile[21][31],$auto$ff.cc:337:slice$1501,_14288_,_14288_/D,_12850_,_12850_/D
femtorv_quark,registerFile[20][0],$auto$ff.cc:337:slice$1502,_14642_,_14642_/D,_13204_,_13204_/D
femtorv_quark,registerFile[20][1],$auto$ff.cc:337:slice$1503,_14643_,_14643_/D,_13205_,_13205_/D
femtorv_quark,registerFile[20][2],$auto$ff.cc:337:slice$1504,_14644_,_14644_/D,_13206_,_13206_/D
femtorv_quark,registerFile[20][3],$auto$ff.cc:337:slice$1505,_14645_,_14645_/D,_13207_,_13207_/D
femtorv_quark,registerFile[20][4],$auto$ff.cc:337:slice$1506,_14646_,_14646_/D,_13208_,_13208_/D
femtorv_quark,registerFile[20][5],$auto$ff.cc:337:slice$1507,_14647_,_14647_/D,_13209_,_13209_/D
femtorv_quark,registerFile[20][6],$auto$ff.cc:337:slice$1508,_14648_,_14648_/D,_13210_,_13210_/D
femtorv_quark,registerFile[20][7],$auto$ff.cc:337:slice$1509,_14649_,_14649_/D,_13211_,_13211_/D
femtorv_quark,registerFile[20][8],$auto$ff.cc:337:slice$1510,_14650_,_14650_/D,_13212_,_13212_/D
femtorv_quark,registerFile[20][9],$auto$ff.cc:337:slice$1511,_14651_,_14651_/D,_13213_,_13213_/D
femtorv_quark,registerFile[20][10],$auto$ff.cc:337:slice$1512,_14652_,_14652_/D,_13214_,_13214_/D
femtorv_quark,registerFile[20][11],$auto$ff.cc:337:slice$1513,_14653_,_14653_/D,_13215_,_13215_/D
femtorv_quark,registerFile[20][12],$auto$ff.cc:337:slice$1514,_14654_,_14654_/D,_13216_,_13216_/D
femtorv_quark,registerFile[20][13],$auto$ff.cc:337:slice$1515,_14655_,_14655_/D,_13217_,_13217_/D
femtorv_quark,registerFile[20][14],$auto$ff.cc:337:slice$1516,_14656_,_14656_/D,_13218_,_13218_/D
femtorv_quark,registerFile[20][15],$auto$ff.cc:337:slice$1517,_14657_,_14657_/D,_13219_,_13219_/D
femtorv_quark,registerFile[20][16],$auto$ff.cc:337:slice$1518,_14658_,_14658_/D,_13220_,_13220_/D
femtorv_quark,registerFile[20][17],$auto$ff.cc:337:slice$1519,_14659_,_14659_/D,_13221_,_13221_/D
femtorv_quark,registerFile[20][18],$auto$ff.cc:337:slice$1520,_14660_,_14660_/D,_13222_,_13222_/D
femtorv_quark,registerFile[20][19],$auto$ff.cc:337:slice$1521,_14661_,_14661_/D,_13223_,_13223_/D
femtorv_quark,registerFile[20][20],$auto$ff.cc:337:slice$1522,_14662_,_14662_/D,_13224_,_13224_/D
femtorv_quark,registerFile[20][21],$auto$ff.cc:337:slice$1523,_14663_,_14663_/D,_13225_,_13225_/D
femtorv_quark,registerFile[20][22],$auto$ff.cc:337:slice$1524,_14664_,_14664_/D,_13226_,_13226_/D
femtorv_quark,registerFile[20][23],$auto$ff.cc:337:slice$1525,_14665_,_14665_/D,_13227_,_13227_/D
femtorv_quark,registerFile[20][24],$auto$ff.cc:337:slice$1526,_14666_,_14666_/D,_13228_,_13228_/D
femtorv_quark,registerFile[20][25],$auto$ff.cc:337:slice$1527,_14667_,_14667_/D,_13229_,_13229_/D
femtorv_quark,registerFile[20][26],$auto$ff.cc:337:slice$1528,_14668_,_14668_/D,_13230_,_13230_/D
femtorv_quark,registerFile[20][27],$auto$ff.cc:337:slice$1529,_14669_,_14669_/D,_13231_,_13231_/D
femtorv_quark,registerFile[20][28],$auto$ff.cc:337:slice$1530,_14670_,_14670_/D,_13232_,_13232_/D
femtorv_quark,registerFile[20][29],$auto$ff.cc:337:slice$1531,_14671_,_14671_/D,_13233_,_13233_/D
femtorv_quark,registerFile[20][30],$auto$ff.cc:337:slice$1532,_14672_,_14672_/D,_13234_,_13234_/D
femtorv_quark,registerFile[20][31],$auto$ff.cc:337:slice$1533,_14287_,_14287_/D,_12849_,_12849_/D
femtorv_quark,registerFile[19][0],$auto$ff.cc:337:slice$1534,_14673_,_14673_/D,_13235_,_13235_/D
femtorv_quark,registerFile[19][1],$auto$ff.cc:337:slice$1535,_14674_,_14674_/D,_13236_,_13236_/D
femtorv_quark,registerFile[19][2],$auto$ff.cc:337:slice$1536,_14675_,_14675_/D,_13237_,_13237_/D
femtorv_quark,registerFile[19][3],$auto$ff.cc:337:slice$1537,_14676_,_14676_/D,_13238_,_13238_/D
femtorv_quark,registerFile[19][4],$auto$ff.cc:337:slice$1538,_14677_,_14677_/D,_13239_,_13239_/D
femtorv_quark,registerFile[19][5],$auto$ff.cc:337:slice$1539,_14678_,_14678_/D,_13240_,_13240_/D
femtorv_quark,registerFile[19][6],$auto$ff.cc:337:slice$1540,_14679_,_14679_/D,_13241_,_13241_/D
femtorv_quark,registerFile[19][7],$auto$ff.cc:337:slice$1541,_14680_,_14680_/D,_13242_,_13242_/D
femtorv_quark,registerFile[19][8],$auto$ff.cc:337:slice$1542,_14681_,_14681_/D,_13243_,_13243_/D
femtorv_quark,registerFile[19][9],$auto$ff.cc:337:slice$1543,_14682_,_14682_/D,_13244_,_13244_/D
femtorv_quark,registerFile[19][10],$auto$ff.cc:337:slice$1544,_14683_,_14683_/D,_13245_,_13245_/D
femtorv_quark,registerFile[19][11],$auto$ff.cc:337:slice$1545,_14684_,_14684_/D,_13246_,_13246_/D
femtorv_quark,registerFile[19][12],$auto$ff.cc:337:slice$1546,_14685_,_14685_/D,_13247_,_13247_/D
femtorv_quark,registerFile[19][13],$auto$ff.cc:337:slice$1547,_14686_,_14686_/D,_13248_,_13248_/D
femtorv_quark,registerFile[19][14],$auto$ff.cc:337:slice$1548,_14687_,_14687_/D,_13249_,_13249_/D
femtorv_quark,registerFile[19][15],$auto$ff.cc:337:slice$1549,_14688_,_14688_/D,_13250_,_13250_/D
femtorv_quark,registerFile[19][16],$auto$ff.cc:337:slice$1550,_14689_,_14689_/D,_13251_,_13251_/D
femtorv_quark,registerFile[19][17],$auto$ff.cc:337:slice$1551,_14690_,_14690_/D,_13252_,_13252_/D
femtorv_quark,registerFile[19][18],$auto$ff.cc:337:slice$1552,_14691_,_14691_/D,_13253_,_13253_/D
femtorv_quark,registerFile[19][19],$auto$ff.cc:337:slice$1553,_14692_,_14692_/D,_13254_,_13254_/D
femtorv_quark,registerFile[19][20],$auto$ff.cc:337:slice$1554,_14693_,_14693_/D,_13255_,_13255_/D
femtorv_quark,registerFile[19][21],$auto$ff.cc:337:slice$1555,_14694_,_14694_/D,_13256_,_13256_/D
femtorv_quark,registerFile[19][22],$auto$ff.cc:337:slice$1556,_14695_,_14695_/D,_13257_,_13257_/D
femtorv_quark,registerFile[19][23],$auto$ff.cc:337:slice$1557,_14696_,_14696_/D,_13258_,_13258_/D
femtorv_quark,registerFile[19][24],$auto$ff.cc:337:slice$1558,_14697_,_14697_/D,_13259_,_13259_/D
femtorv_quark,registerFile[19][25],$auto$ff.cc:337:slice$1559,_14698_,_14698_/D,_13260_,_13260_/D
femtorv_quark,registerFile[19][26],$auto$ff.cc:337:slice$1560,_14699_,_14699_/D,_13261_,_13261_/D
femtorv_quark,registerFile[19][27],$auto$ff.cc:337:slice$1561,_14700_,_14700_/D,_13262_,_13262_/D
femtorv_quark,registerFile[19][28],$auto$ff.cc:337:slice$1562,_14701_,_14701_/D,_13263_,_13263_/D
femtorv_quark,registerFile[19][29],$auto$ff.cc:337:slice$1563,_14702_,_14702_/D,_13264_,_13264_/D
femtorv_quark,registerFile[19][30],$auto$ff.cc:337:slice$1564,_14703_,_14703_/D,_13265_,_13265_/D
femtorv_quark,registerFile[19][31],$auto$ff.cc:337:slice$1565,_14286_,_14286_/D,_12848_,_12848_/D
femtorv_quark,registerFile[18][0],$auto$ff.cc:337:slice$1566,_14704_,_14704_/D,_13266_,_13266_/D
femtorv_quark,registerFile[18][1],$auto$ff.cc:337:slice$1567,_14706_,_14706_/D,_13268_,_13268_/D
femtorv_quark,registerFile[18][2],$auto$ff.cc:337:slice$1568,_14707_,_14707_/D,_13269_,_13269_/D
femtorv_quark,registerFile[18][3],$auto$ff.cc:337:slice$1569,_14708_,_14708_/D,_13270_,_13270_/D
femtorv_quark,registerFile[18][4],$auto$ff.cc:337:slice$1570,_14709_,_14709_/D,_13271_,_13271_/D
femtorv_quark,registerFile[18][5],$auto$ff.cc:337:slice$1571,_14710_,_14710_/D,_13272_,_13272_/D
femtorv_quark,registerFile[18][6],$auto$ff.cc:337:slice$1572,_14711_,_14711_/D,_13273_,_13273_/D
femtorv_quark,registerFile[18][7],$auto$ff.cc:337:slice$1573,_14712_,_14712_/D,_13274_,_13274_/D
femtorv_quark,registerFile[18][8],$auto$ff.cc:337:slice$1574,_14713_,_14713_/D,_13275_,_13275_/D
femtorv_quark,registerFile[18][9],$auto$ff.cc:337:slice$1575,_14714_,_14714_/D,_13276_,_13276_/D
femtorv_quark,registerFile[18][10],$auto$ff.cc:337:slice$1576,_14715_,_14715_/D,_13277_,_13277_/D
femtorv_quark,registerFile[18][11],$auto$ff.cc:337:slice$1577,_14716_,_14716_/D,_13278_,_13278_/D
femtorv_quark,registerFile[18][12],$auto$ff.cc:337:slice$1578,_14717_,_14717_/D,_13279_,_13279_/D
femtorv_quark,registerFile[18][13],$auto$ff.cc:337:slice$1579,_14718_,_14718_/D,_13280_,_13280_/D
femtorv_quark,registerFile[18][14],$auto$ff.cc:337:slice$1580,_14719_,_14719_/D,_13281_,_13281_/D
femtorv_quark,registerFile[18][15],$auto$ff.cc:337:slice$1581,_14720_,_14720_/D,_13282_,_13282_/D
femtorv_quark,registerFile[18][16],$auto$ff.cc:337:slice$1582,_14721_,_14721_/D,_13283_,_13283_/D
femtorv_quark,registerFile[18][17],$auto$ff.cc:337:slice$1583,_14722_,_14722_/D,_13284_,_13284_/D
femtorv_quark,registerFile[18][18],$auto$ff.cc:337:slice$1584,_14723_,_14723_/D,_13285_,_13285_/D
femtorv_quark,registerFile[18][19],$auto$ff.cc:337:slice$1585,_14724_,_14724_/D,_13286_,_13286_/D
femtorv_quark,registerFile[18][20],$auto$ff.cc:337:slice$1586,_14725_,_14725_/D,_13287_,_13287_/D
femtorv_quark,registerFile[18][21],$auto$ff.cc:337:slice$1587,_14726_,_14726_/D,_13288_,_13288_/D
femtorv_quark,registerFile[18][22],$auto$ff.cc:337:slice$1588,_14727_,_14727_/D,_13289_,_13289_/D
femtorv_quark,registerFile[18][23],$auto$ff.cc:337:slice$1589,_14728_,_14728_/D,_13290_,_13290_/D
femtorv_quark,registerFile[18][24],$auto$ff.cc:337:slice$1590,_14729_,_14729_/D,_13291_,_13291_/D
femtorv_quark,registerFile[18][25],$auto$ff.cc:337:slice$1591,_14730_,_14730_/D,_13292_,_13292_/D
femtorv_quark,registerFile[18][26],$auto$ff.cc:337:slice$1592,_14731_,_14731_/D,_13293_,_13293_/D
femtorv_quark,registerFile[18][27],$auto$ff.cc:337:slice$1593,_14732_,_14732_/D,_13294_,_13294_/D
femtorv_quark,registerFile[18][28],$auto$ff.cc:337:slice$1594,_14733_,_14733_/D,_13295_,_13295_/D
femtorv_quark,registerFile[18][29],$auto$ff.cc:337:slice$1595,_14734_,_14734_/D,_13296_,_13296_/D
femtorv_quark,registerFile[18][30],$auto$ff.cc:337:slice$1596,_14735_,_14735_/D,_13297_,_13297_/D
femtorv_quark,registerFile[18][31],$auto$ff.cc:337:slice$1597,_14285_,_14285_/D,_12847_,_12847_/D
femtorv_quark,registerFile[17][0],$auto$ff.cc:337:slice$1598,_14736_,_14736_/D,_13298_,_13298_/D
femtorv_quark,registerFile[17][1],$auto$ff.cc:337:slice$1599,_14737_,_14737_/D,_13299_,_13299_/D
femtorv_quark,registerFile[17][2],$auto$ff.cc:337:slice$1600,_14738_,_14738_/D,_13300_,_13300_/D
femtorv_quark,registerFile[17][3],$auto$ff.cc:337:slice$1601,_14739_,_14739_/D,_13301_,_13301_/D
femtorv_quark,registerFile[17][4],$auto$ff.cc:337:slice$1602,_14740_,_14740_/D,_13302_,_13302_/D
femtorv_quark,registerFile[17][5],$auto$ff.cc:337:slice$1603,_14741_,_14741_/D,_13303_,_13303_/D
femtorv_quark,registerFile[17][6],$auto$ff.cc:337:slice$1604,_14742_,_14742_/D,_13304_,_13304_/D
femtorv_quark,registerFile[17][7],$auto$ff.cc:337:slice$1605,_14743_,_14743_/D,_13305_,_13305_/D
femtorv_quark,registerFile[17][8],$auto$ff.cc:337:slice$1606,_14744_,_14744_/D,_13306_,_13306_/D
femtorv_quark,registerFile[17][9],$auto$ff.cc:337:slice$1607,_14745_,_14745_/D,_13307_,_13307_/D
femtorv_quark,registerFile[17][10],$auto$ff.cc:337:slice$1608,_14746_,_14746_/D,_13308_,_13308_/D
femtorv_quark,registerFile[17][11],$auto$ff.cc:337:slice$1609,_14747_,_14747_/D,_13309_,_13309_/D
femtorv_quark,registerFile[17][12],$auto$ff.cc:337:slice$1610,_14748_,_14748_/D,_13310_,_13310_/D
femtorv_quark,registerFile[17][13],$auto$ff.cc:337:slice$1611,_14749_,_14749_/D,_13311_,_13311_/D
femtorv_quark,registerFile[17][14],$auto$ff.cc:337:slice$1612,_14750_,_14750_/D,_13312_,_13312_/D
femtorv_quark,registerFile[17][15],$auto$ff.cc:337:slice$1613,_14751_,_14751_/D,_13313_,_13313_/D
femtorv_quark,registerFile[17][16],$auto$ff.cc:337:slice$1614,_14752_,_14752_/D,_13314_,_13314_/D
femtorv_quark,registerFile[17][17],$auto$ff.cc:337:slice$1615,_14753_,_14753_/D,_13315_,_13315_/D
femtorv_quark,registerFile[17][18],$auto$ff.cc:337:slice$1616,_14754_,_14754_/D,_13316_,_13316_/D
femtorv_quark,registerFile[17][19],$auto$ff.cc:337:slice$1617,_14755_,_14755_/D,_13317_,_13317_/D
femtorv_quark,registerFile[17][20],$auto$ff.cc:337:slice$1618,_14756_,_14756_/D,_13318_,_13318_/D
femtorv_quark,registerFile[17][21],$auto$ff.cc:337:slice$1619,_14757_,_14757_/D,_13319_,_13319_/D
femtorv_quark,registerFile[17][22],$auto$ff.cc:337:slice$1620,_14758_,_14758_/D,_13320_,_13320_/D
femtorv_quark,registerFile[17][23],$auto$ff.cc:337:slice$1621,_14759_,_14759_/D,_13321_,_13321_/D
femtorv_quark,registerFile[17][24],$auto$ff.cc:337:slice$1622,_14760_,_14760_/D,_13322_,_13322_/D
femtorv_quark,registerFile[17][25],$auto$ff.cc:337:slice$1623,_14761_,_14761_/D,_13323_,_13323_/D
femtorv_quark,registerFile[17][26],$auto$ff.cc:337:slice$1624,_14762_,_14762_/D,_13324_,_13324_/D
femtorv_quark,registerFile[17][27],$auto$ff.cc:337:slice$1625,_14763_,_14763_/D,_13325_,_13325_/D
femtorv_quark,registerFile[17][28],$auto$ff.cc:337:slice$1626,_14764_,_14764_/D,_13326_,_13326_/D
femtorv_quark,registerFile[17][29],$auto$ff.cc:337:slice$1627,_14765_,_14765_/D,_13327_,_13327_/D
femtorv_quark,registerFile[17][30],$auto$ff.cc:337:slice$1628,_14766_,_14766_/D,_13328_,_13328_/D
femtorv_quark,registerFile[17][31],$auto$ff.cc:337:slice$1629,_14284_,_14284_/D,_12846_,_12846_/D
femtorv_quark,registerFile[16][0],$auto$ff.cc:337:slice$1630,_14767_,_14767_/D,_13329_,_13329_/D
femtorv_quark,registerFile[16][1],$auto$ff.cc:337:slice$1631,_14768_,_14768_/D,_13330_,_13330_/D
femtorv_quark,registerFile[16][2],$auto$ff.cc:337:slice$1632,_14769_,_14769_/D,_13331_,_13331_/D
femtorv_quark,registerFile[16][3],$auto$ff.cc:337:slice$1633,_14770_,_14770_/D,_13332_,_13332_/D
femtorv_quark,registerFile[16][4],$auto$ff.cc:337:slice$1634,_14771_,_14771_/D,_13333_,_13333_/D
femtorv_quark,registerFile[16][5],$auto$ff.cc:337:slice$1635,_14772_,_14772_/D,_13334_,_13334_/D
femtorv_quark,registerFile[16][6],$auto$ff.cc:337:slice$1636,_14773_,_14773_/D,_13335_,_13335_/D
femtorv_quark,registerFile[16][7],$auto$ff.cc:337:slice$1637,_14774_,_14774_/D,_13336_,_13336_/D
femtorv_quark,registerFile[16][8],$auto$ff.cc:337:slice$1638,_14775_,_14775_/D,_13337_,_13337_/D
femtorv_quark,registerFile[16][9],$auto$ff.cc:337:slice$1639,_14776_,_14776_/D,_13338_,_13338_/D
femtorv_quark,registerFile[16][10],$auto$ff.cc:337:slice$1640,_14777_,_14777_/D,_13339_,_13339_/D
femtorv_quark,registerFile[16][11],$auto$ff.cc:337:slice$1641,_14778_,_14778_/D,_13340_,_13340_/D
femtorv_quark,registerFile[16][12],$auto$ff.cc:337:slice$1642,_14779_,_14779_/D,_13341_,_13341_/D
femtorv_quark,registerFile[16][13],$auto$ff.cc:337:slice$1643,_14780_,_14780_/D,_13342_,_13342_/D
femtorv_quark,registerFile[16][14],$auto$ff.cc:337:slice$1644,_14781_,_14781_/D,_13343_,_13343_/D
femtorv_quark,registerFile[16][15],$auto$ff.cc:337:slice$1645,_14782_,_14782_/D,_13344_,_13344_/D
femtorv_quark,registerFile[16][16],$auto$ff.cc:337:slice$1646,_14783_,_14783_/D,_13345_,_13345_/D
femtorv_quark,registerFile[16][17],$auto$ff.cc:337:slice$1647,_14784_,_14784_/D,_13346_,_13346_/D
femtorv_quark,registerFile[16][18],$auto$ff.cc:337:slice$1648,_14785_,_14785_/D,_13347_,_13347_/D
femtorv_quark,registerFile[16][19],$auto$ff.cc:337:slice$1649,_14786_,_14786_/D,_13348_,_13348_/D
femtorv_quark,registerFile[16][20],$auto$ff.cc:337:slice$1650,_14787_,_14787_/D,_13349_,_13349_/D
femtorv_quark,registerFile[16][21],$auto$ff.cc:337:slice$1651,_14788_,_14788_/D,_13350_,_13350_/D
femtorv_quark,registerFile[16][22],$auto$ff.cc:337:slice$1652,_14789_,_14789_/D,_13351_,_13351_/D
femtorv_quark,registerFile[16][23],$auto$ff.cc:337:slice$1653,_14790_,_14790_/D,_13352_,_13352_/D
femtorv_quark,registerFile[16][24],$auto$ff.cc:337:slice$1654,_14791_,_14791_/D,_13353_,_13353_/D
femtorv_quark,registerFile[16][25],$auto$ff.cc:337:slice$1655,_14792_,_14792_/D,_13354_,_13354_/D
femtorv_quark,registerFile[16][26],$auto$ff.cc:337:slice$1656,_14793_,_14793_/D,_13355_,_13355_/D
femtorv_quark,registerFile[16][27],$auto$ff.cc:337:slice$1657,_14794_,_14794_/D,_13356_,_13356_/D
femtorv_quark,registerFile[16][28],$auto$ff.cc:337:slice$1658,_14795_,_14795_/D,_13357_,_13357_/D
femtorv_quark,registerFile[16][29],$auto$ff.cc:337:slice$1659,_14796_,_14796_/D,_13358_,_13358_/D
femtorv_quark,registerFile[16][30],$auto$ff.cc:337:slice$1660,_14797_,_14797_/D,_13359_,_13359_/D
femtorv_quark,registerFile[16][31],$auto$ff.cc:337:slice$1661,_14283_,_14283_/D,_12845_,_12845_/D
femtorv_quark,registerFile[15][0],$auto$ff.cc:337:slice$1662,_14798_,_14798_/D,_13360_,_13360_/D
femtorv_quark,registerFile[15][1],$auto$ff.cc:337:slice$1663,_14799_,_14799_/D,_13361_,_13361_/D
femtorv_quark,registerFile[15][2],$auto$ff.cc:337:slice$1664,_14800_,_14800_/D,_13362_,_13362_/D
femtorv_quark,registerFile[15][3],$auto$ff.cc:337:slice$1665,_14801_,_14801_/D,_13363_,_13363_/D
femtorv_quark,registerFile[15][4],$auto$ff.cc:337:slice$1666,_14802_,_14802_/D,_13364_,_13364_/D
femtorv_quark,registerFile[15][5],$auto$ff.cc:337:slice$1667,_14803_,_14803_/D,_13365_,_13365_/D
femtorv_quark,registerFile[15][6],$auto$ff.cc:337:slice$1668,_14804_,_14804_/D,_13366_,_13366_/D
femtorv_quark,registerFile[15][7],$auto$ff.cc:337:slice$1669,_14805_,_14805_/D,_13367_,_13367_/D
femtorv_quark,registerFile[15][8],$auto$ff.cc:337:slice$1670,_14806_,_14806_/D,_13368_,_13368_/D
femtorv_quark,registerFile[15][9],$auto$ff.cc:337:slice$1671,_14807_,_14807_/D,_13369_,_13369_/D
femtorv_quark,registerFile[15][10],$auto$ff.cc:337:slice$1672,_14808_,_14808_/D,_13370_,_13370_/D
femtorv_quark,registerFile[15][11],$auto$ff.cc:337:slice$1673,_14809_,_14809_/D,_13371_,_13371_/D
femtorv_quark,registerFile[15][12],$auto$ff.cc:337:slice$1674,_14810_,_14810_/D,_13372_,_13372_/D
femtorv_quark,registerFile[15][13],$auto$ff.cc:337:slice$1675,_14811_,_14811_/D,_13373_,_13373_/D
femtorv_quark,registerFile[15][14],$auto$ff.cc:337:slice$1676,_14812_,_14812_/D,_13374_,_13374_/D
femtorv_quark,registerFile[15][15],$auto$ff.cc:337:slice$1677,_14813_,_14813_/D,_13375_,_13375_/D
femtorv_quark,registerFile[15][16],$auto$ff.cc:337:slice$1678,_14814_,_14814_/D,_13376_,_13376_/D
femtorv_quark,registerFile[15][17],$auto$ff.cc:337:slice$1679,_14815_,_14815_/D,_13377_,_13377_/D
femtorv_quark,registerFile[15][18],$auto$ff.cc:337:slice$1680,_14816_,_14816_/D,_13378_,_13378_/D
femtorv_quark,registerFile[15][19],$auto$ff.cc:337:slice$1681,_14817_,_14817_/D,_13379_,_13379_/D
femtorv_quark,registerFile[15][20],$auto$ff.cc:337:slice$1682,_14818_,_14818_/D,_13380_,_13380_/D
femtorv_quark,registerFile[15][21],$auto$ff.cc:337:slice$1683,_14819_,_14819_/D,_13381_,_13381_/D
femtorv_quark,registerFile[15][22],$auto$ff.cc:337:slice$1684,_14820_,_14820_/D,_13382_,_13382_/D
femtorv_quark,registerFile[15][23],$auto$ff.cc:337:slice$1685,_14821_,_14821_/D,_13383_,_13383_/D
femtorv_quark,registerFile[15][24],$auto$ff.cc:337:slice$1686,_14822_,_14822_/D,_13384_,_13384_/D
femtorv_quark,registerFile[15][25],$auto$ff.cc:337:slice$1687,_14823_,_14823_/D,_13385_,_13385_/D
femtorv_quark,registerFile[15][26],$auto$ff.cc:337:slice$1688,_14824_,_14824_/D,_13386_,_13386_/D
femtorv_quark,registerFile[15][27],$auto$ff.cc:337:slice$1689,_14825_,_14825_/D,_13387_,_13387_/D
femtorv_quark,registerFile[15][28],$auto$ff.cc:337:slice$1690,_14826_,_14826_/D,_13388_,_13388_/D
femtorv_quark,registerFile[15][29],$auto$ff.cc:337:slice$1691,_14827_,_14827_/D,_13389_,_13389_/D
femtorv_quark,registerFile[15][30],$auto$ff.cc:337:slice$1692,_14828_,_14828_/D,_13390_,_13390_/D
femtorv_quark,registerFile[15][31],$auto$ff.cc:337:slice$1693,_14282_,_14282_/D,_12844_,_12844_/D
femtorv_quark,registerFile[14][0],$auto$ff.cc:337:slice$1694,_14829_,_14829_/D,_13391_,_13391_/D
femtorv_quark,registerFile[14][1],$auto$ff.cc:337:slice$1695,_14830_,_14830_/D,_13392_,_13392_/D
femtorv_quark,registerFile[14][2],$auto$ff.cc:337:slice$1696,_14831_,_14831_/D,_13393_,_13393_/D
femtorv_quark,registerFile[14][3],$auto$ff.cc:337:slice$1697,_14832_,_14832_/D,_13394_,_13394_/D
femtorv_quark,registerFile[14][4],$auto$ff.cc:337:slice$1698,_14833_,_14833_/D,_13395_,_13395_/D
femtorv_quark,registerFile[14][5],$auto$ff.cc:337:slice$1699,_14834_,_14834_/D,_13396_,_13396_/D
femtorv_quark,registerFile[14][6],$auto$ff.cc:337:slice$1700,_14835_,_14835_/D,_13397_,_13397_/D
femtorv_quark,registerFile[14][7],$auto$ff.cc:337:slice$1701,_14836_,_14836_/D,_13398_,_13398_/D
femtorv_quark,registerFile[14][8],$auto$ff.cc:337:slice$1702,_14837_,_14837_/D,_13399_,_13399_/D
femtorv_quark,registerFile[14][9],$auto$ff.cc:337:slice$1703,_14838_,_14838_/D,_13400_,_13400_/D
femtorv_quark,registerFile[14][10],$auto$ff.cc:337:slice$1704,_14839_,_14839_/D,_13401_,_13401_/D
femtorv_quark,registerFile[14][11],$auto$ff.cc:337:slice$1705,_14840_,_14840_/D,_13402_,_13402_/D
femtorv_quark,registerFile[14][12],$auto$ff.cc:337:slice$1706,_14841_,_14841_/D,_13403_,_13403_/D
femtorv_quark,registerFile[14][13],$auto$ff.cc:337:slice$1707,_14842_,_14842_/D,_13404_,_13404_/D
femtorv_quark,registerFile[14][14],$auto$ff.cc:337:slice$1708,_13628_,_13628_/D,_12190_,_12190_/D
femtorv_quark,registerFile[14][15],$auto$ff.cc:337:slice$1709,_13629_,_13629_/D,_12191_,_12191_/D
femtorv_quark,registerFile[14][16],$auto$ff.cc:337:slice$1710,_13630_,_13630_/D,_12192_,_12192_/D
femtorv_quark,registerFile[14][17],$auto$ff.cc:337:slice$1711,_13631_,_13631_/D,_12193_,_12193_/D
femtorv_quark,registerFile[14][18],$auto$ff.cc:337:slice$1712,_13632_,_13632_/D,_12194_,_12194_/D
femtorv_quark,registerFile[14][19],$auto$ff.cc:337:slice$1713,_13633_,_13633_/D,_12195_,_12195_/D
femtorv_quark,registerFile[14][20],$auto$ff.cc:337:slice$1714,_13634_,_13634_/D,_12196_,_12196_/D
femtorv_quark,registerFile[14][21],$auto$ff.cc:337:slice$1715,_13635_,_13635_/D,_12197_,_12197_/D
femtorv_quark,registerFile[14][22],$auto$ff.cc:337:slice$1716,_13636_,_13636_/D,_12198_,_12198_/D
femtorv_quark,registerFile[14][23],$auto$ff.cc:337:slice$1717,_13637_,_13637_/D,_12199_,_12199_/D
femtorv_quark,registerFile[14][24],$auto$ff.cc:337:slice$1718,_13638_,_13638_/D,_12200_,_12200_/D
femtorv_quark,registerFile[14][25],$auto$ff.cc:337:slice$1719,_13639_,_13639_/D,_12201_,_12201_/D
femtorv_quark,registerFile[14][26],$auto$ff.cc:337:slice$1720,_13640_,_13640_/D,_12202_,_12202_/D
femtorv_quark,registerFile[14][27],$auto$ff.cc:337:slice$1721,_13641_,_13641_/D,_12203_,_12203_/D
femtorv_quark,registerFile[14][28],$auto$ff.cc:337:slice$1722,_13642_,_13642_/D,_12204_,_12204_/D
femtorv_quark,registerFile[14][29],$auto$ff.cc:337:slice$1723,_13643_,_13643_/D,_12205_,_12205_/D
femtorv_quark,registerFile[14][30],$auto$ff.cc:337:slice$1724,_13644_,_13644_/D,_12206_,_12206_/D
femtorv_quark,registerFile[14][31],$auto$ff.cc:337:slice$1725,_14281_,_14281_/D,_12843_,_12843_/D
femtorv_quark,registerFile[13][0],$auto$ff.cc:337:slice$1726,_13645_,_13645_/D,_12207_,_12207_/D
femtorv_quark,registerFile[13][1],$auto$ff.cc:337:slice$1727,_13646_,_13646_/D,_12208_,_12208_/D
femtorv_quark,registerFile[13][2],$auto$ff.cc:337:slice$1728,_13647_,_13647_/D,_12209_,_12209_/D
femtorv_quark,registerFile[13][3],$auto$ff.cc:337:slice$1729,_13648_,_13648_/D,_12210_,_12210_/D
femtorv_quark,registerFile[13][4],$auto$ff.cc:337:slice$1730,_13649_,_13649_/D,_12211_,_12211_/D
femtorv_quark,registerFile[13][5],$auto$ff.cc:337:slice$1731,_13650_,_13650_/D,_12212_,_12212_/D
femtorv_quark,registerFile[13][6],$auto$ff.cc:337:slice$1732,_13651_,_13651_/D,_12213_,_12213_/D
femtorv_quark,registerFile[13][7],$auto$ff.cc:337:slice$1733,_13652_,_13652_/D,_12214_,_12214_/D
femtorv_quark,registerFile[13][8],$auto$ff.cc:337:slice$1734,_13653_,_13653_/D,_12215_,_12215_/D
femtorv_quark,registerFile[13][9],$auto$ff.cc:337:slice$1735,_13654_,_13654_/D,_12216_,_12216_/D
femtorv_quark,registerFile[13][10],$auto$ff.cc:337:slice$1736,_13655_,_13655_/D,_12217_,_12217_/D
femtorv_quark,registerFile[13][11],$auto$ff.cc:337:slice$1737,_13656_,_13656_/D,_12218_,_12218_/D
femtorv_quark,registerFile[13][12],$auto$ff.cc:337:slice$1738,_13657_,_13657_/D,_12219_,_12219_/D
femtorv_quark,registerFile[13][13],$auto$ff.cc:337:slice$1739,_13658_,_13658_/D,_12220_,_12220_/D
femtorv_quark,registerFile[13][14],$auto$ff.cc:337:slice$1740,_13659_,_13659_/D,_12221_,_12221_/D
femtorv_quark,registerFile[13][15],$auto$ff.cc:337:slice$1741,_13660_,_13660_/D,_12222_,_12222_/D
femtorv_quark,registerFile[13][16],$auto$ff.cc:337:slice$1742,_13661_,_13661_/D,_12223_,_12223_/D
femtorv_quark,registerFile[13][17],$auto$ff.cc:337:slice$1743,_13662_,_13662_/D,_12224_,_12224_/D
femtorv_quark,registerFile[13][18],$auto$ff.cc:337:slice$1744,_13663_,_13663_/D,_12225_,_12225_/D
femtorv_quark,registerFile[13][19],$auto$ff.cc:337:slice$1745,_13664_,_13664_/D,_12226_,_12226_/D
femtorv_quark,registerFile[13][20],$auto$ff.cc:337:slice$1746,_13665_,_13665_/D,_12227_,_12227_/D
femtorv_quark,registerFile[13][21],$auto$ff.cc:337:slice$1747,_13666_,_13666_/D,_12228_,_12228_/D
femtorv_quark,registerFile[13][22],$auto$ff.cc:337:slice$1748,_13667_,_13667_/D,_12229_,_12229_/D
femtorv_quark,registerFile[13][23],$auto$ff.cc:337:slice$1749,_13668_,_13668_/D,_12230_,_12230_/D
femtorv_quark,registerFile[13][24],$auto$ff.cc:337:slice$1750,_13669_,_13669_/D,_12231_,_12231_/D
femtorv_quark,registerFile[13][25],$auto$ff.cc:337:slice$1751,_13670_,_13670_/D,_12232_,_12232_/D
femtorv_quark,registerFile[13][26],$auto$ff.cc:337:slice$1752,_13671_,_13671_/D,_12233_,_12233_/D
femtorv_quark,registerFile[13][27],$auto$ff.cc:337:slice$1753,_13672_,_13672_/D,_12234_,_12234_/D
femtorv_quark,registerFile[13][28],$auto$ff.cc:337:slice$1754,_13673_,_13673_/D,_12235_,_12235_/D
femtorv_quark,registerFile[13][29],$auto$ff.cc:337:slice$1755,_13674_,_13674_/D,_12236_,_12236_/D
femtorv_quark,registerFile[13][30],$auto$ff.cc:337:slice$1756,_13675_,_13675_/D,_12237_,_12237_/D
femtorv_quark,registerFile[13][31],$auto$ff.cc:337:slice$1757,_14280_,_14280_/D,_12842_,_12842_/D
femtorv_quark,registerFile[12][0],$auto$ff.cc:337:slice$1758,_13676_,_13676_/D,_12238_,_12238_/D
femtorv_quark,registerFile[12][1],$auto$ff.cc:337:slice$1759,_13677_,_13677_/D,_12239_,_12239_/D
femtorv_quark,registerFile[12][2],$auto$ff.cc:337:slice$1760,_13678_,_13678_/D,_12240_,_12240_/D
femtorv_quark,registerFile[12][3],$auto$ff.cc:337:slice$1761,_13679_,_13679_/D,_12241_,_12241_/D
femtorv_quark,registerFile[12][4],$auto$ff.cc:337:slice$1762,_13680_,_13680_/D,_12242_,_12242_/D
femtorv_quark,registerFile[12][5],$auto$ff.cc:337:slice$1763,_13681_,_13681_/D,_12243_,_12243_/D
femtorv_quark,registerFile[12][6],$auto$ff.cc:337:slice$1764,_13682_,_13682_/D,_12244_,_12244_/D
femtorv_quark,registerFile[12][7],$auto$ff.cc:337:slice$1765,_13683_,_13683_/D,_12245_,_12245_/D
femtorv_quark,registerFile[12][8],$auto$ff.cc:337:slice$1766,_13684_,_13684_/D,_12246_,_12246_/D
femtorv_quark,registerFile[12][9],$auto$ff.cc:337:slice$1767,_13685_,_13685_/D,_12247_,_12247_/D
femtorv_quark,registerFile[12][10],$auto$ff.cc:337:slice$1768,_13686_,_13686_/D,_12248_,_12248_/D
femtorv_quark,registerFile[12][11],$auto$ff.cc:337:slice$1769,_13687_,_13687_/D,_12249_,_12249_/D
femtorv_quark,registerFile[12][12],$auto$ff.cc:337:slice$1770,_13688_,_13688_/D,_12250_,_12250_/D
femtorv_quark,registerFile[12][13],$auto$ff.cc:337:slice$1771,_13689_,_13689_/D,_12251_,_12251_/D
femtorv_quark,registerFile[12][14],$auto$ff.cc:337:slice$1772,_13690_,_13690_/D,_12252_,_12252_/D
femtorv_quark,registerFile[12][15],$auto$ff.cc:337:slice$1773,_13691_,_13691_/D,_12253_,_12253_/D
femtorv_quark,registerFile[12][16],$auto$ff.cc:337:slice$1774,_13692_,_13692_/D,_12254_,_12254_/D
femtorv_quark,registerFile[12][17],$auto$ff.cc:337:slice$1775,_13693_,_13693_/D,_12255_,_12255_/D
femtorv_quark,registerFile[12][18],$auto$ff.cc:337:slice$1776,_13694_,_13694_/D,_12256_,_12256_/D
femtorv_quark,registerFile[12][19],$auto$ff.cc:337:slice$1777,_13695_,_13695_/D,_12257_,_12257_/D
femtorv_quark,registerFile[12][20],$auto$ff.cc:337:slice$1778,_13696_,_13696_/D,_12258_,_12258_/D
femtorv_quark,registerFile[12][21],$auto$ff.cc:337:slice$1779,_13697_,_13697_/D,_12259_,_12259_/D
femtorv_quark,registerFile[12][22],$auto$ff.cc:337:slice$1780,_13698_,_13698_/D,_12260_,_12260_/D
femtorv_quark,registerFile[12][23],$auto$ff.cc:337:slice$1781,_13699_,_13699_/D,_12261_,_12261_/D
femtorv_quark,registerFile[12][24],$auto$ff.cc:337:slice$1782,_13700_,_13700_/D,_12262_,_12262_/D
femtorv_quark,registerFile[12][25],$auto$ff.cc:337:slice$1783,_13701_,_13701_/D,_12263_,_12263_/D
femtorv_quark,registerFile[12][26],$auto$ff.cc:337:slice$1784,_13702_,_13702_/D,_12264_,_12264_/D
femtorv_quark,registerFile[12][27],$auto$ff.cc:337:slice$1785,_13703_,_13703_/D,_12265_,_12265_/D
femtorv_quark,registerFile[12][28],$auto$ff.cc:337:slice$1786,_13704_,_13704_/D,_12266_,_12266_/D
femtorv_quark,registerFile[12][29],$auto$ff.cc:337:slice$1787,_13705_,_13705_/D,_12267_,_12267_/D
femtorv_quark,registerFile[12][30],$auto$ff.cc:337:slice$1788,_13706_,_13706_/D,_12268_,_12268_/D
femtorv_quark,registerFile[12][31],$auto$ff.cc:337:slice$1789,_14279_,_14279_/D,_12841_,_12841_/D
femtorv_quark,registerFile[11][0],$auto$ff.cc:337:slice$1790,_13707_,_13707_/D,_12269_,_12269_/D
femtorv_quark,registerFile[11][1],$auto$ff.cc:337:slice$1791,_13708_,_13708_/D,_12270_,_12270_/D
femtorv_quark,registerFile[11][2],$auto$ff.cc:337:slice$1792,_13709_,_13709_/D,_12271_,_12271_/D
femtorv_quark,registerFile[11][3],$auto$ff.cc:337:slice$1793,_13710_,_13710_/D,_12272_,_12272_/D
femtorv_quark,registerFile[11][4],$auto$ff.cc:337:slice$1794,_13711_,_13711_/D,_12273_,_12273_/D
femtorv_quark,registerFile[11][5],$auto$ff.cc:337:slice$1795,_13712_,_13712_/D,_12274_,_12274_/D
femtorv_quark,registerFile[11][6],$auto$ff.cc:337:slice$1796,_13713_,_13713_/D,_12275_,_12275_/D
femtorv_quark,registerFile[11][7],$auto$ff.cc:337:slice$1797,_13714_,_13714_/D,_12276_,_12276_/D
femtorv_quark,registerFile[11][8],$auto$ff.cc:337:slice$1798,_13715_,_13715_/D,_12277_,_12277_/D
femtorv_quark,registerFile[11][9],$auto$ff.cc:337:slice$1799,_13716_,_13716_/D,_12278_,_12278_/D
femtorv_quark,registerFile[11][10],$auto$ff.cc:337:slice$1800,_13717_,_13717_/D,_12279_,_12279_/D
femtorv_quark,registerFile[11][11],$auto$ff.cc:337:slice$1801,_13718_,_13718_/D,_12280_,_12280_/D
femtorv_quark,registerFile[11][12],$auto$ff.cc:337:slice$1802,_13719_,_13719_/D,_12281_,_12281_/D
femtorv_quark,registerFile[11][13],$auto$ff.cc:337:slice$1803,_13720_,_13720_/D,_12282_,_12282_/D
femtorv_quark,registerFile[11][14],$auto$ff.cc:337:slice$1804,_13721_,_13721_/D,_12283_,_12283_/D
femtorv_quark,registerFile[11][15],$auto$ff.cc:337:slice$1805,_13722_,_13722_/D,_12284_,_12284_/D
femtorv_quark,registerFile[11][16],$auto$ff.cc:337:slice$1806,_13723_,_13723_/D,_12285_,_12285_/D
femtorv_quark,registerFile[11][17],$auto$ff.cc:337:slice$1807,_13724_,_13724_/D,_12286_,_12286_/D
femtorv_quark,registerFile[11][18],$auto$ff.cc:337:slice$1808,_13725_,_13725_/D,_12287_,_12287_/D
femtorv_quark,registerFile[11][19],$auto$ff.cc:337:slice$1809,_13726_,_13726_/D,_12288_,_12288_/D
femtorv_quark,registerFile[11][20],$auto$ff.cc:337:slice$1810,_13727_,_13727_/D,_12289_,_12289_/D
femtorv_quark,registerFile[11][21],$auto$ff.cc:337:slice$1811,_13728_,_13728_/D,_12290_,_12290_/D
femtorv_quark,registerFile[11][22],$auto$ff.cc:337:slice$1812,_13729_,_13729_/D,_12291_,_12291_/D
femtorv_quark,registerFile[11][23],$auto$ff.cc:337:slice$1813,_13730_,_13730_/D,_12292_,_12292_/D
femtorv_quark,registerFile[11][24],$auto$ff.cc:337:slice$1814,_13731_,_13731_/D,_12293_,_12293_/D
femtorv_quark,registerFile[11][25],$auto$ff.cc:337:slice$1815,_13732_,_13732_/D,_12294_,_12294_/D
femtorv_quark,registerFile[11][26],$auto$ff.cc:337:slice$1816,_13733_,_13733_/D,_12295_,_12295_/D
femtorv_quark,registerFile[11][27],$auto$ff.cc:337:slice$1817,_13734_,_13734_/D,_12296_,_12296_/D
femtorv_quark,registerFile[11][28],$auto$ff.cc:337:slice$1818,_13735_,_13735_/D,_12297_,_12297_/D
femtorv_quark,registerFile[11][29],$auto$ff.cc:337:slice$1819,_13736_,_13736_/D,_12298_,_12298_/D
femtorv_quark,registerFile[11][30],$auto$ff.cc:337:slice$1820,_13737_,_13737_/D,_12299_,_12299_/D
femtorv_quark,registerFile[11][31],$auto$ff.cc:337:slice$1821,_14278_,_14278_/D,_12840_,_12840_/D
femtorv_quark,registerFile[10][0],$auto$ff.cc:337:slice$1822,_13738_,_13738_/D,_12300_,_12300_/D
femtorv_quark,registerFile[10][1],$auto$ff.cc:337:slice$1823,_13739_,_13739_/D,_12301_,_12301_/D
femtorv_quark,registerFile[10][2],$auto$ff.cc:337:slice$1824,_13740_,_13740_/D,_12302_,_12302_/D
femtorv_quark,registerFile[10][3],$auto$ff.cc:337:slice$1825,_13741_,_13741_/D,_12303_,_12303_/D
femtorv_quark,registerFile[10][4],$auto$ff.cc:337:slice$1826,_13742_,_13742_/D,_12304_,_12304_/D
femtorv_quark,registerFile[10][5],$auto$ff.cc:337:slice$1827,_13743_,_13743_/D,_12305_,_12305_/D
femtorv_quark,registerFile[10][6],$auto$ff.cc:337:slice$1828,_13744_,_13744_/D,_12306_,_12306_/D
femtorv_quark,registerFile[10][7],$auto$ff.cc:337:slice$1829,_13745_,_13745_/D,_12307_,_12307_/D
femtorv_quark,registerFile[10][8],$auto$ff.cc:337:slice$1830,_13746_,_13746_/D,_12308_,_12308_/D
femtorv_quark,registerFile[10][9],$auto$ff.cc:337:slice$1831,_13747_,_13747_/D,_12309_,_12309_/D
femtorv_quark,registerFile[10][10],$auto$ff.cc:337:slice$1832,_13748_,_13748_/D,_12310_,_12310_/D
femtorv_quark,registerFile[10][11],$auto$ff.cc:337:slice$1833,_13749_,_13749_/D,_12311_,_12311_/D
femtorv_quark,registerFile[10][12],$auto$ff.cc:337:slice$1834,_13750_,_13750_/D,_12312_,_12312_/D
femtorv_quark,registerFile[10][13],$auto$ff.cc:337:slice$1835,_13751_,_13751_/D,_12313_,_12313_/D
femtorv_quark,registerFile[10][14],$auto$ff.cc:337:slice$1836,_13752_,_13752_/D,_12314_,_12314_/D
femtorv_quark,registerFile[10][15],$auto$ff.cc:337:slice$1837,_13753_,_13753_/D,_12315_,_12315_/D
femtorv_quark,registerFile[10][16],$auto$ff.cc:337:slice$1838,_13754_,_13754_/D,_12316_,_12316_/D
femtorv_quark,registerFile[10][17],$auto$ff.cc:337:slice$1839,_13755_,_13755_/D,_12317_,_12317_/D
femtorv_quark,registerFile[10][18],$auto$ff.cc:337:slice$1840,_13756_,_13756_/D,_12318_,_12318_/D
femtorv_quark,registerFile[10][19],$auto$ff.cc:337:slice$1841,_13757_,_13757_/D,_12319_,_12319_/D
femtorv_quark,registerFile[10][20],$auto$ff.cc:337:slice$1842,_13758_,_13758_/D,_12320_,_12320_/D
femtorv_quark,registerFile[10][21],$auto$ff.cc:337:slice$1843,_13759_,_13759_/D,_12321_,_12321_/D
femtorv_quark,registerFile[10][22],$auto$ff.cc:337:slice$1844,_13760_,_13760_/D,_12322_,_12322_/D
femtorv_quark,registerFile[10][23],$auto$ff.cc:337:slice$1845,_13761_,_13761_/D,_12323_,_12323_/D
femtorv_quark,registerFile[10][24],$auto$ff.cc:337:slice$1846,_13762_,_13762_/D,_12324_,_12324_/D
femtorv_quark,registerFile[10][25],$auto$ff.cc:337:slice$1847,_13763_,_13763_/D,_12325_,_12325_/D
femtorv_quark,registerFile[10][26],$auto$ff.cc:337:slice$1848,_13764_,_13764_/D,_12326_,_12326_/D
femtorv_quark,registerFile[10][27],$auto$ff.cc:337:slice$1849,_13765_,_13765_/D,_12327_,_12327_/D
femtorv_quark,registerFile[10][28],$auto$ff.cc:337:slice$1850,_13766_,_13766_/D,_12328_,_12328_/D
femtorv_quark,registerFile[10][29],$auto$ff.cc:337:slice$1851,_13767_,_13767_/D,_12329_,_12329_/D
femtorv_quark,registerFile[10][30],$auto$ff.cc:337:slice$1852,_13768_,_13768_/D,_12330_,_12330_/D
femtorv_quark,registerFile[10][31],$auto$ff.cc:337:slice$1853,_14149_,_14149_/D,_12711_,_12711_/D
femtorv_quark,registerFile[9][0],$auto$ff.cc:337:slice$1854,_13769_,_13769_/D,_12331_,_12331_/D
femtorv_quark,registerFile[9][1],$auto$ff.cc:337:slice$1855,_13770_,_13770_/D,_12332_,_12332_/D
femtorv_quark,registerFile[9][2],$auto$ff.cc:337:slice$1856,_13771_,_13771_/D,_12333_,_12333_/D
femtorv_quark,registerFile[9][3],$auto$ff.cc:337:slice$1857,_13772_,_13772_/D,_12334_,_12334_/D
femtorv_quark,registerFile[9][4],$auto$ff.cc:337:slice$1858,_13773_,_13773_/D,_12335_,_12335_/D
femtorv_quark,registerFile[9][5],$auto$ff.cc:337:slice$1859,_13774_,_13774_/D,_12336_,_12336_/D
femtorv_quark,registerFile[9][6],$auto$ff.cc:337:slice$1860,_13775_,_13775_/D,_12337_,_12337_/D
femtorv_quark,registerFile[9][7],$auto$ff.cc:337:slice$1861,_13776_,_13776_/D,_12338_,_12338_/D
femtorv_quark,registerFile[9][8],$auto$ff.cc:337:slice$1862,_13777_,_13777_/D,_12339_,_12339_/D
femtorv_quark,registerFile[9][9],$auto$ff.cc:337:slice$1863,_13778_,_13778_/D,_12340_,_12340_/D
femtorv_quark,registerFile[9][10],$auto$ff.cc:337:slice$1864,_13779_,_13779_/D,_12341_,_12341_/D
femtorv_quark,registerFile[9][11],$auto$ff.cc:337:slice$1865,_13780_,_13780_/D,_12342_,_12342_/D
femtorv_quark,registerFile[9][12],$auto$ff.cc:337:slice$1866,_13781_,_13781_/D,_12343_,_12343_/D
femtorv_quark,registerFile[9][13],$auto$ff.cc:337:slice$1867,_13782_,_13782_/D,_12344_,_12344_/D
femtorv_quark,registerFile[9][14],$auto$ff.cc:337:slice$1868,_13783_,_13783_/D,_12345_,_12345_/D
femtorv_quark,registerFile[9][15],$auto$ff.cc:337:slice$1869,_13784_,_13784_/D,_12346_,_12346_/D
femtorv_quark,registerFile[9][16],$auto$ff.cc:337:slice$1870,_13785_,_13785_/D,_12347_,_12347_/D
femtorv_quark,registerFile[9][17],$auto$ff.cc:337:slice$1871,_13786_,_13786_/D,_12348_,_12348_/D
femtorv_quark,registerFile[9][18],$auto$ff.cc:337:slice$1872,_13787_,_13787_/D,_12349_,_12349_/D
femtorv_quark,registerFile[9][19],$auto$ff.cc:337:slice$1873,_13788_,_13788_/D,_12350_,_12350_/D
femtorv_quark,registerFile[9][20],$auto$ff.cc:337:slice$1874,_13789_,_13789_/D,_12351_,_12351_/D
femtorv_quark,registerFile[9][21],$auto$ff.cc:337:slice$1875,_13790_,_13790_/D,_12352_,_12352_/D
femtorv_quark,registerFile[9][22],$auto$ff.cc:337:slice$1876,_13791_,_13791_/D,_12353_,_12353_/D
femtorv_quark,registerFile[9][23],$auto$ff.cc:337:slice$1877,_13792_,_13792_/D,_12354_,_12354_/D
femtorv_quark,registerFile[9][24],$auto$ff.cc:337:slice$1878,_13793_,_13793_/D,_12355_,_12355_/D
femtorv_quark,registerFile[9][25],$auto$ff.cc:337:slice$1879,_13794_,_13794_/D,_12356_,_12356_/D
femtorv_quark,registerFile[9][26],$auto$ff.cc:337:slice$1880,_13795_,_13795_/D,_12357_,_12357_/D
femtorv_quark,registerFile[9][27],$auto$ff.cc:337:slice$1881,_13796_,_13796_/D,_12358_,_12358_/D
femtorv_quark,registerFile[9][28],$auto$ff.cc:337:slice$1882,_13797_,_13797_/D,_12359_,_12359_/D
femtorv_quark,registerFile[9][29],$auto$ff.cc:337:slice$1883,_13798_,_13798_/D,_12360_,_12360_/D
femtorv_quark,registerFile[9][30],$auto$ff.cc:337:slice$1884,_13799_,_13799_/D,_12361_,_12361_/D
femtorv_quark,registerFile[9][31],$auto$ff.cc:337:slice$1885,_14147_,_14147_/D,_12709_,_12709_/D
femtorv_quark,registerFile[8][0],$auto$ff.cc:337:slice$1886,_13800_,_13800_/D,_12362_,_12362_/D
femtorv_quark,registerFile[8][1],$auto$ff.cc:337:slice$1887,_13832_,_13832_/D,_12394_,_12394_/D
femtorv_quark,registerFile[8][2],$auto$ff.cc:337:slice$1888,_13833_,_13833_/D,_12395_,_12395_/D
femtorv_quark,registerFile[8][3],$auto$ff.cc:337:slice$1889,_13834_,_13834_/D,_12396_,_12396_/D
femtorv_quark,registerFile[8][4],$auto$ff.cc:337:slice$1890,_13835_,_13835_/D,_12397_,_12397_/D
femtorv_quark,registerFile[8][5],$auto$ff.cc:337:slice$1891,_13836_,_13836_/D,_12398_,_12398_/D
femtorv_quark,registerFile[8][6],$auto$ff.cc:337:slice$1892,_13837_,_13837_/D,_12399_,_12399_/D
femtorv_quark,registerFile[8][7],$auto$ff.cc:337:slice$1893,_13838_,_13838_/D,_12400_,_12400_/D
femtorv_quark,registerFile[8][8],$auto$ff.cc:337:slice$1894,_13839_,_13839_/D,_12401_,_12401_/D
femtorv_quark,registerFile[8][9],$auto$ff.cc:337:slice$1895,_13840_,_13840_/D,_12402_,_12402_/D
femtorv_quark,registerFile[8][10],$auto$ff.cc:337:slice$1896,_13841_,_13841_/D,_12403_,_12403_/D
femtorv_quark,registerFile[8][11],$auto$ff.cc:337:slice$1897,_13842_,_13842_/D,_12404_,_12404_/D
femtorv_quark,registerFile[8][12],$auto$ff.cc:337:slice$1898,_13843_,_13843_/D,_12405_,_12405_/D
femtorv_quark,registerFile[8][13],$auto$ff.cc:337:slice$1899,_13844_,_13844_/D,_12406_,_12406_/D
femtorv_quark,registerFile[8][14],$auto$ff.cc:337:slice$1900,_13845_,_13845_/D,_12407_,_12407_/D
femtorv_quark,registerFile[8][15],$auto$ff.cc:337:slice$1901,_13846_,_13846_/D,_12408_,_12408_/D
femtorv_quark,registerFile[8][16],$auto$ff.cc:337:slice$1902,_13847_,_13847_/D,_12409_,_12409_/D
femtorv_quark,registerFile[8][17],$auto$ff.cc:337:slice$1903,_13848_,_13848_/D,_12410_,_12410_/D
femtorv_quark,registerFile[8][18],$auto$ff.cc:337:slice$1904,_13849_,_13849_/D,_12411_,_12411_/D
femtorv_quark,registerFile[8][19],$auto$ff.cc:337:slice$1905,_13850_,_13850_/D,_12412_,_12412_/D
femtorv_quark,registerFile[8][20],$auto$ff.cc:337:slice$1906,_13851_,_13851_/D,_12413_,_12413_/D
femtorv_quark,registerFile[8][21],$auto$ff.cc:337:slice$1907,_13852_,_13852_/D,_12414_,_12414_/D
femtorv_quark,registerFile[8][22],$auto$ff.cc:337:slice$1908,_13853_,_13853_/D,_12415_,_12415_/D
femtorv_quark,registerFile[8][23],$auto$ff.cc:337:slice$1909,_13854_,_13854_/D,_12416_,_12416_/D
femtorv_quark,registerFile[8][24],$auto$ff.cc:337:slice$1910,_13855_,_13855_/D,_12417_,_12417_/D
femtorv_quark,registerFile[8][25],$auto$ff.cc:337:slice$1911,_13856_,_13856_/D,_12418_,_12418_/D
femtorv_quark,registerFile[8][26],$auto$ff.cc:337:slice$1912,_13857_,_13857_/D,_12419_,_12419_/D
femtorv_quark,registerFile[8][27],$auto$ff.cc:337:slice$1913,_13858_,_13858_/D,_12420_,_12420_/D
femtorv_quark,registerFile[8][28],$auto$ff.cc:337:slice$1914,_13859_,_13859_/D,_12421_,_12421_/D
femtorv_quark,registerFile[8][29],$auto$ff.cc:337:slice$1915,_13860_,_13860_/D,_12422_,_12422_/D
femtorv_quark,registerFile[8][30],$auto$ff.cc:337:slice$1916,_13861_,_13861_/D,_12423_,_12423_/D
femtorv_quark,registerFile[8][31],$auto$ff.cc:337:slice$1917,_14145_,_14145_/D,_12707_,_12707_/D
femtorv_quark,registerFile[7][0],$auto$ff.cc:337:slice$1918,_13862_,_13862_/D,_12424_,_12424_/D
femtorv_quark,registerFile[7][1],$auto$ff.cc:337:slice$1919,_13863_,_13863_/D,_12425_,_12425_/D
femtorv_quark,registerFile[7][2],$auto$ff.cc:337:slice$1920,_13864_,_13864_/D,_12426_,_12426_/D
femtorv_quark,registerFile[7][3],$auto$ff.cc:337:slice$1921,_13865_,_13865_/D,_12427_,_12427_/D
femtorv_quark,registerFile[7][4],$auto$ff.cc:337:slice$1922,_13866_,_13866_/D,_12428_,_12428_/D
femtorv_quark,registerFile[7][5],$auto$ff.cc:337:slice$1923,_13867_,_13867_/D,_12429_,_12429_/D
femtorv_quark,registerFile[7][6],$auto$ff.cc:337:slice$1924,_13868_,_13868_/D,_12430_,_12430_/D
femtorv_quark,registerFile[7][7],$auto$ff.cc:337:slice$1925,_13869_,_13869_/D,_12431_,_12431_/D
femtorv_quark,registerFile[7][8],$auto$ff.cc:337:slice$1926,_13870_,_13870_/D,_12432_,_12432_/D
femtorv_quark,registerFile[7][9],$auto$ff.cc:337:slice$1927,_13871_,_13871_/D,_12433_,_12433_/D
femtorv_quark,registerFile[7][10],$auto$ff.cc:337:slice$1928,_13872_,_13872_/D,_12434_,_12434_/D
femtorv_quark,registerFile[7][11],$auto$ff.cc:337:slice$1929,_13873_,_13873_/D,_12435_,_12435_/D
femtorv_quark,registerFile[7][12],$auto$ff.cc:337:slice$1930,_13874_,_13874_/D,_12436_,_12436_/D
femtorv_quark,registerFile[7][13],$auto$ff.cc:337:slice$1931,_13875_,_13875_/D,_12437_,_12437_/D
femtorv_quark,registerFile[7][14],$auto$ff.cc:337:slice$1932,_13876_,_13876_/D,_12438_,_12438_/D
femtorv_quark,registerFile[7][15],$auto$ff.cc:337:slice$1933,_13877_,_13877_/D,_12439_,_12439_/D
femtorv_quark,registerFile[7][16],$auto$ff.cc:337:slice$1934,_13878_,_13878_/D,_12440_,_12440_/D
femtorv_quark,registerFile[7][17],$auto$ff.cc:337:slice$1935,_13879_,_13879_/D,_12441_,_12441_/D
femtorv_quark,registerFile[7][18],$auto$ff.cc:337:slice$1936,_13880_,_13880_/D,_12442_,_12442_/D
femtorv_quark,registerFile[7][19],$auto$ff.cc:337:slice$1937,_13881_,_13881_/D,_12443_,_12443_/D
femtorv_quark,registerFile[7][20],$auto$ff.cc:337:slice$1938,_13882_,_13882_/D,_12444_,_12444_/D
femtorv_quark,registerFile[7][21],$auto$ff.cc:337:slice$1939,_13883_,_13883_/D,_12445_,_12445_/D
femtorv_quark,registerFile[7][22],$auto$ff.cc:337:slice$1940,_13884_,_13884_/D,_12446_,_12446_/D
femtorv_quark,registerFile[7][23],$auto$ff.cc:337:slice$1941,_13885_,_13885_/D,_12447_,_12447_/D
femtorv_quark,registerFile[7][24],$auto$ff.cc:337:slice$1942,_13886_,_13886_/D,_12448_,_12448_/D
femtorv_quark,registerFile[7][25],$auto$ff.cc:337:slice$1943,_13887_,_13887_/D,_12449_,_12449_/D
femtorv_quark,registerFile[7][26],$auto$ff.cc:337:slice$1944,_13888_,_13888_/D,_12450_,_12450_/D
femtorv_quark,registerFile[7][27],$auto$ff.cc:337:slice$1945,_13889_,_13889_/D,_12451_,_12451_/D
femtorv_quark,registerFile[7][28],$auto$ff.cc:337:slice$1946,_13890_,_13890_/D,_12452_,_12452_/D
femtorv_quark,registerFile[7][29],$auto$ff.cc:337:slice$1947,_13891_,_13891_/D,_12453_,_12453_/D
femtorv_quark,registerFile[7][30],$auto$ff.cc:337:slice$1948,_13892_,_13892_/D,_12454_,_12454_/D
femtorv_quark,registerFile[7][31],$auto$ff.cc:337:slice$1949,_14143_,_14143_/D,_12705_,_12705_/D
femtorv_quark,registerFile[6][0],$auto$ff.cc:337:slice$1950,_13893_,_13893_/D,_12455_,_12455_/D
femtorv_quark,registerFile[6][1],$auto$ff.cc:337:slice$1951,_13894_,_13894_/D,_12456_,_12456_/D
femtorv_quark,registerFile[6][2],$auto$ff.cc:337:slice$1952,_13895_,_13895_/D,_12457_,_12457_/D
femtorv_quark,registerFile[6][3],$auto$ff.cc:337:slice$1953,_13896_,_13896_/D,_12458_,_12458_/D
femtorv_quark,registerFile[6][4],$auto$ff.cc:337:slice$1954,_13897_,_13897_/D,_12459_,_12459_/D
femtorv_quark,registerFile[6][5],$auto$ff.cc:337:slice$1955,_13898_,_13898_/D,_12460_,_12460_/D
femtorv_quark,registerFile[6][6],$auto$ff.cc:337:slice$1956,_13899_,_13899_/D,_12461_,_12461_/D
femtorv_quark,registerFile[6][7],$auto$ff.cc:337:slice$1957,_13900_,_13900_/D,_12462_,_12462_/D
femtorv_quark,registerFile[6][8],$auto$ff.cc:337:slice$1958,_13901_,_13901_/D,_12463_,_12463_/D
femtorv_quark,registerFile[6][9],$auto$ff.cc:337:slice$1959,_13902_,_13902_/D,_12464_,_12464_/D
femtorv_quark,registerFile[6][10],$auto$ff.cc:337:slice$1960,_13903_,_13903_/D,_12465_,_12465_/D
femtorv_quark,registerFile[6][11],$auto$ff.cc:337:slice$1961,_13904_,_13904_/D,_12466_,_12466_/D
femtorv_quark,registerFile[6][12],$auto$ff.cc:337:slice$1962,_13905_,_13905_/D,_12467_,_12467_/D
femtorv_quark,registerFile[6][13],$auto$ff.cc:337:slice$1963,_13906_,_13906_/D,_12468_,_12468_/D
femtorv_quark,registerFile[6][14],$auto$ff.cc:337:slice$1964,_13907_,_13907_/D,_12469_,_12469_/D
femtorv_quark,registerFile[6][15],$auto$ff.cc:337:slice$1965,_13908_,_13908_/D,_12470_,_12470_/D
femtorv_quark,registerFile[6][16],$auto$ff.cc:337:slice$1966,_13909_,_13909_/D,_12471_,_12471_/D
femtorv_quark,registerFile[6][17],$auto$ff.cc:337:slice$1967,_13910_,_13910_/D,_12472_,_12472_/D
femtorv_quark,registerFile[6][18],$auto$ff.cc:337:slice$1968,_13911_,_13911_/D,_12473_,_12473_/D
femtorv_quark,registerFile[6][19],$auto$ff.cc:337:slice$1969,_13912_,_13912_/D,_12474_,_12474_/D
femtorv_quark,registerFile[6][20],$auto$ff.cc:337:slice$1970,_13913_,_13913_/D,_12475_,_12475_/D
femtorv_quark,registerFile[6][21],$auto$ff.cc:337:slice$1971,_13914_,_13914_/D,_12476_,_12476_/D
femtorv_quark,registerFile[6][22],$auto$ff.cc:337:slice$1972,_13915_,_13915_/D,_12477_,_12477_/D
femtorv_quark,registerFile[6][23],$auto$ff.cc:337:slice$1973,_13916_,_13916_/D,_12478_,_12478_/D
femtorv_quark,registerFile[6][24],$auto$ff.cc:337:slice$1974,_13917_,_13917_/D,_12479_,_12479_/D
femtorv_quark,registerFile[6][25],$auto$ff.cc:337:slice$1975,_13918_,_13918_/D,_12480_,_12480_/D
femtorv_quark,registerFile[6][26],$auto$ff.cc:337:slice$1976,_13919_,_13919_/D,_12481_,_12481_/D
femtorv_quark,registerFile[6][27],$auto$ff.cc:337:slice$1977,_13920_,_13920_/D,_12482_,_12482_/D
femtorv_quark,registerFile[6][28],$auto$ff.cc:337:slice$1978,_13921_,_13921_/D,_12483_,_12483_/D
femtorv_quark,registerFile[6][29],$auto$ff.cc:337:slice$1979,_13922_,_13922_/D,_12484_,_12484_/D
femtorv_quark,registerFile[6][30],$auto$ff.cc:337:slice$1980,_13923_,_13923_/D,_12485_,_12485_/D
femtorv_quark,registerFile[6][31],$auto$ff.cc:337:slice$1981,_14141_,_14141_/D,_12703_,_12703_/D
femtorv_quark,registerFile[5][0],$auto$ff.cc:337:slice$1982,_13924_,_13924_/D,_12486_,_12486_/D
femtorv_quark,registerFile[5][1],$auto$ff.cc:337:slice$1983,_13925_,_13925_/D,_12487_,_12487_/D
femtorv_quark,registerFile[5][2],$auto$ff.cc:337:slice$1984,_13926_,_13926_/D,_12488_,_12488_/D
femtorv_quark,registerFile[5][3],$auto$ff.cc:337:slice$1985,_13927_,_13927_/D,_12489_,_12489_/D
femtorv_quark,registerFile[5][4],$auto$ff.cc:337:slice$1986,_13928_,_13928_/D,_12490_,_12490_/D
femtorv_quark,registerFile[5][5],$auto$ff.cc:337:slice$1987,_13929_,_13929_/D,_12491_,_12491_/D
femtorv_quark,registerFile[5][6],$auto$ff.cc:337:slice$1988,_13930_,_13930_/D,_12492_,_12492_/D
femtorv_quark,registerFile[5][7],$auto$ff.cc:337:slice$1989,_13931_,_13931_/D,_12493_,_12493_/D
femtorv_quark,registerFile[5][8],$auto$ff.cc:337:slice$1990,_13932_,_13932_/D,_12494_,_12494_/D
femtorv_quark,registerFile[5][9],$auto$ff.cc:337:slice$1991,_13933_,_13933_/D,_12495_,_12495_/D
femtorv_quark,registerFile[5][10],$auto$ff.cc:337:slice$1992,_13934_,_13934_/D,_12496_,_12496_/D
femtorv_quark,registerFile[5][11],$auto$ff.cc:337:slice$1993,_13935_,_13935_/D,_12497_,_12497_/D
femtorv_quark,registerFile[5][12],$auto$ff.cc:337:slice$1994,_13936_,_13936_/D,_12498_,_12498_/D
femtorv_quark,registerFile[5][13],$auto$ff.cc:337:slice$1995,_13937_,_13937_/D,_12499_,_12499_/D
femtorv_quark,registerFile[5][14],$auto$ff.cc:337:slice$1996,_13938_,_13938_/D,_12500_,_12500_/D
femtorv_quark,registerFile[5][15],$auto$ff.cc:337:slice$1997,_13939_,_13939_/D,_12501_,_12501_/D
femtorv_quark,registerFile[5][16],$auto$ff.cc:337:slice$1998,_13940_,_13940_/D,_12502_,_12502_/D
femtorv_quark,registerFile[5][17],$auto$ff.cc:337:slice$1999,_13941_,_13941_/D,_12503_,_12503_/D
femtorv_quark,registerFile[5][18],$auto$ff.cc:337:slice$2000,_13942_,_13942_/D,_12504_,_12504_/D
femtorv_quark,registerFile[5][19],$auto$ff.cc:337:slice$2001,_13943_,_13943_/D,_12505_,_12505_/D
femtorv_quark,registerFile[5][20],$auto$ff.cc:337:slice$2002,_13944_,_13944_/D,_12506_,_12506_/D
femtorv_quark,registerFile[5][21],$auto$ff.cc:337:slice$2003,_13945_,_13945_/D,_12507_,_12507_/D
femtorv_quark,registerFile[5][22],$auto$ff.cc:337:slice$2004,_13946_,_13946_/D,_12508_,_12508_/D
femtorv_quark,registerFile[5][23],$auto$ff.cc:337:slice$2005,_13947_,_13947_/D,_12509_,_12509_/D
femtorv_quark,registerFile[5][24],$auto$ff.cc:337:slice$2006,_13948_,_13948_/D,_12510_,_12510_/D
femtorv_quark,registerFile[5][25],$auto$ff.cc:337:slice$2007,_13949_,_13949_/D,_12511_,_12511_/D
femtorv_quark,registerFile[5][26],$auto$ff.cc:337:slice$2008,_13950_,_13950_/D,_12512_,_12512_/D
femtorv_quark,registerFile[5][27],$auto$ff.cc:337:slice$2009,_13951_,_13951_/D,_12513_,_12513_/D
femtorv_quark,registerFile[5][28],$auto$ff.cc:337:slice$2010,_13952_,_13952_/D,_12514_,_12514_/D
femtorv_quark,registerFile[5][29],$auto$ff.cc:337:slice$2011,_13953_,_13953_/D,_12515_,_12515_/D
femtorv_quark,registerFile[5][30],$auto$ff.cc:337:slice$2012,_13954_,_13954_/D,_12516_,_12516_/D
femtorv_quark,registerFile[5][31],$auto$ff.cc:337:slice$2013,_14139_,_14139_/D,_12701_,_12701_/D
femtorv_quark,registerFile[4][0],$auto$ff.cc:337:slice$2014,_13955_,_13955_/D,_12517_,_12517_/D
femtorv_quark,registerFile[4][1],$auto$ff.cc:337:slice$2015,_13956_,_13956_/D,_12518_,_12518_/D
femtorv_quark,registerFile[4][2],$auto$ff.cc:337:slice$2016,_13957_,_13957_/D,_12519_,_12519_/D
femtorv_quark,registerFile[4][3],$auto$ff.cc:337:slice$2017,_13958_,_13958_/D,_12520_,_12520_/D
femtorv_quark,registerFile[4][4],$auto$ff.cc:337:slice$2018,_13959_,_13959_/D,_12521_,_12521_/D
femtorv_quark,registerFile[4][5],$auto$ff.cc:337:slice$2019,_13960_,_13960_/D,_12522_,_12522_/D
femtorv_quark,registerFile[4][6],$auto$ff.cc:337:slice$2020,_13961_,_13961_/D,_12523_,_12523_/D
femtorv_quark,registerFile[4][7],$auto$ff.cc:337:slice$2021,_13962_,_13962_/D,_12524_,_12524_/D
femtorv_quark,registerFile[4][8],$auto$ff.cc:337:slice$2022,_13963_,_13963_/D,_12525_,_12525_/D
femtorv_quark,registerFile[4][9],$auto$ff.cc:337:slice$2023,_13964_,_13964_/D,_12526_,_12526_/D
femtorv_quark,registerFile[4][10],$auto$ff.cc:337:slice$2024,_13965_,_13965_/D,_12527_,_12527_/D
femtorv_quark,registerFile[4][11],$auto$ff.cc:337:slice$2025,_13966_,_13966_/D,_12528_,_12528_/D
femtorv_quark,registerFile[4][12],$auto$ff.cc:337:slice$2026,_13967_,_13967_/D,_12529_,_12529_/D
femtorv_quark,registerFile[4][13],$auto$ff.cc:337:slice$2027,_13968_,_13968_/D,_12530_,_12530_/D
femtorv_quark,registerFile[4][14],$auto$ff.cc:337:slice$2028,_13969_,_13969_/D,_12531_,_12531_/D
femtorv_quark,registerFile[4][15],$auto$ff.cc:337:slice$2029,_13970_,_13970_/D,_12532_,_12532_/D
femtorv_quark,registerFile[4][16],$auto$ff.cc:337:slice$2030,_13971_,_13971_/D,_12533_,_12533_/D
femtorv_quark,registerFile[4][17],$auto$ff.cc:337:slice$2031,_13972_,_13972_/D,_12534_,_12534_/D
femtorv_quark,registerFile[4][18],$auto$ff.cc:337:slice$2032,_13973_,_13973_/D,_12535_,_12535_/D
femtorv_quark,registerFile[4][19],$auto$ff.cc:337:slice$2033,_13974_,_13974_/D,_12536_,_12536_/D
femtorv_quark,registerFile[4][20],$auto$ff.cc:337:slice$2034,_13975_,_13975_/D,_12537_,_12537_/D
femtorv_quark,registerFile[4][21],$auto$ff.cc:337:slice$2035,_13976_,_13976_/D,_12538_,_12538_/D
femtorv_quark,registerFile[4][22],$auto$ff.cc:337:slice$2036,_13977_,_13977_/D,_12539_,_12539_/D
femtorv_quark,registerFile[4][23],$auto$ff.cc:337:slice$2037,_13978_,_13978_/D,_12540_,_12540_/D
femtorv_quark,registerFile[4][24],$auto$ff.cc:337:slice$2038,_13979_,_13979_/D,_12541_,_12541_/D
femtorv_quark,registerFile[4][25],$auto$ff.cc:337:slice$2039,_13980_,_13980_/D,_12542_,_12542_/D
femtorv_quark,registerFile[4][26],$auto$ff.cc:337:slice$2040,_13981_,_13981_/D,_12543_,_12543_/D
femtorv_quark,registerFile[4][27],$auto$ff.cc:337:slice$2041,_13982_,_13982_/D,_12544_,_12544_/D
femtorv_quark,registerFile[4][28],$auto$ff.cc:337:slice$2042,_13983_,_13983_/D,_12545_,_12545_/D
femtorv_quark,registerFile[4][29],$auto$ff.cc:337:slice$2043,_13984_,_13984_/D,_12546_,_12546_/D
femtorv_quark,registerFile[4][30],$auto$ff.cc:337:slice$2044,_13985_,_13985_/D,_12547_,_12547_/D
femtorv_quark,registerFile[4][31],$auto$ff.cc:337:slice$2045,_14137_,_14137_/D,_12699_,_12699_/D
femtorv_quark,registerFile[3][0],$auto$ff.cc:337:slice$2046,_13986_,_13986_/D,_12548_,_12548_/D
femtorv_quark,registerFile[3][1],$auto$ff.cc:337:slice$2047,_13987_,_13987_/D,_12549_,_12549_/D
femtorv_quark,registerFile[3][2],$auto$ff.cc:337:slice$2048,_13988_,_13988_/D,_12550_,_12550_/D
femtorv_quark,registerFile[3][3],$auto$ff.cc:337:slice$2049,_13989_,_13989_/D,_12551_,_12551_/D
femtorv_quark,registerFile[3][4],$auto$ff.cc:337:slice$2050,_13990_,_13990_/D,_12552_,_12552_/D
femtorv_quark,registerFile[3][5],$auto$ff.cc:337:slice$2051,_13991_,_13991_/D,_12553_,_12553_/D
femtorv_quark,registerFile[3][6],$auto$ff.cc:337:slice$2052,_13992_,_13992_/D,_12554_,_12554_/D
femtorv_quark,registerFile[3][7],$auto$ff.cc:337:slice$2053,_13993_,_13993_/D,_12555_,_12555_/D
femtorv_quark,registerFile[3][8],$auto$ff.cc:337:slice$2054,_13994_,_13994_/D,_12556_,_12556_/D
femtorv_quark,registerFile[3][9],$auto$ff.cc:337:slice$2055,_13995_,_13995_/D,_12557_,_12557_/D
femtorv_quark,registerFile[3][10],$auto$ff.cc:337:slice$2056,_13996_,_13996_/D,_12558_,_12558_/D
femtorv_quark,registerFile[3][11],$auto$ff.cc:337:slice$2057,_13997_,_13997_/D,_12559_,_12559_/D
femtorv_quark,registerFile[3][12],$auto$ff.cc:337:slice$2058,_13998_,_13998_/D,_12560_,_12560_/D
femtorv_quark,registerFile[3][13],$auto$ff.cc:337:slice$2059,_13999_,_13999_/D,_12561_,_12561_/D
femtorv_quark,registerFile[3][14],$auto$ff.cc:337:slice$2060,_14000_,_14000_/D,_12562_,_12562_/D
femtorv_quark,registerFile[3][15],$auto$ff.cc:337:slice$2061,_14001_,_14001_/D,_12563_,_12563_/D
femtorv_quark,registerFile[3][16],$auto$ff.cc:337:slice$2062,_14002_,_14002_/D,_12564_,_12564_/D
femtorv_quark,registerFile[3][17],$auto$ff.cc:337:slice$2063,_14003_,_14003_/D,_12565_,_12565_/D
femtorv_quark,registerFile[3][18],$auto$ff.cc:337:slice$2064,_14004_,_14004_/D,_12566_,_12566_/D
femtorv_quark,registerFile[3][19],$auto$ff.cc:337:slice$2065,_14005_,_14005_/D,_12567_,_12567_/D
femtorv_quark,registerFile[3][20],$auto$ff.cc:337:slice$2066,_14006_,_14006_/D,_12568_,_12568_/D
femtorv_quark,registerFile[3][21],$auto$ff.cc:337:slice$2067,_14007_,_14007_/D,_12569_,_12569_/D
femtorv_quark,registerFile[3][22],$auto$ff.cc:337:slice$2068,_14008_,_14008_/D,_12570_,_12570_/D
femtorv_quark,registerFile[3][23],$auto$ff.cc:337:slice$2069,_14009_,_14009_/D,_12571_,_12571_/D
femtorv_quark,registerFile[3][24],$auto$ff.cc:337:slice$2070,_14010_,_14010_/D,_12572_,_12572_/D
femtorv_quark,registerFile[3][25],$auto$ff.cc:337:slice$2071,_14011_,_14011_/D,_12573_,_12573_/D
femtorv_quark,registerFile[3][26],$auto$ff.cc:337:slice$2072,_14012_,_14012_/D,_12574_,_12574_/D
femtorv_quark,registerFile[3][27],$auto$ff.cc:337:slice$2073,_14013_,_14013_/D,_12575_,_12575_/D
femtorv_quark,registerFile[3][28],$auto$ff.cc:337:slice$2074,_14014_,_14014_/D,_12576_,_12576_/D
femtorv_quark,registerFile[3][29],$auto$ff.cc:337:slice$2075,_14015_,_14015_/D,_12577_,_12577_/D
femtorv_quark,registerFile[3][30],$auto$ff.cc:337:slice$2076,_14016_,_14016_/D,_12578_,_12578_/D
femtorv_quark,registerFile[3][31],$auto$ff.cc:337:slice$2077,_14135_,_14135_/D,_12697_,_12697_/D
femtorv_quark,registerFile[2][0],$auto$ff.cc:337:slice$2078,_14017_,_14017_/D,_12579_,_12579_/D
femtorv_quark,registerFile[2][1],$auto$ff.cc:337:slice$2079,_14018_,_14018_/D,_12580_,_12580_/D
femtorv_quark,registerFile[2][2],$auto$ff.cc:337:slice$2080,_14019_,_14019_/D,_12581_,_12581_/D
femtorv_quark,registerFile[2][3],$auto$ff.cc:337:slice$2081,_14020_,_14020_/D,_12582_,_12582_/D
femtorv_quark,registerFile[2][4],$auto$ff.cc:337:slice$2082,_14021_,_14021_/D,_12583_,_12583_/D
femtorv_quark,registerFile[2][5],$auto$ff.cc:337:slice$2083,_14022_,_14022_/D,_12584_,_12584_/D
femtorv_quark,registerFile[2][6],$auto$ff.cc:337:slice$2084,_14023_,_14023_/D,_12585_,_12585_/D
femtorv_quark,registerFile[2][7],$auto$ff.cc:337:slice$2085,_14024_,_14024_/D,_12586_,_12586_/D
femtorv_quark,registerFile[2][8],$auto$ff.cc:337:slice$2086,_14025_,_14025_/D,_12587_,_12587_/D
femtorv_quark,registerFile[2][9],$auto$ff.cc:337:slice$2087,_14026_,_14026_/D,_12588_,_12588_/D
femtorv_quark,registerFile[2][10],$auto$ff.cc:337:slice$2088,_14027_,_14027_/D,_12589_,_12589_/D
femtorv_quark,registerFile[2][11],$auto$ff.cc:337:slice$2089,_14028_,_14028_/D,_12590_,_12590_/D
femtorv_quark,registerFile[2][12],$auto$ff.cc:337:slice$2090,_14029_,_14029_/D,_12591_,_12591_/D
femtorv_quark,registerFile[2][13],$auto$ff.cc:337:slice$2091,_14030_,_14030_/D,_12592_,_12592_/D
femtorv_quark,registerFile[2][14],$auto$ff.cc:337:slice$2092,_14031_,_14031_/D,_12593_,_12593_/D
femtorv_quark,registerFile[2][15],$auto$ff.cc:337:slice$2093,_14032_,_14032_/D,_12594_,_12594_/D
femtorv_quark,registerFile[2][16],$auto$ff.cc:337:slice$2094,_14033_,_14033_/D,_12595_,_12595_/D
femtorv_quark,registerFile[2][17],$auto$ff.cc:337:slice$2095,_14034_,_14034_/D,_12596_,_12596_/D
femtorv_quark,registerFile[2][18],$auto$ff.cc:337:slice$2096,_14035_,_14035_/D,_12597_,_12597_/D
femtorv_quark,registerFile[2][19],$auto$ff.cc:337:slice$2097,_14036_,_14036_/D,_12598_,_12598_/D
femtorv_quark,registerFile[2][20],$auto$ff.cc:337:slice$2098,_14037_,_14037_/D,_12599_,_12599_/D
femtorv_quark,registerFile[2][21],$auto$ff.cc:337:slice$2099,_14038_,_14038_/D,_12600_,_12600_/D
femtorv_quark,registerFile[2][22],$auto$ff.cc:337:slice$2100,_14039_,_14039_/D,_12601_,_12601_/D
femtorv_quark,registerFile[2][23],$auto$ff.cc:337:slice$2101,_14040_,_14040_/D,_12602_,_12602_/D
femtorv_quark,registerFile[2][24],$auto$ff.cc:337:slice$2102,_14041_,_14041_/D,_12603_,_12603_/D
femtorv_quark,registerFile[2][25],$auto$ff.cc:337:slice$2103,_14042_,_14042_/D,_12604_,_12604_/D
femtorv_quark,registerFile[2][26],$auto$ff.cc:337:slice$2104,_14043_,_14043_/D,_12605_,_12605_/D
femtorv_quark,registerFile[2][27],$auto$ff.cc:337:slice$2105,_14044_,_14044_/D,_12606_,_12606_/D
femtorv_quark,registerFile[2][28],$auto$ff.cc:337:slice$2106,_14045_,_14045_/D,_12607_,_12607_/D
femtorv_quark,registerFile[2][29],$auto$ff.cc:337:slice$2107,_14046_,_14046_/D,_12608_,_12608_/D
femtorv_quark,registerFile[2][30],$auto$ff.cc:337:slice$2108,_14047_,_14047_/D,_12609_,_12609_/D
femtorv_quark,registerFile[2][31],$auto$ff.cc:337:slice$2109,_14133_,_14133_/D,_12695_,_12695_/D
femtorv_quark,registerFile[1][0],$auto$ff.cc:337:slice$2110,_14048_,_14048_/D,_12610_,_12610_/D
femtorv_quark,registerFile[1][1],$auto$ff.cc:337:slice$2111,_14049_,_14049_/D,_12611_,_12611_/D
femtorv_quark,registerFile[1][2],$auto$ff.cc:337:slice$2112,_14050_,_14050_/D,_12612_,_12612_/D
femtorv_quark,registerFile[1][3],$auto$ff.cc:337:slice$2113,_14051_,_14051_/D,_12613_,_12613_/D
femtorv_quark,registerFile[1][4],$auto$ff.cc:337:slice$2114,_14052_,_14052_/D,_12614_,_12614_/D
femtorv_quark,registerFile[1][5],$auto$ff.cc:337:slice$2115,_14053_,_14053_/D,_12615_,_12615_/D
femtorv_quark,registerFile[1][6],$auto$ff.cc:337:slice$2116,_14054_,_14054_/D,_12616_,_12616_/D
femtorv_quark,registerFile[1][7],$auto$ff.cc:337:slice$2117,_14055_,_14055_/D,_12617_,_12617_/D
femtorv_quark,registerFile[1][8],$auto$ff.cc:337:slice$2118,_14056_,_14056_/D,_12618_,_12618_/D
femtorv_quark,registerFile[1][9],$auto$ff.cc:337:slice$2119,_14057_,_14057_/D,_12619_,_12619_/D
femtorv_quark,registerFile[1][10],$auto$ff.cc:337:slice$2120,_14058_,_14058_/D,_12620_,_12620_/D
femtorv_quark,registerFile[1][11],$auto$ff.cc:337:slice$2121,_14059_,_14059_/D,_12621_,_12621_/D
femtorv_quark,registerFile[1][12],$auto$ff.cc:337:slice$2122,_14060_,_14060_/D,_12622_,_12622_/D
femtorv_quark,registerFile[1][13],$auto$ff.cc:337:slice$2123,_14061_,_14061_/D,_12623_,_12623_/D
femtorv_quark,registerFile[1][14],$auto$ff.cc:337:slice$2124,_14062_,_14062_/D,_12624_,_12624_/D
femtorv_quark,registerFile[1][15],$auto$ff.cc:337:slice$2125,_14063_,_14063_/D,_12625_,_12625_/D
femtorv_quark,registerFile[1][16],$auto$ff.cc:337:slice$2126,_14064_,_14064_/D,_12626_,_12626_/D
femtorv_quark,registerFile[1][17],$auto$ff.cc:337:slice$2127,_14065_,_14065_/D,_12627_,_12627_/D
femtorv_quark,registerFile[1][18],$auto$ff.cc:337:slice$2128,_14066_,_14066_/D,_12628_,_12628_/D
femtorv_quark,registerFile[1][19],$auto$ff.cc:337:slice$2129,_14067_,_14067_/D,_12629_,_12629_/D
femtorv_quark,registerFile[1][20],$auto$ff.cc:337:slice$2130,_14068_,_14068_/D,_12630_,_12630_/D
femtorv_quark,registerFile[1][21],$auto$ff.cc:337:slice$2131,_14069_,_14069_/D,_12631_,_12631_/D
femtorv_quark,registerFile[1][22],$auto$ff.cc:337:slice$2132,_14070_,_14070_/D,_12632_,_12632_/D
femtorv_quark,registerFile[1][23],$auto$ff.cc:337:slice$2133,_14071_,_14071_/D,_12633_,_12633_/D
femtorv_quark,registerFile[1][24],$auto$ff.cc:337:slice$2134,_14072_,_14072_/D,_12634_,_12634_/D
femtorv_quark,registerFile[1][25],$auto$ff.cc:337:slice$2135,_14073_,_14073_/D,_12635_,_12635_/D
femtorv_quark,registerFile[1][26],$auto$ff.cc:337:slice$2136,_14074_,_14074_/D,_12636_,_12636_/D
femtorv_quark,registerFile[1][27],$auto$ff.cc:337:slice$2137,_14075_,_14075_/D,_12637_,_12637_/D
femtorv_quark,registerFile[1][28],$auto$ff.cc:337:slice$2138,_14076_,_14076_/D,_12638_,_12638_/D
femtorv_quark,registerFile[1][29],$auto$ff.cc:337:slice$2139,_14077_,_14077_/D,_12639_,_12639_/D
femtorv_quark,registerFile[1][30],$auto$ff.cc:337:slice$2140,_14078_,_14078_/D,_12640_,_12640_/D
femtorv_quark,registerFile[1][31],$auto$ff.cc:337:slice$2141,_14131_,_14131_/D,_12693_,_12693_/D
femtorv_quark,registerFile[0][0],$auto$ff.cc:337:slice$2142,_14079_,_14079_/D,_12641_,_12641_/D
femtorv_quark,registerFile[0][1],$auto$ff.cc:337:slice$2143,_14080_,_14080_/D,_12642_,_12642_/D
femtorv_quark,registerFile[0][2],$auto$ff.cc:337:slice$2144,_14081_,_14081_/D,_12643_,_12643_/D
femtorv_quark,registerFile[0][3],$auto$ff.cc:337:slice$2145,_14082_,_14082_/D,_12644_,_12644_/D
femtorv_quark,registerFile[0][4],$auto$ff.cc:337:slice$2146,_14083_,_14083_/D,_12645_,_12645_/D
femtorv_quark,registerFile[0][5],$auto$ff.cc:337:slice$2147,_14084_,_14084_/D,_12646_,_12646_/D
femtorv_quark,registerFile[0][6],$auto$ff.cc:337:slice$2148,_14085_,_14085_/D,_12647_,_12647_/D
femtorv_quark,registerFile[0][7],$auto$ff.cc:337:slice$2149,_14086_,_14086_/D,_12648_,_12648_/D
femtorv_quark,registerFile[0][8],$auto$ff.cc:337:slice$2150,_14087_,_14087_/D,_12649_,_12649_/D
femtorv_quark,registerFile[0][9],$auto$ff.cc:337:slice$2151,_14088_,_14088_/D,_12650_,_12650_/D
femtorv_quark,registerFile[0][10],$auto$ff.cc:337:slice$2152,_14089_,_14089_/D,_12651_,_12651_/D
femtorv_quark,registerFile[0][11],$auto$ff.cc:337:slice$2153,_14090_,_14090_/D,_12652_,_12652_/D
femtorv_quark,registerFile[0][12],$auto$ff.cc:337:slice$2154,_14091_,_14091_/D,_12653_,_12653_/D
femtorv_quark,registerFile[0][13],$auto$ff.cc:337:slice$2155,_14092_,_14092_/D,_12654_,_12654_/D
femtorv_quark,registerFile[0][14],$auto$ff.cc:337:slice$2156,_14093_,_14093_/D,_12655_,_12655_/D
femtorv_quark,registerFile[0][15],$auto$ff.cc:337:slice$2157,_14094_,_14094_/D,_12656_,_12656_/D
femtorv_quark,registerFile[0][16],$auto$ff.cc:337:slice$2158,_14095_,_14095_/D,_12657_,_12657_/D
femtorv_quark,registerFile[0][17],$auto$ff.cc:337:slice$2159,_14096_,_14096_/D,_12658_,_12658_/D
femtorv_quark,registerFile[0][18],$auto$ff.cc:337:slice$2160,_14097_,_14097_/D,_12659_,_12659_/D
femtorv_quark,registerFile[0][19],$auto$ff.cc:337:slice$2161,_14098_,_14098_/D,_12660_,_12660_/D
femtorv_quark,registerFile[0][20],$auto$ff.cc:337:slice$2162,_14099_,_14099_/D,_12661_,_12661_/D
femtorv_quark,registerFile[0][21],$auto$ff.cc:337:slice$2163,_14100_,_14100_/D,_12662_,_12662_/D
femtorv_quark,registerFile[0][22],$auto$ff.cc:337:slice$2164,_14101_,_14101_/D,_12663_,_12663_/D
femtorv_quark,registerFile[0][23],$auto$ff.cc:337:slice$2165,_14102_,_14102_/D,_12664_,_12664_/D
femtorv_quark,registerFile[0][24],$auto$ff.cc:337:slice$2166,_14103_,_14103_/D,_12665_,_12665_/D
femtorv_quark,registerFile[0][25],$auto$ff.cc:337:slice$2167,_14104_,_14104_/D,_12666_,_12666_/D
femtorv_quark,registerFile[0][26],$auto$ff.cc:337:slice$2168,_14105_,_14105_/D,_12667_,_12667_/D
femtorv_quark,registerFile[0][27],$auto$ff.cc:337:slice$2169,_14106_,_14106_/D,_12668_,_12668_/D
femtorv_quark,registerFile[0][28],$auto$ff.cc:337:slice$2170,_14107_,_14107_/D,_12669_,_12669_/D
femtorv_quark,registerFile[0][29],$auto$ff.cc:337:slice$2171,_14108_,_14108_/D,_12670_,_12670_/D
femtorv_quark,registerFile[0][30],$auto$ff.cc:337:slice$2172,_14110_,_14110_/D,_12672_,_12672_/D
femtorv_quark,registerFile[0][31],$auto$ff.cc:337:slice$2173,_14129_,_14129_/D,_12691_,_12691_/D
femtorv_quark,PC[1],$auto$ff.cc:337:slice$2174,_14109_,_14109_/D,_12671_,_12671_/D
femtorv_quark,PC[0],$auto$ff.cc:337:slice$2186,_14111_,_14111_/D,_12673_,_12673_/D
femtorv_quark,PC[2],$auto$ff.cc:337:slice$2260,_14112_,_14112_/D,_12674_,_12674_/D
femtorv_quark,PC[3],$auto$ff.cc:337:slice$2261,_14114_,_14114_/D,_12676_,_12676_/D
femtorv_quark,PC[4],$auto$ff.cc:337:slice$2262,_14116_,_14116_/D,_12678_,_12678_/D
femtorv_quark,PC[5],$auto$ff.cc:337:slice$2263,_14118_,_14118_/D,_12680_,_12680_/D
femtorv_quark,PC[6],$auto$ff.cc:337:slice$2264,_14120_,_14120_/D,_12682_,_12682_/D
femtorv_quark,PC[7],$auto$ff.cc:337:slice$2265,_14122_,_14122_/D,_12684_,_12684_/D
femtorv_quark,PC[8],$auto$ff.cc:337:slice$2266,_14124_,_14124_/D,_12686_,_12686_/D
femtorv_quark,PC[9],$auto$ff.cc:337:slice$2267,_14126_,_14126_/D,_12688_,_12688_/D
femtorv_quark,PC[10],$auto$ff.cc:337:slice$2268,_14128_,_14128_/D,_12690_,_12690_/D
femtorv_quark,PC[11],$auto$ff.cc:337:slice$2269,_14130_,_14130_/D,_12692_,_12692_/D
femtorv_quark,PC[12],$auto$ff.cc:337:slice$2270,_14132_,_14132_/D,_12694_,_12694_/D
femtorv_quark,PC[13],$auto$ff.cc:337:slice$2271,_14134_,_14134_/D,_12696_,_12696_/D
femtorv_quark,PC[14],$auto$ff.cc:337:slice$2272,_14136_,_14136_/D,_12698_,_12698_/D
femtorv_quark,PC[15],$auto$ff.cc:337:slice$2273,_14138_,_14138_/D,_12700_,_12700_/D
femtorv_quark,PC[16],$auto$ff.cc:337:slice$2274,_14140_,_14140_/D,_12702_,_12702_/D
femtorv_quark,PC[17],$auto$ff.cc:337:slice$2275,_14142_,_14142_/D,_12704_,_12704_/D
femtorv_quark,PC[18],$auto$ff.cc:337:slice$2276,_14144_,_14144_/D,_12706_,_12706_/D
femtorv_quark,PC[19],$auto$ff.cc:337:slice$2277,_14146_,_14146_/D,_12708_,_12708_/D
femtorv_quark,PC[20],$auto$ff.cc:337:slice$2278,_14148_,_14148_/D,_12710_,_12710_/D
femtorv_quark,PC[21],$auto$ff.cc:337:slice$2279,_14150_,_14150_/D,_12712_,_12712_/D
femtorv_quark,PC[22],$auto$ff.cc:337:slice$2280,_14151_,_14151_/D,_12713_,_12713_/D
femtorv_quark,PC[23],$auto$ff.cc:337:slice$2281,_14127_,_14127_/D,_12689_,_12689_/D
femtorv_quark,instr[2],$auto$ff.cc:337:slice$2362,_14152_,_14152_/D,_12714_,_12714_/D
femtorv_quark,instr[3],$auto$ff.cc:337:slice$2363,_14153_,_14153_/D,_12715_,_12715_/D
femtorv_quark,instr[4],$auto$ff.cc:337:slice$2364,_14154_,_14154_/D,_12716_,_12716_/D
femtorv_quark,instr[5],$auto$ff.cc:337:slice$2365,_14155_,_14155_/D,_12717_,_12717_/D
femtorv_quark,instr[6],$auto$ff.cc:337:slice$2366,_14156_,_14156_/D,_12718_,_12718_/D
femtorv_quark,Bimm[11],$auto$ff.cc:337:slice$2367,_14157_,_14157_/D,_12719_,_12719_/D
femtorv_quark,Bimm[1],$auto$ff.cc:337:slice$2368,_14158_,_14158_/D,_12720_,_12720_/D
femtorv_quark,Bimm[2],$auto$ff.cc:337:slice$2369,_14159_,_14159_/D,_12721_,_12721_/D
femtorv_quark,Bimm[3],$auto$ff.cc:337:slice$2370,_14160_,_14160_/D,_12722_,_12722_/D
femtorv_quark,Bimm[4],$auto$ff.cc:337:slice$2371,_14161_,_14161_/D,_12723_,_12723_/D
femtorv_quark,Jimm[12],$auto$ff.cc:337:slice$2372,_14162_,_14162_/D,_12724_,_12724_/D
femtorv_quark,Jimm[13],$auto$ff.cc:337:slice$2373,_14163_,_14163_/D,_12725_,_12725_/D
femtorv_quark,Jimm[14],$auto$ff.cc:337:slice$2374,_14164_,_14164_/D,_12726_,_12726_/D
femtorv_quark,Jimm[15],$auto$ff.cc:337:slice$2375,_14165_,_14165_/D,_12727_,_12727_/D
femtorv_quark,Jimm[16],$auto$ff.cc:337:slice$2376,_14166_,_14166_/D,_12728_,_12728_/D
femtorv_quark,Jimm[17],$auto$ff.cc:337:slice$2377,_14167_,_14167_/D,_12729_,_12729_/D
femtorv_quark,Jimm[18],$auto$ff.cc:337:slice$2378,_14168_,_14168_/D,_12730_,_12730_/D
femtorv_quark,Jimm[19],$auto$ff.cc:337:slice$2379,_14169_,_14169_/D,_12731_,_12731_/D
femtorv_quark,Iimm[0],$auto$ff.cc:337:slice$2380,_14170_,_14170_/D,_12732_,_12732_/D
femtorv_quark,Iimm[1],$auto$ff.cc:337:slice$2381,_14171_,_14171_/D,_12733_,_12733_/D
femtorv_quark,Iimm[2],$auto$ff.cc:337:slice$2382,_14172_,_14172_/D,_12734_,_12734_/D
femtorv_quark,Iimm[3],$auto$ff.cc:337:slice$2383,_14173_,_14173_/D,_12735_,_12735_/D
femtorv_quark,Iimm[4],$auto$ff.cc:337:slice$2384,_14174_,_14174_/D,_12736_,_12736_/D
femtorv_quark,Bimm[5],$auto$ff.cc:337:slice$2385,_14175_,_14175_/D,_12737_,_12737_/D
femtorv_quark,Bimm[6],$auto$ff.cc:337:slice$2386,_14176_,_14176_/D,_12738_,_12738_/D
femtorv_quark,Bimm[7],$auto$ff.cc:337:slice$2387,_14177_,_14177_/D,_12739_,_12739_/D
femtorv_quark,Bimm[8],$auto$ff.cc:337:slice$2388,_14178_,_14178_/D,_12740_,_12740_/D
femtorv_quark,Bimm[9],$auto$ff.cc:337:slice$2389,_14179_,_14179_/D,_12741_,_12741_/D
femtorv_quark,Bimm[10],$auto$ff.cc:337:slice$2390,_14180_,_14180_/D,_12742_,_12742_/D
femtorv_quark,Bimm[12],$auto$ff.cc:337:slice$2391,_14121_,_14121_/D,_12683_,_12683_/D
femtorv_quark,state[1],$auto$ff.cc:337:slice$2392,_14181_,_14181_/D,_12743_,_12743_/D
femtorv_quark,state[3],$auto$ff.cc:337:slice$2394,_14113_,_14113_/D,_12675_,_12675_/D
femtorv_quark,state[0],$auto$ff.cc:337:slice$2411,_14125_,_14125_/D,_12687_,_12687_/D
femtorv_quark,aluReg[0],$auto$ff.cc:337:slice$2414,_14183_,_14183_/D,_12745_,_12745_/D
femtorv_quark,aluReg[1],$auto$ff.cc:337:slice$2415,_14184_,_14184_/D,_12746_,_12746_/D
femtorv_quark,aluReg[2],$auto$ff.cc:337:slice$2416,_14185_,_14185_/D,_12747_,_12747_/D
femtorv_quark,aluReg[3],$auto$ff.cc:337:slice$2417,_14186_,_14186_/D,_12748_,_12748_/D
femtorv_quark,aluReg[4],$auto$ff.cc:337:slice$2418,_14187_,_14187_/D,_12749_,_12749_/D
femtorv_quark,aluReg[5],$auto$ff.cc:337:slice$2419,_14188_,_14188_/D,_12750_,_12750_/D
femtorv_quark,aluReg[6],$auto$ff.cc:337:slice$2420,_14189_,_14189_/D,_12751_,_12751_/D
femtorv_quark,aluReg[7],$auto$ff.cc:337:slice$2421,_14190_,_14190_/D,_12752_,_12752_/D
femtorv_quark,aluReg[8],$auto$ff.cc:337:slice$2422,_14191_,_14191_/D,_12753_,_12753_/D
femtorv_quark,aluReg[9],$auto$ff.cc:337:slice$2423,_14192_,_14192_/D,_12754_,_12754_/D
femtorv_quark,aluReg[10],$auto$ff.cc:337:slice$2424,_14193_,_14193_/D,_12755_,_12755_/D
femtorv_quark,aluReg[11],$auto$ff.cc:337:slice$2425,_14194_,_14194_/D,_12756_,_12756_/D
femtorv_quark,aluReg[12],$auto$ff.cc:337:slice$2426,_14195_,_14195_/D,_12757_,_12757_/D
femtorv_quark,aluReg[13],$auto$ff.cc:337:slice$2427,_14196_,_14196_/D,_12758_,_12758_/D
femtorv_quark,aluReg[14],$auto$ff.cc:337:slice$2428,_14197_,_14197_/D,_12759_,_12759_/D
femtorv_quark,aluReg[15],$auto$ff.cc:337:slice$2429,_14198_,_14198_/D,_12760_,_12760_/D
femtorv_quark,aluReg[16],$auto$ff.cc:337:slice$2430,_14199_,_14199_/D,_12761_,_12761_/D
femtorv_quark,aluReg[17],$auto$ff.cc:337:slice$2431,_14200_,_14200_/D,_12762_,_12762_/D
femtorv_quark,aluReg[18],$auto$ff.cc:337:slice$2432,_14201_,_14201_/D,_12763_,_12763_/D
femtorv_quark,aluReg[19],$auto$ff.cc:337:slice$2433,_14202_,_14202_/D,_12764_,_12764_/D
femtorv_quark,aluReg[20],$auto$ff.cc:337:slice$2434,_14203_,_14203_/D,_12765_,_12765_/D
femtorv_quark,aluReg[21],$auto$ff.cc:337:slice$2435,_14204_,_14204_/D,_12766_,_12766_/D
femtorv_quark,aluReg[22],$auto$ff.cc:337:slice$2436,_14205_,_14205_/D,_12767_,_12767_/D
femtorv_quark,aluReg[23],$auto$ff.cc:337:slice$2437,_14206_,_14206_/D,_12768_,_12768_/D
femtorv_quark,aluReg[24],$auto$ff.cc:337:slice$2438,_14207_,_14207_/D,_12769_,_12769_/D
femtorv_quark,aluReg[25],$auto$ff.cc:337:slice$2439,_14208_,_14208_/D,_12770_,_12770_/D
femtorv_quark,aluReg[26],$auto$ff.cc:337:slice$2440,_14209_,_14209_/D,_12771_,_12771_/D
femtorv_quark,aluReg[27],$auto$ff.cc:337:slice$2441,_14210_,_14210_/D,_12772_,_12772_/D
femtorv_quark,aluReg[28],$auto$ff.cc:337:slice$2442,_14211_,_14211_/D,_12773_,_12773_/D
femtorv_quark,aluReg[29],$auto$ff.cc:337:slice$2443,_14212_,_14212_/D,_12774_,_12774_/D
femtorv_quark,aluReg[30],$auto$ff.cc:337:slice$2444,_14213_,_14213_/D,_12775_,_12775_/D
femtorv_quark,aluReg[31],$auto$ff.cc:337:slice$2445,_14117_,_14117_/D,_12679_,_12679_/D
femtorv_quark,aluShamt[0],$auto$ff.cc:337:slice$2450,_14214_,_14214_/D,_12776_,_12776_/D
femtorv_quark,aluShamt[1],$auto$ff.cc:337:slice$2451,_14215_,_14215_/D,_12777_,_12777_/D
femtorv_quark,aluShamt[2],$auto$ff.cc:337:slice$2452,_14216_,_14216_/D,_12778_,_12778_/D
femtorv_quark,aluShamt[3],$auto$ff.cc:337:slice$2453,_14217_,_14217_/D,_12779_,_12779_/D
femtorv_quark,aluShamt[4],$auto$ff.cc:337:slice$2454,_14115_,_14115_/D,_12677_,_12677_/D
femtorv_quark,rs1[0],$auto$ff.cc:337:slice$3741,_14218_,_14218_/D,_12780_,_12780_/D
femtorv_quark,rs1[1],$auto$ff.cc:337:slice$3742,_14219_,_14219_/D,_12781_,_12781_/D
femtorv_quark,rs1[2],$auto$ff.cc:337:slice$3743,_14220_,_14220_/D,_12782_,_12782_/D
femtorv_quark,rs1[3],$auto$ff.cc:337:slice$3744,_14221_,_14221_/D,_12783_,_12783_/D
femtorv_quark,rs1[4],$auto$ff.cc:337:slice$3745,_14222_,_14222_/D,_12784_,_12784_/D
femtorv_quark,rs1[5],$auto$ff.cc:337:slice$3746,_14223_,_14223_/D,_12785_,_12785_/D
femtorv_quark,rs1[6],$auto$ff.cc:337:slice$3747,_14224_,_14224_/D,_12786_,_12786_/D
femtorv_quark,rs1[7],$auto$ff.cc:337:slice$3748,_14225_,_14225_/D,_12787_,_12787_/D
femtorv_quark,rs1[8],$auto$ff.cc:337:slice$3749,_14226_,_14226_/D,_12788_,_12788_/D
femtorv_quark,rs1[9],$auto$ff.cc:337:slice$3750,_14227_,_14227_/D,_12789_,_12789_/D
femtorv_quark,rs1[10],$auto$ff.cc:337:slice$3751,_14228_,_14228_/D,_12790_,_12790_/D
femtorv_quark,rs1[11],$auto$ff.cc:337:slice$3752,_14229_,_14229_/D,_12791_,_12791_/D
femtorv_quark,rs1[12],$auto$ff.cc:337:slice$3753,_14230_,_14230_/D,_12792_,_12792_/D
femtorv_quark,rs1[13],$auto$ff.cc:337:slice$3754,_14231_,_14231_/D,_12793_,_12793_/D
femtorv_quark,rs1[14],$auto$ff.cc:337:slice$3755,_14232_,_14232_/D,_12794_,_12794_/D
femtorv_quark,rs1[15],$auto$ff.cc:337:slice$3756,_14233_,_14233_/D,_12795_,_12795_/D
femtorv_quark,rs1[16],$auto$ff.cc:337:slice$3757,_14234_,_14234_/D,_12796_,_12796_/D
femtorv_quark,rs1[17],$auto$ff.cc:337:slice$3758,_14235_,_14235_/D,_12797_,_12797_/D
femtorv_quark,rs1[18],$auto$ff.cc:337:slice$3759,_14236_,_14236_/D,_12798_,_12798_/D
femtorv_quark,rs1[19],$auto$ff.cc:337:slice$3760,_14237_,_14237_/D,_12799_,_12799_/D
femtorv_quark,rs1[20],$auto$ff.cc:337:slice$3761,_14238_,_14238_/D,_12800_,_12800_/D
femtorv_quark,rs1[21],$auto$ff.cc:337:slice$3762,_14239_,_14239_/D,_12801_,_12801_/D
femtorv_quark,rs1[22],$auto$ff.cc:337:slice$3763,_14240_,_14240_/D,_12802_,_12802_/D
femtorv_quark,rs1[23],$auto$ff.cc:337:slice$3764,_14241_,_14241_/D,_12803_,_12803_/D
femtorv_quark,rs1[24],$auto$ff.cc:337:slice$3765,_14242_,_14242_/D,_12804_,_12804_/D
femtorv_quark,rs1[25],$auto$ff.cc:337:slice$3766,_14243_,_14243_/D,_12805_,_12805_/D
femtorv_quark,rs1[26],$auto$ff.cc:337:slice$3767,_14244_,_14244_/D,_12806_,_12806_/D
femtorv_quark,rs1[27],$auto$ff.cc:337:slice$3768,_14245_,_14245_/D,_12807_,_12807_/D
femtorv_quark,rs1[28],$auto$ff.cc:337:slice$3769,_14246_,_14246_/D,_12808_,_12808_/D
femtorv_quark,rs1[29],$auto$ff.cc:337:slice$3770,_14247_,_14247_/D,_12809_,_12809_/D
femtorv_quark,rs1[30],$auto$ff.cc:337:slice$3771,_14248_,_14248_/D,_12810_,_12810_/D
femtorv_quark,rs1[31],$auto$ff.cc:337:slice$3772,_14300_,_14300_/D,_12862_,_12862_/D
femtorv_quark,rs2[0],$auto$ff.cc:337:slice$5927,_14249_,_14249_/D,_12811_,_12811_/D
femtorv_quark,rs2[1],$auto$ff.cc:337:slice$5928,_14250_,_14250_/D,_12812_,_12812_/D
femtorv_quark,rs2[2],$auto$ff.cc:337:slice$5929,_14251_,_14251_/D,_12813_,_12813_/D
femtorv_quark,rs2[3],$auto$ff.cc:337:slice$5930,_14252_,_14252_/D,_12814_,_12814_/D
femtorv_quark,rs2[4],$auto$ff.cc:337:slice$5931,_14253_,_14253_/D,_12815_,_12815_/D
femtorv_quark,rs2[5],$auto$ff.cc:337:slice$5932,_14254_,_14254_/D,_12816_,_12816_/D
femtorv_quark,rs2[6],$auto$ff.cc:337:slice$5933,_14255_,_14255_/D,_12817_,_12817_/D
femtorv_quark,rs2[7],$auto$ff.cc:337:slice$5934,_14256_,_14256_/D,_12818_,_12818_/D
femtorv_quark,rs2[8],$auto$ff.cc:337:slice$5935,_14257_,_14257_/D,_12819_,_12819_/D
femtorv_quark,rs2[9],$auto$ff.cc:337:slice$5936,_14258_,_14258_/D,_12820_,_12820_/D
femtorv_quark,rs2[10],$auto$ff.cc:337:slice$5937,_14259_,_14259_/D,_12821_,_12821_/D
femtorv_quark,rs2[11],$auto$ff.cc:337:slice$5938,_14260_,_14260_/D,_12822_,_12822_/D
femtorv_quark,rs2[12],$auto$ff.cc:337:slice$5939,_14261_,_14261_/D,_12823_,_12823_/D
femtorv_quark,rs2[13],$auto$ff.cc:337:slice$5940,_14262_,_14262_/D,_12824_,_12824_/D
femtorv_quark,rs2[14],$auto$ff.cc:337:slice$5941,_14263_,_14263_/D,_12825_,_12825_/D
femtorv_quark,rs2[15],$auto$ff.cc:337:slice$5942,_14264_,_14264_/D,_12826_,_12826_/D
femtorv_quark,rs2[16],$auto$ff.cc:337:slice$5943,_14265_,_14265_/D,_12827_,_12827_/D
femtorv_quark,rs2[17],$auto$ff.cc:337:slice$5944,_14266_,_14266_/D,_12828_,_12828_/D
femtorv_quark,rs2[18],$auto$ff.cc:337:slice$5945,_14267_,_14267_/D,_12829_,_12829_/D
femtorv_quark,rs2[19],$auto$ff.cc:337:slice$5946,_14268_,_14268_/D,_12830_,_12830_/D
femtorv_quark,rs2[20],$auto$ff.cc:337:slice$5947,_14269_,_14269_/D,_12831_,_12831_/D
femtorv_quark,rs2[21],$auto$ff.cc:337:slice$5948,_14270_,_14270_/D,_12832_,_12832_/D
femtorv_quark,rs2[22],$auto$ff.cc:337:slice$5949,_14271_,_14271_/D,_12833_,_12833_/D
femtorv_quark,rs2[23],$auto$ff.cc:337:slice$5950,_14272_,_14272_/D,_12834_,_12834_/D
femtorv_quark,rs2[24],$auto$ff.cc:337:slice$5951,_14273_,_14273_/D,_12835_,_12835_/D
femtorv_quark,rs2[25],$auto$ff.cc:337:slice$5952,_14274_,_14274_/D,_12836_,_12836_/D
femtorv_quark,rs2[26],$auto$ff.cc:337:slice$5953,_14275_,_14275_/D,_12837_,_12837_/D
femtorv_quark,rs2[27],$auto$ff.cc:337:slice$5954,_14276_,_14276_/D,_12838_,_12838_/D
femtorv_quark,rs2[28],$auto$ff.cc:337:slice$5955,_14277_,_14277_/D,_12839_,_12839_/D
femtorv_quark,rs2[29],$auto$ff.cc:337:slice$5956,_13801_,_13801_/D,_12363_,_12363_/D
femtorv_quark,rs2[30],$auto$ff.cc:337:slice$5957,_13802_,_13802_/D,_12364_,_12364_/D
femtorv_quark,rs2[31],$auto$ff.cc:337:slice$5958,_14299_,_14299_/D,_12861_,_12861_/D
femtorv_quark,cycles[0],$auto$ff.cc:337:slice$5959,_14123_,_14123_/D,_12685_,_12685_/D
femtorv_quark,cycles[1],$auto$ff.cc:337:slice$5960,_14705_,_14705_/D,_13267_,_13267_/D
femtorv_quark,cycles[2],$auto$ff.cc:337:slice$5961,_13831_,_13831_/D,_12393_,_12393_/D
femtorv_quark,cycles[3],$auto$ff.cc:337:slice$5962,_13830_,_13830_/D,_12392_,_12392_/D
femtorv_quark,cycles[4],$auto$ff.cc:337:slice$5963,_13829_,_13829_/D,_12391_,_12391_/D
femtorv_quark,cycles[5],$auto$ff.cc:337:slice$5964,_13828_,_13828_/D,_12390_,_12390_/D
femtorv_quark,cycles[6],$auto$ff.cc:337:slice$5965,_13827_,_13827_/D,_12389_,_12389_/D
femtorv_quark,cycles[7],$auto$ff.cc:337:slice$5966,_13826_,_13826_/D,_12388_,_12388_/D
femtorv_quark,cycles[8],$auto$ff.cc:337:slice$5967,_13825_,_13825_/D,_12387_,_12387_/D
femtorv_quark,cycles[9],$auto$ff.cc:337:slice$5968,_13824_,_13824_/D,_12386_,_12386_/D
femtorv_quark,cycles[10],$auto$ff.cc:337:slice$5969,_13823_,_13823_/D,_12385_,_12385_/D
femtorv_quark,cycles[11],$auto$ff.cc:337:slice$5970,_13822_,_13822_/D,_12384_,_12384_/D
femtorv_quark,cycles[12],$auto$ff.cc:337:slice$5971,_13821_,_13821_/D,_12383_,_12383_/D
femtorv_quark,cycles[13],$auto$ff.cc:337:slice$5972,_13820_,_13820_/D,_12382_,_12382_/D
femtorv_quark,cycles[14],$auto$ff.cc:337:slice$5973,_13819_,_13819_/D,_12381_,_12381_/D
femtorv_quark,cycles[15],$auto$ff.cc:337:slice$5974,_13818_,_13818_/D,_12380_,_12380_/D
femtorv_quark,cycles[16],$auto$ff.cc:337:slice$5975,_13817_,_13817_/D,_12379_,_12379_/D
femtorv_quark,cycles[17],$auto$ff.cc:337:slice$5976,_13816_,_13816_/D,_12378_,_12378_/D
femtorv_quark,cycles[18],$auto$ff.cc:337:slice$5977,_13815_,_13815_/D,_12377_,_12377_/D
femtorv_quark,cycles[19],$auto$ff.cc:337:slice$5978,_13814_,_13814_/D,_12376_,_12376_/D
femtorv_quark,cycles[20],$auto$ff.cc:337:slice$5979,_13813_,_13813_/D,_12375_,_12375_/D
femtorv_quark,cycles[21],$auto$ff.cc:337:slice$5980,_13812_,_13812_/D,_12374_,_12374_/D
femtorv_quark,cycles[22],$auto$ff.cc:337:slice$5981,_13811_,_13811_/D,_12373_,_12373_/D
femtorv_quark,cycles[23],$auto$ff.cc:337:slice$5982,_13810_,_13810_/D,_12372_,_12372_/D
femtorv_quark,cycles[24],$auto$ff.cc:337:slice$5983,_13809_,_13809_/D,_12371_,_12371_/D
femtorv_quark,cycles[25],$auto$ff.cc:337:slice$5984,_13808_,_13808_/D,_12370_,_12370_/D
femtorv_quark,cycles[26],$auto$ff.cc:337:slice$5985,_13807_,_13807_/D,_12369_,_12369_/D
femtorv_quark,cycles[27],$auto$ff.cc:337:slice$5986,_13806_,_13806_/D,_12368_,_12368_/D
femtorv_quark,cycles[28],$auto$ff.cc:337:slice$5987,_13805_,_13805_/D,_12367_,_12367_/D
femtorv_quark,cycles[29],$auto$ff.cc:337:slice$5988,_13804_,_13804_/D,_12366_,_12366_/D
femtorv_quark,cycles[30],$auto$ff.cc:337:slice$5989,_13803_,_13803_/D,_12365_,_12365_/D
femtorv_quark,cycles[31],$auto$ff.cc:337:slice$5990,_14119_,_14119_/D,_12681_,_12681_/D
femtorv_quark,state[2],$auto$ff.cc:337:slice$8903,_14182_,_14182_/D,_12744_,_12744_/D
