design,rtl_bit,common_ff,bog_ff,bog_d_pin,mapped_ff,mapped_d_pin
picorv32,is_lui_auipc_jal,$auto$ff.cc:337:slice$14499,_21166_,_21166_/D,_16482_,_16482_/D
picorv32,is_slti_blt_slt,$auto$ff.cc:337:slice$14564,_21355_,_21355_/D,_16671_,_16671_/D
picorv32,is_sltiu_bltu_sltu,$auto$ff.cc:337:slice$14565,_21349_,_21349_/D,_16665_,_16665_/D
picorv32,reg_out[0],$auto$ff.cc:337:slice$14694,_20852_,_20852_/D,_16168_,_16168_/D
picorv32,reg_out[1],$auto$ff.cc:337:slice$14695,_20851_,_20851_/D,_16167_,_16167_/D
picorv32,reg_out[2],$auto$ff.cc:337:slice$14696,_20352_,_20352_/D,_15668_,_15668_/D
picorv32,reg_out[3],$auto$ff.cc:337:slice$14697,_20351_,_20351_/D,_15667_,_15667_/D
picorv32,reg_out[4],$auto$ff.cc:337:slice$14698,_20350_,_20350_/D,_15666_,_15666_/D
picorv32,reg_out[5],$auto$ff.cc:337:slice$14699,_20349_,_20349_/D,_15665_,_15665_/D
picorv32,reg_out[6],$auto$ff.cc:337:slice$14700,_20348_,_20348_/D,_15664_,_15664_/D
picorv32,reg_out[7],$auto$ff.cc:337:slice$14701,_20347_,_20347_/D,_15663_,_15663_/D
picorv32,reg_out[8],$auto$ff.cc:337:slice$14702,_20346_,_20346_/D,_15662_,_15662_/D
picorv32,reg_out[9],$auto$ff.cc:337:slice$14703,_20345_,_20345_/D,_15661_,_15661_/D
picorv32,reg_out[10],$auto$ff.cc:337:slice$14704,_20344_,_20344_/D,_15660_,_15660_/D
picorv32,reg_out[11],$auto$ff.cc:337:slice$14705,_20343_,_20343_/D,_15659_,_15659_/D
picorv32,reg_out[12],$auto$ff.cc:337:slice$14706,_20342_,_20342_/D,_15658_,_15658_/D
picorv32,reg_out[13],$auto$ff.cc:337:slice$14707,_20341_,_20341_/D,_15657_,_15657_/D
picorv32,reg_out[14],$auto$ff.cc:337:slice$14708,_20340_,_20340_/D,_15656_,_15656_/D
picorv32,reg_out[15],$auto$ff.cc:337:slice$14709,_20339_,_20339_/D,_15655_,_15655_/D
picorv32,reg_out[16],$auto$ff.cc:337:slice$14710,_20338_,_20338_/D,_15654_,_15654_/D
picorv32,reg_out[17],$auto$ff.cc:337:slice$14711,_20337_,_20337_/D,_15653_,_15653_/D
picorv32,reg_out[18],$auto$ff.cc:337:slice$14712,_20336_,_20336_/D,_15652_,_15652_/D
picorv32,reg_out[19],$auto$ff.cc:337:slice$14713,_20335_,_20335_/D,_15651_,_15651_/D
picorv32,reg_out[20],$auto$ff.cc:337:slice$14714,_20334_,_20334_/D,_15650_,_15650_/D
picorv32,reg_out[21],$auto$ff.cc:337:slice$14715,_20333_,_20333_/D,_15649_,_15649_/D
picorv32,reg_out[22],$auto$ff.cc:337:slice$14716,_20332_,_20332_/D,_15648_,_15648_/D
picorv32,reg_out[23],$auto$ff.cc:337:slice$14717,_20331_,_20331_/D,_15647_,_15647_/D
picorv32,reg_out[24],$auto$ff.cc:337:slice$14718,_20330_,_20330_/D,_15646_,_15646_/D
picorv32,reg_out[25],$auto$ff.cc:337:slice$14719,_20329_,_20329_/D,_15645_,_15645_/D
picorv32,reg_out[26],$auto$ff.cc:337:slice$14720,_20328_,_20328_/D,_15644_,_15644_/D
picorv32,reg_out[27],$auto$ff.cc:337:slice$14721,_20327_,_20327_/D,_15643_,_15643_/D
picorv32,reg_out[28],$auto$ff.cc:337:slice$14722,_20326_,_20326_/D,_15642_,_15642_/D
picorv32,reg_out[29],$auto$ff.cc:337:slice$14723,_20325_,_20325_/D,_15641_,_15641_/D
picorv32,reg_out[30],$auto$ff.cc:337:slice$14724,_20324_,_20324_/D,_15640_,_15640_/D
picorv32,reg_out[31],$auto$ff.cc:337:slice$14725,_21364_,_21364_/D,_16680_,_16680_/D
picorv32,decoder_trigger,$auto$ff.cc:337:slice$14758,_21302_,_21302_/D,_16618_,_16618_/D
picorv32,alu_out_q[0],$auto$ff.cc:337:slice$14855,_20323_,_20323_/D,_15639_,_15639_/D
picorv32,alu_out_q[1],$auto$ff.cc:337:slice$14856,_20322_,_20322_/D,_15638_,_15638_/D
picorv32,alu_out_q[2],$auto$ff.cc:337:slice$14857,_20191_,_20191_/D,_15507_,_15507_/D
picorv32,alu_out_q[3],$auto$ff.cc:337:slice$14858,_20190_,_20190_/D,_15506_,_15506_/D
picorv32,alu_out_q[4],$auto$ff.cc:337:slice$14859,_20189_,_20189_/D,_15505_,_15505_/D
picorv32,alu_out_q[5],$auto$ff.cc:337:slice$14860,_20188_,_20188_/D,_15504_,_15504_/D
picorv32,alu_out_q[6],$auto$ff.cc:337:slice$14861,_20187_,_20187_/D,_15503_,_15503_/D
picorv32,alu_out_q[7],$auto$ff.cc:337:slice$14862,_20186_,_20186_/D,_15502_,_15502_/D
picorv32,alu_out_q[8],$auto$ff.cc:337:slice$14863,_20185_,_20185_/D,_15501_,_15501_/D
picorv32,alu_out_q[9],$auto$ff.cc:337:slice$14864,_20184_,_20184_/D,_15500_,_15500_/D
picorv32,alu_out_q[10],$auto$ff.cc:337:slice$14865,_20183_,_20183_/D,_15499_,_15499_/D
picorv32,alu_out_q[11],$auto$ff.cc:337:slice$14866,_20182_,_20182_/D,_15498_,_15498_/D
picorv32,alu_out_q[12],$auto$ff.cc:337:slice$14867,_20181_,_20181_/D,_15497_,_15497_/D
picorv32,alu_out_q[13],$auto$ff.cc:337:slice$14868,_20180_,_20180_/D,_15496_,_15496_/D
picorv32,alu_out_q[14],$auto$ff.cc:337:slice$14869,_20179_,_20179_/D,_15495_,_15495_/D
picorv32,alu_out_q[15],$auto$ff.cc:337:slice$14870,_20178_,_20178_/D,_15494_,_15494_/D
picorv32,alu_out_q[16],$auto$ff.cc:337:slice$14871,_20177_,_20177_/D,_15493_,_15493_/D
picorv32,alu_out_q[17],$auto$ff.cc:337:slice$14872,_20176_,_20176_/D,_15492_,_15492_/D
picorv32,alu_out_q[18],$auto$ff.cc:337:slice$14873,_20175_,_20175_/D,_15491_,_15491_/D
picorv32,alu_out_q[19],$auto$ff.cc:337:slice$14874,_20174_,_20174_/D,_15490_,_15490_/D
picorv32,alu_out_q[20],$auto$ff.cc:337:slice$14875,_20173_,_20173_/D,_15489_,_15489_/D
picorv32,alu_out_q[21],$auto$ff.cc:337:slice$14876,_20172_,_20172_/D,_15488_,_15488_/D
picorv32,alu_out_q[22],$auto$ff.cc:337:slice$14877,_20171_,_20171_/D,_15487_,_15487_/D
picorv32,alu_out_q[23],$auto$ff.cc:337:slice$14878,_20170_,_20170_/D,_15486_,_15486_/D
picorv32,alu_out_q[24],$auto$ff.cc:337:slice$14879,_20169_,_20169_/D,_15485_,_15485_/D
picorv32,alu_out_q[25],$auto$ff.cc:337:slice$14880,_20168_,_20168_/D,_15484_,_15484_/D
picorv32,alu_out_q[26],$auto$ff.cc:337:slice$14881,_20167_,_20167_/D,_15483_,_15483_/D
picorv32,alu_out_q[27],$auto$ff.cc:337:slice$14882,_20166_,_20166_/D,_15482_,_15482_/D
picorv32,alu_out_q[28],$auto$ff.cc:337:slice$14883,_20165_,_20165_/D,_15481_,_15481_/D
picorv32,alu_out_q[29],$auto$ff.cc:337:slice$14884,_20164_,_20164_/D,_15480_,_15480_/D
picorv32,alu_out_q[30],$auto$ff.cc:337:slice$14885,_20163_,_20163_/D,_15479_,_15479_/D
picorv32,alu_out_q[31],$auto$ff.cc:337:slice$14886,_21551_,_21551_/D,_16867_,_16867_/D
picorv32,decoded_imm[31],$auto$ff.cc:337:slice$18702,_21312_,_21312_/D,_16628_,_16628_/D
picorv32,reg_pc[0],$auto$ff.cc:337:slice$18703,_21305_,_21305_/D,_16621_,_16621_/D
picorv32,decoded_imm[1],$auto$ff.cc:337:slice$18722,_21374_,_21374_/D,_16690_,_16690_/D
picorv32,decoded_imm[2],$auto$ff.cc:337:slice$18723,_21376_,_21376_/D,_16692_,_16692_/D
picorv32,decoded_imm[3],$auto$ff.cc:337:slice$18724,_21378_,_21378_/D,_16694_,_16694_/D
picorv32,decoded_imm[4],$auto$ff.cc:337:slice$18725,_21380_,_21380_/D,_16696_,_16696_/D
picorv32,decoded_imm[5],$auto$ff.cc:337:slice$18726,_21382_,_21382_/D,_16698_,_16698_/D
picorv32,decoded_imm[6],$auto$ff.cc:337:slice$18727,_21384_,_21384_/D,_16700_,_16700_/D
picorv32,decoded_imm[7],$auto$ff.cc:337:slice$18728,_21386_,_21386_/D,_16702_,_16702_/D
picorv32,decoded_imm[8],$auto$ff.cc:337:slice$18729,_21388_,_21388_/D,_16704_,_16704_/D
picorv32,decoded_imm[9],$auto$ff.cc:337:slice$18730,_21390_,_21390_/D,_16706_,_16706_/D
picorv32,decoded_imm[10],$auto$ff.cc:337:slice$18731,_21392_,_21392_/D,_16708_,_16708_/D
picorv32,decoded_imm[11],$auto$ff.cc:337:slice$18732,_21394_,_21394_/D,_16710_,_16710_/D
picorv32,decoded_imm[12],$auto$ff.cc:337:slice$18733,_21396_,_21396_/D,_16712_,_16712_/D
picorv32,decoded_imm[13],$auto$ff.cc:337:slice$18734,_21398_,_21398_/D,_16714_,_16714_/D
picorv32,decoded_imm[14],$auto$ff.cc:337:slice$18735,_21400_,_21400_/D,_16716_,_16716_/D
picorv32,decoded_imm[15],$auto$ff.cc:337:slice$18736,_21402_,_21402_/D,_16718_,_16718_/D
picorv32,decoded_imm[16],$auto$ff.cc:337:slice$18737,_21404_,_21404_/D,_16720_,_16720_/D
picorv32,decoded_imm[17],$auto$ff.cc:337:slice$18738,_21406_,_21406_/D,_16722_,_16722_/D
picorv32,decoded_imm[18],$auto$ff.cc:337:slice$18739,_21408_,_21408_/D,_16724_,_16724_/D
picorv32,decoded_imm[19],$auto$ff.cc:337:slice$18740,_21410_,_21410_/D,_16726_,_16726_/D
picorv32,decoded_imm[20],$auto$ff.cc:337:slice$18741,_21412_,_21412_/D,_16728_,_16728_/D
picorv32,decoded_imm[21],$auto$ff.cc:337:slice$18742,_21414_,_21414_/D,_16730_,_16730_/D
picorv32,decoded_imm[22],$auto$ff.cc:337:slice$18743,_21416_,_21416_/D,_16732_,_16732_/D
picorv32,decoded_imm[23],$auto$ff.cc:337:slice$18744,_21418_,_21418_/D,_16734_,_16734_/D
picorv32,decoded_imm[24],$auto$ff.cc:337:slice$18745,_21420_,_21420_/D,_16736_,_16736_/D
picorv32,decoded_imm[25],$auto$ff.cc:337:slice$18746,_21422_,_21422_/D,_16738_,_16738_/D
picorv32,decoded_imm[26],$auto$ff.cc:337:slice$18747,_21424_,_21424_/D,_16740_,_16740_/D
picorv32,decoded_imm[27],$auto$ff.cc:337:slice$18748,_21426_,_21426_/D,_16742_,_16742_/D
picorv32,decoded_imm[28],$auto$ff.cc:337:slice$18749,_21428_,_21428_/D,_16744_,_16744_/D
picorv32,decoded_imm[29],$auto$ff.cc:337:slice$18750,_21430_,_21430_/D,_16746_,_16746_/D
picorv32,decoded_imm[30],$auto$ff.cc:337:slice$18751,_21431_,_21431_/D,_16747_,_16747_/D
picorv32,mem_addr[2],$auto$ff.cc:337:slice$5692,_21524_,_21524_/D,_16840_,_16840_/D
picorv32,mem_addr[3],$auto$ff.cc:337:slice$5693,_21525_,_21525_/D,_16841_,_16841_/D
picorv32,mem_addr[4],$auto$ff.cc:337:slice$5694,_21526_,_21526_/D,_16842_,_16842_/D
picorv32,mem_addr[5],$auto$ff.cc:337:slice$5695,_21527_,_21527_/D,_16843_,_16843_/D
picorv32,mem_addr[6],$auto$ff.cc:337:slice$5696,_21528_,_21528_/D,_16844_,_16844_/D
picorv32,mem_addr[7],$auto$ff.cc:337:slice$5697,_21529_,_21529_/D,_16845_,_16845_/D
picorv32,mem_addr[8],$auto$ff.cc:337:slice$5698,_21530_,_21530_/D,_16846_,_16846_/D
picorv32,mem_addr[9],$auto$ff.cc:337:slice$5699,_21531_,_21531_/D,_16847_,_16847_/D
picorv32,mem_addr[10],$auto$ff.cc:337:slice$5700,_21532_,_21532_/D,_16848_,_16848_/D
picorv32,mem_addr[11],$auto$ff.cc:337:slice$5701,_21533_,_21533_/D,_16849_,_16849_/D
picorv32,mem_addr[12],$auto$ff.cc:337:slice$5702,_21534_,_21534_/D,_16850_,_16850_/D
picorv32,mem_addr[13],$auto$ff.cc:337:slice$5703,_21535_,_21535_/D,_16851_,_16851_/D
picorv32,mem_addr[14],$auto$ff.cc:337:slice$5704,_21536_,_21536_/D,_16852_,_16852_/D
picorv32,mem_addr[15],$auto$ff.cc:337:slice$5705,_21537_,_21537_/D,_16853_,_16853_/D
picorv32,mem_addr[16],$auto$ff.cc:337:slice$5706,_21538_,_21538_/D,_16854_,_16854_/D
picorv32,mem_addr[17],$auto$ff.cc:337:slice$5707,_21539_,_21539_/D,_16855_,_16855_/D
picorv32,mem_addr[18],$auto$ff.cc:337:slice$5708,_21540_,_21540_/D,_16856_,_16856_/D
picorv32,mem_addr[19],$auto$ff.cc:337:slice$5709,_21541_,_21541_/D,_16857_,_16857_/D
picorv32,mem_addr[20],$auto$ff.cc:337:slice$5710,_21542_,_21542_/D,_16858_,_16858_/D
picorv32,mem_addr[21],$auto$ff.cc:337:slice$5711,_21543_,_21543_/D,_16859_,_16859_/D
picorv32,mem_addr[22],$auto$ff.cc:337:slice$5712,_21544_,_21544_/D,_16860_,_16860_/D
picorv32,mem_addr[23],$auto$ff.cc:337:slice$5713,_21545_,_21545_/D,_16861_,_16861_/D
picorv32,mem_addr[24],$auto$ff.cc:337:slice$5714,_21546_,_21546_/D,_16862_,_16862_/D
picorv32,mem_addr[25],$auto$ff.cc:337:slice$5715,_21547_,_21547_/D,_16863_,_16863_/D
picorv32,mem_addr[26],$auto$ff.cc:337:slice$5716,_21548_,_21548_/D,_16864_,_16864_/D
picorv32,mem_addr[27],$auto$ff.cc:337:slice$5717,_21549_,_21549_/D,_16865_,_16865_/D
picorv32,mem_addr[28],$auto$ff.cc:337:slice$5718,_21550_,_21550_/D,_16866_,_16866_/D
picorv32,mem_addr[29],$auto$ff.cc:337:slice$5719,_21552_,_21552_/D,_16868_,_16868_/D
picorv32,mem_addr[30],$auto$ff.cc:337:slice$5720,_21553_,_21553_/D,_16869_,_16869_/D
picorv32,mem_addr[31],$auto$ff.cc:337:slice$5721,_21301_,_21301_/D,_16617_,_16617_/D
picorv32,cpuregs[31][0],$auto$ff.cc:337:slice$5722,_21554_,_21554_/D,_16870_,_16870_/D
picorv32,cpuregs[31][1],$auto$ff.cc:337:slice$5723,_21555_,_21555_/D,_16871_,_16871_/D
picorv32,cpuregs[31][2],$auto$ff.cc:337:slice$5724,_21556_,_21556_/D,_16872_,_16872_/D
picorv32,cpuregs[31][3],$auto$ff.cc:337:slice$5725,_21557_,_21557_/D,_16873_,_16873_/D
picorv32,cpuregs[31][4],$auto$ff.cc:337:slice$5726,_21558_,_21558_/D,_16874_,_16874_/D
picorv32,cpuregs[31][5],$auto$ff.cc:337:slice$5727,_21559_,_21559_/D,_16875_,_16875_/D
picorv32,cpuregs[31][6],$auto$ff.cc:337:slice$5728,_21560_,_21560_/D,_16876_,_16876_/D
picorv32,cpuregs[31][7],$auto$ff.cc:337:slice$5729,_21561_,_21561_/D,_16877_,_16877_/D
picorv32,cpuregs[31][8],$auto$ff.cc:337:slice$5730,_21562_,_21562_/D,_16878_,_16878_/D
picorv32,cpuregs[31][9],$auto$ff.cc:337:slice$5731,_21563_,_21563_/D,_16879_,_16879_/D
picorv32,cpuregs[31][10],$auto$ff.cc:337:slice$5732,_21564_,_21564_/D,_16880_,_16880_/D
picorv32,cpuregs[31][11],$auto$ff.cc:337:slice$5733,_21565_,_21565_/D,_16881_,_16881_/D
picorv32,cpuregs[31][12],$auto$ff.cc:337:slice$5734,_21566_,_21566_/D,_16882_,_16882_/D
picorv32,cpuregs[31][13],$auto$ff.cc:337:slice$5735,_21567_,_21567_/D,_16883_,_16883_/D
picorv32,cpuregs[31][14],$auto$ff.cc:337:slice$5736,_21568_,_21568_/D,_16884_,_16884_/D
picorv32,cpuregs[31][15],$auto$ff.cc:337:slice$5737,_21569_,_21569_/D,_16885_,_16885_/D
picorv32,cpuregs[31][16],$auto$ff.cc:337:slice$5738,_21570_,_21570_/D,_16886_,_16886_/D
picorv32,cpuregs[31][17],$auto$ff.cc:337:slice$5739,_21571_,_21571_/D,_16887_,_16887_/D
picorv32,cpuregs[31][18],$auto$ff.cc:337:slice$5740,_21572_,_21572_/D,_16888_,_16888_/D
picorv32,cpuregs[31][19],$auto$ff.cc:337:slice$5741,_21573_,_21573_/D,_16889_,_16889_/D
picorv32,cpuregs[31][20],$auto$ff.cc:337:slice$5742,_21574_,_21574_/D,_16890_,_16890_/D
picorv32,cpuregs[31][21],$auto$ff.cc:337:slice$5743,_21575_,_21575_/D,_16891_,_16891_/D
picorv32,cpuregs[31][22],$auto$ff.cc:337:slice$5744,_21576_,_21576_/D,_16892_,_16892_/D
picorv32,cpuregs[31][23],$auto$ff.cc:337:slice$5745,_21577_,_21577_/D,_16893_,_16893_/D
picorv32,cpuregs[31][24],$auto$ff.cc:337:slice$5746,_21578_,_21578_/D,_16894_,_16894_/D
picorv32,cpuregs[31][25],$auto$ff.cc:337:slice$5747,_21579_,_21579_/D,_16895_,_16895_/D
picorv32,cpuregs[31][26],$auto$ff.cc:337:slice$5748,_21580_,_21580_/D,_16896_,_16896_/D
picorv32,cpuregs[31][27],$auto$ff.cc:337:slice$5749,_21581_,_21581_/D,_16897_,_16897_/D
picorv32,cpuregs[31][28],$auto$ff.cc:337:slice$5750,_21582_,_21582_/D,_16898_,_16898_/D
picorv32,cpuregs[31][29],$auto$ff.cc:337:slice$5751,_21583_,_21583_/D,_16899_,_16899_/D
picorv32,cpuregs[31][30],$auto$ff.cc:337:slice$5752,_21584_,_21584_/D,_16900_,_16900_/D
picorv32,cpuregs[31][31],$auto$ff.cc:337:slice$5753,_21523_,_21523_/D,_16839_,_16839_/D
picorv32,cpuregs[30][0],$auto$ff.cc:337:slice$5754,_20119_,_20119_/D,_15435_,_15435_/D
picorv32,cpuregs[30][1],$auto$ff.cc:337:slice$5755,_20120_,_20120_/D,_15436_,_15436_/D
picorv32,cpuregs[30][2],$auto$ff.cc:337:slice$5756,_20121_,_20121_/D,_15437_,_15437_/D
picorv32,cpuregs[30][3],$auto$ff.cc:337:slice$5757,_20122_,_20122_/D,_15438_,_15438_/D
picorv32,cpuregs[30][4],$auto$ff.cc:337:slice$5758,_20123_,_20123_/D,_15439_,_15439_/D
picorv32,cpuregs[30][5],$auto$ff.cc:337:slice$5759,_20124_,_20124_/D,_15440_,_15440_/D
picorv32,cpuregs[30][6],$auto$ff.cc:337:slice$5760,_20125_,_20125_/D,_15441_,_15441_/D
picorv32,cpuregs[30][7],$auto$ff.cc:337:slice$5761,_20126_,_20126_/D,_15442_,_15442_/D
picorv32,cpuregs[30][8],$auto$ff.cc:337:slice$5762,_20127_,_20127_/D,_15443_,_15443_/D
picorv32,cpuregs[30][9],$auto$ff.cc:337:slice$5763,_20128_,_20128_/D,_15444_,_15444_/D
picorv32,cpuregs[30][10],$auto$ff.cc:337:slice$5764,_20129_,_20129_/D,_15445_,_15445_/D
picorv32,cpuregs[30][11],$auto$ff.cc:337:slice$5765,_20130_,_20130_/D,_15446_,_15446_/D
picorv32,cpuregs[30][12],$auto$ff.cc:337:slice$5766,_20131_,_20131_/D,_15447_,_15447_/D
picorv32,cpuregs[30][13],$auto$ff.cc:337:slice$5767,_20132_,_20132_/D,_15448_,_15448_/D
picorv32,cpuregs[30][14],$auto$ff.cc:337:slice$5768,_20133_,_20133_/D,_15449_,_15449_/D
picorv32,cpuregs[30][15],$auto$ff.cc:337:slice$5769,_20134_,_20134_/D,_15450_,_15450_/D
picorv32,cpuregs[30][16],$auto$ff.cc:337:slice$5770,_20135_,_20135_/D,_15451_,_15451_/D
picorv32,cpuregs[30][17],$auto$ff.cc:337:slice$5771,_20136_,_20136_/D,_15452_,_15452_/D
picorv32,cpuregs[30][18],$auto$ff.cc:337:slice$5772,_20137_,_20137_/D,_15453_,_15453_/D
picorv32,cpuregs[30][19],$auto$ff.cc:337:slice$5773,_20138_,_20138_/D,_15454_,_15454_/D
picorv32,cpuregs[30][20],$auto$ff.cc:337:slice$5774,_20139_,_20139_/D,_15455_,_15455_/D
picorv32,cpuregs[30][21],$auto$ff.cc:337:slice$5775,_20140_,_20140_/D,_15456_,_15456_/D
picorv32,cpuregs[30][22],$auto$ff.cc:337:slice$5776,_20141_,_20141_/D,_15457_,_15457_/D
picorv32,cpuregs[30][23],$auto$ff.cc:337:slice$5777,_20142_,_20142_/D,_15458_,_15458_/D
picorv32,cpuregs[30][24],$auto$ff.cc:337:slice$5778,_20143_,_20143_/D,_15459_,_15459_/D
picorv32,cpuregs[30][25],$auto$ff.cc:337:slice$5779,_20144_,_20144_/D,_15460_,_15460_/D
picorv32,cpuregs[30][26],$auto$ff.cc:337:slice$5780,_20145_,_20145_/D,_15461_,_15461_/D
picorv32,cpuregs[30][27],$auto$ff.cc:337:slice$5781,_20146_,_20146_/D,_15462_,_15462_/D
picorv32,cpuregs[30][28],$auto$ff.cc:337:slice$5782,_20147_,_20147_/D,_15463_,_15463_/D
picorv32,cpuregs[30][29],$auto$ff.cc:337:slice$5783,_20148_,_20148_/D,_15464_,_15464_/D
picorv32,cpuregs[30][30],$auto$ff.cc:337:slice$5784,_20149_,_20149_/D,_15465_,_15465_/D
picorv32,cpuregs[30][31],$auto$ff.cc:337:slice$5785,_21522_,_21522_/D,_16838_,_16838_/D
picorv32,cpuregs[29][0],$auto$ff.cc:337:slice$5786,_20150_,_20150_/D,_15466_,_15466_/D
picorv32,cpuregs[29][1],$auto$ff.cc:337:slice$5787,_20151_,_20151_/D,_15467_,_15467_/D
picorv32,cpuregs[29][2],$auto$ff.cc:337:slice$5788,_20152_,_20152_/D,_15468_,_15468_/D
picorv32,cpuregs[29][3],$auto$ff.cc:337:slice$5789,_20153_,_20153_/D,_15469_,_15469_/D
picorv32,cpuregs[29][4],$auto$ff.cc:337:slice$5790,_20154_,_20154_/D,_15470_,_15470_/D
picorv32,cpuregs[29][5],$auto$ff.cc:337:slice$5791,_20155_,_20155_/D,_15471_,_15471_/D
picorv32,cpuregs[29][6],$auto$ff.cc:337:slice$5792,_20156_,_20156_/D,_15472_,_15472_/D
picorv32,cpuregs[29][7],$auto$ff.cc:337:slice$5793,_20157_,_20157_/D,_15473_,_15473_/D
picorv32,cpuregs[29][8],$auto$ff.cc:337:slice$5794,_20158_,_20158_/D,_15474_,_15474_/D
picorv32,cpuregs[29][9],$auto$ff.cc:337:slice$5795,_20159_,_20159_/D,_15475_,_15475_/D
picorv32,cpuregs[29][10],$auto$ff.cc:337:slice$5796,_20160_,_20160_/D,_15476_,_15476_/D
picorv32,cpuregs[29][11],$auto$ff.cc:337:slice$5797,_20192_,_20192_/D,_15508_,_15508_/D
picorv32,cpuregs[29][12],$auto$ff.cc:337:slice$5798,_20193_,_20193_/D,_15509_,_15509_/D
picorv32,cpuregs[29][13],$auto$ff.cc:337:slice$5799,_20194_,_20194_/D,_15510_,_15510_/D
picorv32,cpuregs[29][14],$auto$ff.cc:337:slice$5800,_20195_,_20195_/D,_15511_,_15511_/D
picorv32,cpuregs[29][15],$auto$ff.cc:337:slice$5801,_20196_,_20196_/D,_15512_,_15512_/D
picorv32,cpuregs[29][16],$auto$ff.cc:337:slice$5802,_20197_,_20197_/D,_15513_,_15513_/D
picorv32,cpuregs[29][17],$auto$ff.cc:337:slice$5803,_20198_,_20198_/D,_15514_,_15514_/D
picorv32,cpuregs[29][18],$auto$ff.cc:337:slice$5804,_20199_,_20199_/D,_15515_,_15515_/D
picorv32,cpuregs[29][19],$auto$ff.cc:337:slice$5805,_20200_,_20200_/D,_15516_,_15516_/D
picorv32,cpuregs[29][20],$auto$ff.cc:337:slice$5806,_20201_,_20201_/D,_15517_,_15517_/D
picorv32,cpuregs[29][21],$auto$ff.cc:337:slice$5807,_20202_,_20202_/D,_15518_,_15518_/D
picorv32,cpuregs[29][22],$auto$ff.cc:337:slice$5808,_20203_,_20203_/D,_15519_,_15519_/D
picorv32,cpuregs[29][23],$auto$ff.cc:337:slice$5809,_20204_,_20204_/D,_15520_,_15520_/D
picorv32,cpuregs[29][24],$auto$ff.cc:337:slice$5810,_20205_,_20205_/D,_15521_,_15521_/D
picorv32,cpuregs[29][25],$auto$ff.cc:337:slice$5811,_20206_,_20206_/D,_15522_,_15522_/D
picorv32,cpuregs[29][26],$auto$ff.cc:337:slice$5812,_20207_,_20207_/D,_15523_,_15523_/D
picorv32,cpuregs[29][27],$auto$ff.cc:337:slice$5813,_20208_,_20208_/D,_15524_,_15524_/D
picorv32,cpuregs[29][28],$auto$ff.cc:337:slice$5814,_20209_,_20209_/D,_15525_,_15525_/D
picorv32,cpuregs[29][29],$auto$ff.cc:337:slice$5815,_20210_,_20210_/D,_15526_,_15526_/D
picorv32,cpuregs[29][30],$auto$ff.cc:337:slice$5816,_20211_,_20211_/D,_15527_,_15527_/D
picorv32,cpuregs[29][31],$auto$ff.cc:337:slice$5817,_21521_,_21521_/D,_16837_,_16837_/D
picorv32,cpuregs[28][0],$auto$ff.cc:337:slice$5818,_20212_,_20212_/D,_15528_,_15528_/D
picorv32,cpuregs[28][1],$auto$ff.cc:337:slice$5819,_20213_,_20213_/D,_15529_,_15529_/D
picorv32,cpuregs[28][2],$auto$ff.cc:337:slice$5820,_20214_,_20214_/D,_15530_,_15530_/D
picorv32,cpuregs[28][3],$auto$ff.cc:337:slice$5821,_20215_,_20215_/D,_15531_,_15531_/D
picorv32,cpuregs[28][4],$auto$ff.cc:337:slice$5822,_20216_,_20216_/D,_15532_,_15532_/D
picorv32,cpuregs[28][5],$auto$ff.cc:337:slice$5823,_20217_,_20217_/D,_15533_,_15533_/D
picorv32,cpuregs[28][6],$auto$ff.cc:337:slice$5824,_20218_,_20218_/D,_15534_,_15534_/D
picorv32,cpuregs[28][7],$auto$ff.cc:337:slice$5825,_20219_,_20219_/D,_15535_,_15535_/D
picorv32,cpuregs[28][8],$auto$ff.cc:337:slice$5826,_20220_,_20220_/D,_15536_,_15536_/D
picorv32,cpuregs[28][9],$auto$ff.cc:337:slice$5827,_20221_,_20221_/D,_15537_,_15537_/D
picorv32,cpuregs[28][10],$auto$ff.cc:337:slice$5828,_20222_,_20222_/D,_15538_,_15538_/D
picorv32,cpuregs[28][11],$auto$ff.cc:337:slice$5829,_20223_,_20223_/D,_15539_,_15539_/D
picorv32,cpuregs[28][12],$auto$ff.cc:337:slice$5830,_20224_,_20224_/D,_15540_,_15540_/D
picorv32,cpuregs[28][13],$auto$ff.cc:337:slice$5831,_20225_,_20225_/D,_15541_,_15541_/D
picorv32,cpuregs[28][14],$auto$ff.cc:337:slice$5832,_20226_,_20226_/D,_15542_,_15542_/D
picorv32,cpuregs[28][15],$auto$ff.cc:337:slice$5833,_20227_,_20227_/D,_15543_,_15543_/D
picorv32,cpuregs[28][16],$auto$ff.cc:337:slice$5834,_20228_,_20228_/D,_15544_,_15544_/D
picorv32,cpuregs[28][17],$auto$ff.cc:337:slice$5835,_20229_,_20229_/D,_15545_,_15545_/D
picorv32,cpuregs[28][18],$auto$ff.cc:337:slice$5836,_20230_,_20230_/D,_15546_,_15546_/D
picorv32,cpuregs[28][19],$auto$ff.cc:337:slice$5837,_20231_,_20231_/D,_15547_,_15547_/D
picorv32,cpuregs[28][20],$auto$ff.cc:337:slice$5838,_20232_,_20232_/D,_15548_,_15548_/D
picorv32,cpuregs[28][21],$auto$ff.cc:337:slice$5839,_20233_,_20233_/D,_15549_,_15549_/D
picorv32,cpuregs[28][22],$auto$ff.cc:337:slice$5840,_20234_,_20234_/D,_15550_,_15550_/D
picorv32,cpuregs[28][23],$auto$ff.cc:337:slice$5841,_20235_,_20235_/D,_15551_,_15551_/D
picorv32,cpuregs[28][24],$auto$ff.cc:337:slice$5842,_20236_,_20236_/D,_15552_,_15552_/D
picorv32,cpuregs[28][25],$auto$ff.cc:337:slice$5843,_20237_,_20237_/D,_15553_,_15553_/D
picorv32,cpuregs[28][26],$auto$ff.cc:337:slice$5844,_20238_,_20238_/D,_15554_,_15554_/D
picorv32,cpuregs[28][27],$auto$ff.cc:337:slice$5845,_20239_,_20239_/D,_15555_,_15555_/D
picorv32,cpuregs[28][28],$auto$ff.cc:337:slice$5846,_20240_,_20240_/D,_15556_,_15556_/D
picorv32,cpuregs[28][29],$auto$ff.cc:337:slice$5847,_20241_,_20241_/D,_15557_,_15557_/D
picorv32,cpuregs[28][30],$auto$ff.cc:337:slice$5848,_20242_,_20242_/D,_15558_,_15558_/D
picorv32,cpuregs[28][31],$auto$ff.cc:337:slice$5849,_21520_,_21520_/D,_16836_,_16836_/D
picorv32,cpuregs[27][0],$auto$ff.cc:337:slice$5850,_20243_,_20243_/D,_15559_,_15559_/D
picorv32,cpuregs[27][1],$auto$ff.cc:337:slice$5851,_20244_,_20244_/D,_15560_,_15560_/D
picorv32,cpuregs[27][2],$auto$ff.cc:337:slice$5852,_20251_,_20251_/D,_15567_,_15567_/D
picorv32,cpuregs[27][3],$auto$ff.cc:337:slice$5853,_20252_,_20252_/D,_15568_,_15568_/D
picorv32,cpuregs[27][4],$auto$ff.cc:337:slice$5854,_20253_,_20253_/D,_15569_,_15569_/D
picorv32,cpuregs[27][5],$auto$ff.cc:337:slice$5855,_20254_,_20254_/D,_15570_,_15570_/D
picorv32,cpuregs[27][6],$auto$ff.cc:337:slice$5856,_20255_,_20255_/D,_15571_,_15571_/D
picorv32,cpuregs[27][7],$auto$ff.cc:337:slice$5857,_20256_,_20256_/D,_15572_,_15572_/D
picorv32,cpuregs[27][8],$auto$ff.cc:337:slice$5858,_20257_,_20257_/D,_15573_,_15573_/D
picorv32,cpuregs[27][9],$auto$ff.cc:337:slice$5859,_20258_,_20258_/D,_15574_,_15574_/D
picorv32,cpuregs[27][10],$auto$ff.cc:337:slice$5860,_20259_,_20259_/D,_15575_,_15575_/D
picorv32,cpuregs[27][11],$auto$ff.cc:337:slice$5861,_20260_,_20260_/D,_15576_,_15576_/D
picorv32,cpuregs[27][12],$auto$ff.cc:337:slice$5862,_20261_,_20261_/D,_15577_,_15577_/D
picorv32,cpuregs[27][13],$auto$ff.cc:337:slice$5863,_20262_,_20262_/D,_15578_,_15578_/D
picorv32,cpuregs[27][14],$auto$ff.cc:337:slice$5864,_20263_,_20263_/D,_15579_,_15579_/D
picorv32,cpuregs[27][15],$auto$ff.cc:337:slice$5865,_20264_,_20264_/D,_15580_,_15580_/D
picorv32,cpuregs[27][16],$auto$ff.cc:337:slice$5866,_20265_,_20265_/D,_15581_,_15581_/D
picorv32,cpuregs[27][17],$auto$ff.cc:337:slice$5867,_20266_,_20266_/D,_15582_,_15582_/D
picorv32,cpuregs[27][18],$auto$ff.cc:337:slice$5868,_20267_,_20267_/D,_15583_,_15583_/D
picorv32,cpuregs[27][19],$auto$ff.cc:337:slice$5869,_20268_,_20268_/D,_15584_,_15584_/D
picorv32,cpuregs[27][20],$auto$ff.cc:337:slice$5870,_20269_,_20269_/D,_15585_,_15585_/D
picorv32,cpuregs[27][21],$auto$ff.cc:337:slice$5871,_20270_,_20270_/D,_15586_,_15586_/D
picorv32,cpuregs[27][22],$auto$ff.cc:337:slice$5872,_20271_,_20271_/D,_15587_,_15587_/D
picorv32,cpuregs[27][23],$auto$ff.cc:337:slice$5873,_20272_,_20272_/D,_15588_,_15588_/D
picorv32,cpuregs[27][24],$auto$ff.cc:337:slice$5874,_20273_,_20273_/D,_15589_,_15589_/D
picorv32,cpuregs[27][25],$auto$ff.cc:337:slice$5875,_20274_,_20274_/D,_15590_,_15590_/D
picorv32,cpuregs[27][26],$auto$ff.cc:337:slice$5876,_20275_,_20275_/D,_15591_,_15591_/D
picorv32,cpuregs[27][27],$auto$ff.cc:337:slice$5877,_20276_,_20276_/D,_15592_,_15592_/D
picorv32,cpuregs[27][28],$auto$ff.cc:337:slice$5878,_20277_,_20277_/D,_15593_,_15593_/D
picorv32,cpuregs[27][29],$auto$ff.cc:337:slice$5879,_20278_,_20278_/D,_15594_,_15594_/D
picorv32,cpuregs[27][30],$auto$ff.cc:337:slice$5880,_20279_,_20279_/D,_15595_,_15595_/D
picorv32,cpuregs[27][31],$auto$ff.cc:337:slice$5881,_21519_,_21519_/D,_16835_,_16835_/D
picorv32,cpuregs[26][0],$auto$ff.cc:337:slice$5882,_20280_,_20280_/D,_15596_,_15596_/D
picorv32,cpuregs[26][1],$auto$ff.cc:337:slice$5883,_20281_,_20281_/D,_15597_,_15597_/D
picorv32,cpuregs[26][2],$auto$ff.cc:337:slice$5884,_20282_,_20282_/D,_15598_,_15598_/D
picorv32,cpuregs[26][3],$auto$ff.cc:337:slice$5885,_20283_,_20283_/D,_15599_,_15599_/D
picorv32,cpuregs[26][4],$auto$ff.cc:337:slice$5886,_20284_,_20284_/D,_15600_,_15600_/D
picorv32,cpuregs[26][5],$auto$ff.cc:337:slice$5887,_20285_,_20285_/D,_15601_,_15601_/D
picorv32,cpuregs[26][6],$auto$ff.cc:337:slice$5888,_20286_,_20286_/D,_15602_,_15602_/D
picorv32,cpuregs[26][7],$auto$ff.cc:337:slice$5889,_20287_,_20287_/D,_15603_,_15603_/D
picorv32,cpuregs[26][8],$auto$ff.cc:337:slice$5890,_20288_,_20288_/D,_15604_,_15604_/D
picorv32,cpuregs[26][9],$auto$ff.cc:337:slice$5891,_20289_,_20289_/D,_15605_,_15605_/D
picorv32,cpuregs[26][10],$auto$ff.cc:337:slice$5892,_20290_,_20290_/D,_15606_,_15606_/D
picorv32,cpuregs[26][11],$auto$ff.cc:337:slice$5893,_20291_,_20291_/D,_15607_,_15607_/D
picorv32,cpuregs[26][12],$auto$ff.cc:337:slice$5894,_20292_,_20292_/D,_15608_,_15608_/D
picorv32,cpuregs[26][13],$auto$ff.cc:337:slice$5895,_20293_,_20293_/D,_15609_,_15609_/D
picorv32,cpuregs[26][14],$auto$ff.cc:337:slice$5896,_20294_,_20294_/D,_15610_,_15610_/D
picorv32,cpuregs[26][15],$auto$ff.cc:337:slice$5897,_20295_,_20295_/D,_15611_,_15611_/D
picorv32,cpuregs[26][16],$auto$ff.cc:337:slice$5898,_20296_,_20296_/D,_15612_,_15612_/D
picorv32,cpuregs[26][17],$auto$ff.cc:337:slice$5899,_20297_,_20297_/D,_15613_,_15613_/D
picorv32,cpuregs[26][18],$auto$ff.cc:337:slice$5900,_20298_,_20298_/D,_15614_,_15614_/D
picorv32,cpuregs[26][19],$auto$ff.cc:337:slice$5901,_20299_,_20299_/D,_15615_,_15615_/D
picorv32,cpuregs[26][20],$auto$ff.cc:337:slice$5902,_20300_,_20300_/D,_15616_,_15616_/D
picorv32,cpuregs[26][21],$auto$ff.cc:337:slice$5903,_20301_,_20301_/D,_15617_,_15617_/D
picorv32,cpuregs[26][22],$auto$ff.cc:337:slice$5904,_20302_,_20302_/D,_15618_,_15618_/D
picorv32,cpuregs[26][23],$auto$ff.cc:337:slice$5905,_20303_,_20303_/D,_15619_,_15619_/D
picorv32,cpuregs[26][24],$auto$ff.cc:337:slice$5906,_20304_,_20304_/D,_15620_,_15620_/D
picorv32,cpuregs[26][25],$auto$ff.cc:337:slice$5907,_20305_,_20305_/D,_15621_,_15621_/D
picorv32,cpuregs[26][26],$auto$ff.cc:337:slice$5908,_20306_,_20306_/D,_15622_,_15622_/D
picorv32,cpuregs[26][27],$auto$ff.cc:337:slice$5909,_20307_,_20307_/D,_15623_,_15623_/D
picorv32,cpuregs[26][28],$auto$ff.cc:337:slice$5910,_20308_,_20308_/D,_15624_,_15624_/D
picorv32,cpuregs[26][29],$auto$ff.cc:337:slice$5911,_20309_,_20309_/D,_15625_,_15625_/D
picorv32,cpuregs[26][30],$auto$ff.cc:337:slice$5912,_20310_,_20310_/D,_15626_,_15626_/D
picorv32,cpuregs[26][31],$auto$ff.cc:337:slice$5913,_21518_,_21518_/D,_16834_,_16834_/D
picorv32,cpuregs[25][0],$auto$ff.cc:337:slice$5914,_20311_,_20311_/D,_15627_,_15627_/D
picorv32,cpuregs[25][1],$auto$ff.cc:337:slice$5915,_20312_,_20312_/D,_15628_,_15628_/D
picorv32,cpuregs[25][2],$auto$ff.cc:337:slice$5916,_20313_,_20313_/D,_15629_,_15629_/D
picorv32,cpuregs[25][3],$auto$ff.cc:337:slice$5917,_20314_,_20314_/D,_15630_,_15630_/D
picorv32,cpuregs[25][4],$auto$ff.cc:337:slice$5918,_20315_,_20315_/D,_15631_,_15631_/D
picorv32,cpuregs[25][5],$auto$ff.cc:337:slice$5919,_20316_,_20316_/D,_15632_,_15632_/D
picorv32,cpuregs[25][6],$auto$ff.cc:337:slice$5920,_20317_,_20317_/D,_15633_,_15633_/D
picorv32,cpuregs[25][7],$auto$ff.cc:337:slice$5921,_20318_,_20318_/D,_15634_,_15634_/D
picorv32,cpuregs[25][8],$auto$ff.cc:337:slice$5922,_20319_,_20319_/D,_15635_,_15635_/D
picorv32,cpuregs[25][9],$auto$ff.cc:337:slice$5923,_20320_,_20320_/D,_15636_,_15636_/D
picorv32,cpuregs[25][10],$auto$ff.cc:337:slice$5924,_20321_,_20321_/D,_15637_,_15637_/D
picorv32,cpuregs[25][11],$auto$ff.cc:337:slice$5925,_20353_,_20353_/D,_15669_,_15669_/D
picorv32,cpuregs[25][12],$auto$ff.cc:337:slice$5926,_20354_,_20354_/D,_15670_,_15670_/D
picorv32,cpuregs[25][13],$auto$ff.cc:337:slice$5927,_20355_,_20355_/D,_15671_,_15671_/D
picorv32,cpuregs[25][14],$auto$ff.cc:337:slice$5928,_20356_,_20356_/D,_15672_,_15672_/D
picorv32,cpuregs[25][15],$auto$ff.cc:337:slice$5929,_20357_,_20357_/D,_15673_,_15673_/D
picorv32,cpuregs[25][16],$auto$ff.cc:337:slice$5930,_20358_,_20358_/D,_15674_,_15674_/D
picorv32,cpuregs[25][17],$auto$ff.cc:337:slice$5931,_20359_,_20359_/D,_15675_,_15675_/D
picorv32,cpuregs[25][18],$auto$ff.cc:337:slice$5932,_20360_,_20360_/D,_15676_,_15676_/D
picorv32,cpuregs[25][19],$auto$ff.cc:337:slice$5933,_20361_,_20361_/D,_15677_,_15677_/D
picorv32,cpuregs[25][20],$auto$ff.cc:337:slice$5934,_20362_,_20362_/D,_15678_,_15678_/D
picorv32,cpuregs[25][21],$auto$ff.cc:337:slice$5935,_20363_,_20363_/D,_15679_,_15679_/D
picorv32,cpuregs[25][22],$auto$ff.cc:337:slice$5936,_20364_,_20364_/D,_15680_,_15680_/D
picorv32,cpuregs[25][23],$auto$ff.cc:337:slice$5937,_20365_,_20365_/D,_15681_,_15681_/D
picorv32,cpuregs[25][24],$auto$ff.cc:337:slice$5938,_20366_,_20366_/D,_15682_,_15682_/D
picorv32,cpuregs[25][25],$auto$ff.cc:337:slice$5939,_20367_,_20367_/D,_15683_,_15683_/D
picorv32,cpuregs[25][26],$auto$ff.cc:337:slice$5940,_20368_,_20368_/D,_15684_,_15684_/D
picorv32,cpuregs[25][27],$auto$ff.cc:337:slice$5941,_20369_,_20369_/D,_15685_,_15685_/D
picorv32,cpuregs[25][28],$auto$ff.cc:337:slice$5942,_20370_,_20370_/D,_15686_,_15686_/D
picorv32,cpuregs[25][29],$auto$ff.cc:337:slice$5943,_20371_,_20371_/D,_15687_,_15687_/D
picorv32,cpuregs[25][30],$auto$ff.cc:337:slice$5944,_20372_,_20372_/D,_15688_,_15688_/D
picorv32,cpuregs[25][31],$auto$ff.cc:337:slice$5945,_21517_,_21517_/D,_16833_,_16833_/D
picorv32,cpuregs[24][0],$auto$ff.cc:337:slice$5946,_20373_,_20373_/D,_15689_,_15689_/D
picorv32,cpuregs[24][1],$auto$ff.cc:337:slice$5947,_20374_,_20374_/D,_15690_,_15690_/D
picorv32,cpuregs[24][2],$auto$ff.cc:337:slice$5948,_20375_,_20375_/D,_15691_,_15691_/D
picorv32,cpuregs[24][3],$auto$ff.cc:337:slice$5949,_20376_,_20376_/D,_15692_,_15692_/D
picorv32,cpuregs[24][4],$auto$ff.cc:337:slice$5950,_20377_,_20377_/D,_15693_,_15693_/D
picorv32,cpuregs[24][5],$auto$ff.cc:337:slice$5951,_20378_,_20378_/D,_15694_,_15694_/D
picorv32,cpuregs[24][6],$auto$ff.cc:337:slice$5952,_20379_,_20379_/D,_15695_,_15695_/D
picorv32,cpuregs[24][7],$auto$ff.cc:337:slice$5953,_20380_,_20380_/D,_15696_,_15696_/D
picorv32,cpuregs[24][8],$auto$ff.cc:337:slice$5954,_20381_,_20381_/D,_15697_,_15697_/D
picorv32,cpuregs[24][9],$auto$ff.cc:337:slice$5955,_20382_,_20382_/D,_15698_,_15698_/D
picorv32,cpuregs[24][10],$auto$ff.cc:337:slice$5956,_20383_,_20383_/D,_15699_,_15699_/D
picorv32,cpuregs[24][11],$auto$ff.cc:337:slice$5957,_20384_,_20384_/D,_15700_,_15700_/D
picorv32,cpuregs[24][12],$auto$ff.cc:337:slice$5958,_20385_,_20385_/D,_15701_,_15701_/D
picorv32,cpuregs[24][13],$auto$ff.cc:337:slice$5959,_20386_,_20386_/D,_15702_,_15702_/D
picorv32,cpuregs[24][14],$auto$ff.cc:337:slice$5960,_20387_,_20387_/D,_15703_,_15703_/D
picorv32,cpuregs[24][15],$auto$ff.cc:337:slice$5961,_20388_,_20388_/D,_15704_,_15704_/D
picorv32,cpuregs[24][16],$auto$ff.cc:337:slice$5962,_20389_,_20389_/D,_15705_,_15705_/D
picorv32,cpuregs[24][17],$auto$ff.cc:337:slice$5963,_20390_,_20390_/D,_15706_,_15706_/D
picorv32,cpuregs[24][18],$auto$ff.cc:337:slice$5964,_20391_,_20391_/D,_15707_,_15707_/D
picorv32,cpuregs[24][19],$auto$ff.cc:337:slice$5965,_20392_,_20392_/D,_15708_,_15708_/D
picorv32,cpuregs[24][20],$auto$ff.cc:337:slice$5966,_20393_,_20393_/D,_15709_,_15709_/D
picorv32,cpuregs[24][21],$auto$ff.cc:337:slice$5967,_20394_,_20394_/D,_15710_,_15710_/D
picorv32,cpuregs[24][22],$auto$ff.cc:337:slice$5968,_20395_,_20395_/D,_15711_,_15711_/D
picorv32,cpuregs[24][23],$auto$ff.cc:337:slice$5969,_20396_,_20396_/D,_15712_,_15712_/D
picorv32,cpuregs[24][24],$auto$ff.cc:337:slice$5970,_20397_,_20397_/D,_15713_,_15713_/D
picorv32,cpuregs[24][25],$auto$ff.cc:337:slice$5971,_20398_,_20398_/D,_15714_,_15714_/D
picorv32,cpuregs[24][26],$auto$ff.cc:337:slice$5972,_20399_,_20399_/D,_15715_,_15715_/D
picorv32,cpuregs[24][27],$auto$ff.cc:337:slice$5973,_20400_,_20400_/D,_15716_,_15716_/D
picorv32,cpuregs[24][28],$auto$ff.cc:337:slice$5974,_20401_,_20401_/D,_15717_,_15717_/D
picorv32,cpuregs[24][29],$auto$ff.cc:337:slice$5975,_20402_,_20402_/D,_15718_,_15718_/D
picorv32,cpuregs[24][30],$auto$ff.cc:337:slice$5976,_20403_,_20403_/D,_15719_,_15719_/D
picorv32,cpuregs[24][31],$auto$ff.cc:337:slice$5977,_21516_,_21516_/D,_16832_,_16832_/D
picorv32,cpuregs[23][0],$auto$ff.cc:337:slice$5978,_20404_,_20404_/D,_15720_,_15720_/D
picorv32,cpuregs[23][1],$auto$ff.cc:337:slice$5979,_20405_,_20405_/D,_15721_,_15721_/D
picorv32,cpuregs[23][2],$auto$ff.cc:337:slice$5980,_20406_,_20406_/D,_15722_,_15722_/D
picorv32,cpuregs[23][3],$auto$ff.cc:337:slice$5981,_20407_,_20407_/D,_15723_,_15723_/D
picorv32,cpuregs[23][4],$auto$ff.cc:337:slice$5982,_20408_,_20408_/D,_15724_,_15724_/D
picorv32,cpuregs[23][5],$auto$ff.cc:337:slice$5983,_20409_,_20409_/D,_15725_,_15725_/D
picorv32,cpuregs[23][6],$auto$ff.cc:337:slice$5984,_20410_,_20410_/D,_15726_,_15726_/D
picorv32,cpuregs[23][7],$auto$ff.cc:337:slice$5985,_20411_,_20411_/D,_15727_,_15727_/D
picorv32,cpuregs[23][8],$auto$ff.cc:337:slice$5986,_20412_,_20412_/D,_15728_,_15728_/D
picorv32,cpuregs[23][9],$auto$ff.cc:337:slice$5987,_20413_,_20413_/D,_15729_,_15729_/D
picorv32,cpuregs[23][10],$auto$ff.cc:337:slice$5988,_20414_,_20414_/D,_15730_,_15730_/D
picorv32,cpuregs[23][11],$auto$ff.cc:337:slice$5989,_20415_,_20415_/D,_15731_,_15731_/D
picorv32,cpuregs[23][12],$auto$ff.cc:337:slice$5990,_20416_,_20416_/D,_15732_,_15732_/D
picorv32,cpuregs[23][13],$auto$ff.cc:337:slice$5991,_20417_,_20417_/D,_15733_,_15733_/D
picorv32,cpuregs[23][14],$auto$ff.cc:337:slice$5992,_20418_,_20418_/D,_15734_,_15734_/D
picorv32,cpuregs[23][15],$auto$ff.cc:337:slice$5993,_20419_,_20419_/D,_15735_,_15735_/D
picorv32,cpuregs[23][16],$auto$ff.cc:337:slice$5994,_20420_,_20420_/D,_15736_,_15736_/D
picorv32,cpuregs[23][17],$auto$ff.cc:337:slice$5995,_20421_,_20421_/D,_15737_,_15737_/D
picorv32,cpuregs[23][18],$auto$ff.cc:337:slice$5996,_20422_,_20422_/D,_15738_,_15738_/D
picorv32,cpuregs[23][19],$auto$ff.cc:337:slice$5997,_20423_,_20423_/D,_15739_,_15739_/D
picorv32,cpuregs[23][20],$auto$ff.cc:337:slice$5998,_20424_,_20424_/D,_15740_,_15740_/D
picorv32,cpuregs[23][21],$auto$ff.cc:337:slice$5999,_20425_,_20425_/D,_15741_,_15741_/D
picorv32,cpuregs[23][22],$auto$ff.cc:337:slice$6000,_20426_,_20426_/D,_15742_,_15742_/D
picorv32,cpuregs[23][23],$auto$ff.cc:337:slice$6001,_20427_,_20427_/D,_15743_,_15743_/D
picorv32,cpuregs[23][24],$auto$ff.cc:337:slice$6002,_20428_,_20428_/D,_15744_,_15744_/D
picorv32,cpuregs[23][25],$auto$ff.cc:337:slice$6003,_20429_,_20429_/D,_15745_,_15745_/D
picorv32,cpuregs[23][26],$auto$ff.cc:337:slice$6004,_20430_,_20430_/D,_15746_,_15746_/D
picorv32,cpuregs[23][27],$auto$ff.cc:337:slice$6005,_20431_,_20431_/D,_15747_,_15747_/D
picorv32,cpuregs[23][28],$auto$ff.cc:337:slice$6006,_20432_,_20432_/D,_15748_,_15748_/D
picorv32,cpuregs[23][29],$auto$ff.cc:337:slice$6007,_20433_,_20433_/D,_15749_,_15749_/D
picorv32,cpuregs[23][30],$auto$ff.cc:337:slice$6008,_20434_,_20434_/D,_15750_,_15750_/D
picorv32,cpuregs[23][31],$auto$ff.cc:337:slice$6009,_21515_,_21515_/D,_16831_,_16831_/D
picorv32,cpuregs[22][0],$auto$ff.cc:337:slice$6010,_20435_,_20435_/D,_15751_,_15751_/D
picorv32,cpuregs[22][1],$auto$ff.cc:337:slice$6011,_20436_,_20436_/D,_15752_,_15752_/D
picorv32,cpuregs[22][2],$auto$ff.cc:337:slice$6012,_20437_,_20437_/D,_15753_,_15753_/D
picorv32,cpuregs[22][3],$auto$ff.cc:337:slice$6013,_20438_,_20438_/D,_15754_,_15754_/D
picorv32,cpuregs[22][4],$auto$ff.cc:337:slice$6014,_20439_,_20439_/D,_15755_,_15755_/D
picorv32,cpuregs[22][5],$auto$ff.cc:337:slice$6015,_20440_,_20440_/D,_15756_,_15756_/D
picorv32,cpuregs[22][6],$auto$ff.cc:337:slice$6016,_20441_,_20441_/D,_15757_,_15757_/D
picorv32,cpuregs[22][7],$auto$ff.cc:337:slice$6017,_20442_,_20442_/D,_15758_,_15758_/D
picorv32,cpuregs[22][8],$auto$ff.cc:337:slice$6018,_20443_,_20443_/D,_15759_,_15759_/D
picorv32,cpuregs[22][9],$auto$ff.cc:337:slice$6019,_20444_,_20444_/D,_15760_,_15760_/D
picorv32,cpuregs[22][10],$auto$ff.cc:337:slice$6020,_20445_,_20445_/D,_15761_,_15761_/D
picorv32,cpuregs[22][11],$auto$ff.cc:337:slice$6021,_20446_,_20446_/D,_15762_,_15762_/D
picorv32,cpuregs[22][12],$auto$ff.cc:337:slice$6022,_20447_,_20447_/D,_15763_,_15763_/D
picorv32,cpuregs[22][13],$auto$ff.cc:337:slice$6023,_20448_,_20448_/D,_15764_,_15764_/D
picorv32,cpuregs[22][14],$auto$ff.cc:337:slice$6024,_20449_,_20449_/D,_15765_,_15765_/D
picorv32,cpuregs[22][15],$auto$ff.cc:337:slice$6025,_20450_,_20450_/D,_15766_,_15766_/D
picorv32,cpuregs[22][16],$auto$ff.cc:337:slice$6026,_20451_,_20451_/D,_15767_,_15767_/D
picorv32,cpuregs[22][17],$auto$ff.cc:337:slice$6027,_20452_,_20452_/D,_15768_,_15768_/D
picorv32,cpuregs[22][18],$auto$ff.cc:337:slice$6028,_20453_,_20453_/D,_15769_,_15769_/D
picorv32,cpuregs[22][19],$auto$ff.cc:337:slice$6029,_20454_,_20454_/D,_15770_,_15770_/D
picorv32,cpuregs[22][20],$auto$ff.cc:337:slice$6030,_20455_,_20455_/D,_15771_,_15771_/D
picorv32,cpuregs[22][21],$auto$ff.cc:337:slice$6031,_20456_,_20456_/D,_15772_,_15772_/D
picorv32,cpuregs[22][22],$auto$ff.cc:337:slice$6032,_20457_,_20457_/D,_15773_,_15773_/D
picorv32,cpuregs[22][23],$auto$ff.cc:337:slice$6033,_20458_,_20458_/D,_15774_,_15774_/D
picorv32,cpuregs[22][24],$auto$ff.cc:337:slice$6034,_20459_,_20459_/D,_15775_,_15775_/D
picorv32,cpuregs[22][25],$auto$ff.cc:337:slice$6035,_20460_,_20460_/D,_15776_,_15776_/D
picorv32,cpuregs[22][26],$auto$ff.cc:337:slice$6036,_20461_,_20461_/D,_15777_,_15777_/D
picorv32,cpuregs[22][27],$auto$ff.cc:337:slice$6037,_20462_,_20462_/D,_15778_,_15778_/D
picorv32,cpuregs[22][28],$auto$ff.cc:337:slice$6038,_20463_,_20463_/D,_15779_,_15779_/D
picorv32,cpuregs[22][29],$auto$ff.cc:337:slice$6039,_20464_,_20464_/D,_15780_,_15780_/D
picorv32,cpuregs[22][30],$auto$ff.cc:337:slice$6040,_20465_,_20465_/D,_15781_,_15781_/D
picorv32,cpuregs[22][31],$auto$ff.cc:337:slice$6041,_21514_,_21514_/D,_16830_,_16830_/D
picorv32,cpuregs[21][0],$auto$ff.cc:337:slice$6042,_20466_,_20466_/D,_15782_,_15782_/D
picorv32,cpuregs[21][1],$auto$ff.cc:337:slice$6043,_20467_,_20467_/D,_15783_,_15783_/D
picorv32,cpuregs[21][2],$auto$ff.cc:337:slice$6044,_20468_,_20468_/D,_15784_,_15784_/D
picorv32,cpuregs[21][3],$auto$ff.cc:337:slice$6045,_20469_,_20469_/D,_15785_,_15785_/D
picorv32,cpuregs[21][4],$auto$ff.cc:337:slice$6046,_20470_,_20470_/D,_15786_,_15786_/D
picorv32,cpuregs[21][5],$auto$ff.cc:337:slice$6047,_20471_,_20471_/D,_15787_,_15787_/D
picorv32,cpuregs[21][6],$auto$ff.cc:337:slice$6048,_20472_,_20472_/D,_15788_,_15788_/D
picorv32,cpuregs[21][7],$auto$ff.cc:337:slice$6049,_20473_,_20473_/D,_15789_,_15789_/D
picorv32,cpuregs[21][8],$auto$ff.cc:337:slice$6050,_20474_,_20474_/D,_15790_,_15790_/D
picorv32,cpuregs[21][9],$auto$ff.cc:337:slice$6051,_20475_,_20475_/D,_15791_,_15791_/D
picorv32,cpuregs[21][10],$auto$ff.cc:337:slice$6052,_20476_,_20476_/D,_15792_,_15792_/D
picorv32,cpuregs[21][11],$auto$ff.cc:337:slice$6053,_20477_,_20477_/D,_15793_,_15793_/D
picorv32,cpuregs[21][12],$auto$ff.cc:337:slice$6054,_20478_,_20478_/D,_15794_,_15794_/D
picorv32,cpuregs[21][13],$auto$ff.cc:337:slice$6055,_20479_,_20479_/D,_15795_,_15795_/D
picorv32,cpuregs[21][14],$auto$ff.cc:337:slice$6056,_20480_,_20480_/D,_15796_,_15796_/D
picorv32,cpuregs[21][15],$auto$ff.cc:337:slice$6057,_20481_,_20481_/D,_15797_,_15797_/D
picorv32,cpuregs[21][16],$auto$ff.cc:337:slice$6058,_20482_,_20482_/D,_15798_,_15798_/D
picorv32,cpuregs[21][17],$auto$ff.cc:337:slice$6059,_20483_,_20483_/D,_15799_,_15799_/D
picorv32,cpuregs[21][18],$auto$ff.cc:337:slice$6060,_20484_,_20484_/D,_15800_,_15800_/D
picorv32,cpuregs[21][19],$auto$ff.cc:337:slice$6061,_20485_,_20485_/D,_15801_,_15801_/D
picorv32,cpuregs[21][20],$auto$ff.cc:337:slice$6062,_20486_,_20486_/D,_15802_,_15802_/D
picorv32,cpuregs[21][21],$auto$ff.cc:337:slice$6063,_20487_,_20487_/D,_15803_,_15803_/D
picorv32,cpuregs[21][22],$auto$ff.cc:337:slice$6064,_20488_,_20488_/D,_15804_,_15804_/D
picorv32,cpuregs[21][23],$auto$ff.cc:337:slice$6065,_20489_,_20489_/D,_15805_,_15805_/D
picorv32,cpuregs[21][24],$auto$ff.cc:337:slice$6066,_20490_,_20490_/D,_15806_,_15806_/D
picorv32,cpuregs[21][25],$auto$ff.cc:337:slice$6067,_20491_,_20491_/D,_15807_,_15807_/D
picorv32,cpuregs[21][26],$auto$ff.cc:337:slice$6068,_20492_,_20492_/D,_15808_,_15808_/D
picorv32,cpuregs[21][27],$auto$ff.cc:337:slice$6069,_20493_,_20493_/D,_15809_,_15809_/D
picorv32,cpuregs[21][28],$auto$ff.cc:337:slice$6070,_20494_,_20494_/D,_15810_,_15810_/D
picorv32,cpuregs[21][29],$auto$ff.cc:337:slice$6071,_20495_,_20495_/D,_15811_,_15811_/D
picorv32,cpuregs[21][30],$auto$ff.cc:337:slice$6072,_20496_,_20496_/D,_15812_,_15812_/D
picorv32,cpuregs[21][31],$auto$ff.cc:337:slice$6073,_21513_,_21513_/D,_16829_,_16829_/D
picorv32,cpuregs[20][0],$auto$ff.cc:337:slice$6074,_20497_,_20497_/D,_15813_,_15813_/D
picorv32,cpuregs[20][1],$auto$ff.cc:337:slice$6075,_20498_,_20498_/D,_15814_,_15814_/D
picorv32,cpuregs[20][2],$auto$ff.cc:337:slice$6076,_20499_,_20499_/D,_15815_,_15815_/D
picorv32,cpuregs[20][3],$auto$ff.cc:337:slice$6077,_20500_,_20500_/D,_15816_,_15816_/D
picorv32,cpuregs[20][4],$auto$ff.cc:337:slice$6078,_20501_,_20501_/D,_15817_,_15817_/D
picorv32,cpuregs[20][5],$auto$ff.cc:337:slice$6079,_20502_,_20502_/D,_15818_,_15818_/D
picorv32,cpuregs[20][6],$auto$ff.cc:337:slice$6080,_20503_,_20503_/D,_15819_,_15819_/D
picorv32,cpuregs[20][7],$auto$ff.cc:337:slice$6081,_20504_,_20504_/D,_15820_,_15820_/D
picorv32,cpuregs[20][8],$auto$ff.cc:337:slice$6082,_20505_,_20505_/D,_15821_,_15821_/D
picorv32,cpuregs[20][9],$auto$ff.cc:337:slice$6083,_20506_,_20506_/D,_15822_,_15822_/D
picorv32,cpuregs[20][10],$auto$ff.cc:337:slice$6084,_20507_,_20507_/D,_15823_,_15823_/D
picorv32,cpuregs[20][11],$auto$ff.cc:337:slice$6085,_20508_,_20508_/D,_15824_,_15824_/D
picorv32,cpuregs[20][12],$auto$ff.cc:337:slice$6086,_20509_,_20509_/D,_15825_,_15825_/D
picorv32,cpuregs[20][13],$auto$ff.cc:337:slice$6087,_20510_,_20510_/D,_15826_,_15826_/D
picorv32,cpuregs[20][14],$auto$ff.cc:337:slice$6088,_20511_,_20511_/D,_15827_,_15827_/D
picorv32,cpuregs[20][15],$auto$ff.cc:337:slice$6089,_20512_,_20512_/D,_15828_,_15828_/D
picorv32,cpuregs[20][16],$auto$ff.cc:337:slice$6090,_20513_,_20513_/D,_15829_,_15829_/D
picorv32,cpuregs[20][17],$auto$ff.cc:337:slice$6091,_20514_,_20514_/D,_15830_,_15830_/D
picorv32,cpuregs[20][18],$auto$ff.cc:337:slice$6092,_20515_,_20515_/D,_15831_,_15831_/D
picorv32,cpuregs[20][19],$auto$ff.cc:337:slice$6093,_20516_,_20516_/D,_15832_,_15832_/D
picorv32,cpuregs[20][20],$auto$ff.cc:337:slice$6094,_20517_,_20517_/D,_15833_,_15833_/D
picorv32,cpuregs[20][21],$auto$ff.cc:337:slice$6095,_20518_,_20518_/D,_15834_,_15834_/D
picorv32,cpuregs[20][22],$auto$ff.cc:337:slice$6096,_20519_,_20519_/D,_15835_,_15835_/D
picorv32,cpuregs[20][23],$auto$ff.cc:337:slice$6097,_20520_,_20520_/D,_15836_,_15836_/D
picorv32,cpuregs[20][24],$auto$ff.cc:337:slice$6098,_20521_,_20521_/D,_15837_,_15837_/D
picorv32,cpuregs[20][25],$auto$ff.cc:337:slice$6099,_20522_,_20522_/D,_15838_,_15838_/D
picorv32,cpuregs[20][26],$auto$ff.cc:337:slice$6100,_20523_,_20523_/D,_15839_,_15839_/D
picorv32,cpuregs[20][27],$auto$ff.cc:337:slice$6101,_20524_,_20524_/D,_15840_,_15840_/D
picorv32,cpuregs[20][28],$auto$ff.cc:337:slice$6102,_20525_,_20525_/D,_15841_,_15841_/D
picorv32,cpuregs[20][29],$auto$ff.cc:337:slice$6103,_20526_,_20526_/D,_15842_,_15842_/D
picorv32,cpuregs[20][30],$auto$ff.cc:337:slice$6104,_20527_,_20527_/D,_15843_,_15843_/D
picorv32,cpuregs[20][31],$auto$ff.cc:337:slice$6105,_21512_,_21512_/D,_16828_,_16828_/D
picorv32,cpuregs[19][0],$auto$ff.cc:337:slice$6106,_20528_,_20528_/D,_15844_,_15844_/D
picorv32,cpuregs[19][1],$auto$ff.cc:337:slice$6107,_20529_,_20529_/D,_15845_,_15845_/D
picorv32,cpuregs[19][2],$auto$ff.cc:337:slice$6108,_20530_,_20530_/D,_15846_,_15846_/D
picorv32,cpuregs[19][3],$auto$ff.cc:337:slice$6109,_20531_,_20531_/D,_15847_,_15847_/D
picorv32,cpuregs[19][4],$auto$ff.cc:337:slice$6110,_20532_,_20532_/D,_15848_,_15848_/D
picorv32,cpuregs[19][5],$auto$ff.cc:337:slice$6111,_20533_,_20533_/D,_15849_,_15849_/D
picorv32,cpuregs[19][6],$auto$ff.cc:337:slice$6112,_20534_,_20534_/D,_15850_,_15850_/D
picorv32,cpuregs[19][7],$auto$ff.cc:337:slice$6113,_20535_,_20535_/D,_15851_,_15851_/D
picorv32,cpuregs[19][8],$auto$ff.cc:337:slice$6114,_20536_,_20536_/D,_15852_,_15852_/D
picorv32,cpuregs[19][9],$auto$ff.cc:337:slice$6115,_20537_,_20537_/D,_15853_,_15853_/D
picorv32,cpuregs[19][10],$auto$ff.cc:337:slice$6116,_20538_,_20538_/D,_15854_,_15854_/D
picorv32,cpuregs[19][11],$auto$ff.cc:337:slice$6117,_20539_,_20539_/D,_15855_,_15855_/D
picorv32,cpuregs[19][12],$auto$ff.cc:337:slice$6118,_20540_,_20540_/D,_15856_,_15856_/D
picorv32,cpuregs[19][13],$auto$ff.cc:337:slice$6119,_20541_,_20541_/D,_15857_,_15857_/D
picorv32,cpuregs[19][14],$auto$ff.cc:337:slice$6120,_20542_,_20542_/D,_15858_,_15858_/D
picorv32,cpuregs[19][15],$auto$ff.cc:337:slice$6121,_20543_,_20543_/D,_15859_,_15859_/D
picorv32,cpuregs[19][16],$auto$ff.cc:337:slice$6122,_20544_,_20544_/D,_15860_,_15860_/D
picorv32,cpuregs[19][17],$auto$ff.cc:337:slice$6123,_20545_,_20545_/D,_15861_,_15861_/D
picorv32,cpuregs[19][18],$auto$ff.cc:337:slice$6124,_20546_,_20546_/D,_15862_,_15862_/D
picorv32,cpuregs[19][19],$auto$ff.cc:337:slice$6125,_20547_,_20547_/D,_15863_,_15863_/D
picorv32,cpuregs[19][20],$auto$ff.cc:337:slice$6126,_20548_,_20548_/D,_15864_,_15864_/D
picorv32,cpuregs[19][21],$auto$ff.cc:337:slice$6127,_20549_,_20549_/D,_15865_,_15865_/D
picorv32,cpuregs[19][22],$auto$ff.cc:337:slice$6128,_20550_,_20550_/D,_15866_,_15866_/D
picorv32,cpuregs[19][23],$auto$ff.cc:337:slice$6129,_20551_,_20551_/D,_15867_,_15867_/D
picorv32,cpuregs[19][24],$auto$ff.cc:337:slice$6130,_20552_,_20552_/D,_15868_,_15868_/D
picorv32,cpuregs[19][25],$auto$ff.cc:337:slice$6131,_20553_,_20553_/D,_15869_,_15869_/D
picorv32,cpuregs[19][26],$auto$ff.cc:337:slice$6132,_20554_,_20554_/D,_15870_,_15870_/D
picorv32,cpuregs[19][27],$auto$ff.cc:337:slice$6133,_20555_,_20555_/D,_15871_,_15871_/D
picorv32,cpuregs[19][28],$auto$ff.cc:337:slice$6134,_20556_,_20556_/D,_15872_,_15872_/D
picorv32,cpuregs[19][29],$auto$ff.cc:337:slice$6135,_20557_,_20557_/D,_15873_,_15873_/D
picorv32,cpuregs[19][30],$auto$ff.cc:337:slice$6136,_20558_,_20558_/D,_15874_,_15874_/D
picorv32,cpuregs[19][31],$auto$ff.cc:337:slice$6137,_21511_,_21511_/D,_16827_,_16827_/D
picorv32,cpuregs[18][0],$auto$ff.cc:337:slice$6138,_20559_,_20559_/D,_15875_,_15875_/D
picorv32,cpuregs[18][1],$auto$ff.cc:337:slice$6139,_20560_,_20560_/D,_15876_,_15876_/D
picorv32,cpuregs[18][2],$auto$ff.cc:337:slice$6140,_20561_,_20561_/D,_15877_,_15877_/D
picorv32,cpuregs[18][3],$auto$ff.cc:337:slice$6141,_20562_,_20562_/D,_15878_,_15878_/D
picorv32,cpuregs[18][4],$auto$ff.cc:337:slice$6142,_20563_,_20563_/D,_15879_,_15879_/D
picorv32,cpuregs[18][5],$auto$ff.cc:337:slice$6143,_20564_,_20564_/D,_15880_,_15880_/D
picorv32,cpuregs[18][6],$auto$ff.cc:337:slice$6144,_20565_,_20565_/D,_15881_,_15881_/D
picorv32,cpuregs[18][7],$auto$ff.cc:337:slice$6145,_20566_,_20566_/D,_15882_,_15882_/D
picorv32,cpuregs[18][8],$auto$ff.cc:337:slice$6146,_20567_,_20567_/D,_15883_,_15883_/D
picorv32,cpuregs[18][9],$auto$ff.cc:337:slice$6147,_20568_,_20568_/D,_15884_,_15884_/D
picorv32,cpuregs[18][10],$auto$ff.cc:337:slice$6148,_20569_,_20569_/D,_15885_,_15885_/D
picorv32,cpuregs[18][11],$auto$ff.cc:337:slice$6149,_20570_,_20570_/D,_15886_,_15886_/D
picorv32,cpuregs[18][12],$auto$ff.cc:337:slice$6150,_20571_,_20571_/D,_15887_,_15887_/D
picorv32,cpuregs[18][13],$auto$ff.cc:337:slice$6151,_20572_,_20572_/D,_15888_,_15888_/D
picorv32,cpuregs[18][14],$auto$ff.cc:337:slice$6152,_20573_,_20573_/D,_15889_,_15889_/D
picorv32,cpuregs[18][15],$auto$ff.cc:337:slice$6153,_20574_,_20574_/D,_15890_,_15890_/D
picorv32,cpuregs[18][16],$auto$ff.cc:337:slice$6154,_20575_,_20575_/D,_15891_,_15891_/D
picorv32,cpuregs[18][17],$auto$ff.cc:337:slice$6155,_20576_,_20576_/D,_15892_,_15892_/D
picorv32,cpuregs[18][18],$auto$ff.cc:337:slice$6156,_20577_,_20577_/D,_15893_,_15893_/D
picorv32,cpuregs[18][19],$auto$ff.cc:337:slice$6157,_20578_,_20578_/D,_15894_,_15894_/D
picorv32,cpuregs[18][20],$auto$ff.cc:337:slice$6158,_20579_,_20579_/D,_15895_,_15895_/D
picorv32,cpuregs[18][21],$auto$ff.cc:337:slice$6159,_20580_,_20580_/D,_15896_,_15896_/D
picorv32,cpuregs[18][22],$auto$ff.cc:337:slice$6160,_20581_,_20581_/D,_15897_,_15897_/D
picorv32,cpuregs[18][23],$auto$ff.cc:337:slice$6161,_20582_,_20582_/D,_15898_,_15898_/D
picorv32,cpuregs[18][24],$auto$ff.cc:337:slice$6162,_20583_,_20583_/D,_15899_,_15899_/D
picorv32,cpuregs[18][25],$auto$ff.cc:337:slice$6163,_20584_,_20584_/D,_15900_,_15900_/D
picorv32,cpuregs[18][26],$auto$ff.cc:337:slice$6164,_20585_,_20585_/D,_15901_,_15901_/D
picorv32,cpuregs[18][27],$auto$ff.cc:337:slice$6165,_20586_,_20586_/D,_15902_,_15902_/D
picorv32,cpuregs[18][28],$auto$ff.cc:337:slice$6166,_20587_,_20587_/D,_15903_,_15903_/D
picorv32,cpuregs[18][29],$auto$ff.cc:337:slice$6167,_20588_,_20588_/D,_15904_,_15904_/D
picorv32,cpuregs[18][30],$auto$ff.cc:337:slice$6168,_20589_,_20589_/D,_15905_,_15905_/D
picorv32,cpuregs[18][31],$auto$ff.cc:337:slice$6169,_21429_,_21429_/D,_16745_,_16745_/D
picorv32,cpuregs[17][0],$auto$ff.cc:337:slice$6170,_20590_,_20590_/D,_15906_,_15906_/D
picorv32,cpuregs[17][1],$auto$ff.cc:337:slice$6171,_20591_,_20591_/D,_15907_,_15907_/D
picorv32,cpuregs[17][2],$auto$ff.cc:337:slice$6172,_20592_,_20592_/D,_15908_,_15908_/D
picorv32,cpuregs[17][3],$auto$ff.cc:337:slice$6173,_20593_,_20593_/D,_15909_,_15909_/D
picorv32,cpuregs[17][4],$auto$ff.cc:337:slice$6174,_20594_,_20594_/D,_15910_,_15910_/D
picorv32,cpuregs[17][5],$auto$ff.cc:337:slice$6175,_20595_,_20595_/D,_15911_,_15911_/D
picorv32,cpuregs[17][6],$auto$ff.cc:337:slice$6176,_20596_,_20596_/D,_15912_,_15912_/D
picorv32,cpuregs[17][7],$auto$ff.cc:337:slice$6177,_20597_,_20597_/D,_15913_,_15913_/D
picorv32,cpuregs[17][8],$auto$ff.cc:337:slice$6178,_20598_,_20598_/D,_15914_,_15914_/D
picorv32,cpuregs[17][9],$auto$ff.cc:337:slice$6179,_20599_,_20599_/D,_15915_,_15915_/D
picorv32,cpuregs[17][10],$auto$ff.cc:337:slice$6180,_20600_,_20600_/D,_15916_,_15916_/D
picorv32,cpuregs[17][11],$auto$ff.cc:337:slice$6181,_20601_,_20601_/D,_15917_,_15917_/D
picorv32,cpuregs[17][12],$auto$ff.cc:337:slice$6182,_20602_,_20602_/D,_15918_,_15918_/D
picorv32,cpuregs[17][13],$auto$ff.cc:337:slice$6183,_20603_,_20603_/D,_15919_,_15919_/D
picorv32,cpuregs[17][14],$auto$ff.cc:337:slice$6184,_20604_,_20604_/D,_15920_,_15920_/D
picorv32,cpuregs[17][15],$auto$ff.cc:337:slice$6185,_20605_,_20605_/D,_15921_,_15921_/D
picorv32,cpuregs[17][16],$auto$ff.cc:337:slice$6186,_20606_,_20606_/D,_15922_,_15922_/D
picorv32,cpuregs[17][17],$auto$ff.cc:337:slice$6187,_20607_,_20607_/D,_15923_,_15923_/D
picorv32,cpuregs[17][18],$auto$ff.cc:337:slice$6188,_20608_,_20608_/D,_15924_,_15924_/D
picorv32,cpuregs[17][19],$auto$ff.cc:337:slice$6189,_20609_,_20609_/D,_15925_,_15925_/D
picorv32,cpuregs[17][20],$auto$ff.cc:337:slice$6190,_20610_,_20610_/D,_15926_,_15926_/D
picorv32,cpuregs[17][21],$auto$ff.cc:337:slice$6191,_20611_,_20611_/D,_15927_,_15927_/D
picorv32,cpuregs[17][22],$auto$ff.cc:337:slice$6192,_20612_,_20612_/D,_15928_,_15928_/D
picorv32,cpuregs[17][23],$auto$ff.cc:337:slice$6193,_20613_,_20613_/D,_15929_,_15929_/D
picorv32,cpuregs[17][24],$auto$ff.cc:337:slice$6194,_20614_,_20614_/D,_15930_,_15930_/D
picorv32,cpuregs[17][25],$auto$ff.cc:337:slice$6195,_20615_,_20615_/D,_15931_,_15931_/D
picorv32,cpuregs[17][26],$auto$ff.cc:337:slice$6196,_20616_,_20616_/D,_15932_,_15932_/D
picorv32,cpuregs[17][27],$auto$ff.cc:337:slice$6197,_20617_,_20617_/D,_15933_,_15933_/D
picorv32,cpuregs[17][28],$auto$ff.cc:337:slice$6198,_20618_,_20618_/D,_15934_,_15934_/D
picorv32,cpuregs[17][29],$auto$ff.cc:337:slice$6199,_20619_,_20619_/D,_15935_,_15935_/D
picorv32,cpuregs[17][30],$auto$ff.cc:337:slice$6200,_20620_,_20620_/D,_15936_,_15936_/D
picorv32,cpuregs[17][31],$auto$ff.cc:337:slice$6201,_21427_,_21427_/D,_16743_,_16743_/D
picorv32,cpuregs[16][0],$auto$ff.cc:337:slice$6202,_20621_,_20621_/D,_15937_,_15937_/D
picorv32,cpuregs[16][1],$auto$ff.cc:337:slice$6203,_20622_,_20622_/D,_15938_,_15938_/D
picorv32,cpuregs[16][2],$auto$ff.cc:337:slice$6204,_20623_,_20623_/D,_15939_,_15939_/D
picorv32,cpuregs[16][3],$auto$ff.cc:337:slice$6205,_20624_,_20624_/D,_15940_,_15940_/D
picorv32,cpuregs[16][4],$auto$ff.cc:337:slice$6206,_20625_,_20625_/D,_15941_,_15941_/D
picorv32,cpuregs[16][5],$auto$ff.cc:337:slice$6207,_20626_,_20626_/D,_15942_,_15942_/D
picorv32,cpuregs[16][6],$auto$ff.cc:337:slice$6208,_20627_,_20627_/D,_15943_,_15943_/D
picorv32,cpuregs[16][7],$auto$ff.cc:337:slice$6209,_20628_,_20628_/D,_15944_,_15944_/D
picorv32,cpuregs[16][8],$auto$ff.cc:337:slice$6210,_20629_,_20629_/D,_15945_,_15945_/D
picorv32,cpuregs[16][9],$auto$ff.cc:337:slice$6211,_20630_,_20630_/D,_15946_,_15946_/D
picorv32,cpuregs[16][10],$auto$ff.cc:337:slice$6212,_20631_,_20631_/D,_15947_,_15947_/D
picorv32,cpuregs[16][11],$auto$ff.cc:337:slice$6213,_20632_,_20632_/D,_15948_,_15948_/D
picorv32,cpuregs[16][12],$auto$ff.cc:337:slice$6214,_20633_,_20633_/D,_15949_,_15949_/D
picorv32,cpuregs[16][13],$auto$ff.cc:337:slice$6215,_20634_,_20634_/D,_15950_,_15950_/D
picorv32,cpuregs[16][14],$auto$ff.cc:337:slice$6216,_20635_,_20635_/D,_15951_,_15951_/D
picorv32,cpuregs[16][15],$auto$ff.cc:337:slice$6217,_20636_,_20636_/D,_15952_,_15952_/D
picorv32,cpuregs[16][16],$auto$ff.cc:337:slice$6218,_20637_,_20637_/D,_15953_,_15953_/D
picorv32,cpuregs[16][17],$auto$ff.cc:337:slice$6219,_20638_,_20638_/D,_15954_,_15954_/D
picorv32,cpuregs[16][18],$auto$ff.cc:337:slice$6220,_20639_,_20639_/D,_15955_,_15955_/D
picorv32,cpuregs[16][19],$auto$ff.cc:337:slice$6221,_20640_,_20640_/D,_15956_,_15956_/D
picorv32,cpuregs[16][20],$auto$ff.cc:337:slice$6222,_20641_,_20641_/D,_15957_,_15957_/D
picorv32,cpuregs[16][21],$auto$ff.cc:337:slice$6223,_20642_,_20642_/D,_15958_,_15958_/D
picorv32,cpuregs[16][22],$auto$ff.cc:337:slice$6224,_20643_,_20643_/D,_15959_,_15959_/D
picorv32,cpuregs[16][23],$auto$ff.cc:337:slice$6225,_20644_,_20644_/D,_15960_,_15960_/D
picorv32,cpuregs[16][24],$auto$ff.cc:337:slice$6226,_20645_,_20645_/D,_15961_,_15961_/D
picorv32,cpuregs[16][25],$auto$ff.cc:337:slice$6227,_20646_,_20646_/D,_15962_,_15962_/D
picorv32,cpuregs[16][26],$auto$ff.cc:337:slice$6228,_20647_,_20647_/D,_15963_,_15963_/D
picorv32,cpuregs[16][27],$auto$ff.cc:337:slice$6229,_20648_,_20648_/D,_15964_,_15964_/D
picorv32,cpuregs[16][28],$auto$ff.cc:337:slice$6230,_20649_,_20649_/D,_15965_,_15965_/D
picorv32,cpuregs[16][29],$auto$ff.cc:337:slice$6231,_20650_,_20650_/D,_15966_,_15966_/D
picorv32,cpuregs[16][30],$auto$ff.cc:337:slice$6232,_20651_,_20651_/D,_15967_,_15967_/D
picorv32,cpuregs[16][31],$auto$ff.cc:337:slice$6233,_21425_,_21425_/D,_16741_,_16741_/D
picorv32,cpuregs[15][0],$auto$ff.cc:337:slice$6234,_20652_,_20652_/D,_15968_,_15968_/D
picorv32,cpuregs[15][1],$auto$ff.cc:337:slice$6235,_20653_,_20653_/D,_15969_,_15969_/D
picorv32,cpuregs[15][2],$auto$ff.cc:337:slice$6236,_20654_,_20654_/D,_15970_,_15970_/D
picorv32,cpuregs[15][3],$auto$ff.cc:337:slice$6237,_20655_,_20655_/D,_15971_,_15971_/D
picorv32,cpuregs[15][4],$auto$ff.cc:337:slice$6238,_20656_,_20656_/D,_15972_,_15972_/D
picorv32,cpuregs[15][5],$auto$ff.cc:337:slice$6239,_20657_,_20657_/D,_15973_,_15973_/D
picorv32,cpuregs[15][6],$auto$ff.cc:337:slice$6240,_20658_,_20658_/D,_15974_,_15974_/D
picorv32,cpuregs[15][7],$auto$ff.cc:337:slice$6241,_20659_,_20659_/D,_15975_,_15975_/D
picorv32,cpuregs[15][8],$auto$ff.cc:337:slice$6242,_20660_,_20660_/D,_15976_,_15976_/D
picorv32,cpuregs[15][9],$auto$ff.cc:337:slice$6243,_20661_,_20661_/D,_15977_,_15977_/D
picorv32,cpuregs[15][10],$auto$ff.cc:337:slice$6244,_20662_,_20662_/D,_15978_,_15978_/D
picorv32,cpuregs[15][11],$auto$ff.cc:337:slice$6245,_20663_,_20663_/D,_15979_,_15979_/D
picorv32,cpuregs[15][12],$auto$ff.cc:337:slice$6246,_20664_,_20664_/D,_15980_,_15980_/D
picorv32,cpuregs[15][13],$auto$ff.cc:337:slice$6247,_20665_,_20665_/D,_15981_,_15981_/D
picorv32,cpuregs[15][14],$auto$ff.cc:337:slice$6248,_20666_,_20666_/D,_15982_,_15982_/D
picorv32,cpuregs[15][15],$auto$ff.cc:337:slice$6249,_20667_,_20667_/D,_15983_,_15983_/D
picorv32,cpuregs[15][16],$auto$ff.cc:337:slice$6250,_20668_,_20668_/D,_15984_,_15984_/D
picorv32,cpuregs[15][17],$auto$ff.cc:337:slice$6251,_20669_,_20669_/D,_15985_,_15985_/D
picorv32,cpuregs[15][18],$auto$ff.cc:337:slice$6252,_20670_,_20670_/D,_15986_,_15986_/D
picorv32,cpuregs[15][19],$auto$ff.cc:337:slice$6253,_20671_,_20671_/D,_15987_,_15987_/D
picorv32,cpuregs[15][20],$auto$ff.cc:337:slice$6254,_20672_,_20672_/D,_15988_,_15988_/D
picorv32,cpuregs[15][21],$auto$ff.cc:337:slice$6255,_20673_,_20673_/D,_15989_,_15989_/D
picorv32,cpuregs[15][22],$auto$ff.cc:337:slice$6256,_20674_,_20674_/D,_15990_,_15990_/D
picorv32,cpuregs[15][23],$auto$ff.cc:337:slice$6257,_20675_,_20675_/D,_15991_,_15991_/D
picorv32,cpuregs[15][24],$auto$ff.cc:337:slice$6258,_20676_,_20676_/D,_15992_,_15992_/D
picorv32,cpuregs[15][25],$auto$ff.cc:337:slice$6259,_20677_,_20677_/D,_15993_,_15993_/D
picorv32,cpuregs[15][26],$auto$ff.cc:337:slice$6260,_20678_,_20678_/D,_15994_,_15994_/D
picorv32,cpuregs[15][27],$auto$ff.cc:337:slice$6261,_20679_,_20679_/D,_15995_,_15995_/D
picorv32,cpuregs[15][28],$auto$ff.cc:337:slice$6262,_20680_,_20680_/D,_15996_,_15996_/D
picorv32,cpuregs[15][29],$auto$ff.cc:337:slice$6263,_20681_,_20681_/D,_15997_,_15997_/D
picorv32,cpuregs[15][30],$auto$ff.cc:337:slice$6264,_20682_,_20682_/D,_15998_,_15998_/D
picorv32,cpuregs[15][31],$auto$ff.cc:337:slice$6265,_21423_,_21423_/D,_16739_,_16739_/D
picorv32,cpuregs[14][0],$auto$ff.cc:337:slice$6266,_20683_,_20683_/D,_15999_,_15999_/D
picorv32,cpuregs[14][1],$auto$ff.cc:337:slice$6267,_20684_,_20684_/D,_16000_,_16000_/D
picorv32,cpuregs[14][2],$auto$ff.cc:337:slice$6268,_20685_,_20685_/D,_16001_,_16001_/D
picorv32,cpuregs[14][3],$auto$ff.cc:337:slice$6269,_20686_,_20686_/D,_16002_,_16002_/D
picorv32,cpuregs[14][4],$auto$ff.cc:337:slice$6270,_20687_,_20687_/D,_16003_,_16003_/D
picorv32,cpuregs[14][5],$auto$ff.cc:337:slice$6271,_20688_,_20688_/D,_16004_,_16004_/D
picorv32,cpuregs[14][6],$auto$ff.cc:337:slice$6272,_20689_,_20689_/D,_16005_,_16005_/D
picorv32,cpuregs[14][7],$auto$ff.cc:337:slice$6273,_20690_,_20690_/D,_16006_,_16006_/D
picorv32,cpuregs[14][8],$auto$ff.cc:337:slice$6274,_20691_,_20691_/D,_16007_,_16007_/D
picorv32,cpuregs[14][9],$auto$ff.cc:337:slice$6275,_20692_,_20692_/D,_16008_,_16008_/D
picorv32,cpuregs[14][10],$auto$ff.cc:337:slice$6276,_20693_,_20693_/D,_16009_,_16009_/D
picorv32,cpuregs[14][11],$auto$ff.cc:337:slice$6277,_20694_,_20694_/D,_16010_,_16010_/D
picorv32,cpuregs[14][12],$auto$ff.cc:337:slice$6278,_20695_,_20695_/D,_16011_,_16011_/D
picorv32,cpuregs[14][13],$auto$ff.cc:337:slice$6279,_20696_,_20696_/D,_16012_,_16012_/D
picorv32,cpuregs[14][14],$auto$ff.cc:337:slice$6280,_20697_,_20697_/D,_16013_,_16013_/D
picorv32,cpuregs[14][15],$auto$ff.cc:337:slice$6281,_20698_,_20698_/D,_16014_,_16014_/D
picorv32,cpuregs[14][16],$auto$ff.cc:337:slice$6282,_20699_,_20699_/D,_16015_,_16015_/D
picorv32,cpuregs[14][17],$auto$ff.cc:337:slice$6283,_20700_,_20700_/D,_16016_,_16016_/D
picorv32,cpuregs[14][18],$auto$ff.cc:337:slice$6284,_20701_,_20701_/D,_16017_,_16017_/D
picorv32,cpuregs[14][19],$auto$ff.cc:337:slice$6285,_20702_,_20702_/D,_16018_,_16018_/D
picorv32,cpuregs[14][20],$auto$ff.cc:337:slice$6286,_20703_,_20703_/D,_16019_,_16019_/D
picorv32,cpuregs[14][21],$auto$ff.cc:337:slice$6287,_20704_,_20704_/D,_16020_,_16020_/D
picorv32,cpuregs[14][22],$auto$ff.cc:337:slice$6288,_20705_,_20705_/D,_16021_,_16021_/D
picorv32,cpuregs[14][23],$auto$ff.cc:337:slice$6289,_20706_,_20706_/D,_16022_,_16022_/D
picorv32,cpuregs[14][24],$auto$ff.cc:337:slice$6290,_20707_,_20707_/D,_16023_,_16023_/D
picorv32,cpuregs[14][25],$auto$ff.cc:337:slice$6291,_20708_,_20708_/D,_16024_,_16024_/D
picorv32,cpuregs[14][26],$auto$ff.cc:337:slice$6292,_20709_,_20709_/D,_16025_,_16025_/D
picorv32,cpuregs[14][27],$auto$ff.cc:337:slice$6293,_20710_,_20710_/D,_16026_,_16026_/D
picorv32,cpuregs[14][28],$auto$ff.cc:337:slice$6294,_20711_,_20711_/D,_16027_,_16027_/D
picorv32,cpuregs[14][29],$auto$ff.cc:337:slice$6295,_20712_,_20712_/D,_16028_,_16028_/D
picorv32,cpuregs[14][30],$auto$ff.cc:337:slice$6296,_20713_,_20713_/D,_16029_,_16029_/D
picorv32,cpuregs[14][31],$auto$ff.cc:337:slice$6297,_21421_,_21421_/D,_16737_,_16737_/D
picorv32,cpuregs[13][0],$auto$ff.cc:337:slice$6298,_20714_,_20714_/D,_16030_,_16030_/D
picorv32,cpuregs[13][1],$auto$ff.cc:337:slice$6299,_20715_,_20715_/D,_16031_,_16031_/D
picorv32,cpuregs[13][2],$auto$ff.cc:337:slice$6300,_20716_,_20716_/D,_16032_,_16032_/D
picorv32,cpuregs[13][3],$auto$ff.cc:337:slice$6301,_20717_,_20717_/D,_16033_,_16033_/D
picorv32,cpuregs[13][4],$auto$ff.cc:337:slice$6302,_20718_,_20718_/D,_16034_,_16034_/D
picorv32,cpuregs[13][5],$auto$ff.cc:337:slice$6303,_20719_,_20719_/D,_16035_,_16035_/D
picorv32,cpuregs[13][6],$auto$ff.cc:337:slice$6304,_20720_,_20720_/D,_16036_,_16036_/D
picorv32,cpuregs[13][7],$auto$ff.cc:337:slice$6305,_20723_,_20723_/D,_16039_,_16039_/D
picorv32,cpuregs[13][8],$auto$ff.cc:337:slice$6306,_20724_,_20724_/D,_16040_,_16040_/D
picorv32,cpuregs[13][9],$auto$ff.cc:337:slice$6307,_20725_,_20725_/D,_16041_,_16041_/D
picorv32,cpuregs[13][10],$auto$ff.cc:337:slice$6308,_20726_,_20726_/D,_16042_,_16042_/D
picorv32,cpuregs[13][11],$auto$ff.cc:337:slice$6309,_20727_,_20727_/D,_16043_,_16043_/D
picorv32,cpuregs[13][12],$auto$ff.cc:337:slice$6310,_20728_,_20728_/D,_16044_,_16044_/D
picorv32,cpuregs[13][13],$auto$ff.cc:337:slice$6311,_20729_,_20729_/D,_16045_,_16045_/D
picorv32,cpuregs[13][14],$auto$ff.cc:337:slice$6312,_20730_,_20730_/D,_16046_,_16046_/D
picorv32,cpuregs[13][15],$auto$ff.cc:337:slice$6313,_20731_,_20731_/D,_16047_,_16047_/D
picorv32,cpuregs[13][16],$auto$ff.cc:337:slice$6314,_20732_,_20732_/D,_16048_,_16048_/D
picorv32,cpuregs[13][17],$auto$ff.cc:337:slice$6315,_20733_,_20733_/D,_16049_,_16049_/D
picorv32,cpuregs[13][18],$auto$ff.cc:337:slice$6316,_20734_,_20734_/D,_16050_,_16050_/D
picorv32,cpuregs[13][19],$auto$ff.cc:337:slice$6317,_20735_,_20735_/D,_16051_,_16051_/D
picorv32,cpuregs[13][20],$auto$ff.cc:337:slice$6318,_20736_,_20736_/D,_16052_,_16052_/D
picorv32,cpuregs[13][21],$auto$ff.cc:337:slice$6319,_20737_,_20737_/D,_16053_,_16053_/D
picorv32,cpuregs[13][22],$auto$ff.cc:337:slice$6320,_20738_,_20738_/D,_16054_,_16054_/D
picorv32,cpuregs[13][23],$auto$ff.cc:337:slice$6321,_20739_,_20739_/D,_16055_,_16055_/D
picorv32,cpuregs[13][24],$auto$ff.cc:337:slice$6322,_20740_,_20740_/D,_16056_,_16056_/D
picorv32,cpuregs[13][25],$auto$ff.cc:337:slice$6323,_20741_,_20741_/D,_16057_,_16057_/D
picorv32,cpuregs[13][26],$auto$ff.cc:337:slice$6324,_20742_,_20742_/D,_16058_,_16058_/D
picorv32,cpuregs[13][27],$auto$ff.cc:337:slice$6325,_20743_,_20743_/D,_16059_,_16059_/D
picorv32,cpuregs[13][28],$auto$ff.cc:337:slice$6326,_20744_,_20744_/D,_16060_,_16060_/D
picorv32,cpuregs[13][29],$auto$ff.cc:337:slice$6327,_20745_,_20745_/D,_16061_,_16061_/D
picorv32,cpuregs[13][30],$auto$ff.cc:337:slice$6328,_20746_,_20746_/D,_16062_,_16062_/D
picorv32,cpuregs[13][31],$auto$ff.cc:337:slice$6329,_21419_,_21419_/D,_16735_,_16735_/D
picorv32,cpuregs[12][0],$auto$ff.cc:337:slice$6330,_20747_,_20747_/D,_16063_,_16063_/D
picorv32,cpuregs[12][1],$auto$ff.cc:337:slice$6331,_20748_,_20748_/D,_16064_,_16064_/D
picorv32,cpuregs[12][2],$auto$ff.cc:337:slice$6332,_20749_,_20749_/D,_16065_,_16065_/D
picorv32,cpuregs[12][3],$auto$ff.cc:337:slice$6333,_20750_,_20750_/D,_16066_,_16066_/D
picorv32,cpuregs[12][4],$auto$ff.cc:337:slice$6334,_20751_,_20751_/D,_16067_,_16067_/D
picorv32,cpuregs[12][5],$auto$ff.cc:337:slice$6335,_20752_,_20752_/D,_16068_,_16068_/D
picorv32,cpuregs[12][6],$auto$ff.cc:337:slice$6336,_20753_,_20753_/D,_16069_,_16069_/D
picorv32,cpuregs[12][7],$auto$ff.cc:337:slice$6337,_20754_,_20754_/D,_16070_,_16070_/D
picorv32,cpuregs[12][8],$auto$ff.cc:337:slice$6338,_20755_,_20755_/D,_16071_,_16071_/D
picorv32,cpuregs[12][9],$auto$ff.cc:337:slice$6339,_20756_,_20756_/D,_16072_,_16072_/D
picorv32,cpuregs[12][10],$auto$ff.cc:337:slice$6340,_20757_,_20757_/D,_16073_,_16073_/D
picorv32,cpuregs[12][11],$auto$ff.cc:337:slice$6341,_20758_,_20758_/D,_16074_,_16074_/D
picorv32,cpuregs[12][12],$auto$ff.cc:337:slice$6342,_20759_,_20759_/D,_16075_,_16075_/D
picorv32,cpuregs[12][13],$auto$ff.cc:337:slice$6343,_20760_,_20760_/D,_16076_,_16076_/D
picorv32,cpuregs[12][14],$auto$ff.cc:337:slice$6344,_20761_,_20761_/D,_16077_,_16077_/D
picorv32,cpuregs[12][15],$auto$ff.cc:337:slice$6345,_20762_,_20762_/D,_16078_,_16078_/D
picorv32,cpuregs[12][16],$auto$ff.cc:337:slice$6346,_20763_,_20763_/D,_16079_,_16079_/D
picorv32,cpuregs[12][17],$auto$ff.cc:337:slice$6347,_20764_,_20764_/D,_16080_,_16080_/D
picorv32,cpuregs[12][18],$auto$ff.cc:337:slice$6348,_20765_,_20765_/D,_16081_,_16081_/D
picorv32,cpuregs[12][19],$auto$ff.cc:337:slice$6349,_20766_,_20766_/D,_16082_,_16082_/D
picorv32,cpuregs[12][20],$auto$ff.cc:337:slice$6350,_20767_,_20767_/D,_16083_,_16083_/D
picorv32,cpuregs[12][21],$auto$ff.cc:337:slice$6351,_20768_,_20768_/D,_16084_,_16084_/D
picorv32,cpuregs[12][22],$auto$ff.cc:337:slice$6352,_20769_,_20769_/D,_16085_,_16085_/D
picorv32,cpuregs[12][23],$auto$ff.cc:337:slice$6353,_20770_,_20770_/D,_16086_,_16086_/D
picorv32,cpuregs[12][24],$auto$ff.cc:337:slice$6354,_20771_,_20771_/D,_16087_,_16087_/D
picorv32,cpuregs[12][25],$auto$ff.cc:337:slice$6355,_20772_,_20772_/D,_16088_,_16088_/D
picorv32,cpuregs[12][26],$auto$ff.cc:337:slice$6356,_20773_,_20773_/D,_16089_,_16089_/D
picorv32,cpuregs[12][27],$auto$ff.cc:337:slice$6357,_20774_,_20774_/D,_16090_,_16090_/D
picorv32,cpuregs[12][28],$auto$ff.cc:337:slice$6358,_20775_,_20775_/D,_16091_,_16091_/D
picorv32,cpuregs[12][29],$auto$ff.cc:337:slice$6359,_20776_,_20776_/D,_16092_,_16092_/D
picorv32,cpuregs[12][30],$auto$ff.cc:337:slice$6360,_20777_,_20777_/D,_16093_,_16093_/D
picorv32,cpuregs[12][31],$auto$ff.cc:337:slice$6361,_21417_,_21417_/D,_16733_,_16733_/D
picorv32,cpuregs[11][0],$auto$ff.cc:337:slice$6362,_20778_,_20778_/D,_16094_,_16094_/D
picorv32,cpuregs[11][1],$auto$ff.cc:337:slice$6363,_20779_,_20779_/D,_16095_,_16095_/D
picorv32,cpuregs[11][2],$auto$ff.cc:337:slice$6364,_20780_,_20780_/D,_16096_,_16096_/D
picorv32,cpuregs[11][3],$auto$ff.cc:337:slice$6365,_20781_,_20781_/D,_16097_,_16097_/D
picorv32,cpuregs[11][4],$auto$ff.cc:337:slice$6366,_20782_,_20782_/D,_16098_,_16098_/D
picorv32,cpuregs[11][5],$auto$ff.cc:337:slice$6367,_20783_,_20783_/D,_16099_,_16099_/D
picorv32,cpuregs[11][6],$auto$ff.cc:337:slice$6368,_20784_,_20784_/D,_16100_,_16100_/D
picorv32,cpuregs[11][7],$auto$ff.cc:337:slice$6369,_20785_,_20785_/D,_16101_,_16101_/D
picorv32,cpuregs[11][8],$auto$ff.cc:337:slice$6370,_20786_,_20786_/D,_16102_,_16102_/D
picorv32,cpuregs[11][9],$auto$ff.cc:337:slice$6371,_20787_,_20787_/D,_16103_,_16103_/D
picorv32,cpuregs[11][10],$auto$ff.cc:337:slice$6372,_20788_,_20788_/D,_16104_,_16104_/D
picorv32,cpuregs[11][11],$auto$ff.cc:337:slice$6373,_20789_,_20789_/D,_16105_,_16105_/D
picorv32,cpuregs[11][12],$auto$ff.cc:337:slice$6374,_20790_,_20790_/D,_16106_,_16106_/D
picorv32,cpuregs[11][13],$auto$ff.cc:337:slice$6375,_20791_,_20791_/D,_16107_,_16107_/D
picorv32,cpuregs[11][14],$auto$ff.cc:337:slice$6376,_20792_,_20792_/D,_16108_,_16108_/D
picorv32,cpuregs[11][15],$auto$ff.cc:337:slice$6377,_20793_,_20793_/D,_16109_,_16109_/D
picorv32,cpuregs[11][16],$auto$ff.cc:337:slice$6378,_20794_,_20794_/D,_16110_,_16110_/D
picorv32,cpuregs[11][17],$auto$ff.cc:337:slice$6379,_20795_,_20795_/D,_16111_,_16111_/D
picorv32,cpuregs[11][18],$auto$ff.cc:337:slice$6380,_20796_,_20796_/D,_16112_,_16112_/D
picorv32,cpuregs[11][19],$auto$ff.cc:337:slice$6381,_20797_,_20797_/D,_16113_,_16113_/D
picorv32,cpuregs[11][20],$auto$ff.cc:337:slice$6382,_20798_,_20798_/D,_16114_,_16114_/D
picorv32,cpuregs[11][21],$auto$ff.cc:337:slice$6383,_20799_,_20799_/D,_16115_,_16115_/D
picorv32,cpuregs[11][22],$auto$ff.cc:337:slice$6384,_20800_,_20800_/D,_16116_,_16116_/D
picorv32,cpuregs[11][23],$auto$ff.cc:337:slice$6385,_20801_,_20801_/D,_16117_,_16117_/D
picorv32,cpuregs[11][24],$auto$ff.cc:337:slice$6386,_20802_,_20802_/D,_16118_,_16118_/D
picorv32,cpuregs[11][25],$auto$ff.cc:337:slice$6387,_20803_,_20803_/D,_16119_,_16119_/D
picorv32,cpuregs[11][26],$auto$ff.cc:337:slice$6388,_20804_,_20804_/D,_16120_,_16120_/D
picorv32,cpuregs[11][27],$auto$ff.cc:337:slice$6389,_20805_,_20805_/D,_16121_,_16121_/D
picorv32,cpuregs[11][28],$auto$ff.cc:337:slice$6390,_20806_,_20806_/D,_16122_,_16122_/D
picorv32,cpuregs[11][29],$auto$ff.cc:337:slice$6391,_20807_,_20807_/D,_16123_,_16123_/D
picorv32,cpuregs[11][30],$auto$ff.cc:337:slice$6392,_20808_,_20808_/D,_16124_,_16124_/D
picorv32,cpuregs[11][31],$auto$ff.cc:337:slice$6393,_21415_,_21415_/D,_16731_,_16731_/D
picorv32,cpuregs[10][0],$auto$ff.cc:337:slice$6394,_20809_,_20809_/D,_16125_,_16125_/D
picorv32,cpuregs[10][1],$auto$ff.cc:337:slice$6395,_20810_,_20810_/D,_16126_,_16126_/D
picorv32,cpuregs[10][2],$auto$ff.cc:337:slice$6396,_20811_,_20811_/D,_16127_,_16127_/D
picorv32,cpuregs[10][3],$auto$ff.cc:337:slice$6397,_20812_,_20812_/D,_16128_,_16128_/D
picorv32,cpuregs[10][4],$auto$ff.cc:337:slice$6398,_20813_,_20813_/D,_16129_,_16129_/D
picorv32,cpuregs[10][5],$auto$ff.cc:337:slice$6399,_20814_,_20814_/D,_16130_,_16130_/D
picorv32,cpuregs[10][6],$auto$ff.cc:337:slice$6400,_20815_,_20815_/D,_16131_,_16131_/D
picorv32,cpuregs[10][7],$auto$ff.cc:337:slice$6401,_20816_,_20816_/D,_16132_,_16132_/D
picorv32,cpuregs[10][8],$auto$ff.cc:337:slice$6402,_20817_,_20817_/D,_16133_,_16133_/D
picorv32,cpuregs[10][9],$auto$ff.cc:337:slice$6403,_20818_,_20818_/D,_16134_,_16134_/D
picorv32,cpuregs[10][10],$auto$ff.cc:337:slice$6404,_20819_,_20819_/D,_16135_,_16135_/D
picorv32,cpuregs[10][11],$auto$ff.cc:337:slice$6405,_20820_,_20820_/D,_16136_,_16136_/D
picorv32,cpuregs[10][12],$auto$ff.cc:337:slice$6406,_20821_,_20821_/D,_16137_,_16137_/D
picorv32,cpuregs[10][13],$auto$ff.cc:337:slice$6407,_20822_,_20822_/D,_16138_,_16138_/D
picorv32,cpuregs[10][14],$auto$ff.cc:337:slice$6408,_20823_,_20823_/D,_16139_,_16139_/D
picorv32,cpuregs[10][15],$auto$ff.cc:337:slice$6409,_20824_,_20824_/D,_16140_,_16140_/D
picorv32,cpuregs[10][16],$auto$ff.cc:337:slice$6410,_20825_,_20825_/D,_16141_,_16141_/D
picorv32,cpuregs[10][17],$auto$ff.cc:337:slice$6411,_20826_,_20826_/D,_16142_,_16142_/D
picorv32,cpuregs[10][18],$auto$ff.cc:337:slice$6412,_20827_,_20827_/D,_16143_,_16143_/D
picorv32,cpuregs[10][19],$auto$ff.cc:337:slice$6413,_20828_,_20828_/D,_16144_,_16144_/D
picorv32,cpuregs[10][20],$auto$ff.cc:337:slice$6414,_20829_,_20829_/D,_16145_,_16145_/D
picorv32,cpuregs[10][21],$auto$ff.cc:337:slice$6415,_20830_,_20830_/D,_16146_,_16146_/D
picorv32,cpuregs[10][22],$auto$ff.cc:337:slice$6416,_20831_,_20831_/D,_16147_,_16147_/D
picorv32,cpuregs[10][23],$auto$ff.cc:337:slice$6417,_20832_,_20832_/D,_16148_,_16148_/D
picorv32,cpuregs[10][24],$auto$ff.cc:337:slice$6418,_20833_,_20833_/D,_16149_,_16149_/D
picorv32,cpuregs[10][25],$auto$ff.cc:337:slice$6419,_20834_,_20834_/D,_16150_,_16150_/D
picorv32,cpuregs[10][26],$auto$ff.cc:337:slice$6420,_20835_,_20835_/D,_16151_,_16151_/D
picorv32,cpuregs[10][27],$auto$ff.cc:337:slice$6421,_20836_,_20836_/D,_16152_,_16152_/D
picorv32,cpuregs[10][28],$auto$ff.cc:337:slice$6422,_20837_,_20837_/D,_16153_,_16153_/D
picorv32,cpuregs[10][29],$auto$ff.cc:337:slice$6423,_20838_,_20838_/D,_16154_,_16154_/D
picorv32,cpuregs[10][30],$auto$ff.cc:337:slice$6424,_20839_,_20839_/D,_16155_,_16155_/D
picorv32,cpuregs[10][31],$auto$ff.cc:337:slice$6425,_21413_,_21413_/D,_16729_,_16729_/D
picorv32,cpuregs[9][0],$auto$ff.cc:337:slice$6426,_20840_,_20840_/D,_16156_,_16156_/D
picorv32,cpuregs[9][1],$auto$ff.cc:337:slice$6427,_20841_,_20841_/D,_16157_,_16157_/D
picorv32,cpuregs[9][2],$auto$ff.cc:337:slice$6428,_20842_,_20842_/D,_16158_,_16158_/D
picorv32,cpuregs[9][3],$auto$ff.cc:337:slice$6429,_20843_,_20843_/D,_16159_,_16159_/D
picorv32,cpuregs[9][4],$auto$ff.cc:337:slice$6430,_20844_,_20844_/D,_16160_,_16160_/D
picorv32,cpuregs[9][5],$auto$ff.cc:337:slice$6431,_20845_,_20845_/D,_16161_,_16161_/D
picorv32,cpuregs[9][6],$auto$ff.cc:337:slice$6432,_20846_,_20846_/D,_16162_,_16162_/D
picorv32,cpuregs[9][7],$auto$ff.cc:337:slice$6433,_20847_,_20847_/D,_16163_,_16163_/D
picorv32,cpuregs[9][8],$auto$ff.cc:337:slice$6434,_20848_,_20848_/D,_16164_,_16164_/D
picorv32,cpuregs[9][9],$auto$ff.cc:337:slice$6435,_20849_,_20849_/D,_16165_,_16165_/D
picorv32,cpuregs[9][10],$auto$ff.cc:337:slice$6436,_20850_,_20850_/D,_16166_,_16166_/D
picorv32,cpuregs[9][11],$auto$ff.cc:337:slice$6437,_20855_,_20855_/D,_16171_,_16171_/D
picorv32,cpuregs[9][12],$auto$ff.cc:337:slice$6438,_20856_,_20856_/D,_16172_,_16172_/D
picorv32,cpuregs[9][13],$auto$ff.cc:337:slice$6439,_20857_,_20857_/D,_16173_,_16173_/D
picorv32,cpuregs[9][14],$auto$ff.cc:337:slice$6440,_20858_,_20858_/D,_16174_,_16174_/D
picorv32,cpuregs[9][15],$auto$ff.cc:337:slice$6441,_20859_,_20859_/D,_16175_,_16175_/D
picorv32,cpuregs[9][16],$auto$ff.cc:337:slice$6442,_20860_,_20860_/D,_16176_,_16176_/D
picorv32,cpuregs[9][17],$auto$ff.cc:337:slice$6443,_20861_,_20861_/D,_16177_,_16177_/D
picorv32,cpuregs[9][18],$auto$ff.cc:337:slice$6444,_20862_,_20862_/D,_16178_,_16178_/D
picorv32,cpuregs[9][19],$auto$ff.cc:337:slice$6445,_20863_,_20863_/D,_16179_,_16179_/D
picorv32,cpuregs[9][20],$auto$ff.cc:337:slice$6446,_20864_,_20864_/D,_16180_,_16180_/D
picorv32,cpuregs[9][21],$auto$ff.cc:337:slice$6447,_20865_,_20865_/D,_16181_,_16181_/D
picorv32,cpuregs[9][22],$auto$ff.cc:337:slice$6448,_20866_,_20866_/D,_16182_,_16182_/D
picorv32,cpuregs[9][23],$auto$ff.cc:337:slice$6449,_20867_,_20867_/D,_16183_,_16183_/D
picorv32,cpuregs[9][24],$auto$ff.cc:337:slice$6450,_20868_,_20868_/D,_16184_,_16184_/D
picorv32,cpuregs[9][25],$auto$ff.cc:337:slice$6451,_20869_,_20869_/D,_16185_,_16185_/D
picorv32,cpuregs[9][26],$auto$ff.cc:337:slice$6452,_20870_,_20870_/D,_16186_,_16186_/D
picorv32,cpuregs[9][27],$auto$ff.cc:337:slice$6453,_20871_,_20871_/D,_16187_,_16187_/D
picorv32,cpuregs[9][28],$auto$ff.cc:337:slice$6454,_20872_,_20872_/D,_16188_,_16188_/D
picorv32,cpuregs[9][29],$auto$ff.cc:337:slice$6455,_20873_,_20873_/D,_16189_,_16189_/D
picorv32,cpuregs[9][30],$auto$ff.cc:337:slice$6456,_20874_,_20874_/D,_16190_,_16190_/D
picorv32,cpuregs[9][31],$auto$ff.cc:337:slice$6457,_21411_,_21411_/D,_16727_,_16727_/D
picorv32,cpuregs[8][0],$auto$ff.cc:337:slice$6458,_20875_,_20875_/D,_16191_,_16191_/D
picorv32,cpuregs[8][1],$auto$ff.cc:337:slice$6459,_20876_,_20876_/D,_16192_,_16192_/D
picorv32,cpuregs[8][2],$auto$ff.cc:337:slice$6460,_20877_,_20877_/D,_16193_,_16193_/D
picorv32,cpuregs[8][3],$auto$ff.cc:337:slice$6461,_20878_,_20878_/D,_16194_,_16194_/D
picorv32,cpuregs[8][4],$auto$ff.cc:337:slice$6462,_20879_,_20879_/D,_16195_,_16195_/D
picorv32,cpuregs[8][5],$auto$ff.cc:337:slice$6463,_20880_,_20880_/D,_16196_,_16196_/D
picorv32,cpuregs[8][6],$auto$ff.cc:337:slice$6464,_20881_,_20881_/D,_16197_,_16197_/D
picorv32,cpuregs[8][7],$auto$ff.cc:337:slice$6465,_20882_,_20882_/D,_16198_,_16198_/D
picorv32,cpuregs[8][8],$auto$ff.cc:337:slice$6466,_20883_,_20883_/D,_16199_,_16199_/D
picorv32,cpuregs[8][9],$auto$ff.cc:337:slice$6467,_20884_,_20884_/D,_16200_,_16200_/D
picorv32,cpuregs[8][10],$auto$ff.cc:337:slice$6468,_20885_,_20885_/D,_16201_,_16201_/D
picorv32,cpuregs[8][11],$auto$ff.cc:337:slice$6469,_20886_,_20886_/D,_16202_,_16202_/D
picorv32,cpuregs[8][12],$auto$ff.cc:337:slice$6470,_20887_,_20887_/D,_16203_,_16203_/D
picorv32,cpuregs[8][13],$auto$ff.cc:337:slice$6471,_20888_,_20888_/D,_16204_,_16204_/D
picorv32,cpuregs[8][14],$auto$ff.cc:337:slice$6472,_20889_,_20889_/D,_16205_,_16205_/D
picorv32,cpuregs[8][15],$auto$ff.cc:337:slice$6473,_20890_,_20890_/D,_16206_,_16206_/D
picorv32,cpuregs[8][16],$auto$ff.cc:337:slice$6474,_20891_,_20891_/D,_16207_,_16207_/D
picorv32,cpuregs[8][17],$auto$ff.cc:337:slice$6475,_20892_,_20892_/D,_16208_,_16208_/D
picorv32,cpuregs[8][18],$auto$ff.cc:337:slice$6476,_20893_,_20893_/D,_16209_,_16209_/D
picorv32,cpuregs[8][19],$auto$ff.cc:337:slice$6477,_20894_,_20894_/D,_16210_,_16210_/D
picorv32,cpuregs[8][20],$auto$ff.cc:337:slice$6478,_20895_,_20895_/D,_16211_,_16211_/D
picorv32,cpuregs[8][21],$auto$ff.cc:337:slice$6479,_20896_,_20896_/D,_16212_,_16212_/D
picorv32,cpuregs[8][22],$auto$ff.cc:337:slice$6480,_20897_,_20897_/D,_16213_,_16213_/D
picorv32,cpuregs[8][23],$auto$ff.cc:337:slice$6481,_20898_,_20898_/D,_16214_,_16214_/D
picorv32,cpuregs[8][24],$auto$ff.cc:337:slice$6482,_20899_,_20899_/D,_16215_,_16215_/D
picorv32,cpuregs[8][25],$auto$ff.cc:337:slice$6483,_20900_,_20900_/D,_16216_,_16216_/D
picorv32,cpuregs[8][26],$auto$ff.cc:337:slice$6484,_20901_,_20901_/D,_16217_,_16217_/D
picorv32,cpuregs[8][27],$auto$ff.cc:337:slice$6485,_20902_,_20902_/D,_16218_,_16218_/D
picorv32,cpuregs[8][28],$auto$ff.cc:337:slice$6486,_20903_,_20903_/D,_16219_,_16219_/D
picorv32,cpuregs[8][29],$auto$ff.cc:337:slice$6487,_20904_,_20904_/D,_16220_,_16220_/D
picorv32,cpuregs[8][30],$auto$ff.cc:337:slice$6488,_20905_,_20905_/D,_16221_,_16221_/D
picorv32,cpuregs[8][31],$auto$ff.cc:337:slice$6489,_21409_,_21409_/D,_16725_,_16725_/D
picorv32,cpuregs[7][0],$auto$ff.cc:337:slice$6490,_20906_,_20906_/D,_16222_,_16222_/D
picorv32,cpuregs[7][1],$auto$ff.cc:337:slice$6491,_20907_,_20907_/D,_16223_,_16223_/D
picorv32,cpuregs[7][2],$auto$ff.cc:337:slice$6492,_20908_,_20908_/D,_16224_,_16224_/D
picorv32,cpuregs[7][3],$auto$ff.cc:337:slice$6493,_20909_,_20909_/D,_16225_,_16225_/D
picorv32,cpuregs[7][4],$auto$ff.cc:337:slice$6494,_20910_,_20910_/D,_16226_,_16226_/D
picorv32,cpuregs[7][5],$auto$ff.cc:337:slice$6495,_20911_,_20911_/D,_16227_,_16227_/D
picorv32,cpuregs[7][6],$auto$ff.cc:337:slice$6496,_20912_,_20912_/D,_16228_,_16228_/D
picorv32,cpuregs[7][7],$auto$ff.cc:337:slice$6497,_20913_,_20913_/D,_16229_,_16229_/D
picorv32,cpuregs[7][8],$auto$ff.cc:337:slice$6498,_20914_,_20914_/D,_16230_,_16230_/D
picorv32,cpuregs[7][9],$auto$ff.cc:337:slice$6499,_20915_,_20915_/D,_16231_,_16231_/D
picorv32,cpuregs[7][10],$auto$ff.cc:337:slice$6500,_20916_,_20916_/D,_16232_,_16232_/D
picorv32,cpuregs[7][11],$auto$ff.cc:337:slice$6501,_20917_,_20917_/D,_16233_,_16233_/D
picorv32,cpuregs[7][12],$auto$ff.cc:337:slice$6502,_20918_,_20918_/D,_16234_,_16234_/D
picorv32,cpuregs[7][13],$auto$ff.cc:337:slice$6503,_20919_,_20919_/D,_16235_,_16235_/D
picorv32,cpuregs[7][14],$auto$ff.cc:337:slice$6504,_20920_,_20920_/D,_16236_,_16236_/D
picorv32,cpuregs[7][15],$auto$ff.cc:337:slice$6505,_20921_,_20921_/D,_16237_,_16237_/D
picorv32,cpuregs[7][16],$auto$ff.cc:337:slice$6506,_20922_,_20922_/D,_16238_,_16238_/D
picorv32,cpuregs[7][17],$auto$ff.cc:337:slice$6507,_20923_,_20923_/D,_16239_,_16239_/D
picorv32,cpuregs[7][18],$auto$ff.cc:337:slice$6508,_20924_,_20924_/D,_16240_,_16240_/D
picorv32,cpuregs[7][19],$auto$ff.cc:337:slice$6509,_20925_,_20925_/D,_16241_,_16241_/D
picorv32,cpuregs[7][20],$auto$ff.cc:337:slice$6510,_20926_,_20926_/D,_16242_,_16242_/D
picorv32,cpuregs[7][21],$auto$ff.cc:337:slice$6511,_20927_,_20927_/D,_16243_,_16243_/D
picorv32,cpuregs[7][22],$auto$ff.cc:337:slice$6512,_20928_,_20928_/D,_16244_,_16244_/D
picorv32,cpuregs[7][23],$auto$ff.cc:337:slice$6513,_20929_,_20929_/D,_16245_,_16245_/D
picorv32,cpuregs[7][24],$auto$ff.cc:337:slice$6514,_20930_,_20930_/D,_16246_,_16246_/D
picorv32,cpuregs[7][25],$auto$ff.cc:337:slice$6515,_20931_,_20931_/D,_16247_,_16247_/D
picorv32,cpuregs[7][26],$auto$ff.cc:337:slice$6516,_20932_,_20932_/D,_16248_,_16248_/D
picorv32,cpuregs[7][27],$auto$ff.cc:337:slice$6517,_20933_,_20933_/D,_16249_,_16249_/D
picorv32,cpuregs[7][28],$auto$ff.cc:337:slice$6518,_20934_,_20934_/D,_16250_,_16250_/D
picorv32,cpuregs[7][29],$auto$ff.cc:337:slice$6519,_20935_,_20935_/D,_16251_,_16251_/D
picorv32,cpuregs[7][30],$auto$ff.cc:337:slice$6520,_20936_,_20936_/D,_16252_,_16252_/D
picorv32,cpuregs[7][31],$auto$ff.cc:337:slice$6521,_21407_,_21407_/D,_16723_,_16723_/D
picorv32,cpuregs[6][0],$auto$ff.cc:337:slice$6522,_20937_,_20937_/D,_16253_,_16253_/D
picorv32,cpuregs[6][1],$auto$ff.cc:337:slice$6523,_20938_,_20938_/D,_16254_,_16254_/D
picorv32,cpuregs[6][2],$auto$ff.cc:337:slice$6524,_20939_,_20939_/D,_16255_,_16255_/D
picorv32,cpuregs[6][3],$auto$ff.cc:337:slice$6525,_20940_,_20940_/D,_16256_,_16256_/D
picorv32,cpuregs[6][4],$auto$ff.cc:337:slice$6526,_20941_,_20941_/D,_16257_,_16257_/D
picorv32,cpuregs[6][5],$auto$ff.cc:337:slice$6527,_20942_,_20942_/D,_16258_,_16258_/D
picorv32,cpuregs[6][6],$auto$ff.cc:337:slice$6528,_20943_,_20943_/D,_16259_,_16259_/D
picorv32,cpuregs[6][7],$auto$ff.cc:337:slice$6529,_20944_,_20944_/D,_16260_,_16260_/D
picorv32,cpuregs[6][8],$auto$ff.cc:337:slice$6530,_20945_,_20945_/D,_16261_,_16261_/D
picorv32,cpuregs[6][9],$auto$ff.cc:337:slice$6531,_20946_,_20946_/D,_16262_,_16262_/D
picorv32,cpuregs[6][10],$auto$ff.cc:337:slice$6532,_20947_,_20947_/D,_16263_,_16263_/D
picorv32,cpuregs[6][11],$auto$ff.cc:337:slice$6533,_20948_,_20948_/D,_16264_,_16264_/D
picorv32,cpuregs[6][12],$auto$ff.cc:337:slice$6534,_20949_,_20949_/D,_16265_,_16265_/D
picorv32,cpuregs[6][13],$auto$ff.cc:337:slice$6535,_20950_,_20950_/D,_16266_,_16266_/D
picorv32,cpuregs[6][14],$auto$ff.cc:337:slice$6536,_20951_,_20951_/D,_16267_,_16267_/D
picorv32,cpuregs[6][15],$auto$ff.cc:337:slice$6537,_20952_,_20952_/D,_16268_,_16268_/D
picorv32,cpuregs[6][16],$auto$ff.cc:337:slice$6538,_20953_,_20953_/D,_16269_,_16269_/D
picorv32,cpuregs[6][17],$auto$ff.cc:337:slice$6539,_20954_,_20954_/D,_16270_,_16270_/D
picorv32,cpuregs[6][18],$auto$ff.cc:337:slice$6540,_20955_,_20955_/D,_16271_,_16271_/D
picorv32,cpuregs[6][19],$auto$ff.cc:337:slice$6541,_20956_,_20956_/D,_16272_,_16272_/D
picorv32,cpuregs[6][20],$auto$ff.cc:337:slice$6542,_20957_,_20957_/D,_16273_,_16273_/D
picorv32,cpuregs[6][21],$auto$ff.cc:337:slice$6543,_20958_,_20958_/D,_16274_,_16274_/D
picorv32,cpuregs[6][22],$auto$ff.cc:337:slice$6544,_20959_,_20959_/D,_16275_,_16275_/D
picorv32,cpuregs[6][23],$auto$ff.cc:337:slice$6545,_20960_,_20960_/D,_16276_,_16276_/D
picorv32,cpuregs[6][24],$auto$ff.cc:337:slice$6546,_20961_,_20961_/D,_16277_,_16277_/D
picorv32,cpuregs[6][25],$auto$ff.cc:337:slice$6547,_20962_,_20962_/D,_16278_,_16278_/D
picorv32,cpuregs[6][26],$auto$ff.cc:337:slice$6548,_20963_,_20963_/D,_16279_,_16279_/D
picorv32,cpuregs[6][27],$auto$ff.cc:337:slice$6549,_20964_,_20964_/D,_16280_,_16280_/D
picorv32,cpuregs[6][28],$auto$ff.cc:337:slice$6550,_20965_,_20965_/D,_16281_,_16281_/D
picorv32,cpuregs[6][29],$auto$ff.cc:337:slice$6551,_20966_,_20966_/D,_16282_,_16282_/D
picorv32,cpuregs[6][30],$auto$ff.cc:337:slice$6552,_20967_,_20967_/D,_16283_,_16283_/D
picorv32,cpuregs[6][31],$auto$ff.cc:337:slice$6553,_21405_,_21405_/D,_16721_,_16721_/D
picorv32,cpuregs[5][0],$auto$ff.cc:337:slice$6554,_20968_,_20968_/D,_16284_,_16284_/D
picorv32,cpuregs[5][1],$auto$ff.cc:337:slice$6555,_20969_,_20969_/D,_16285_,_16285_/D
picorv32,cpuregs[5][2],$auto$ff.cc:337:slice$6556,_20970_,_20970_/D,_16286_,_16286_/D
picorv32,cpuregs[5][3],$auto$ff.cc:337:slice$6557,_20971_,_20971_/D,_16287_,_16287_/D
picorv32,cpuregs[5][4],$auto$ff.cc:337:slice$6558,_20972_,_20972_/D,_16288_,_16288_/D
picorv32,cpuregs[5][5],$auto$ff.cc:337:slice$6559,_20973_,_20973_/D,_16289_,_16289_/D
picorv32,cpuregs[5][6],$auto$ff.cc:337:slice$6560,_20974_,_20974_/D,_16290_,_16290_/D
picorv32,cpuregs[5][7],$auto$ff.cc:337:slice$6561,_20975_,_20975_/D,_16291_,_16291_/D
picorv32,cpuregs[5][8],$auto$ff.cc:337:slice$6562,_20976_,_20976_/D,_16292_,_16292_/D
picorv32,cpuregs[5][9],$auto$ff.cc:337:slice$6563,_20977_,_20977_/D,_16293_,_16293_/D
picorv32,cpuregs[5][10],$auto$ff.cc:337:slice$6564,_20978_,_20978_/D,_16294_,_16294_/D
picorv32,cpuregs[5][11],$auto$ff.cc:337:slice$6565,_20979_,_20979_/D,_16295_,_16295_/D
picorv32,cpuregs[5][12],$auto$ff.cc:337:slice$6566,_20980_,_20980_/D,_16296_,_16296_/D
picorv32,cpuregs[5][13],$auto$ff.cc:337:slice$6567,_20981_,_20981_/D,_16297_,_16297_/D
picorv32,cpuregs[5][14],$auto$ff.cc:337:slice$6568,_20982_,_20982_/D,_16298_,_16298_/D
picorv32,cpuregs[5][15],$auto$ff.cc:337:slice$6569,_20983_,_20983_/D,_16299_,_16299_/D
picorv32,cpuregs[5][16],$auto$ff.cc:337:slice$6570,_20984_,_20984_/D,_16300_,_16300_/D
picorv32,cpuregs[5][17],$auto$ff.cc:337:slice$6571,_20985_,_20985_/D,_16301_,_16301_/D
picorv32,cpuregs[5][18],$auto$ff.cc:337:slice$6572,_20986_,_20986_/D,_16302_,_16302_/D
picorv32,cpuregs[5][19],$auto$ff.cc:337:slice$6573,_20987_,_20987_/D,_16303_,_16303_/D
picorv32,cpuregs[5][20],$auto$ff.cc:337:slice$6574,_20988_,_20988_/D,_16304_,_16304_/D
picorv32,cpuregs[5][21],$auto$ff.cc:337:slice$6575,_20989_,_20989_/D,_16305_,_16305_/D
picorv32,cpuregs[5][22],$auto$ff.cc:337:slice$6576,_20990_,_20990_/D,_16306_,_16306_/D
picorv32,cpuregs[5][23],$auto$ff.cc:337:slice$6577,_20991_,_20991_/D,_16307_,_16307_/D
picorv32,cpuregs[5][24],$auto$ff.cc:337:slice$6578,_20992_,_20992_/D,_16308_,_16308_/D
picorv32,cpuregs[5][25],$auto$ff.cc:337:slice$6579,_20993_,_20993_/D,_16309_,_16309_/D
picorv32,cpuregs[5][26],$auto$ff.cc:337:slice$6580,_20994_,_20994_/D,_16310_,_16310_/D
picorv32,cpuregs[5][27],$auto$ff.cc:337:slice$6581,_20995_,_20995_/D,_16311_,_16311_/D
picorv32,cpuregs[5][28],$auto$ff.cc:337:slice$6582,_20996_,_20996_/D,_16312_,_16312_/D
picorv32,cpuregs[5][29],$auto$ff.cc:337:slice$6583,_20997_,_20997_/D,_16313_,_16313_/D
picorv32,cpuregs[5][30],$auto$ff.cc:337:slice$6584,_20998_,_20998_/D,_16314_,_16314_/D
picorv32,cpuregs[5][31],$auto$ff.cc:337:slice$6585,_21403_,_21403_/D,_16719_,_16719_/D
picorv32,cpuregs[4][0],$auto$ff.cc:337:slice$6586,_20999_,_20999_/D,_16315_,_16315_/D
picorv32,cpuregs[4][1],$auto$ff.cc:337:slice$6587,_21000_,_21000_/D,_16316_,_16316_/D
picorv32,cpuregs[4][2],$auto$ff.cc:337:slice$6588,_21001_,_21001_/D,_16317_,_16317_/D
picorv32,cpuregs[4][3],$auto$ff.cc:337:slice$6589,_21002_,_21002_/D,_16318_,_16318_/D
picorv32,cpuregs[4][4],$auto$ff.cc:337:slice$6590,_21003_,_21003_/D,_16319_,_16319_/D
picorv32,cpuregs[4][5],$auto$ff.cc:337:slice$6591,_21005_,_21005_/D,_16321_,_16321_/D
picorv32,cpuregs[4][6],$auto$ff.cc:337:slice$6592,_21006_,_21006_/D,_16322_,_16322_/D
picorv32,cpuregs[4][7],$auto$ff.cc:337:slice$6593,_21007_,_21007_/D,_16323_,_16323_/D
picorv32,cpuregs[4][8],$auto$ff.cc:337:slice$6594,_21008_,_21008_/D,_16324_,_16324_/D
picorv32,cpuregs[4][9],$auto$ff.cc:337:slice$6595,_21009_,_21009_/D,_16325_,_16325_/D
picorv32,cpuregs[4][10],$auto$ff.cc:337:slice$6596,_21010_,_21010_/D,_16326_,_16326_/D
picorv32,cpuregs[4][11],$auto$ff.cc:337:slice$6597,_21011_,_21011_/D,_16327_,_16327_/D
picorv32,cpuregs[4][12],$auto$ff.cc:337:slice$6598,_21012_,_21012_/D,_16328_,_16328_/D
picorv32,cpuregs[4][13],$auto$ff.cc:337:slice$6599,_21013_,_21013_/D,_16329_,_16329_/D
picorv32,cpuregs[4][14],$auto$ff.cc:337:slice$6600,_21014_,_21014_/D,_16330_,_16330_/D
picorv32,cpuregs[4][15],$auto$ff.cc:337:slice$6601,_21015_,_21015_/D,_16331_,_16331_/D
picorv32,cpuregs[4][16],$auto$ff.cc:337:slice$6602,_21016_,_21016_/D,_16332_,_16332_/D
picorv32,cpuregs[4][17],$auto$ff.cc:337:slice$6603,_21017_,_21017_/D,_16333_,_16333_/D
picorv32,cpuregs[4][18],$auto$ff.cc:337:slice$6604,_21018_,_21018_/D,_16334_,_16334_/D
picorv32,cpuregs[4][19],$auto$ff.cc:337:slice$6605,_21019_,_21019_/D,_16335_,_16335_/D
picorv32,cpuregs[4][20],$auto$ff.cc:337:slice$6606,_21020_,_21020_/D,_16336_,_16336_/D
picorv32,cpuregs[4][21],$auto$ff.cc:337:slice$6607,_21021_,_21021_/D,_16337_,_16337_/D
picorv32,cpuregs[4][22],$auto$ff.cc:337:slice$6608,_21022_,_21022_/D,_16338_,_16338_/D
picorv32,cpuregs[4][23],$auto$ff.cc:337:slice$6609,_21023_,_21023_/D,_16339_,_16339_/D
picorv32,cpuregs[4][24],$auto$ff.cc:337:slice$6610,_21024_,_21024_/D,_16340_,_16340_/D
picorv32,cpuregs[4][25],$auto$ff.cc:337:slice$6611,_21025_,_21025_/D,_16341_,_16341_/D
picorv32,cpuregs[4][26],$auto$ff.cc:337:slice$6612,_21026_,_21026_/D,_16342_,_16342_/D
picorv32,cpuregs[4][27],$auto$ff.cc:337:slice$6613,_21027_,_21027_/D,_16343_,_16343_/D
picorv32,cpuregs[4][28],$auto$ff.cc:337:slice$6614,_21028_,_21028_/D,_16344_,_16344_/D
picorv32,cpuregs[4][29],$auto$ff.cc:337:slice$6615,_21029_,_21029_/D,_16345_,_16345_/D
picorv32,cpuregs[4][30],$auto$ff.cc:337:slice$6616,_21030_,_21030_/D,_16346_,_16346_/D
picorv32,cpuregs[4][31],$auto$ff.cc:337:slice$6617,_21401_,_21401_/D,_16717_,_16717_/D
picorv32,cpuregs[3][0],$auto$ff.cc:337:slice$6618,_21031_,_21031_/D,_16347_,_16347_/D
picorv32,cpuregs[3][1],$auto$ff.cc:337:slice$6619,_21032_,_21032_/D,_16348_,_16348_/D
picorv32,cpuregs[3][2],$auto$ff.cc:337:slice$6620,_21033_,_21033_/D,_16349_,_16349_/D
picorv32,cpuregs[3][3],$auto$ff.cc:337:slice$6621,_21034_,_21034_/D,_16350_,_16350_/D
picorv32,cpuregs[3][4],$auto$ff.cc:337:slice$6622,_21035_,_21035_/D,_16351_,_16351_/D
picorv32,cpuregs[3][5],$auto$ff.cc:337:slice$6623,_21037_,_21037_/D,_16353_,_16353_/D
picorv32,cpuregs[3][6],$auto$ff.cc:337:slice$6624,_21038_,_21038_/D,_16354_,_16354_/D
picorv32,cpuregs[3][7],$auto$ff.cc:337:slice$6625,_21039_,_21039_/D,_16355_,_16355_/D
picorv32,cpuregs[3][8],$auto$ff.cc:337:slice$6626,_21040_,_21040_/D,_16356_,_16356_/D
picorv32,cpuregs[3][9],$auto$ff.cc:337:slice$6627,_21041_,_21041_/D,_16357_,_16357_/D
picorv32,cpuregs[3][10],$auto$ff.cc:337:slice$6628,_21042_,_21042_/D,_16358_,_16358_/D
picorv32,cpuregs[3][11],$auto$ff.cc:337:slice$6629,_21043_,_21043_/D,_16359_,_16359_/D
picorv32,cpuregs[3][12],$auto$ff.cc:337:slice$6630,_21044_,_21044_/D,_16360_,_16360_/D
picorv32,cpuregs[3][13],$auto$ff.cc:337:slice$6631,_21045_,_21045_/D,_16361_,_16361_/D
picorv32,cpuregs[3][14],$auto$ff.cc:337:slice$6632,_21046_,_21046_/D,_16362_,_16362_/D
picorv32,cpuregs[3][15],$auto$ff.cc:337:slice$6633,_21047_,_21047_/D,_16363_,_16363_/D
picorv32,cpuregs[3][16],$auto$ff.cc:337:slice$6634,_21048_,_21048_/D,_16364_,_16364_/D
picorv32,cpuregs[3][17],$auto$ff.cc:337:slice$6635,_21049_,_21049_/D,_16365_,_16365_/D
picorv32,cpuregs[3][18],$auto$ff.cc:337:slice$6636,_21050_,_21050_/D,_16366_,_16366_/D
picorv32,cpuregs[3][19],$auto$ff.cc:337:slice$6637,_21051_,_21051_/D,_16367_,_16367_/D
picorv32,cpuregs[3][20],$auto$ff.cc:337:slice$6638,_21052_,_21052_/D,_16368_,_16368_/D
picorv32,cpuregs[3][21],$auto$ff.cc:337:slice$6639,_21053_,_21053_/D,_16369_,_16369_/D
picorv32,cpuregs[3][22],$auto$ff.cc:337:slice$6640,_21054_,_21054_/D,_16370_,_16370_/D
picorv32,cpuregs[3][23],$auto$ff.cc:337:slice$6641,_21055_,_21055_/D,_16371_,_16371_/D
picorv32,cpuregs[3][24],$auto$ff.cc:337:slice$6642,_21056_,_21056_/D,_16372_,_16372_/D
picorv32,cpuregs[3][25],$auto$ff.cc:337:slice$6643,_21057_,_21057_/D,_16373_,_16373_/D
picorv32,cpuregs[3][26],$auto$ff.cc:337:slice$6644,_21058_,_21058_/D,_16374_,_16374_/D
picorv32,cpuregs[3][27],$auto$ff.cc:337:slice$6645,_21059_,_21059_/D,_16375_,_16375_/D
picorv32,cpuregs[3][28],$auto$ff.cc:337:slice$6646,_21060_,_21060_/D,_16376_,_16376_/D
picorv32,cpuregs[3][29],$auto$ff.cc:337:slice$6647,_21061_,_21061_/D,_16377_,_16377_/D
picorv32,cpuregs[3][30],$auto$ff.cc:337:slice$6648,_21062_,_21062_/D,_16378_,_16378_/D
picorv32,cpuregs[3][31],$auto$ff.cc:337:slice$6649,_21399_,_21399_/D,_16715_,_16715_/D
picorv32,cpuregs[2][0],$auto$ff.cc:337:slice$6650,_21063_,_21063_/D,_16379_,_16379_/D
picorv32,cpuregs[2][1],$auto$ff.cc:337:slice$6651,_21064_,_21064_/D,_16380_,_16380_/D
picorv32,cpuregs[2][2],$auto$ff.cc:337:slice$6652,_21065_,_21065_/D,_16381_,_16381_/D
picorv32,cpuregs[2][3],$auto$ff.cc:337:slice$6653,_21066_,_21066_/D,_16382_,_16382_/D
picorv32,cpuregs[2][4],$auto$ff.cc:337:slice$6654,_21067_,_21067_/D,_16383_,_16383_/D
picorv32,cpuregs[2][5],$auto$ff.cc:337:slice$6655,_21068_,_21068_/D,_16384_,_16384_/D
picorv32,cpuregs[2][6],$auto$ff.cc:337:slice$6656,_21070_,_21070_/D,_16386_,_16386_/D
picorv32,cpuregs[2][7],$auto$ff.cc:337:slice$6657,_21071_,_21071_/D,_16387_,_16387_/D
picorv32,cpuregs[2][8],$auto$ff.cc:337:slice$6658,_21072_,_21072_/D,_16388_,_16388_/D
picorv32,cpuregs[2][9],$auto$ff.cc:337:slice$6659,_21073_,_21073_/D,_16389_,_16389_/D
picorv32,cpuregs[2][10],$auto$ff.cc:337:slice$6660,_21074_,_21074_/D,_16390_,_16390_/D
picorv32,cpuregs[2][11],$auto$ff.cc:337:slice$6661,_21075_,_21075_/D,_16391_,_16391_/D
picorv32,cpuregs[2][12],$auto$ff.cc:337:slice$6662,_21076_,_21076_/D,_16392_,_16392_/D
picorv32,cpuregs[2][13],$auto$ff.cc:337:slice$6663,_21077_,_21077_/D,_16393_,_16393_/D
picorv32,cpuregs[2][14],$auto$ff.cc:337:slice$6664,_21078_,_21078_/D,_16394_,_16394_/D
picorv32,cpuregs[2][15],$auto$ff.cc:337:slice$6665,_21079_,_21079_/D,_16395_,_16395_/D
picorv32,cpuregs[2][16],$auto$ff.cc:337:slice$6666,_21080_,_21080_/D,_16396_,_16396_/D
picorv32,cpuregs[2][17],$auto$ff.cc:337:slice$6667,_21081_,_21081_/D,_16397_,_16397_/D
picorv32,cpuregs[2][18],$auto$ff.cc:337:slice$6668,_21082_,_21082_/D,_16398_,_16398_/D
picorv32,cpuregs[2][19],$auto$ff.cc:337:slice$6669,_21083_,_21083_/D,_16399_,_16399_/D
picorv32,cpuregs[2][20],$auto$ff.cc:337:slice$6670,_21084_,_21084_/D,_16400_,_16400_/D
picorv32,cpuregs[2][21],$auto$ff.cc:337:slice$6671,_21085_,_21085_/D,_16401_,_16401_/D
picorv32,cpuregs[2][22],$auto$ff.cc:337:slice$6672,_21086_,_21086_/D,_16402_,_16402_/D
picorv32,cpuregs[2][23],$auto$ff.cc:337:slice$6673,_21087_,_21087_/D,_16403_,_16403_/D
picorv32,cpuregs[2][24],$auto$ff.cc:337:slice$6674,_21088_,_21088_/D,_16404_,_16404_/D
picorv32,cpuregs[2][25],$auto$ff.cc:337:slice$6675,_21089_,_21089_/D,_16405_,_16405_/D
picorv32,cpuregs[2][26],$auto$ff.cc:337:slice$6676,_21090_,_21090_/D,_16406_,_16406_/D
picorv32,cpuregs[2][27],$auto$ff.cc:337:slice$6677,_21091_,_21091_/D,_16407_,_16407_/D
picorv32,cpuregs[2][28],$auto$ff.cc:337:slice$6678,_21092_,_21092_/D,_16408_,_16408_/D
picorv32,cpuregs[2][29],$auto$ff.cc:337:slice$6679,_21093_,_21093_/D,_16409_,_16409_/D
picorv32,cpuregs[2][30],$auto$ff.cc:337:slice$6680,_21094_,_21094_/D,_16410_,_16410_/D
picorv32,cpuregs[2][31],$auto$ff.cc:337:slice$6681,_21397_,_21397_/D,_16713_,_16713_/D
picorv32,cpuregs[1][0],$auto$ff.cc:337:slice$6682,_21095_,_21095_/D,_16411_,_16411_/D
picorv32,cpuregs[1][1],$auto$ff.cc:337:slice$6683,_21096_,_21096_/D,_16412_,_16412_/D
picorv32,cpuregs[1][2],$auto$ff.cc:337:slice$6684,_21097_,_21097_/D,_16413_,_16413_/D
picorv32,cpuregs[1][3],$auto$ff.cc:337:slice$6685,_21098_,_21098_/D,_16414_,_16414_/D
picorv32,cpuregs[1][4],$auto$ff.cc:337:slice$6686,_21099_,_21099_/D,_16415_,_16415_/D
picorv32,cpuregs[1][5],$auto$ff.cc:337:slice$6687,_21100_,_21100_/D,_16416_,_16416_/D
picorv32,cpuregs[1][6],$auto$ff.cc:337:slice$6688,_21101_,_21101_/D,_16417_,_16417_/D
picorv32,cpuregs[1][7],$auto$ff.cc:337:slice$6689,_21102_,_21102_/D,_16418_,_16418_/D
picorv32,cpuregs[1][8],$auto$ff.cc:337:slice$6690,_21103_,_21103_/D,_16419_,_16419_/D
picorv32,cpuregs[1][9],$auto$ff.cc:337:slice$6691,_21104_,_21104_/D,_16420_,_16420_/D
picorv32,cpuregs[1][10],$auto$ff.cc:337:slice$6692,_21105_,_21105_/D,_16421_,_16421_/D
picorv32,cpuregs[1][11],$auto$ff.cc:337:slice$6693,_21106_,_21106_/D,_16422_,_16422_/D
picorv32,cpuregs[1][12],$auto$ff.cc:337:slice$6694,_21107_,_21107_/D,_16423_,_16423_/D
picorv32,cpuregs[1][13],$auto$ff.cc:337:slice$6695,_21108_,_21108_/D,_16424_,_16424_/D
picorv32,cpuregs[1][14],$auto$ff.cc:337:slice$6696,_21109_,_21109_/D,_16425_,_16425_/D
picorv32,cpuregs[1][15],$auto$ff.cc:337:slice$6697,_21110_,_21110_/D,_16426_,_16426_/D
picorv32,cpuregs[1][16],$auto$ff.cc:337:slice$6698,_21111_,_21111_/D,_16427_,_16427_/D
picorv32,cpuregs[1][17],$auto$ff.cc:337:slice$6699,_21112_,_21112_/D,_16428_,_16428_/D
picorv32,cpuregs[1][18],$auto$ff.cc:337:slice$6700,_21113_,_21113_/D,_16429_,_16429_/D
picorv32,cpuregs[1][19],$auto$ff.cc:337:slice$6701,_21114_,_21114_/D,_16430_,_16430_/D
picorv32,cpuregs[1][20],$auto$ff.cc:337:slice$6702,_21115_,_21115_/D,_16431_,_16431_/D
picorv32,cpuregs[1][21],$auto$ff.cc:337:slice$6703,_21116_,_21116_/D,_16432_,_16432_/D
picorv32,cpuregs[1][22],$auto$ff.cc:337:slice$6704,_21117_,_21117_/D,_16433_,_16433_/D
picorv32,cpuregs[1][23],$auto$ff.cc:337:slice$6705,_21118_,_21118_/D,_16434_,_16434_/D
picorv32,cpuregs[1][24],$auto$ff.cc:337:slice$6706,_21119_,_21119_/D,_16435_,_16435_/D
picorv32,cpuregs[1][25],$auto$ff.cc:337:slice$6707,_21120_,_21120_/D,_16436_,_16436_/D
picorv32,cpuregs[1][26],$auto$ff.cc:337:slice$6708,_21121_,_21121_/D,_16437_,_16437_/D
picorv32,cpuregs[1][27],$auto$ff.cc:337:slice$6709,_21122_,_21122_/D,_16438_,_16438_/D
picorv32,cpuregs[1][28],$auto$ff.cc:337:slice$6710,_21123_,_21123_/D,_16439_,_16439_/D
picorv32,cpuregs[1][29],$auto$ff.cc:337:slice$6711,_21124_,_21124_/D,_16440_,_16440_/D
picorv32,cpuregs[1][30],$auto$ff.cc:337:slice$6712,_21125_,_21125_/D,_16441_,_16441_/D
picorv32,cpuregs[1][31],$auto$ff.cc:337:slice$6713,_21395_,_21395_/D,_16711_,_16711_/D
picorv32,cpuregs[0][0],$auto$ff.cc:337:slice$6714,_21126_,_21126_/D,_16442_,_16442_/D
picorv32,cpuregs[0][1],$auto$ff.cc:337:slice$6715,_21127_,_21127_/D,_16443_,_16443_/D
picorv32,cpuregs[0][2],$auto$ff.cc:337:slice$6716,_21128_,_21128_/D,_16444_,_16444_/D
picorv32,cpuregs[0][3],$auto$ff.cc:337:slice$6717,_21129_,_21129_/D,_16445_,_16445_/D
picorv32,cpuregs[0][4],$auto$ff.cc:337:slice$6718,_21130_,_21130_/D,_16446_,_16446_/D
picorv32,cpuregs[0][5],$auto$ff.cc:337:slice$6719,_21131_,_21131_/D,_16447_,_16447_/D
picorv32,cpuregs[0][6],$auto$ff.cc:337:slice$6720,_21132_,_21132_/D,_16448_,_16448_/D
picorv32,cpuregs[0][7],$auto$ff.cc:337:slice$6721,_21133_,_21133_/D,_16449_,_16449_/D
picorv32,cpuregs[0][8],$auto$ff.cc:337:slice$6722,_21134_,_21134_/D,_16450_,_16450_/D
picorv32,cpuregs[0][9],$auto$ff.cc:337:slice$6723,_21135_,_21135_/D,_16451_,_16451_/D
picorv32,cpuregs[0][10],$auto$ff.cc:337:slice$6724,_21136_,_21136_/D,_16452_,_16452_/D
picorv32,cpuregs[0][11],$auto$ff.cc:337:slice$6725,_21137_,_21137_/D,_16453_,_16453_/D
picorv32,cpuregs[0][12],$auto$ff.cc:337:slice$6726,_21138_,_21138_/D,_16454_,_16454_/D
picorv32,cpuregs[0][13],$auto$ff.cc:337:slice$6727,_21139_,_21139_/D,_16455_,_16455_/D
picorv32,cpuregs[0][14],$auto$ff.cc:337:slice$6728,_21140_,_21140_/D,_16456_,_16456_/D
picorv32,cpuregs[0][15],$auto$ff.cc:337:slice$6729,_21141_,_21141_/D,_16457_,_16457_/D
picorv32,cpuregs[0][16],$auto$ff.cc:337:slice$6730,_21142_,_21142_/D,_16458_,_16458_/D
picorv32,cpuregs[0][17],$auto$ff.cc:337:slice$6731,_21143_,_21143_/D,_16459_,_16459_/D
picorv32,cpuregs[0][18],$auto$ff.cc:337:slice$6732,_21144_,_21144_/D,_16460_,_16460_/D
picorv32,cpuregs[0][19],$auto$ff.cc:337:slice$6733,_21146_,_21146_/D,_16462_,_16462_/D
picorv32,cpuregs[0][20],$auto$ff.cc:337:slice$6734,_21147_,_21147_/D,_16463_,_16463_/D
picorv32,cpuregs[0][21],$auto$ff.cc:337:slice$6735,_21148_,_21148_/D,_16464_,_16464_/D
picorv32,cpuregs[0][22],$auto$ff.cc:337:slice$6736,_21149_,_21149_/D,_16465_,_16465_/D
picorv32,cpuregs[0][23],$auto$ff.cc:337:slice$6737,_21150_,_21150_/D,_16466_,_16466_/D
picorv32,cpuregs[0][24],$auto$ff.cc:337:slice$6738,_21151_,_21151_/D,_16467_,_16467_/D
picorv32,cpuregs[0][25],$auto$ff.cc:337:slice$6739,_21152_,_21152_/D,_16468_,_16468_/D
picorv32,cpuregs[0][26],$auto$ff.cc:337:slice$6740,_21153_,_21153_/D,_16469_,_16469_/D
picorv32,cpuregs[0][27],$auto$ff.cc:337:slice$6741,_21154_,_21154_/D,_16470_,_16470_/D
picorv32,cpuregs[0][28],$auto$ff.cc:337:slice$6742,_21155_,_21155_/D,_16471_,_16471_/D
picorv32,cpuregs[0][29],$auto$ff.cc:337:slice$6743,_21156_,_21156_/D,_16472_,_16472_/D
picorv32,cpuregs[0][30],$auto$ff.cc:337:slice$6744,_21157_,_21157_/D,_16473_,_16473_/D
picorv32,cpuregs[0][31],$auto$ff.cc:337:slice$6745,_21393_,_21393_/D,_16709_,_16709_/D
picorv32,reg_sh[2],$auto$ff.cc:337:slice$6803,_21036_,_21036_/D,_16352_,_16352_/D
picorv32,reg_sh[3],$auto$ff.cc:337:slice$6804,_21004_,_21004_/D,_16320_,_16320_/D
picorv32,reg_sh[4],$auto$ff.cc:337:slice$6805,_21298_,_21298_/D,_16614_,_16614_/D
picorv32,reg_sh[0],$auto$ff.cc:337:slice$6813,_21159_,_21159_/D,_16475_,_16475_/D
picorv32,reg_sh[1],$auto$ff.cc:337:slice$6814,_21377_,_21377_/D,_16693_,_16693_/D
picorv32,mem_valid,$auto$ff.cc:337:slice$6815,_21330_,_21330_/D,_16646_,_16646_/D
picorv32,latched_rd[0],$auto$ff.cc:337:slice$6816,_21161_,_21161_/D,_16477_,_16477_/D
picorv32,latched_rd[1],$auto$ff.cc:337:slice$6817,_21163_,_21163_/D,_16479_,_16479_/D
picorv32,latched_rd[2],$auto$ff.cc:337:slice$6818,_21165_,_21165_/D,_16481_,_16481_/D
picorv32,latched_rd[3],$auto$ff.cc:337:slice$6819,_21167_,_21167_/D,_16483_,_16483_/D
picorv32,latched_rd[4],$auto$ff.cc:337:slice$6820,_21366_,_21366_/D,_16682_,_16682_/D
picorv32,mem_state[0],$auto$ff.cc:337:slice$6821,_21168_,_21168_/D,_16484_,_16484_/D
picorv32,mem_state[1],$auto$ff.cc:337:slice$6822,_21260_,_21260_/D,_16576_,_16576_/D
picorv32,decoded_rs2[4],$auto$ff.cc:337:slice$6904,_21169_,_21169_/D,_16485_,_16485_/D
picorv32,decoded_imm_j[5],$auto$ff.cc:337:slice$6905,_21170_,_21170_/D,_16486_,_16486_/D
picorv32,decoded_imm_j[6],$auto$ff.cc:337:slice$6906,_21171_,_21171_/D,_16487_,_16487_/D
picorv32,decoded_imm_j[7],$auto$ff.cc:337:slice$6907,_21172_,_21172_/D,_16488_,_16488_/D
picorv32,decoded_imm_j[8],$auto$ff.cc:337:slice$6908,_21173_,_21173_/D,_16489_,_16489_/D
picorv32,decoded_imm_j[9],$auto$ff.cc:337:slice$6909,_21174_,_21174_/D,_16490_,_16490_/D
picorv32,decoded_imm_j[10],$auto$ff.cc:337:slice$6910,_21175_,_21175_/D,_16491_,_16491_/D
picorv32,decoded_imm_j[12],$auto$ff.cc:337:slice$6912,_21176_,_21176_/D,_16492_,_16492_/D
picorv32,decoded_imm_j[13],$auto$ff.cc:337:slice$6913,_21177_,_21177_/D,_16493_,_16493_/D
picorv32,decoded_imm_j[14],$auto$ff.cc:337:slice$6914,_21178_,_21178_/D,_16494_,_16494_/D
picorv32,decoded_rs1[4],$auto$ff.cc:337:slice$6919,_21179_,_21179_/D,_16495_,_16495_/D
picorv32,decoded_imm_j[20],$auto$ff.cc:337:slice$6920,_21324_,_21324_/D,_16640_,_16640_/D
picorv32,decoder_pseudo_trigger,$auto$ff.cc:337:slice$6925,_21358_,_21358_/D,_16674_,_16674_/D
picorv32,reg_op2[0],$auto$ff.cc:337:slice$6928,_21180_,_21180_/D,_16496_,_16496_/D
picorv32,reg_op2[1],$auto$ff.cc:337:slice$6929,_21181_,_21181_/D,_16497_,_16497_/D
picorv32,reg_op2[2],$auto$ff.cc:337:slice$6930,_21182_,_21182_/D,_16498_,_16498_/D
picorv32,reg_op2[3],$auto$ff.cc:337:slice$6931,_21183_,_21183_/D,_16499_,_16499_/D
picorv32,reg_op2[4],$auto$ff.cc:337:slice$6932,_21184_,_21184_/D,_16500_,_16500_/D
picorv32,reg_op2[5],$auto$ff.cc:337:slice$6933,_21185_,_21185_/D,_16501_,_16501_/D
picorv32,reg_op2[6],$auto$ff.cc:337:slice$6934,_21186_,_21186_/D,_16502_,_16502_/D
picorv32,reg_op2[7],$auto$ff.cc:337:slice$6935,_21187_,_21187_/D,_16503_,_16503_/D
picorv32,reg_op2[8],$auto$ff.cc:337:slice$6936,_21188_,_21188_/D,_16504_,_16504_/D
picorv32,reg_op2[9],$auto$ff.cc:337:slice$6937,_21189_,_21189_/D,_16505_,_16505_/D
picorv32,reg_op2[10],$auto$ff.cc:337:slice$6938,_21190_,_21190_/D,_16506_,_16506_/D
picorv32,reg_op2[11],$auto$ff.cc:337:slice$6939,_21191_,_21191_/D,_16507_,_16507_/D
picorv32,reg_op2[12],$auto$ff.cc:337:slice$6940,_21192_,_21192_/D,_16508_,_16508_/D
picorv32,reg_op2[13],$auto$ff.cc:337:slice$6941,_21193_,_21193_/D,_16509_,_16509_/D
picorv32,reg_op2[14],$auto$ff.cc:337:slice$6942,_21194_,_21194_/D,_16510_,_16510_/D
picorv32,reg_op2[15],$auto$ff.cc:337:slice$6943,_21195_,_21195_/D,_16511_,_16511_/D
picorv32,reg_op2[16],$auto$ff.cc:337:slice$6944,_21196_,_21196_/D,_16512_,_16512_/D
picorv32,reg_op2[17],$auto$ff.cc:337:slice$6945,_21197_,_21197_/D,_16513_,_16513_/D
picorv32,reg_op2[18],$auto$ff.cc:337:slice$6946,_21198_,_21198_/D,_16514_,_16514_/D
picorv32,reg_op2[19],$auto$ff.cc:337:slice$6947,_21199_,_21199_/D,_16515_,_16515_/D
picorv32,reg_op2[20],$auto$ff.cc:337:slice$6948,_21200_,_21200_/D,_16516_,_16516_/D
picorv32,reg_op2[21],$auto$ff.cc:337:slice$6949,_21201_,_21201_/D,_16517_,_16517_/D
picorv32,reg_op2[22],$auto$ff.cc:337:slice$6950,_21202_,_21202_/D,_16518_,_16518_/D
picorv32,reg_op2[23],$auto$ff.cc:337:slice$6951,_21203_,_21203_/D,_16519_,_16519_/D
picorv32,reg_op2[24],$auto$ff.cc:337:slice$6952,_21204_,_21204_/D,_16520_,_16520_/D
picorv32,reg_op2[25],$auto$ff.cc:337:slice$6953,_21205_,_21205_/D,_16521_,_16521_/D
picorv32,reg_op2[26],$auto$ff.cc:337:slice$6954,_21206_,_21206_/D,_16522_,_16522_/D
picorv32,reg_op2[27],$auto$ff.cc:337:slice$6955,_21207_,_21207_/D,_16523_,_16523_/D
picorv32,reg_op2[28],$auto$ff.cc:337:slice$6956,_21208_,_21208_/D,_16524_,_16524_/D
picorv32,reg_op2[29],$auto$ff.cc:337:slice$6957,_21209_,_21209_/D,_16525_,_16525_/D
picorv32,reg_op2[30],$auto$ff.cc:337:slice$6958,_21210_,_21210_/D,_16526_,_16526_/D
picorv32,reg_op2[31],$auto$ff.cc:337:slice$6959,_21391_,_21391_/D,_16707_,_16707_/D
picorv32,reg_op1[0],$auto$ff.cc:337:slice$6989,_21211_,_21211_/D,_16527_,_16527_/D
picorv32,reg_op1[1],$auto$ff.cc:337:slice$6990,_21212_,_21212_/D,_16528_,_16528_/D
picorv32,reg_op1[2],$auto$ff.cc:337:slice$6991,_21213_,_21213_/D,_16529_,_16529_/D
picorv32,reg_op1[3],$auto$ff.cc:337:slice$6992,_21214_,_21214_/D,_16530_,_16530_/D
picorv32,reg_op1[4],$auto$ff.cc:337:slice$6993,_21215_,_21215_/D,_16531_,_16531_/D
picorv32,reg_op1[5],$auto$ff.cc:337:slice$6994,_21216_,_21216_/D,_16532_,_16532_/D
picorv32,reg_op1[6],$auto$ff.cc:337:slice$6995,_21217_,_21217_/D,_16533_,_16533_/D
picorv32,reg_op1[7],$auto$ff.cc:337:slice$6996,_21218_,_21218_/D,_16534_,_16534_/D
picorv32,reg_op1[8],$auto$ff.cc:337:slice$6997,_21219_,_21219_/D,_16535_,_16535_/D
picorv32,reg_op1[9],$auto$ff.cc:337:slice$6998,_21220_,_21220_/D,_16536_,_16536_/D
picorv32,reg_op1[10],$auto$ff.cc:337:slice$6999,_21221_,_21221_/D,_16537_,_16537_/D
picorv32,reg_op1[11],$auto$ff.cc:337:slice$7000,_21222_,_21222_/D,_16538_,_16538_/D
picorv32,reg_op1[12],$auto$ff.cc:337:slice$7001,_21223_,_21223_/D,_16539_,_16539_/D
picorv32,reg_op1[13],$auto$ff.cc:337:slice$7002,_21224_,_21224_/D,_16540_,_16540_/D
picorv32,reg_op1[14],$auto$ff.cc:337:slice$7003,_21225_,_21225_/D,_16541_,_16541_/D
picorv32,reg_op1[15],$auto$ff.cc:337:slice$7004,_21226_,_21226_/D,_16542_,_16542_/D
picorv32,reg_op1[16],$auto$ff.cc:337:slice$7005,_21227_,_21227_/D,_16543_,_16543_/D
picorv32,reg_op1[17],$auto$ff.cc:337:slice$7006,_21228_,_21228_/D,_16544_,_16544_/D
picorv32,reg_op1[18],$auto$ff.cc:337:slice$7007,_21229_,_21229_/D,_16545_,_16545_/D
picorv32,reg_op1[19],$auto$ff.cc:337:slice$7008,_21230_,_21230_/D,_16546_,_16546_/D
picorv32,reg_op1[20],$auto$ff.cc:337:slice$7009,_21231_,_21231_/D,_16547_,_16547_/D
picorv32,reg_op1[21],$auto$ff.cc:337:slice$7010,_21232_,_21232_/D,_16548_,_16548_/D
picorv32,reg_op1[22],$auto$ff.cc:337:slice$7011,_21233_,_21233_/D,_16549_,_16549_/D
picorv32,reg_op1[23],$auto$ff.cc:337:slice$7012,_21234_,_21234_/D,_16550_,_16550_/D
picorv32,reg_op1[24],$auto$ff.cc:337:slice$7013,_21235_,_21235_/D,_16551_,_16551_/D
picorv32,reg_op1[25],$auto$ff.cc:337:slice$7014,_21236_,_21236_/D,_16552_,_16552_/D
picorv32,reg_op1[26],$auto$ff.cc:337:slice$7015,_21237_,_21237_/D,_16553_,_16553_/D
picorv32,reg_op1[27],$auto$ff.cc:337:slice$7016,_21238_,_21238_/D,_16554_,_16554_/D
picorv32,reg_op1[28],$auto$ff.cc:337:slice$7017,_21239_,_21239_/D,_16555_,_16555_/D
picorv32,reg_op1[29],$auto$ff.cc:337:slice$7018,_21241_,_21241_/D,_16557_,_16557_/D
picorv32,reg_op1[30],$auto$ff.cc:337:slice$7019,_21389_,_21389_/D,_16705_,_16705_/D
picorv32,reg_op1[31],$auto$ff.cc:337:slice$7068,_21292_,_21292_/D,_16608_,_16608_/D
picorv32,reg_next_pc[1],$auto$ff.cc:337:slice$7070,_21243_,_21243_/D,_16559_,_16559_/D
picorv32,reg_next_pc[2],$auto$ff.cc:337:slice$7071,_21245_,_21245_/D,_16561_,_16561_/D
picorv32,reg_next_pc[3],$auto$ff.cc:337:slice$7072,_21247_,_21247_/D,_16563_,_16563_/D
picorv32,reg_next_pc[4],$auto$ff.cc:337:slice$7073,_21249_,_21249_/D,_16565_,_16565_/D
picorv32,reg_next_pc[5],$auto$ff.cc:337:slice$7074,_21251_,_21251_/D,_16567_,_16567_/D
picorv32,reg_next_pc[6],$auto$ff.cc:337:slice$7075,_21253_,_21253_/D,_16569_,_16569_/D
picorv32,reg_next_pc[7],$auto$ff.cc:337:slice$7076,_21255_,_21255_/D,_16571_,_16571_/D
picorv32,reg_next_pc[8],$auto$ff.cc:337:slice$7077,_21257_,_21257_/D,_16573_,_16573_/D
picorv32,reg_next_pc[9],$auto$ff.cc:337:slice$7078,_21259_,_21259_/D,_16575_,_16575_/D
picorv32,reg_next_pc[10],$auto$ff.cc:337:slice$7079,_21261_,_21261_/D,_16577_,_16577_/D
picorv32,reg_next_pc[11],$auto$ff.cc:337:slice$7080,_21263_,_21263_/D,_16579_,_16579_/D
picorv32,reg_next_pc[12],$auto$ff.cc:337:slice$7081,_21265_,_21265_/D,_16581_,_16581_/D
picorv32,reg_next_pc[13],$auto$ff.cc:337:slice$7082,_21267_,_21267_/D,_16583_,_16583_/D
picorv32,reg_next_pc[14],$auto$ff.cc:337:slice$7083,_21269_,_21269_/D,_16585_,_16585_/D
picorv32,reg_next_pc[15],$auto$ff.cc:337:slice$7084,_21271_,_21271_/D,_16587_,_16587_/D
picorv32,reg_next_pc[16],$auto$ff.cc:337:slice$7085,_21273_,_21273_/D,_16589_,_16589_/D
picorv32,reg_next_pc[17],$auto$ff.cc:337:slice$7086,_21275_,_21275_/D,_16591_,_16591_/D
picorv32,reg_next_pc[18],$auto$ff.cc:337:slice$7087,_21277_,_21277_/D,_16593_,_16593_/D
picorv32,reg_next_pc[19],$auto$ff.cc:337:slice$7088,_21279_,_21279_/D,_16595_,_16595_/D
picorv32,reg_next_pc[20],$auto$ff.cc:337:slice$7089,_21281_,_21281_/D,_16597_,_16597_/D
picorv32,reg_next_pc[21],$auto$ff.cc:337:slice$7090,_21283_,_21283_/D,_16599_,_16599_/D
picorv32,reg_next_pc[22],$auto$ff.cc:337:slice$7091,_21285_,_21285_/D,_16601_,_16601_/D
picorv32,reg_next_pc[23],$auto$ff.cc:337:slice$7092,_21287_,_21287_/D,_16603_,_16603_/D
picorv32,reg_next_pc[24],$auto$ff.cc:337:slice$7093,_21289_,_21289_/D,_16605_,_16605_/D
picorv32,reg_next_pc[25],$auto$ff.cc:337:slice$7094,_21291_,_21291_/D,_16607_,_16607_/D
picorv32,reg_next_pc[26],$auto$ff.cc:337:slice$7095,_21293_,_21293_/D,_16609_,_16609_/D
picorv32,reg_next_pc[27],$auto$ff.cc:337:slice$7096,_21295_,_21295_/D,_16611_,_16611_/D
picorv32,reg_next_pc[28],$auto$ff.cc:337:slice$7097,_21297_,_21297_/D,_16613_,_16613_/D
picorv32,reg_next_pc[29],$auto$ff.cc:337:slice$7098,_21300_,_21300_/D,_16616_,_16616_/D
picorv32,reg_next_pc[30],$auto$ff.cc:337:slice$7099,_21303_,_21303_/D,_16619_,_16619_/D
picorv32,reg_next_pc[31],$auto$ff.cc:337:slice$7100,_21387_,_21387_/D,_16703_,_16703_/D
picorv32,reg_pc[1],$auto$ff.cc:337:slice$7102,_21307_,_21307_/D,_16623_,_16623_/D
picorv32,reg_pc[2],$auto$ff.cc:337:slice$7103,_21309_,_21309_/D,_16625_,_16625_/D
picorv32,reg_pc[3],$auto$ff.cc:337:slice$7104,_21311_,_21311_/D,_16627_,_16627_/D
picorv32,reg_pc[4],$auto$ff.cc:337:slice$7105,_21313_,_21313_/D,_16629_,_16629_/D
picorv32,reg_pc[5],$auto$ff.cc:337:slice$7106,_21315_,_21315_/D,_16631_,_16631_/D
picorv32,reg_pc[6],$auto$ff.cc:337:slice$7107,_21317_,_21317_/D,_16633_,_16633_/D
picorv32,reg_pc[7],$auto$ff.cc:337:slice$7108,_21319_,_21319_/D,_16635_,_16635_/D
picorv32,reg_pc[8],$auto$ff.cc:337:slice$7109,_21321_,_21321_/D,_16637_,_16637_/D
picorv32,reg_pc[9],$auto$ff.cc:337:slice$7110,_21323_,_21323_/D,_16639_,_16639_/D
picorv32,reg_pc[10],$auto$ff.cc:337:slice$7111,_21325_,_21325_/D,_16641_,_16641_/D
picorv32,reg_pc[11],$auto$ff.cc:337:slice$7112,_21329_,_21329_/D,_16645_,_16645_/D
picorv32,reg_pc[12],$auto$ff.cc:337:slice$7113,_21331_,_21331_/D,_16647_,_16647_/D
picorv32,reg_pc[13],$auto$ff.cc:337:slice$7114,_21333_,_21333_/D,_16649_,_16649_/D
picorv32,reg_pc[14],$auto$ff.cc:337:slice$7115,_21335_,_21335_/D,_16651_,_16651_/D
picorv32,reg_pc[15],$auto$ff.cc:337:slice$7116,_21337_,_21337_/D,_16653_,_16653_/D
picorv32,reg_pc[16],$auto$ff.cc:337:slice$7117,_21339_,_21339_/D,_16655_,_16655_/D
picorv32,reg_pc[17],$auto$ff.cc:337:slice$7118,_21341_,_21341_/D,_16657_,_16657_/D
picorv32,reg_pc[18],$auto$ff.cc:337:slice$7119,_21343_,_21343_/D,_16659_,_16659_/D
picorv32,reg_pc[19],$auto$ff.cc:337:slice$7120,_21345_,_21345_/D,_16661_,_16661_/D
picorv32,reg_pc[20],$auto$ff.cc:337:slice$7121,_21347_,_21347_/D,_16663_,_16663_/D
picorv32,reg_pc[21],$auto$ff.cc:337:slice$7122,_21350_,_21350_/D,_16666_,_16666_/D
picorv32,reg_pc[22],$auto$ff.cc:337:slice$7123,_21352_,_21352_/D,_16668_,_16668_/D
picorv32,reg_pc[23],$auto$ff.cc:337:slice$7124,_21354_,_21354_/D,_16670_,_16670_/D
picorv32,reg_pc[24],$auto$ff.cc:337:slice$7125,_21357_,_21357_/D,_16673_,_16673_/D
picorv32,reg_pc[25],$auto$ff.cc:337:slice$7126,_21359_,_21359_/D,_16675_,_16675_/D
picorv32,reg_pc[26],$auto$ff.cc:337:slice$7127,_21361_,_21361_/D,_16677_,_16677_/D
picorv32,reg_pc[27],$auto$ff.cc:337:slice$7128,_21365_,_21365_/D,_16681_,_16681_/D
picorv32,reg_pc[28],$auto$ff.cc:337:slice$7129,_21367_,_21367_/D,_16683_,_16683_/D
picorv32,reg_pc[29],$auto$ff.cc:337:slice$7130,_21369_,_21369_/D,_16685_,_16685_/D
picorv32,reg_pc[30],$auto$ff.cc:337:slice$7131,_21370_,_21370_/D,_16686_,_16686_/D
picorv32,reg_pc[31],$auto$ff.cc:337:slice$7132,_21385_,_21385_/D,_16701_,_16701_/D
picorv32,latched_stalu,$auto$ff.cc:337:slice$7142,_21381_,_21381_/D,_16697_,_16697_/D
picorv32,trap,$auto$ff.cc:337:slice$7143,_21373_,_21373_/D,_16689_,_16689_/D
picorv32,mem_do_rinst,$auto$ff.cc:337:slice$7193,_21371_,_21371_/D,_16687_,_16687_/D
picorv32,mem_do_wdata,$auto$ff.cc:337:slice$7194,_21368_,_21368_/D,_16684_,_16684_/D
picorv32,mem_do_prefetch,$auto$ff.cc:337:slice$7201,_21363_,_21363_/D,_16679_,_16679_/D
picorv32,latched_branch,$auto$ff.cc:337:slice$7205,_21353_,_21353_/D,_16669_,_16669_/D
picorv32,is_compare,$auto$ff.cc:337:slice$7209,_21351_,_21351_/D,_16667_,_16667_/D
picorv32,is_alu_reg_reg,$auto$ff.cc:337:slice$7210,_21346_,_21346_/D,_16662_,_16662_/D
picorv32,is_alu_reg_imm,$auto$ff.cc:337:slice$7211,_21344_,_21344_/D,_16660_,_16660_/D
picorv32,is_beq_bne_blt_bge_bltu_bgeu,$auto$ff.cc:337:slice$7212,_21342_,_21342_/D,_16658_,_16658_/D
picorv32,is_sll_srl_sra,$auto$ff.cc:337:slice$7213,_21340_,_21340_/D,_16656_,_16656_/D
picorv32,is_sb_sh_sw,$auto$ff.cc:337:slice$7214,_21336_,_21336_/D,_16652_,_16652_/D
picorv32,is_jalr_addi_slti_sltiu_xori_ori_andi,$auto$ff.cc:337:slice$7215,_21334_,_21334_/D,_16650_,_16650_/D
picorv32,mem_instr,$auto$ff.cc:337:slice$7216,_21332_,_21332_/D,_16648_,_16648_/D
picorv32,is_slli_srli_srai,$auto$ff.cc:337:slice$7249,_21320_,_21320_/D,_16636_,_16636_/D
picorv32,latched_is_lb,$auto$ff.cc:337:slice$7250,_21318_,_21318_/D,_16634_,_16634_/D
picorv32,is_lb_lh_lw_lbu_lhu,$auto$ff.cc:337:slice$7251,_21316_,_21316_/D,_16632_,_16632_/D
picorv32,decoded_imm[0],$auto$ff.cc:337:slice$7252,_21372_,_21372_/D,_16688_,_16688_/D
picorv32,latched_store,$auto$ff.cc:337:slice$7288,_21310_,_21310_/D,_16626_,_16626_/D
picorv32,decoded_rs2[0],$auto$ff.cc:337:slice$7289,_21432_,_21432_/D,_16748_,_16748_/D
picorv32,decoded_rs2[1],$auto$ff.cc:337:slice$7290,_21433_,_21433_/D,_16749_,_16749_/D
picorv32,decoded_rs2[2],$auto$ff.cc:337:slice$7291,_21434_,_21434_/D,_16750_,_16750_/D
picorv32,decoded_rs2[3],$auto$ff.cc:337:slice$7292,_21435_,_21435_/D,_16751_,_16751_/D
picorv32,decoded_rs1[0],$auto$ff.cc:337:slice$7294,_21436_,_21436_/D,_16752_,_16752_/D
picorv32,decoded_rs1[1],$auto$ff.cc:337:slice$7295,_21437_,_21437_/D,_16753_,_16753_/D
picorv32,decoded_rs1[2],$auto$ff.cc:337:slice$7296,_21438_,_21438_/D,_16754_,_16754_/D
picorv32,decoded_rs1[3],$auto$ff.cc:337:slice$7297,_21443_,_21443_/D,_16759_,_16759_/D
picorv32,decoded_rd[0],$auto$ff.cc:337:slice$7299,_21444_,_21444_/D,_16760_,_16760_/D
picorv32,decoded_rd[1],$auto$ff.cc:337:slice$7300,_21445_,_21445_/D,_16761_,_16761_/D
picorv32,decoded_rd[2],$auto$ff.cc:337:slice$7301,_21446_,_21446_/D,_16762_,_16762_/D
picorv32,decoded_rd[3],$auto$ff.cc:337:slice$7302,_21447_,_21447_/D,_16763_,_16763_/D
picorv32,decoded_rd[4],$auto$ff.cc:337:slice$7303,_21306_,_21306_/D,_16622_,_16622_/D
picorv32,mem_do_rdata,$auto$ff.cc:337:slice$7304,_21299_,_21299_/D,_16615_,_16615_/D
picorv32,instr_fence,$auto$ff.cc:337:slice$7305,_21296_,_21296_/D,_16612_,_16612_/D
picorv32,instr_or,$auto$ff.cc:337:slice$7306,_21288_,_21288_/D,_16604_,_16604_/D
picorv32,instr_sra,$auto$ff.cc:337:slice$7307,_21286_,_21286_/D,_16602_,_16602_/D
picorv32,instr_and,$auto$ff.cc:337:slice$7308,_21282_,_21282_/D,_16598_,_16598_/D
picorv32,instr_srl,$auto$ff.cc:337:slice$7309,_21278_,_21278_/D,_16594_,_16594_/D
picorv32,instr_xor,$auto$ff.cc:337:slice$7310,_21274_,_21274_/D,_16590_,_16590_/D
picorv32,instr_sltu,$auto$ff.cc:337:slice$7311,_21270_,_21270_/D,_16586_,_16586_/D
picorv32,instr_slt,$auto$ff.cc:337:slice$7312,_21266_,_21266_/D,_16582_,_16582_/D
picorv32,instr_sll,$auto$ff.cc:337:slice$7313,_21262_,_21262_/D,_16578_,_16578_/D
picorv32,instr_sub,$auto$ff.cc:337:slice$7314,_21258_,_21258_/D,_16574_,_16574_/D
picorv32,instr_add,$auto$ff.cc:337:slice$7315,_21254_,_21254_/D,_16570_,_16570_/D
picorv32,instr_srai,$auto$ff.cc:337:slice$7316,_21250_,_21250_/D,_16566_,_16566_/D
picorv32,instr_srli,$auto$ff.cc:337:slice$7317,_21246_,_21246_/D,_16562_,_16562_/D
picorv32,instr_slli,$auto$ff.cc:337:slice$7318,_21244_,_21244_/D,_16560_,_16560_/D
picorv32,instr_andi,$auto$ff.cc:337:slice$7319,_21242_,_21242_/D,_16558_,_16558_/D
picorv32,instr_ori,$auto$ff.cc:337:slice$7320,_21240_,_21240_/D,_16556_,_16556_/D
picorv32,instr_xori,$auto$ff.cc:337:slice$7321,_21164_,_21164_/D,_16480_,_16480_/D
picorv32,instr_sltiu,$auto$ff.cc:337:slice$7322,_21160_,_21160_/D,_16476_,_16476_/D
picorv32,instr_slti,$auto$ff.cc:337:slice$7323,_21383_,_21383_/D,_16699_,_16699_/D
picorv32,instr_addi,$auto$ff.cc:337:slice$7324,_21375_,_21375_/D,_16691_,_16691_/D
picorv32,instr_sw,$auto$ff.cc:337:slice$7325,_21360_,_21360_/D,_16676_,_16676_/D
picorv32,instr_sh,$auto$ff.cc:337:slice$7326,_21348_,_21348_/D,_16664_,_16664_/D
picorv32,instr_sb,$auto$ff.cc:337:slice$7327,_21338_,_21338_/D,_16654_,_16654_/D
picorv32,instr_lhu,$auto$ff.cc:337:slice$7328,_21328_,_21328_/D,_16644_,_16644_/D
picorv32,instr_lbu,$auto$ff.cc:337:slice$7329,_21322_,_21322_/D,_16638_,_16638_/D
picorv32,instr_lw,$auto$ff.cc:337:slice$7330,_21314_,_21314_/D,_16630_,_16630_/D
picorv32,instr_lh,$auto$ff.cc:337:slice$7331,_21308_,_21308_/D,_16624_,_16624_/D
picorv32,instr_lb,$auto$ff.cc:337:slice$7332,_21304_,_21304_/D,_16620_,_16620_/D
picorv32,instr_bgeu,$auto$ff.cc:337:slice$7333,_21294_,_21294_/D,_16610_,_16610_/D
picorv32,instr_bltu,$auto$ff.cc:337:slice$7334,_21290_,_21290_/D,_16606_,_16606_/D
picorv32,instr_bge,$auto$ff.cc:337:slice$7335,_21280_,_21280_/D,_16596_,_16596_/D
picorv32,instr_blt,$auto$ff.cc:337:slice$7336,_21272_,_21272_/D,_16588_,_16588_/D
picorv32,instr_bne,$auto$ff.cc:337:slice$7337,_21264_,_21264_/D,_16580_,_16580_/D
picorv32,instr_beq,$auto$ff.cc:337:slice$7338,_21256_,_21256_/D,_16572_,_16572_/D
picorv32,instr_jalr,$auto$ff.cc:337:slice$7339,_21248_,_21248_/D,_16564_,_16564_/D
picorv32,instr_jal,$auto$ff.cc:337:slice$7340,_21162_,_21162_/D,_16478_,_16478_/D
picorv32,instr_auipc,$auto$ff.cc:337:slice$7341,_21158_,_21158_/D,_16474_,_16474_/D
picorv32,instr_lui,$auto$ff.cc:337:slice$7342,_21379_,_21379_/D,_16695_,_16695_/D
picorv32,latched_is_lh,$auto$ff.cc:337:slice$7356,_21356_,_21356_/D,_16672_,_16672_/D
picorv32,mem_rdata_q[0],$auto$ff.cc:337:slice$7377,_21448_,_21448_/D,_16764_,_16764_/D
picorv32,mem_rdata_q[1],$auto$ff.cc:337:slice$7378,_21449_,_21449_/D,_16765_,_16765_/D
picorv32,mem_rdata_q[2],$auto$ff.cc:337:slice$7379,_21450_,_21450_/D,_16766_,_16766_/D
picorv32,mem_rdata_q[3],$auto$ff.cc:337:slice$7380,_21451_,_21451_/D,_16767_,_16767_/D
picorv32,mem_rdata_q[4],$auto$ff.cc:337:slice$7381,_21452_,_21452_/D,_16768_,_16768_/D
picorv32,mem_rdata_q[5],$auto$ff.cc:337:slice$7382,_21453_,_21453_/D,_16769_,_16769_/D
picorv32,mem_rdata_q[6],$auto$ff.cc:337:slice$7383,_21454_,_21454_/D,_16770_,_16770_/D
picorv32,mem_rdata_q[7],$auto$ff.cc:337:slice$7384,_21455_,_21455_/D,_16771_,_16771_/D
picorv32,mem_rdata_q[8],$auto$ff.cc:337:slice$7385,_21456_,_21456_/D,_16772_,_16772_/D
picorv32,mem_rdata_q[9],$auto$ff.cc:337:slice$7386,_21457_,_21457_/D,_16773_,_16773_/D
picorv32,mem_rdata_q[10],$auto$ff.cc:337:slice$7387,_21458_,_21458_/D,_16774_,_16774_/D
picorv32,mem_rdata_q[11],$auto$ff.cc:337:slice$7388,_21459_,_21459_/D,_16775_,_16775_/D
picorv32,mem_rdata_q[12],$auto$ff.cc:337:slice$7389,_21460_,_21460_/D,_16776_,_16776_/D
picorv32,mem_rdata_q[13],$auto$ff.cc:337:slice$7390,_21461_,_21461_/D,_16777_,_16777_/D
picorv32,mem_rdata_q[14],$auto$ff.cc:337:slice$7391,_21462_,_21462_/D,_16778_,_16778_/D
picorv32,mem_rdata_q[15],$auto$ff.cc:337:slice$7392,_21463_,_21463_/D,_16779_,_16779_/D
picorv32,mem_rdata_q[16],$auto$ff.cc:337:slice$7393,_21464_,_21464_/D,_16780_,_16780_/D
picorv32,mem_rdata_q[17],$auto$ff.cc:337:slice$7394,_21465_,_21465_/D,_16781_,_16781_/D
picorv32,mem_rdata_q[18],$auto$ff.cc:337:slice$7395,_21466_,_21466_/D,_16782_,_16782_/D
picorv32,mem_rdata_q[19],$auto$ff.cc:337:slice$7396,_21467_,_21467_/D,_16783_,_16783_/D
picorv32,mem_rdata_q[20],$auto$ff.cc:337:slice$7397,_21468_,_21468_/D,_16784_,_16784_/D
picorv32,mem_rdata_q[21],$auto$ff.cc:337:slice$7398,_21469_,_21469_/D,_16785_,_16785_/D
picorv32,mem_rdata_q[22],$auto$ff.cc:337:slice$7399,_21470_,_21470_/D,_16786_,_16786_/D
picorv32,mem_rdata_q[23],$auto$ff.cc:337:slice$7400,_21471_,_21471_/D,_16787_,_16787_/D
picorv32,mem_rdata_q[24],$auto$ff.cc:337:slice$7401,_21472_,_21472_/D,_16788_,_16788_/D
picorv32,mem_rdata_q[25],$auto$ff.cc:337:slice$7402,_21473_,_21473_/D,_16789_,_16789_/D
picorv32,mem_rdata_q[26],$auto$ff.cc:337:slice$7403,_21474_,_21474_/D,_16790_,_16790_/D
picorv32,mem_rdata_q[27],$auto$ff.cc:337:slice$7404,_21475_,_21475_/D,_16791_,_16791_/D
picorv32,mem_rdata_q[28],$auto$ff.cc:337:slice$7405,_21476_,_21476_/D,_16792_,_16792_/D
picorv32,mem_rdata_q[29],$auto$ff.cc:337:slice$7406,_21477_,_21477_/D,_16793_,_16793_/D
picorv32,mem_rdata_q[30],$auto$ff.cc:337:slice$7407,_21478_,_21478_/D,_16794_,_16794_/D
picorv32,mem_rdata_q[31],$auto$ff.cc:337:slice$7408,_21276_,_21276_/D,_16592_,_16592_/D
picorv32,mem_wstrb[0],$auto$ff.cc:337:slice$7473,_21479_,_21479_/D,_16795_,_16795_/D
picorv32,mem_wstrb[1],$auto$ff.cc:337:slice$7474,_21480_,_21480_/D,_16796_,_16796_/D
picorv32,mem_wstrb[2],$auto$ff.cc:337:slice$7475,_21481_,_21481_/D,_16797_,_16797_/D
picorv32,mem_wstrb[3],$auto$ff.cc:337:slice$7476,_21252_,_21252_/D,_16568_,_16568_/D
picorv32,mem_wdata[0],$auto$ff.cc:337:slice$7479,_21482_,_21482_/D,_16798_,_16798_/D
picorv32,mem_wdata[1],$auto$ff.cc:337:slice$7480,_21483_,_21483_/D,_16799_,_16799_/D
picorv32,mem_wdata[2],$auto$ff.cc:337:slice$7481,_21484_,_21484_/D,_16800_,_16800_/D
picorv32,mem_wdata[3],$auto$ff.cc:337:slice$7482,_21485_,_21485_/D,_16801_,_16801_/D
picorv32,mem_wdata[4],$auto$ff.cc:337:slice$7483,_21486_,_21486_/D,_16802_,_16802_/D
picorv32,mem_wdata[5],$auto$ff.cc:337:slice$7484,_21487_,_21487_/D,_16803_,_16803_/D
picorv32,mem_wdata[6],$auto$ff.cc:337:slice$7485,_21488_,_21488_/D,_16804_,_16804_/D
picorv32,mem_wdata[7],$auto$ff.cc:337:slice$7486,_21489_,_21489_/D,_16805_,_16805_/D
picorv32,mem_wdata[8],$auto$ff.cc:337:slice$7487,_21490_,_21490_/D,_16806_,_16806_/D
picorv32,mem_wdata[9],$auto$ff.cc:337:slice$7488,_21491_,_21491_/D,_16807_,_16807_/D
picorv32,mem_wdata[10],$auto$ff.cc:337:slice$7489,_21492_,_21492_/D,_16808_,_16808_/D
picorv32,mem_wdata[11],$auto$ff.cc:337:slice$7490,_21493_,_21493_/D,_16809_,_16809_/D
picorv32,mem_wdata[12],$auto$ff.cc:337:slice$7491,_21494_,_21494_/D,_16810_,_16810_/D
picorv32,mem_wdata[13],$auto$ff.cc:337:slice$7492,_21495_,_21495_/D,_16811_,_16811_/D
picorv32,mem_wdata[14],$auto$ff.cc:337:slice$7493,_21496_,_21496_/D,_16812_,_16812_/D
picorv32,mem_wdata[15],$auto$ff.cc:337:slice$7494,_21497_,_21497_/D,_16813_,_16813_/D
picorv32,mem_wdata[16],$auto$ff.cc:337:slice$7495,_21498_,_21498_/D,_16814_,_16814_/D
picorv32,mem_wdata[17],$auto$ff.cc:337:slice$7496,_21499_,_21499_/D,_16815_,_16815_/D
picorv32,mem_wdata[18],$auto$ff.cc:337:slice$7497,_21500_,_21500_/D,_16816_,_16816_/D
picorv32,mem_wdata[19],$auto$ff.cc:337:slice$7498,_21501_,_21501_/D,_16817_,_16817_/D
picorv32,mem_wdata[20],$auto$ff.cc:337:slice$7499,_21502_,_21502_/D,_16818_,_16818_/D
picorv32,mem_wdata[21],$auto$ff.cc:337:slice$7500,_21503_,_21503_/D,_16819_,_16819_/D
picorv32,mem_wdata[22],$auto$ff.cc:337:slice$7501,_21504_,_21504_/D,_16820_,_16820_/D
picorv32,mem_wdata[23],$auto$ff.cc:337:slice$7502,_21505_,_21505_/D,_16821_,_16821_/D
picorv32,mem_wdata[24],$auto$ff.cc:337:slice$7503,_21506_,_21506_/D,_16822_,_16822_/D
picorv32,mem_wdata[25],$auto$ff.cc:337:slice$7504,_21507_,_21507_/D,_16823_,_16823_/D
picorv32,mem_wdata[26],$auto$ff.cc:337:slice$7505,_21508_,_21508_/D,_16824_,_16824_/D
picorv32,mem_wdata[27],$auto$ff.cc:337:slice$7506,_21509_,_21509_/D,_16825_,_16825_/D
picorv32,mem_wdata[28],$auto$ff.cc:337:slice$7507,_21510_,_21510_/D,_16826_,_16826_/D
picorv32,mem_wdata[29],$auto$ff.cc:337:slice$7508,_20161_,_20161_/D,_15477_,_15477_/D
picorv32,mem_wdata[30],$auto$ff.cc:337:slice$7509,_20162_,_20162_/D,_15478_,_15478_/D
picorv32,mem_wdata[31],$auto$ff.cc:337:slice$7510,_21284_,_21284_/D,_16600_,_16600_/D
picorv32,mem_wordsize[0],$auto$ff.cc:337:slice$7808,_21327_,_21327_/D,_16643_,_16643_/D
picorv32,mem_wordsize[1],$auto$ff.cc:337:slice$7809,_21326_,_21326_/D,_16642_,_16642_/D
picorv32,mem_wordsize[2],$auto$ff.cc:337:slice$7810,_21362_,_21362_/D,_16678_,_16678_/D
picorv32,cpu_state[0],$auto$ff.cc:337:slice$8714,_20722_,_20722_/D,_16038_,_16038_/D
picorv32,cpu_state[1],$auto$ff.cc:337:slice$8715,_20721_,_20721_/D,_16037_,_16037_/D
picorv32,cpu_state[2],$auto$ff.cc:337:slice$8716,_20250_,_20250_/D,_15566_,_15566_/D
picorv32,cpu_state[3],$auto$ff.cc:337:slice$8717,_20249_,_20249_/D,_15565_,_15565_/D
picorv32,cpu_state[4],$auto$ff.cc:337:slice$8718,_20248_,_20248_/D,_15564_,_15564_/D
picorv32,cpu_state[5],$auto$ff.cc:337:slice$8719,_20247_,_20247_/D,_15563_,_15563_/D
picorv32,cpu_state[6],$auto$ff.cc:337:slice$8720,_21268_,_21268_/D,_16584_,_16584_/D
