design,rtl_bit,split,family,category,bog_path_kind,actual_arrival_ns,predicted_arrival_ns,absolute_error_ns
picorv32,alu_out_q[0],train,pico_femto,processor,reg_to_reg,1.145523,1.1470681,0.0015451428909301068
picorv32,alu_out_q[10],train,pico_femto,processor,reg_to_reg,0.809303,0.8167942,0.007491216632843023
picorv32,alu_out_q[11],train,pico_femto,processor,reg_to_reg,0.894165,0.88929236,0.004872640647888171
picorv32,alu_out_q[12],train,pico_femto,processor,reg_to_reg,0.93741,0.93436223,0.003047767314910854
picorv32,alu_out_q[13],train,pico_femto,processor,reg_to_reg,0.977777,0.9808523,0.0030753058891296314
picorv32,alu_out_q[14],train,pico_femto,processor,reg_to_reg,1.008345,1.0084938,0.00014878108978266802
picorv32,alu_out_q[15],train,pico_femto,processor,reg_to_reg,1.086375,1.08157,0.004804970741272063
picorv32,alu_out_q[16],train,pico_femto,processor,reg_to_reg,0.832348,0.83767825,0.005330253650665306
picorv32,alu_out_q[17],train,pico_femto,processor,reg_to_reg,0.944806,0.94301593,0.0017900669631958355
picorv32,alu_out_q[18],train,pico_femto,processor,reg_to_reg,0.92007,0.92115855,0.0010885521697997502
picorv32,alu_out_q[19],train,pico_femto,processor,reg_to_reg,0.977979,0.9773817,0.000597293762207074
picorv32,alu_out_q[1],train,pico_femto,processor,reg_to_reg,0.629323,0.6321736,0.002850597812652622
picorv32,alu_out_q[20],train,pico_femto,processor,reg_to_reg,0.975382,0.97389925,0.0014827547378539752
picorv32,alu_out_q[21],train,pico_femto,processor,reg_to_reg,1.055099,1.0567564,0.0016573772201537995
picorv32,alu_out_q[22],train,pico_femto,processor,reg_to_reg,1.086319,1.0879976,0.0016785557327270162
picorv32,alu_out_q[23],train,pico_femto,processor,reg_to_reg,1.095144,1.091597,0.0035470389785765555
picorv32,alu_out_q[24],train,pico_femto,processor,reg_to_reg,1.147046,1.148087,0.001041024688720693
picorv32,alu_out_q[25],train,pico_femto,processor,reg_to_reg,1.211795,1.2121674,0.00037238224029545464
picorv32,alu_out_q[26],train,pico_femto,processor,reg_to_reg,1.204316,1.2005641,0.003751853958129825
picorv32,alu_out_q[27],train,pico_femto,processor,reg_to_reg,1.228932,1.2299513,0.0010192624740601453
picorv32,alu_out_q[28],train,pico_femto,processor,reg_to_reg,1.310243,1.3109281,0.0006851063079833519
picorv32,alu_out_q[29],train,pico_femto,processor,reg_to_reg,1.394826,1.3936461,0.00117987897491445
picorv32,alu_out_q[2],train,pico_femto,processor,reg_to_reg,0.636508,0.6194064,0.017101597888946496
picorv32,alu_out_q[30],train,pico_femto,processor,reg_to_reg,1.376435,1.3754421,0.0009928527450562274
picorv32,alu_out_q[31],train,pico_femto,processor,reg_to_reg,1.382282,1.3812299,0.0010521225280761826
picorv32,alu_out_q[3],train,pico_femto,processor,reg_to_reg,0.790464,0.8151357,0.024671717391967718
picorv32,alu_out_q[4],train,pico_femto,processor,reg_to_reg,0.629323,0.6183049,0.011018091724395718
picorv32,alu_out_q[5],train,pico_femto,processor,reg_to_reg,0.636792,0.6375551,0.0007631223754882566
picorv32,alu_out_q[6],train,pico_femto,processor,reg_to_reg,0.726942,0.7262573,0.0006846757812499771
picorv32,alu_out_q[7],train,pico_femto,processor,reg_to_reg,0.725976,0.72536314,0.0006128646621703648
picorv32,alu_out_q[8],train,pico_femto,processor,reg_to_reg,0.726942,0.7208441,0.006097910015106178
picorv32,alu_out_q[9],train,pico_femto,processor,reg_to_reg,0.844547,0.8509821,0.006435129573821974
picorv32,cpu_state[0],train,pico_femto,processor,reg_to_reg,0.502753,0.49598354,0.006769458988189703
picorv32,cpu_state[1],train,pico_femto,processor,input_to_reg,1.410766,1.4096655,0.001100534645080531
picorv32,cpu_state[2],train,pico_femto,processor,reg_to_reg,0.382003,0.38170826,0.0002947356491088682
picorv32,cpu_state[3],train,pico_femto,processor,input_to_reg,1.349787,1.3495306,0.0002564223403931365
picorv32,cpu_state[4],train,pico_femto,processor,reg_to_reg,0.579906,0.58144337,0.0015373693885802897
picorv32,cpu_state[5],train,pico_femto,processor,input_to_reg,1.344741,1.3448563,0.00011526220703128587
picorv32,cpu_state[6],train,pico_femto,processor,input_to_reg,1.344657,1.3464036,0.0017465987854003995
picorv32,cpuregs[0][0],train,pico_femto,processor,reg_to_reg,0.689648,0.69021595,0.0005679452438354105
picorv32,cpuregs[0][10],train,pico_femto,processor,reg_to_reg,0.689648,0.689928,0.00027999520492549834
picorv32,cpuregs[0][11],train,pico_femto,processor,reg_to_reg,0.689648,0.6899602,0.0003121817131042093
picorv32,cpuregs[0][12],train,pico_femto,processor,reg_to_reg,0.689648,0.689917,0.00026902795028682647
picorv32,cpuregs[0][13],train,pico_femto,processor,reg_to_reg,0.689648,0.689917,0.00026902795028682647
picorv32,cpuregs[0][14],train,pico_femto,processor,reg_to_reg,0.689648,0.68731976,0.00232824444580082
picorv32,cpuregs[0][15],train,pico_femto,processor,reg_to_reg,0.689648,0.68731976,0.00232824444580082
picorv32,cpuregs[0][16],train,pico_femto,processor,reg_to_reg,0.720338,0.7201937,0.0001443158988952975
picorv32,cpuregs[0][17],train,pico_femto,processor,reg_to_reg,0.761929,0.7620966,0.00016758384323123376
picorv32,cpuregs[0][18],train,pico_femto,processor,reg_to_reg,0.766871,0.76691383,4.283123397830213e-05
picorv32,cpuregs[0][19],train,pico_femto,processor,reg_to_reg,0.810574,0.810317,0.00025702011489869836
picorv32,cpuregs[0][1],train,pico_femto,processor,reg_to_reg,0.689648,0.69021595,0.0005679452438354105
picorv32,cpuregs[0][20],train,pico_femto,processor,reg_to_reg,0.852166,0.8523901,0.00022411049270631977
picorv32,cpuregs[0][21],train,pico_femto,processor,reg_to_reg,0.85771,0.8576914,1.8592796325656025e-05
picorv32,cpuregs[0][22],train,pico_femto,processor,reg_to_reg,0.90128,0.9012756,4.424839019745441e-06
picorv32,cpuregs[0][23],train,pico_femto,processor,reg_to_reg,0.942871,0.9426888,0.00018217725372315918
picorv32,cpuregs[0][24],train,pico_femto,processor,reg_to_reg,0.947812,0.94794846,0.00013645581054688716
picorv32,cpuregs[0][25],train,pico_femto,processor,reg_to_reg,0.991515,0.99158996,7.496343612667378e-05
picorv32,cpuregs[0][26],train,pico_femto,processor,reg_to_reg,1.033106,1.0330937,1.2309127807696996e-05
picorv32,cpuregs[0][27],train,pico_femto,processor,reg_to_reg,1.03824,1.0380862,0.00015382408142095017
picorv32,cpuregs[0][28],train,pico_femto,processor,reg_to_reg,1.067744,1.0677999,5.5925804138157176e-05
picorv32,cpuregs[0][29],train,pico_femto,processor,reg_to_reg,1.112199,1.1121975,1.481651306090015e-06
picorv32,cpuregs[0][2],train,pico_femto,processor,reg_to_reg,0.689648,0.69021595,0.0005679452438354105
picorv32,cpuregs[0][30],train,pico_femto,processor,reg_to_reg,1.138849,1.1389318,8.275125122070293e-05
picorv32,cpuregs[0][31],train,pico_femto,processor,reg_to_reg,1.147017,1.1469097,0.00010728625488276577
picorv32,cpuregs[0][3],train,pico_femto,processor,reg_to_reg,0.689648,0.6893854,0.0002625858764648825
picorv32,cpuregs[0][4],train,pico_femto,processor,reg_to_reg,0.689648,0.69006044,0.0004124367256164163
picorv32,cpuregs[0][5],train,pico_femto,processor,reg_to_reg,0.689648,0.6881632,0.0014847791175842673
picorv32,cpuregs[0][6],train,pico_femto,processor,reg_to_reg,0.689648,0.68884546,0.0008025443534851462
picorv32,cpuregs[0][7],train,pico_femto,processor,reg_to_reg,0.689648,0.6898598,0.00021180749130245147
picorv32,cpuregs[0][8],train,pico_femto,processor,reg_to_reg,0.689648,0.68990445,0.00025645137023921905
picorv32,cpuregs[0][9],train,pico_femto,processor,reg_to_reg,0.689648,0.6899241,0.00027612090301509795
picorv32,cpuregs[10][0],train,pico_femto,processor,reg_to_reg,0.686035,0.6860326,2.406749725292201e-06
picorv32,cpuregs[10][10],train,pico_femto,processor,reg_to_reg,0.686035,0.6860552,2.0183410644580846e-05
picorv32,cpuregs[10][11],train,pico_femto,processor,reg_to_reg,0.686035,0.68608737,5.236991882329178e-05
picorv32,cpuregs[10][12],train,pico_femto,processor,reg_to_reg,0.686035,0.6860442,9.216156005908971e-06
picorv32,cpuregs[10][13],train,pico_femto,processor,reg_to_reg,0.686035,0.6860442,9.216156005908971e-06
picorv32,cpuregs[10][14],train,pico_femto,processor,reg_to_reg,0.686035,0.68731976,0.0012847555541992683
picorv32,cpuregs[10][15],train,pico_femto,processor,reg_to_reg,0.686035,0.68731976,0.0012847555541992683
picorv32,cpuregs[10][16],train,pico_femto,processor,reg_to_reg,0.720338,0.7201937,0.0001443158988952975
picorv32,cpuregs[10][17],train,pico_femto,processor,reg_to_reg,0.761929,0.7620966,0.00016758384323123376
picorv32,cpuregs[10][18],train,pico_femto,processor,reg_to_reg,0.766871,0.76691383,4.283123397830213e-05
picorv32,cpuregs[10][19],train,pico_femto,processor,reg_to_reg,0.810574,0.810317,0.00025702011489869836
picorv32,cpuregs[10][1],train,pico_femto,processor,reg_to_reg,0.686035,0.6860326,2.406749725292201e-06
picorv32,cpuregs[10][20],train,pico_femto,processor,reg_to_reg,0.852166,0.8523901,0.00022411049270631977
picorv32,cpuregs[10][21],train,pico_femto,processor,reg_to_reg,0.85771,0.8576914,1.8592796325656025e-05
picorv32,cpuregs[10][22],train,pico_femto,processor,reg_to_reg,0.90128,0.9012756,4.424839019745441e-06
picorv32,cpuregs[10][23],train,pico_femto,processor,reg_to_reg,0.942871,0.9426888,0.00018217725372315918
picorv32,cpuregs[10][24],train,pico_femto,processor,reg_to_reg,0.947812,0.94794846,0.00013645581054688716
picorv32,cpuregs[10][25],train,pico_femto,processor,reg_to_reg,0.991515,0.99158996,7.496343612667378e-05
picorv32,cpuregs[10][26],train,pico_femto,processor,reg_to_reg,1.033106,1.0330937,1.2309127807696996e-05
picorv32,cpuregs[10][27],train,pico_femto,processor,reg_to_reg,1.03824,1.0380862,0.00015382408142095017
picorv32,cpuregs[10][28],train,pico_femto,processor,reg_to_reg,1.067744,1.0677999,5.5925804138157176e-05
picorv32,cpuregs[10][29],train,pico_femto,processor,reg_to_reg,1.112199,1.1121975,1.481651306090015e-06
picorv32,cpuregs[10][2],train,pico_femto,processor,reg_to_reg,0.686035,0.6860326,2.406749725292201e-06
picorv32,cpuregs[10][30],train,pico_femto,processor,reg_to_reg,1.138849,1.1389318,8.275125122070293e-05
picorv32,cpuregs[10][31],train,pico_femto,processor,reg_to_reg,1.147017,1.1469097,0.00010728625488276577
picorv32,cpuregs[10][3],train,pico_femto,processor,reg_to_reg,0.686035,0.68599516,3.9838466644237513e-05
picorv32,cpuregs[10][4],train,pico_femto,processor,reg_to_reg,0.686035,0.6860042,3.077856063837814e-05
picorv32,cpuregs[10][5],train,pico_femto,processor,reg_to_reg,0.686035,0.68610066,6.566175460820389e-05
picorv32,cpuregs[10][6],train,pico_femto,processor,reg_to_reg,0.686035,0.68609196,5.695947647099686e-05
picorv32,cpuregs[10][7],train,pico_femto,processor,reg_to_reg,0.686035,0.685987,4.800430297846603e-05
picorv32,cpuregs[10][8],train,pico_femto,processor,reg_to_reg,0.686035,0.68603164,3.360424041698451e-06
picorv32,cpuregs[10][9],train,pico_femto,processor,reg_to_reg,0.686035,0.6860513,1.6309108734180455e-05
picorv32,cpuregs[11][0],train,pico_femto,processor,reg_to_reg,0.686035,0.6860326,2.406749725292201e-06
picorv32,cpuregs[11][10],train,pico_femto,processor,reg_to_reg,0.686035,0.6860552,2.0183410644580846e-05
picorv32,cpuregs[11][11],train,pico_femto,processor,reg_to_reg,0.686035,0.68608737,5.236991882329178e-05
picorv32,cpuregs[11][12],train,pico_femto,processor,reg_to_reg,0.686035,0.6860442,9.216156005908971e-06
picorv32,cpuregs[11][13],train,pico_femto,processor,reg_to_reg,0.686035,0.6860442,9.216156005908971e-06
picorv32,cpuregs[11][14],train,pico_femto,processor,reg_to_reg,0.686035,0.68731976,0.0012847555541992683
picorv32,cpuregs[11][15],train,pico_femto,processor,reg_to_reg,0.686035,0.68731976,0.0012847555541992683
picorv32,cpuregs[11][16],train,pico_femto,processor,reg_to_reg,0.720338,0.7201937,0.0001443158988952975
picorv32,cpuregs[11][17],train,pico_femto,processor,reg_to_reg,0.761929,0.7620966,0.00016758384323123376
picorv32,cpuregs[11][18],train,pico_femto,processor,reg_to_reg,0.766871,0.76691383,4.283123397830213e-05
picorv32,cpuregs[11][19],train,pico_femto,processor,reg_to_reg,0.810574,0.810317,0.00025702011489869836
picorv32,cpuregs[11][1],train,pico_femto,processor,reg_to_reg,0.686035,0.6860326,2.406749725292201e-06
picorv32,cpuregs[11][20],train,pico_femto,processor,reg_to_reg,0.852166,0.8523901,0.00022411049270631977
picorv32,cpuregs[11][21],train,pico_femto,processor,reg_to_reg,0.85771,0.8576914,1.8592796325656025e-05
picorv32,cpuregs[11][22],train,pico_femto,processor,reg_to_reg,0.90128,0.9012756,4.424839019745441e-06
picorv32,cpuregs[11][23],train,pico_femto,processor,reg_to_reg,0.942871,0.9426888,0.00018217725372315918
picorv32,cpuregs[11][24],train,pico_femto,processor,reg_to_reg,0.947812,0.94794846,0.00013645581054688716
picorv32,cpuregs[11][25],train,pico_femto,processor,reg_to_reg,0.991515,0.99158996,7.496343612667378e-05
picorv32,cpuregs[11][26],train,pico_femto,processor,reg_to_reg,1.033106,1.0330937,1.2309127807696996e-05
picorv32,cpuregs[11][27],train,pico_femto,processor,reg_to_reg,1.03824,1.0380862,0.00015382408142095017
picorv32,cpuregs[11][28],train,pico_femto,processor,reg_to_reg,1.067744,1.0677999,5.5925804138157176e-05
picorv32,cpuregs[11][29],train,pico_femto,processor,reg_to_reg,1.112199,1.1121975,1.481651306090015e-06
picorv32,cpuregs[11][2],train,pico_femto,processor,reg_to_reg,0.686035,0.6860326,2.406749725292201e-06
picorv32,cpuregs[11][30],train,pico_femto,processor,reg_to_reg,1.138849,1.1389318,8.275125122070293e-05
picorv32,cpuregs[11][31],train,pico_femto,processor,reg_to_reg,1.147017,1.1469097,0.00010728625488276577
picorv32,cpuregs[11][3],train,pico_femto,processor,reg_to_reg,0.686035,0.68599516,3.9838466644237513e-05
picorv32,cpuregs[11][4],train,pico_femto,processor,reg_to_reg,0.686035,0.6860042,3.077856063837814e-05
picorv32,cpuregs[11][5],train,pico_femto,processor,reg_to_reg,0.686035,0.68610066,6.566175460820389e-05
picorv32,cpuregs[11][6],train,pico_femto,processor,reg_to_reg,0.686035,0.68609196,5.695947647099686e-05
picorv32,cpuregs[11][7],train,pico_femto,processor,reg_to_reg,0.686035,0.685987,4.800430297846603e-05
picorv32,cpuregs[11][8],train,pico_femto,processor,reg_to_reg,0.686035,0.68603164,3.360424041698451e-06
picorv32,cpuregs[11][9],train,pico_femto,processor,reg_to_reg,0.686035,0.6860513,1.6309108734180455e-05
picorv32,cpuregs[12][0],train,pico_femto,processor,reg_to_reg,0.686035,0.68603075,4.25449371332931e-06
picorv32,cpuregs[12][10],train,pico_femto,processor,reg_to_reg,0.686035,0.6860552,2.0183410644580846e-05
picorv32,cpuregs[12][11],train,pico_femto,processor,reg_to_reg,0.686035,0.68608737,5.236991882329178e-05
picorv32,cpuregs[12][12],train,pico_femto,processor,reg_to_reg,0.686035,0.6860442,9.216156005908971e-06
picorv32,cpuregs[12][13],train,pico_femto,processor,reg_to_reg,0.686035,0.6860442,9.216156005908971e-06
picorv32,cpuregs[12][14],train,pico_femto,processor,reg_to_reg,0.686035,0.68731976,0.0012847555541992683
picorv32,cpuregs[12][15],train,pico_femto,processor,reg_to_reg,0.686035,0.68731976,0.0012847555541992683
picorv32,cpuregs[12][16],train,pico_femto,processor,reg_to_reg,0.720338,0.7201937,0.0001443158988952975
picorv32,cpuregs[12][17],train,pico_femto,processor,reg_to_reg,0.761929,0.7620966,0.00016758384323123376
picorv32,cpuregs[12][18],train,pico_femto,processor,reg_to_reg,0.766871,0.76691383,4.283123397830213e-05
picorv32,cpuregs[12][19],train,pico_femto,processor,reg_to_reg,0.810574,0.810317,0.00025702011489869836
picorv32,cpuregs[12][1],train,pico_femto,processor,reg_to_reg,0.686035,0.68603075,4.25449371332931e-06
picorv32,cpuregs[12][20],train,pico_femto,processor,reg_to_reg,0.852166,0.8523901,0.00022411049270631977
picorv32,cpuregs[12][21],train,pico_femto,processor,reg_to_reg,0.85771,0.8576914,1.8592796325656025e-05
picorv32,cpuregs[12][22],train,pico_femto,processor,reg_to_reg,0.90128,0.9012756,4.424839019745441e-06
picorv32,cpuregs[12][23],train,pico_femto,processor,reg_to_reg,0.942871,0.9426888,0.00018217725372315918
picorv32,cpuregs[12][24],train,pico_femto,processor,reg_to_reg,0.947812,0.94794846,0.00013645581054688716
picorv32,cpuregs[12][25],train,pico_femto,processor,reg_to_reg,0.991515,0.99158996,7.496343612667378e-05
picorv32,cpuregs[12][26],train,pico_femto,processor,reg_to_reg,1.033106,1.0330937,1.2309127807696996e-05
picorv32,cpuregs[12][27],train,pico_femto,processor,reg_to_reg,1.03824,1.0380862,0.00015382408142095017
picorv32,cpuregs[12][28],train,pico_femto,processor,reg_to_reg,1.067744,1.0677999,5.5925804138157176e-05
picorv32,cpuregs[12][29],train,pico_femto,processor,reg_to_reg,1.112199,1.1121975,1.481651306090015e-06
picorv32,cpuregs[12][2],train,pico_femto,processor,reg_to_reg,0.686035,0.68603075,4.25449371332931e-06
picorv32,cpuregs[12][30],train,pico_femto,processor,reg_to_reg,1.138849,1.1389318,8.275125122070293e-05
picorv32,cpuregs[12][31],train,pico_femto,processor,reg_to_reg,1.147017,1.1469097,0.00010728625488276577
picorv32,cpuregs[12][3],train,pico_femto,processor,reg_to_reg,0.686035,0.6859933,4.168621063227462e-05
picorv32,cpuregs[12][4],train,pico_femto,processor,reg_to_reg,0.686035,0.6860024,3.262630462641525e-05
picorv32,cpuregs[12][5],train,pico_femto,processor,reg_to_reg,0.686035,0.6860988,6.381401062016678e-05
picorv32,cpuregs[12][6],train,pico_femto,processor,reg_to_reg,0.686035,0.68610895,7.394680023198319e-05
picorv32,cpuregs[12][7],train,pico_femto,processor,reg_to_reg,0.686035,0.685987,4.800430297846603e-05
picorv32,cpuregs[12][8],train,pico_femto,processor,reg_to_reg,0.686035,0.68603164,3.360424041698451e-06
picorv32,cpuregs[12][9],train,pico_femto,processor,reg_to_reg,0.686035,0.6860513,1.6309108734180455e-05
picorv32,cpuregs[13][0],train,pico_femto,processor,reg_to_reg,0.686035,0.68603075,4.25449371332931e-06
picorv32,cpuregs[13][10],train,pico_femto,processor,reg_to_reg,0.686035,0.6860552,2.0183410644580846e-05
picorv32,cpuregs[13][11],train,pico_femto,processor,reg_to_reg,0.686035,0.68608737,5.236991882329178e-05
picorv32,cpuregs[13][12],train,pico_femto,processor,reg_to_reg,0.686035,0.6860442,9.216156005908971e-06
picorv32,cpuregs[13][13],train,pico_femto,processor,reg_to_reg,0.686035,0.6860442,9.216156005908971e-06
picorv32,cpuregs[13][14],train,pico_femto,processor,reg_to_reg,0.686035,0.68731976,0.0012847555541992683
picorv32,cpuregs[13][15],train,pico_femto,processor,reg_to_reg,0.686035,0.68731976,0.0012847555541992683
picorv32,cpuregs[13][16],train,pico_femto,processor,reg_to_reg,0.720338,0.7201937,0.0001443158988952975
picorv32,cpuregs[13][17],train,pico_femto,processor,reg_to_reg,0.761929,0.7620966,0.00016758384323123376
picorv32,cpuregs[13][18],train,pico_femto,processor,reg_to_reg,0.766871,0.76691383,4.283123397830213e-05
picorv32,cpuregs[13][19],train,pico_femto,processor,reg_to_reg,0.810574,0.810317,0.00025702011489869836
picorv32,cpuregs[13][1],train,pico_femto,processor,reg_to_reg,0.686035,0.68603075,4.25449371332931e-06
picorv32,cpuregs[13][20],train,pico_femto,processor,reg_to_reg,0.852166,0.8523901,0.00022411049270631977
picorv32,cpuregs[13][21],train,pico_femto,processor,reg_to_reg,0.85771,0.8576914,1.8592796325656025e-05
picorv32,cpuregs[13][22],train,pico_femto,processor,reg_to_reg,0.90128,0.9012756,4.424839019745441e-06
picorv32,cpuregs[13][23],train,pico_femto,processor,reg_to_reg,0.942871,0.9426888,0.00018217725372315918
picorv32,cpuregs[13][24],train,pico_femto,processor,reg_to_reg,0.947812,0.94794846,0.00013645581054688716
picorv32,cpuregs[13][25],train,pico_femto,processor,reg_to_reg,0.991515,0.99158996,7.496343612667378e-05
picorv32,cpuregs[13][26],train,pico_femto,processor,reg_to_reg,1.033106,1.0330937,1.2309127807696996e-05
picorv32,cpuregs[13][27],train,pico_femto,processor,reg_to_reg,1.03824,1.0380862,0.00015382408142095017
picorv32,cpuregs[13][28],train,pico_femto,processor,reg_to_reg,1.067744,1.0677999,5.5925804138157176e-05
picorv32,cpuregs[13][29],train,pico_femto,processor,reg_to_reg,1.112199,1.1121975,1.481651306090015e-06
picorv32,cpuregs[13][2],train,pico_femto,processor,reg_to_reg,0.686035,0.68603075,4.25449371332931e-06
picorv32,cpuregs[13][30],train,pico_femto,processor,reg_to_reg,1.138849,1.1389318,8.275125122070293e-05
picorv32,cpuregs[13][31],train,pico_femto,processor,reg_to_reg,1.147017,1.1469097,0.00010728625488276577
picorv32,cpuregs[13][3],train,pico_femto,processor,reg_to_reg,0.686035,0.6859933,4.168621063227462e-05
picorv32,cpuregs[13][4],train,pico_femto,processor,reg_to_reg,0.686035,0.6860024,3.262630462641525e-05
picorv32,cpuregs[13][5],train,pico_femto,processor,reg_to_reg,0.686035,0.6860988,6.381401062016678e-05
picorv32,cpuregs[13][6],train,pico_femto,processor,reg_to_reg,0.686035,0.68610895,7.394680023198319e-05
picorv32,cpuregs[13][7],train,pico_femto,processor,reg_to_reg,0.686035,0.685987,4.800430297846603e-05
picorv32,cpuregs[13][8],train,pico_femto,processor,reg_to_reg,0.686035,0.68603164,3.360424041698451e-06
picorv32,cpuregs[13][9],train,pico_femto,processor,reg_to_reg,0.686035,0.6860513,1.6309108734180455e-05
picorv32,cpuregs[14][0],train,pico_femto,processor,reg_to_reg,0.686035,0.68603075,4.25449371332931e-06
picorv32,cpuregs[14][10],train,pico_femto,processor,reg_to_reg,0.686035,0.6860552,2.0183410644580846e-05
picorv32,cpuregs[14][11],train,pico_femto,processor,reg_to_reg,0.686035,0.68608737,5.236991882329178e-05
picorv32,cpuregs[14][12],train,pico_femto,processor,reg_to_reg,0.686035,0.6860442,9.216156005908971e-06
picorv32,cpuregs[14][13],train,pico_femto,processor,reg_to_reg,0.686035,0.6860442,9.216156005908971e-06
picorv32,cpuregs[14][14],train,pico_femto,processor,reg_to_reg,0.686035,0.68731976,0.0012847555541992683
picorv32,cpuregs[14][15],train,pico_femto,processor,reg_to_reg,0.686035,0.68731976,0.0012847555541992683
picorv32,cpuregs[14][16],train,pico_femto,processor,reg_to_reg,0.720338,0.7201937,0.0001443158988952975
picorv32,cpuregs[14][17],train,pico_femto,processor,reg_to_reg,0.761929,0.7620966,0.00016758384323123376
picorv32,cpuregs[14][18],train,pico_femto,processor,reg_to_reg,0.766871,0.76691383,4.283123397830213e-05
picorv32,cpuregs[14][19],train,pico_femto,processor,reg_to_reg,0.810574,0.810317,0.00025702011489869836
picorv32,cpuregs[14][1],train,pico_femto,processor,reg_to_reg,0.686035,0.68603075,4.25449371332931e-06
picorv32,cpuregs[14][20],train,pico_femto,processor,reg_to_reg,0.852166,0.8523901,0.00022411049270631977
picorv32,cpuregs[14][21],train,pico_femto,processor,reg_to_reg,0.85771,0.8576914,1.8592796325656025e-05
picorv32,cpuregs[14][22],train,pico_femto,processor,reg_to_reg,0.90128,0.9012756,4.424839019745441e-06
picorv32,cpuregs[14][23],train,pico_femto,processor,reg_to_reg,0.942871,0.9426888,0.00018217725372315918
picorv32,cpuregs[14][24],train,pico_femto,processor,reg_to_reg,0.947812,0.94794846,0.00013645581054688716
picorv32,cpuregs[14][25],train,pico_femto,processor,reg_to_reg,0.991515,0.99158996,7.496343612667378e-05
picorv32,cpuregs[14][26],train,pico_femto,processor,reg_to_reg,1.033106,1.0330937,1.2309127807696996e-05
picorv32,cpuregs[14][27],train,pico_femto,processor,reg_to_reg,1.03824,1.0380862,0.00015382408142095017
picorv32,cpuregs[14][28],train,pico_femto,processor,reg_to_reg,1.067744,1.0677999,5.5925804138157176e-05
picorv32,cpuregs[14][29],train,pico_femto,processor,reg_to_reg,1.112199,1.1121975,1.481651306090015e-06
picorv32,cpuregs[14][2],train,pico_femto,processor,reg_to_reg,0.686035,0.68603075,4.25449371332931e-06
picorv32,cpuregs[14][30],train,pico_femto,processor,reg_to_reg,1.138849,1.1389318,8.275125122070293e-05
picorv32,cpuregs[14][31],train,pico_femto,processor,reg_to_reg,1.147017,1.1469097,0.00010728625488276577
picorv32,cpuregs[14][3],train,pico_femto,processor,reg_to_reg,0.686035,0.6859933,4.168621063227462e-05
picorv32,cpuregs[14][4],train,pico_femto,processor,reg_to_reg,0.686035,0.6860024,3.262630462641525e-05
picorv32,cpuregs[14][5],train,pico_femto,processor,reg_to_reg,0.686035,0.6860988,6.381401062016678e-05
picorv32,cpuregs[14][6],train,pico_femto,processor,reg_to_reg,0.686035,0.68610895,7.394680023198319e-05
picorv32,cpuregs[14][7],train,pico_femto,processor,reg_to_reg,0.686035,0.685987,4.800430297846603e-05
picorv32,cpuregs[14][8],train,pico_femto,processor,reg_to_reg,0.686035,0.68603164,3.360424041698451e-06
picorv32,cpuregs[14][9],train,pico_femto,processor,reg_to_reg,0.686035,0.6860513,1.6309108734180455e-05
picorv32,cpuregs[15][0],train,pico_femto,processor,reg_to_reg,0.686035,0.68603075,4.25449371332931e-06
picorv32,cpuregs[15][10],train,pico_femto,processor,reg_to_reg,0.686035,0.6860552,2.0183410644580846e-05
picorv32,cpuregs[15][11],train,pico_femto,processor,reg_to_reg,0.686035,0.68608737,5.236991882329178e-05
picorv32,cpuregs[15][12],train,pico_femto,processor,reg_to_reg,0.686035,0.6860442,9.216156005908971e-06
picorv32,cpuregs[15][13],train,pico_femto,processor,reg_to_reg,0.686035,0.6860442,9.216156005908971e-06
picorv32,cpuregs[15][14],train,pico_femto,processor,reg_to_reg,0.686035,0.68731976,0.0012847555541992683
picorv32,cpuregs[15][15],train,pico_femto,processor,reg_to_reg,0.686035,0.68731976,0.0012847555541992683
picorv32,cpuregs[15][16],train,pico_femto,processor,reg_to_reg,0.720338,0.7201937,0.0001443158988952975
picorv32,cpuregs[15][17],train,pico_femto,processor,reg_to_reg,0.761929,0.7620966,0.00016758384323123376
picorv32,cpuregs[15][18],train,pico_femto,processor,reg_to_reg,0.766871,0.76691383,4.283123397830213e-05
picorv32,cpuregs[15][19],train,pico_femto,processor,reg_to_reg,0.810574,0.810317,0.00025702011489869836
picorv32,cpuregs[15][1],train,pico_femto,processor,reg_to_reg,0.686035,0.68603075,4.25449371332931e-06
picorv32,cpuregs[15][20],train,pico_femto,processor,reg_to_reg,0.852166,0.8523901,0.00022411049270631977
picorv32,cpuregs[15][21],train,pico_femto,processor,reg_to_reg,0.85771,0.8576914,1.8592796325656025e-05
picorv32,cpuregs[15][22],train,pico_femto,processor,reg_to_reg,0.90128,0.9012756,4.424839019745441e-06
picorv32,cpuregs[15][23],train,pico_femto,processor,reg_to_reg,0.942871,0.9426888,0.00018217725372315918
picorv32,cpuregs[15][24],train,pico_femto,processor,reg_to_reg,0.947812,0.94794846,0.00013645581054688716
picorv32,cpuregs[15][25],train,pico_femto,processor,reg_to_reg,0.991515,0.99158996,7.496343612667378e-05
picorv32,cpuregs[15][26],train,pico_femto,processor,reg_to_reg,1.033106,1.0330937,1.2309127807696996e-05
picorv32,cpuregs[15][27],train,pico_femto,processor,reg_to_reg,1.03824,1.0380862,0.00015382408142095017
picorv32,cpuregs[15][28],train,pico_femto,processor,reg_to_reg,1.067744,1.0677999,5.5925804138157176e-05
picorv32,cpuregs[15][29],train,pico_femto,processor,reg_to_reg,1.112199,1.1121975,1.481651306090015e-06
picorv32,cpuregs[15][2],train,pico_femto,processor,reg_to_reg,0.686035,0.68603075,4.25449371332931e-06
picorv32,cpuregs[15][30],train,pico_femto,processor,reg_to_reg,1.138849,1.1389318,8.275125122070293e-05
picorv32,cpuregs[15][31],train,pico_femto,processor,reg_to_reg,1.147017,1.1469097,0.00010728625488276577
picorv32,cpuregs[15][3],train,pico_femto,processor,reg_to_reg,0.686035,0.6859933,4.168621063227462e-05
picorv32,cpuregs[15][4],train,pico_femto,processor,reg_to_reg,0.686035,0.6860024,3.262630462641525e-05
picorv32,cpuregs[15][5],train,pico_femto,processor,reg_to_reg,0.686035,0.6860988,6.381401062016678e-05
picorv32,cpuregs[15][6],train,pico_femto,processor,reg_to_reg,0.686035,0.68610895,7.394680023198319e-05
picorv32,cpuregs[15][7],train,pico_femto,processor,reg_to_reg,0.686035,0.685987,4.800430297846603e-05
picorv32,cpuregs[15][8],train,pico_femto,processor,reg_to_reg,0.686035,0.68603164,3.360424041698451e-06
picorv32,cpuregs[15][9],train,pico_femto,processor,reg_to_reg,0.686035,0.6860513,1.6309108734180455e-05
picorv32,cpuregs[16][0],train,pico_femto,processor,reg_to_reg,0.686035,0.6860326,2.406749725292201e-06
picorv32,cpuregs[16][10],train,pico_femto,processor,reg_to_reg,0.686035,0.6860552,2.0183410644580846e-05
picorv32,cpuregs[16][11],train,pico_femto,processor,reg_to_reg,0.686035,0.68608737,5.236991882329178e-05
picorv32,cpuregs[16][12],train,pico_femto,processor,reg_to_reg,0.686035,0.6860442,9.216156005908971e-06
picorv32,cpuregs[16][13],train,pico_femto,processor,reg_to_reg,0.686035,0.6860442,9.216156005908971e-06
picorv32,cpuregs[16][14],train,pico_femto,processor,reg_to_reg,0.686035,0.68731976,0.0012847555541992683
picorv32,cpuregs[16][15],train,pico_femto,processor,reg_to_reg,0.686035,0.68731976,0.0012847555541992683
picorv32,cpuregs[16][16],train,pico_femto,processor,reg_to_reg,0.720338,0.7201937,0.0001443158988952975
picorv32,cpuregs[16][17],train,pico_femto,processor,reg_to_reg,0.761929,0.7620966,0.00016758384323123376
picorv32,cpuregs[16][18],train,pico_femto,processor,reg_to_reg,0.766871,0.76691383,4.283123397830213e-05
picorv32,cpuregs[16][19],train,pico_femto,processor,reg_to_reg,0.810574,0.810317,0.00025702011489869836
picorv32,cpuregs[16][1],train,pico_femto,processor,reg_to_reg,0.686035,0.6860326,2.406749725292201e-06
picorv32,cpuregs[16][20],train,pico_femto,processor,reg_to_reg,0.852166,0.8523901,0.00022411049270631977
picorv32,cpuregs[16][21],train,pico_femto,processor,reg_to_reg,0.85771,0.8576914,1.8592796325656025e-05
picorv32,cpuregs[16][22],train,pico_femto,processor,reg_to_reg,0.90128,0.9012756,4.424839019745441e-06
picorv32,cpuregs[16][23],train,pico_femto,processor,reg_to_reg,0.942871,0.9426888,0.00018217725372315918
picorv32,cpuregs[16][24],train,pico_femto,processor,reg_to_reg,0.947812,0.94794846,0.00013645581054688716
picorv32,cpuregs[16][25],train,pico_femto,processor,reg_to_reg,0.991515,0.99158996,7.496343612667378e-05
picorv32,cpuregs[16][26],train,pico_femto,processor,reg_to_reg,1.033106,1.0330937,1.2309127807696996e-05
picorv32,cpuregs[16][27],train,pico_femto,processor,reg_to_reg,1.03824,1.0380862,0.00015382408142095017
picorv32,cpuregs[16][28],train,pico_femto,processor,reg_to_reg,1.067744,1.0677999,5.5925804138157176e-05
picorv32,cpuregs[16][29],train,pico_femto,processor,reg_to_reg,1.112199,1.1121975,1.481651306090015e-06
picorv32,cpuregs[16][2],train,pico_femto,processor,reg_to_reg,0.686035,0.6860326,2.406749725292201e-06
picorv32,cpuregs[16][30],train,pico_femto,processor,reg_to_reg,1.138849,1.1389318,8.275125122070293e-05
picorv32,cpuregs[16][31],train,pico_femto,processor,reg_to_reg,1.147017,1.1469097,0.00010728625488276577
picorv32,cpuregs[16][3],train,pico_femto,processor,reg_to_reg,0.686035,0.68599516,3.9838466644237513e-05
picorv32,cpuregs[16][4],train,pico_femto,processor,reg_to_reg,0.686035,0.6860042,3.077856063837814e-05
picorv32,cpuregs[16][5],train,pico_femto,processor,reg_to_reg,0.686035,0.68610066,6.566175460820389e-05
picorv32,cpuregs[16][6],train,pico_femto,processor,reg_to_reg,0.686035,0.68609196,5.695947647099686e-05
picorv32,cpuregs[16][7],train,pico_femto,processor,reg_to_reg,0.686035,0.685987,4.800430297846603e-05
picorv32,cpuregs[16][8],train,pico_femto,processor,reg_to_reg,0.686035,0.68603164,3.360424041698451e-06
picorv32,cpuregs[16][9],train,pico_femto,processor,reg_to_reg,0.686035,0.6860513,1.6309108734180455e-05
picorv32,cpuregs[17][0],train,pico_femto,processor,reg_to_reg,0.686035,0.6860326,2.406749725292201e-06
picorv32,cpuregs[17][10],train,pico_femto,processor,reg_to_reg,0.686035,0.6860552,2.0183410644580846e-05
picorv32,cpuregs[17][11],train,pico_femto,processor,reg_to_reg,0.686035,0.68608737,5.236991882329178e-05
picorv32,cpuregs[17][12],train,pico_femto,processor,reg_to_reg,0.686035,0.6860442,9.216156005908971e-06
picorv32,cpuregs[17][13],train,pico_femto,processor,reg_to_reg,0.686035,0.6860442,9.216156005908971e-06
picorv32,cpuregs[17][14],train,pico_femto,processor,reg_to_reg,0.686035,0.68731976,0.0012847555541992683
picorv32,cpuregs[17][15],train,pico_femto,processor,reg_to_reg,0.686035,0.68731976,0.0012847555541992683
picorv32,cpuregs[17][16],train,pico_femto,processor,reg_to_reg,0.720338,0.7201937,0.0001443158988952975
picorv32,cpuregs[17][17],train,pico_femto,processor,reg_to_reg,0.761929,0.7620966,0.00016758384323123376
picorv32,cpuregs[17][18],train,pico_femto,processor,reg_to_reg,0.766871,0.76691383,4.283123397830213e-05
picorv32,cpuregs[17][19],train,pico_femto,processor,reg_to_reg,0.810574,0.810317,0.00025702011489869836
picorv32,cpuregs[17][1],train,pico_femto,processor,reg_to_reg,0.686035,0.6860326,2.406749725292201e-06
picorv32,cpuregs[17][20],train,pico_femto,processor,reg_to_reg,0.852166,0.8523901,0.00022411049270631977
picorv32,cpuregs[17][21],train,pico_femto,processor,reg_to_reg,0.85771,0.8576914,1.8592796325656025e-05
picorv32,cpuregs[17][22],train,pico_femto,processor,reg_to_reg,0.90128,0.9012756,4.424839019745441e-06
picorv32,cpuregs[17][23],train,pico_femto,processor,reg_to_reg,0.942871,0.9426888,0.00018217725372315918
picorv32,cpuregs[17][24],train,pico_femto,processor,reg_to_reg,0.947812,0.94794846,0.00013645581054688716
picorv32,cpuregs[17][25],train,pico_femto,processor,reg_to_reg,0.991515,0.99158996,7.496343612667378e-05
picorv32,cpuregs[17][26],train,pico_femto,processor,reg_to_reg,1.033106,1.0330937,1.2309127807696996e-05
picorv32,cpuregs[17][27],train,pico_femto,processor,reg_to_reg,1.03824,1.0380862,0.00015382408142095017
picorv32,cpuregs[17][28],train,pico_femto,processor,reg_to_reg,1.067744,1.0677999,5.5925804138157176e-05
picorv32,cpuregs[17][29],train,pico_femto,processor,reg_to_reg,1.112199,1.1121975,1.481651306090015e-06
picorv32,cpuregs[17][2],train,pico_femto,processor,reg_to_reg,0.686035,0.6860326,2.406749725292201e-06
picorv32,cpuregs[17][30],train,pico_femto,processor,reg_to_reg,1.138849,1.1389318,8.275125122070293e-05
picorv32,cpuregs[17][31],train,pico_femto,processor,reg_to_reg,1.147017,1.1469097,0.00010728625488276577
picorv32,cpuregs[17][3],train,pico_femto,processor,reg_to_reg,0.686035,0.68599516,3.9838466644237513e-05
picorv32,cpuregs[17][4],train,pico_femto,processor,reg_to_reg,0.686035,0.6860042,3.077856063837814e-05
picorv32,cpuregs[17][5],train,pico_femto,processor,reg_to_reg,0.686035,0.68610066,6.566175460820389e-05
picorv32,cpuregs[17][6],train,pico_femto,processor,reg_to_reg,0.686035,0.68609196,5.695947647099686e-05
picorv32,cpuregs[17][7],train,pico_femto,processor,reg_to_reg,0.686035,0.685987,4.800430297846603e-05
picorv32,cpuregs[17][8],train,pico_femto,processor,reg_to_reg,0.686035,0.68603164,3.360424041698451e-06
picorv32,cpuregs[17][9],train,pico_femto,processor,reg_to_reg,0.686035,0.6860513,1.6309108734180455e-05
picorv32,cpuregs[18][0],train,pico_femto,processor,reg_to_reg,0.686035,0.6860326,2.406749725292201e-06
picorv32,cpuregs[18][10],train,pico_femto,processor,reg_to_reg,0.686035,0.6860552,2.0183410644580846e-05
picorv32,cpuregs[18][11],train,pico_femto,processor,reg_to_reg,0.686035,0.68608737,5.236991882329178e-05
picorv32,cpuregs[18][12],train,pico_femto,processor,reg_to_reg,0.686035,0.6860442,9.216156005908971e-06
picorv32,cpuregs[18][13],train,pico_femto,processor,reg_to_reg,0.686035,0.6860442,9.216156005908971e-06
picorv32,cpuregs[18][14],train,pico_femto,processor,reg_to_reg,0.686035,0.68731976,0.0012847555541992683
picorv32,cpuregs[18][15],train,pico_femto,processor,reg_to_reg,0.686035,0.68731976,0.0012847555541992683
picorv32,cpuregs[18][16],train,pico_femto,processor,reg_to_reg,0.720338,0.7201937,0.0001443158988952975
picorv32,cpuregs[18][17],train,pico_femto,processor,reg_to_reg,0.761929,0.7620966,0.00016758384323123376
picorv32,cpuregs[18][18],train,pico_femto,processor,reg_to_reg,0.766871,0.76691383,4.283123397830213e-05
picorv32,cpuregs[18][19],train,pico_femto,processor,reg_to_reg,0.810574,0.810317,0.00025702011489869836
picorv32,cpuregs[18][1],train,pico_femto,processor,reg_to_reg,0.686035,0.6860326,2.406749725292201e-06
picorv32,cpuregs[18][20],train,pico_femto,processor,reg_to_reg,0.852166,0.8523901,0.00022411049270631977
picorv32,cpuregs[18][21],train,pico_femto,processor,reg_to_reg,0.85771,0.8576914,1.8592796325656025e-05
picorv32,cpuregs[18][22],train,pico_femto,processor,reg_to_reg,0.90128,0.9012756,4.424839019745441e-06
picorv32,cpuregs[18][23],train,pico_femto,processor,reg_to_reg,0.942871,0.9426888,0.00018217725372315918
picorv32,cpuregs[18][24],train,pico_femto,processor,reg_to_reg,0.947812,0.94794846,0.00013645581054688716
picorv32,cpuregs[18][25],train,pico_femto,processor,reg_to_reg,0.991515,0.99158996,7.496343612667378e-05
picorv32,cpuregs[18][26],train,pico_femto,processor,reg_to_reg,1.033106,1.0330937,1.2309127807696996e-05
picorv32,cpuregs[18][27],train,pico_femto,processor,reg_to_reg,1.03824,1.0380862,0.00015382408142095017
picorv32,cpuregs[18][28],train,pico_femto,processor,reg_to_reg,1.067744,1.0677999,5.5925804138157176e-05
picorv32,cpuregs[18][29],train,pico_femto,processor,reg_to_reg,1.112199,1.1121975,1.481651306090015e-06
picorv32,cpuregs[18][2],train,pico_femto,processor,reg_to_reg,0.686035,0.6860326,2.406749725292201e-06
picorv32,cpuregs[18][30],train,pico_femto,processor,reg_to_reg,1.138849,1.1389318,8.275125122070293e-05
picorv32,cpuregs[18][31],train,pico_femto,processor,reg_to_reg,1.147017,1.1469097,0.00010728625488276577
picorv32,cpuregs[18][3],train,pico_femto,processor,reg_to_reg,0.686035,0.68599516,3.9838466644237513e-05
picorv32,cpuregs[18][4],train,pico_femto,processor,reg_to_reg,0.686035,0.6860042,3.077856063837814e-05
picorv32,cpuregs[18][5],train,pico_femto,processor,reg_to_reg,0.686035,0.68610066,6.566175460820389e-05
picorv32,cpuregs[18][6],train,pico_femto,processor,reg_to_reg,0.686035,0.68609196,5.695947647099686e-05
picorv32,cpuregs[18][7],train,pico_femto,processor,reg_to_reg,0.686035,0.685987,4.800430297846603e-05
picorv32,cpuregs[18][8],train,pico_femto,processor,reg_to_reg,0.686035,0.68603164,3.360424041698451e-06
picorv32,cpuregs[18][9],train,pico_femto,processor,reg_to_reg,0.686035,0.6860513,1.6309108734180455e-05
picorv32,cpuregs[19][0],train,pico_femto,processor,reg_to_reg,0.686035,0.6860326,2.406749725292201e-06
picorv32,cpuregs[19][10],train,pico_femto,processor,reg_to_reg,0.686035,0.6860552,2.0183410644580846e-05
picorv32,cpuregs[19][11],train,pico_femto,processor,reg_to_reg,0.686035,0.68608737,5.236991882329178e-05
picorv32,cpuregs[19][12],train,pico_femto,processor,reg_to_reg,0.686035,0.6860442,9.216156005908971e-06
picorv32,cpuregs[19][13],train,pico_femto,processor,reg_to_reg,0.686035,0.6860442,9.216156005908971e-06
picorv32,cpuregs[19][14],train,pico_femto,processor,reg_to_reg,0.686035,0.68731976,0.0012847555541992683
picorv32,cpuregs[19][15],train,pico_femto,processor,reg_to_reg,0.686035,0.68731976,0.0012847555541992683
picorv32,cpuregs[19][16],train,pico_femto,processor,reg_to_reg,0.720338,0.7201937,0.0001443158988952975
picorv32,cpuregs[19][17],train,pico_femto,processor,reg_to_reg,0.761929,0.7620966,0.00016758384323123376
picorv32,cpuregs[19][18],train,pico_femto,processor,reg_to_reg,0.766871,0.76691383,4.283123397830213e-05
picorv32,cpuregs[19][19],train,pico_femto,processor,reg_to_reg,0.810574,0.810317,0.00025702011489869836
picorv32,cpuregs[19][1],train,pico_femto,processor,reg_to_reg,0.686035,0.6860326,2.406749725292201e-06
picorv32,cpuregs[19][20],train,pico_femto,processor,reg_to_reg,0.852166,0.8523901,0.00022411049270631977
picorv32,cpuregs[19][21],train,pico_femto,processor,reg_to_reg,0.85771,0.8576914,1.8592796325656025e-05
picorv32,cpuregs[19][22],train,pico_femto,processor,reg_to_reg,0.90128,0.9012756,4.424839019745441e-06
picorv32,cpuregs[19][23],train,pico_femto,processor,reg_to_reg,0.942871,0.9426888,0.00018217725372315918
picorv32,cpuregs[19][24],train,pico_femto,processor,reg_to_reg,0.947812,0.94794846,0.00013645581054688716
picorv32,cpuregs[19][25],train,pico_femto,processor,reg_to_reg,0.991515,0.99158996,7.496343612667378e-05
picorv32,cpuregs[19][26],train,pico_femto,processor,reg_to_reg,1.033106,1.0330937,1.2309127807696996e-05
picorv32,cpuregs[19][27],train,pico_femto,processor,reg_to_reg,1.03824,1.0380862,0.00015382408142095017
picorv32,cpuregs[19][28],train,pico_femto,processor,reg_to_reg,1.067744,1.0677999,5.5925804138157176e-05
picorv32,cpuregs[19][29],train,pico_femto,processor,reg_to_reg,1.112199,1.1121975,1.481651306090015e-06
picorv32,cpuregs[19][2],train,pico_femto,processor,reg_to_reg,0.686035,0.6860326,2.406749725292201e-06
picorv32,cpuregs[19][30],train,pico_femto,processor,reg_to_reg,1.138849,1.1389318,8.275125122070293e-05
picorv32,cpuregs[19][31],train,pico_femto,processor,reg_to_reg,1.147017,1.1469097,0.00010728625488276577
picorv32,cpuregs[19][3],train,pico_femto,processor,reg_to_reg,0.686035,0.68599516,3.9838466644237513e-05
picorv32,cpuregs[19][4],train,pico_femto,processor,reg_to_reg,0.686035,0.6860042,3.077856063837814e-05
picorv32,cpuregs[19][5],train,pico_femto,processor,reg_to_reg,0.686035,0.68610066,6.566175460820389e-05
picorv32,cpuregs[19][6],train,pico_femto,processor,reg_to_reg,0.686035,0.68609196,5.695947647099686e-05
picorv32,cpuregs[19][7],train,pico_femto,processor,reg_to_reg,0.686035,0.685987,4.800430297846603e-05
picorv32,cpuregs[19][8],train,pico_femto,processor,reg_to_reg,0.686035,0.68603164,3.360424041698451e-06
picorv32,cpuregs[19][9],train,pico_femto,processor,reg_to_reg,0.686035,0.6860513,1.6309108734180455e-05
picorv32,cpuregs[1][0],train,pico_femto,processor,reg_to_reg,0.690595,0.6905153,7.972023010249796e-05
picorv32,cpuregs[1][10],train,pico_femto,processor,reg_to_reg,0.690595,0.69020754,0.00038745901107783975
picorv32,cpuregs[1][11],train,pico_femto,processor,reg_to_reg,0.690595,0.69260794,0.0020129392433166915
picorv32,cpuregs[1][12],train,pico_femto,processor,reg_to_reg,0.690595,0.69027627,0.00031873485565181436
picorv32,cpuregs[1][13],train,pico_femto,processor,reg_to_reg,0.690595,0.6902874,0.0003075887870788163
picorv32,cpuregs[1][14],train,pico_femto,processor,reg_to_reg,0.690595,0.68731976,0.00327524444580074
picorv32,cpuregs[1][15],train,pico_femto,processor,reg_to_reg,0.690595,0.68731976,0.00327524444580074
picorv32,cpuregs[1][16],train,pico_femto,processor,reg_to_reg,0.720338,0.7201937,0.0001443158988952975
picorv32,cpuregs[1][17],train,pico_femto,processor,reg_to_reg,0.761929,0.7620966,0.00016758384323123376
picorv32,cpuregs[1][18],train,pico_femto,processor,reg_to_reg,0.766871,0.76691383,4.283123397830213e-05
picorv32,cpuregs[1][19],train,pico_femto,processor,reg_to_reg,0.810574,0.810317,0.00025702011489869836
picorv32,cpuregs[1][1],train,pico_femto,processor,reg_to_reg,0.690595,0.6905153,7.972023010249796e-05
picorv32,cpuregs[1][20],train,pico_femto,processor,reg_to_reg,0.852166,0.8523901,0.00022411049270631977
picorv32,cpuregs[1][21],train,pico_femto,processor,reg_to_reg,0.85771,0.8576914,1.8592796325656025e-05
picorv32,cpuregs[1][22],train,pico_femto,processor,reg_to_reg,0.90128,0.9012756,4.424839019745441e-06
picorv32,cpuregs[1][23],train,pico_femto,processor,reg_to_reg,0.942871,0.9426888,0.00018217725372315918
picorv32,cpuregs[1][24],train,pico_femto,processor,reg_to_reg,0.947812,0.94794846,0.00013645581054688716
picorv32,cpuregs[1][25],train,pico_femto,processor,reg_to_reg,0.991515,0.99158996,7.496343612667378e-05
picorv32,cpuregs[1][26],train,pico_femto,processor,reg_to_reg,1.033106,1.0330937,1.2309127807696996e-05
picorv32,cpuregs[1][27],train,pico_femto,processor,reg_to_reg,1.03824,1.0380862,0.00015382408142095017
picorv32,cpuregs[1][28],train,pico_femto,processor,reg_to_reg,1.067744,1.0677999,5.5925804138157176e-05
picorv32,cpuregs[1][29],train,pico_femto,processor,reg_to_reg,1.112199,1.1121975,1.481651306090015e-06
picorv32,cpuregs[1][2],train,pico_femto,processor,reg_to_reg,0.690595,0.6905153,7.972023010249796e-05
picorv32,cpuregs[1][30],train,pico_femto,processor,reg_to_reg,1.138849,1.1389318,8.275125122070293e-05
picorv32,cpuregs[1][31],train,pico_femto,processor,reg_to_reg,1.147017,1.1469097,0.00010728625488276577
picorv32,cpuregs[1][3],train,pico_femto,processor,reg_to_reg,0.690595,0.6935347,0.002939672260284465
picorv32,cpuregs[1][4],train,pico_femto,processor,reg_to_reg,0.690595,0.6903333,0.00026169321060176554
picorv32,cpuregs[1][5],train,pico_femto,processor,reg_to_reg,0.690595,0.6957744,0.005179376392364543
picorv32,cpuregs[1][6],train,pico_femto,processor,reg_to_reg,0.690595,0.6906488,5.379417419437704e-05
picorv32,cpuregs[1][7],train,pico_femto,processor,reg_to_reg,0.690595,0.6827194,0.007875590534210164
picorv32,cpuregs[1][8],train,pico_femto,processor,reg_to_reg,0.690595,0.69062304,2.8044967651408292e-05
picorv32,cpuregs[1][9],train,pico_femto,processor,reg_to_reg,0.690595,0.6902149,0.0003801276397704667
picorv32,cpuregs[20][0],train,pico_femto,processor,reg_to_reg,0.686035,0.68603075,4.25449371332931e-06
picorv32,cpuregs[20][10],train,pico_femto,processor,reg_to_reg,0.686035,0.6860552,2.0183410644580846e-05
picorv32,cpuregs[20][11],train,pico_femto,processor,reg_to_reg,0.686035,0.68608737,5.236991882329178e-05
picorv32,cpuregs[20][12],train,pico_femto,processor,reg_to_reg,0.686035,0.6860442,9.216156005908971e-06
picorv32,cpuregs[20][13],train,pico_femto,processor,reg_to_reg,0.686035,0.6860442,9.216156005908971e-06
picorv32,cpuregs[20][14],train,pico_femto,processor,reg_to_reg,0.686035,0.68731976,0.0012847555541992683
picorv32,cpuregs[20][15],train,pico_femto,processor,reg_to_reg,0.686035,0.68731976,0.0012847555541992683
picorv32,cpuregs[20][16],train,pico_femto,processor,reg_to_reg,0.720338,0.7201937,0.0001443158988952975
picorv32,cpuregs[20][17],train,pico_femto,processor,reg_to_reg,0.761929,0.7620966,0.00016758384323123376
picorv32,cpuregs[20][18],train,pico_femto,processor,reg_to_reg,0.766871,0.76691383,4.283123397830213e-05
picorv32,cpuregs[20][19],train,pico_femto,processor,reg_to_reg,0.810574,0.810317,0.00025702011489869836
picorv32,cpuregs[20][1],train,pico_femto,processor,reg_to_reg,0.686035,0.68603075,4.25449371332931e-06
picorv32,cpuregs[20][20],train,pico_femto,processor,reg_to_reg,0.852166,0.8523901,0.00022411049270631977
picorv32,cpuregs[20][21],train,pico_femto,processor,reg_to_reg,0.85771,0.8576914,1.8592796325656025e-05
picorv32,cpuregs[20][22],train,pico_femto,processor,reg_to_reg,0.90128,0.9012756,4.424839019745441e-06
picorv32,cpuregs[20][23],train,pico_femto,processor,reg_to_reg,0.942871,0.9426888,0.00018217725372315918
picorv32,cpuregs[20][24],train,pico_femto,processor,reg_to_reg,0.947812,0.94794846,0.00013645581054688716
picorv32,cpuregs[20][25],train,pico_femto,processor,reg_to_reg,0.991515,0.99158996,7.496343612667378e-05
picorv32,cpuregs[20][26],train,pico_femto,processor,reg_to_reg,1.033106,1.0330937,1.2309127807696996e-05
picorv32,cpuregs[20][27],train,pico_femto,processor,reg_to_reg,1.03824,1.0380862,0.00015382408142095017
picorv32,cpuregs[20][28],train,pico_femto,processor,reg_to_reg,1.067744,1.0677999,5.5925804138157176e-05
picorv32,cpuregs[20][29],train,pico_femto,processor,reg_to_reg,1.112199,1.1121975,1.481651306090015e-06
picorv32,cpuregs[20][2],train,pico_femto,processor,reg_to_reg,0.686035,0.68603075,4.25449371332931e-06
picorv32,cpuregs[20][30],train,pico_femto,processor,reg_to_reg,1.138849,1.1389318,8.275125122070293e-05
picorv32,cpuregs[20][31],train,pico_femto,processor,reg_to_reg,1.147017,1.1469097,0.00010728625488276577
picorv32,cpuregs[20][3],train,pico_femto,processor,reg_to_reg,0.686035,0.6859933,4.168621063227462e-05
picorv32,cpuregs[20][4],train,pico_femto,processor,reg_to_reg,0.686035,0.6860024,3.262630462641525e-05
picorv32,cpuregs[20][5],train,pico_femto,processor,reg_to_reg,0.686035,0.6860988,6.381401062016678e-05
picorv32,cpuregs[20][6],train,pico_femto,processor,reg_to_reg,0.686035,0.68610895,7.394680023198319e-05
picorv32,cpuregs[20][7],train,pico_femto,processor,reg_to_reg,0.686035,0.685987,4.800430297846603e-05
picorv32,cpuregs[20][8],train,pico_femto,processor,reg_to_reg,0.686035,0.68603164,3.360424041698451e-06
picorv32,cpuregs[20][9],train,pico_femto,processor,reg_to_reg,0.686035,0.6860513,1.6309108734180455e-05
picorv32,cpuregs[21][0],train,pico_femto,processor,reg_to_reg,0.686035,0.68603075,4.25449371332931e-06
picorv32,cpuregs[21][10],train,pico_femto,processor,reg_to_reg,0.686035,0.6860552,2.0183410644580846e-05
picorv32,cpuregs[21][11],train,pico_femto,processor,reg_to_reg,0.686035,0.68608737,5.236991882329178e-05
picorv32,cpuregs[21][12],train,pico_femto,processor,reg_to_reg,0.686035,0.6860442,9.216156005908971e-06
picorv32,cpuregs[21][13],train,pico_femto,processor,reg_to_reg,0.686035,0.6860442,9.216156005908971e-06
picorv32,cpuregs[21][14],train,pico_femto,processor,reg_to_reg,0.686035,0.68731976,0.0012847555541992683
picorv32,cpuregs[21][15],train,pico_femto,processor,reg_to_reg,0.686035,0.68731976,0.0012847555541992683
picorv32,cpuregs[21][16],train,pico_femto,processor,reg_to_reg,0.720338,0.7201937,0.0001443158988952975
picorv32,cpuregs[21][17],train,pico_femto,processor,reg_to_reg,0.761929,0.7620966,0.00016758384323123376
picorv32,cpuregs[21][18],train,pico_femto,processor,reg_to_reg,0.766871,0.76691383,4.283123397830213e-05
picorv32,cpuregs[21][19],train,pico_femto,processor,reg_to_reg,0.810574,0.810317,0.00025702011489869836
picorv32,cpuregs[21][1],train,pico_femto,processor,reg_to_reg,0.686035,0.68603075,4.25449371332931e-06
picorv32,cpuregs[21][20],train,pico_femto,processor,reg_to_reg,0.852166,0.8523901,0.00022411049270631977
picorv32,cpuregs[21][21],train,pico_femto,processor,reg_to_reg,0.85771,0.8576914,1.8592796325656025e-05
picorv32,cpuregs[21][22],train,pico_femto,processor,reg_to_reg,0.90128,0.9012756,4.424839019745441e-06
picorv32,cpuregs[21][23],train,pico_femto,processor,reg_to_reg,0.942871,0.9426888,0.00018217725372315918
picorv32,cpuregs[21][24],train,pico_femto,processor,reg_to_reg,0.947812,0.94794846,0.00013645581054688716
picorv32,cpuregs[21][25],train,pico_femto,processor,reg_to_reg,0.991515,0.99158996,7.496343612667378e-05
picorv32,cpuregs[21][26],train,pico_femto,processor,reg_to_reg,1.033106,1.0330937,1.2309127807696996e-05
picorv32,cpuregs[21][27],train,pico_femto,processor,reg_to_reg,1.03824,1.0380862,0.00015382408142095017
picorv32,cpuregs[21][28],train,pico_femto,processor,reg_to_reg,1.067744,1.0677999,5.5925804138157176e-05
picorv32,cpuregs[21][29],train,pico_femto,processor,reg_to_reg,1.112199,1.1121975,1.481651306090015e-06
picorv32,cpuregs[21][2],train,pico_femto,processor,reg_to_reg,0.686035,0.68603075,4.25449371332931e-06
picorv32,cpuregs[21][30],train,pico_femto,processor,reg_to_reg,1.138849,1.1389318,8.275125122070293e-05
picorv32,cpuregs[21][31],train,pico_femto,processor,reg_to_reg,1.147017,1.1469097,0.00010728625488276577
picorv32,cpuregs[21][3],train,pico_femto,processor,reg_to_reg,0.686035,0.6859933,4.168621063227462e-05
picorv32,cpuregs[21][4],train,pico_femto,processor,reg_to_reg,0.686035,0.6860024,3.262630462641525e-05
picorv32,cpuregs[21][5],train,pico_femto,processor,reg_to_reg,0.686035,0.6860988,6.381401062016678e-05
picorv32,cpuregs[21][6],train,pico_femto,processor,reg_to_reg,0.686035,0.68610895,7.394680023198319e-05
picorv32,cpuregs[21][7],train,pico_femto,processor,reg_to_reg,0.686035,0.685987,4.800430297846603e-05
picorv32,cpuregs[21][8],train,pico_femto,processor,reg_to_reg,0.686035,0.68603164,3.360424041698451e-06
picorv32,cpuregs[21][9],train,pico_femto,processor,reg_to_reg,0.686035,0.6860513,1.6309108734180455e-05
picorv32,cpuregs[22][0],train,pico_femto,processor,reg_to_reg,0.686035,0.68603075,4.25449371332931e-06
picorv32,cpuregs[22][10],train,pico_femto,processor,reg_to_reg,0.686035,0.6860552,2.0183410644580846e-05
picorv32,cpuregs[22][11],train,pico_femto,processor,reg_to_reg,0.686035,0.68608737,5.236991882329178e-05
picorv32,cpuregs[22][12],train,pico_femto,processor,reg_to_reg,0.686035,0.6860442,9.216156005908971e-06
picorv32,cpuregs[22][13],train,pico_femto,processor,reg_to_reg,0.686035,0.6860442,9.216156005908971e-06
picorv32,cpuregs[22][14],train,pico_femto,processor,reg_to_reg,0.686035,0.68731976,0.0012847555541992683
picorv32,cpuregs[22][15],train,pico_femto,processor,reg_to_reg,0.686035,0.68731976,0.0012847555541992683
picorv32,cpuregs[22][16],train,pico_femto,processor,reg_to_reg,0.720338,0.7201937,0.0001443158988952975
picorv32,cpuregs[22][17],train,pico_femto,processor,reg_to_reg,0.761929,0.7620966,0.00016758384323123376
picorv32,cpuregs[22][18],train,pico_femto,processor,reg_to_reg,0.766871,0.76691383,4.283123397830213e-05
picorv32,cpuregs[22][19],train,pico_femto,processor,reg_to_reg,0.810574,0.810317,0.00025702011489869836
picorv32,cpuregs[22][1],train,pico_femto,processor,reg_to_reg,0.686035,0.68603075,4.25449371332931e-06
picorv32,cpuregs[22][20],train,pico_femto,processor,reg_to_reg,0.852166,0.8523901,0.00022411049270631977
picorv32,cpuregs[22][21],train,pico_femto,processor,reg_to_reg,0.85771,0.8576914,1.8592796325656025e-05
picorv32,cpuregs[22][22],train,pico_femto,processor,reg_to_reg,0.90128,0.9012756,4.424839019745441e-06
picorv32,cpuregs[22][23],train,pico_femto,processor,reg_to_reg,0.942871,0.9426888,0.00018217725372315918
picorv32,cpuregs[22][24],train,pico_femto,processor,reg_to_reg,0.947812,0.94794846,0.00013645581054688716
picorv32,cpuregs[22][25],train,pico_femto,processor,reg_to_reg,0.991515,0.99158996,7.496343612667378e-05
picorv32,cpuregs[22][26],train,pico_femto,processor,reg_to_reg,1.033106,1.0330937,1.2309127807696996e-05
picorv32,cpuregs[22][27],train,pico_femto,processor,reg_to_reg,1.03824,1.0380862,0.00015382408142095017
picorv32,cpuregs[22][28],train,pico_femto,processor,reg_to_reg,1.067744,1.0677999,5.5925804138157176e-05
picorv32,cpuregs[22][29],train,pico_femto,processor,reg_to_reg,1.112199,1.1121975,1.481651306090015e-06
picorv32,cpuregs[22][2],train,pico_femto,processor,reg_to_reg,0.686035,0.68603075,4.25449371332931e-06
picorv32,cpuregs[22][30],train,pico_femto,processor,reg_to_reg,1.138849,1.1389318,8.275125122070293e-05
picorv32,cpuregs[22][31],train,pico_femto,processor,reg_to_reg,1.147017,1.1469097,0.00010728625488276577
picorv32,cpuregs[22][3],train,pico_femto,processor,reg_to_reg,0.686035,0.6859933,4.168621063227462e-05
picorv32,cpuregs[22][4],train,pico_femto,processor,reg_to_reg,0.686035,0.6860024,3.262630462641525e-05
picorv32,cpuregs[22][5],train,pico_femto,processor,reg_to_reg,0.686035,0.6860988,6.381401062016678e-05
picorv32,cpuregs[22][6],train,pico_femto,processor,reg_to_reg,0.686035,0.68610895,7.394680023198319e-05
picorv32,cpuregs[22][7],train,pico_femto,processor,reg_to_reg,0.686035,0.685987,4.800430297846603e-05
picorv32,cpuregs[22][8],train,pico_femto,processor,reg_to_reg,0.686035,0.68603164,3.360424041698451e-06
picorv32,cpuregs[22][9],train,pico_femto,processor,reg_to_reg,0.686035,0.6860513,1.6309108734180455e-05
picorv32,cpuregs[23][0],train,pico_femto,processor,reg_to_reg,0.686035,0.68603075,4.25449371332931e-06
picorv32,cpuregs[23][10],train,pico_femto,processor,reg_to_reg,0.686035,0.6860552,2.0183410644580846e-05
picorv32,cpuregs[23][11],train,pico_femto,processor,reg_to_reg,0.686035,0.68608737,5.236991882329178e-05
picorv32,cpuregs[23][12],train,pico_femto,processor,reg_to_reg,0.686035,0.6860442,9.216156005908971e-06
picorv32,cpuregs[23][13],train,pico_femto,processor,reg_to_reg,0.686035,0.6860442,9.216156005908971e-06
picorv32,cpuregs[23][14],train,pico_femto,processor,reg_to_reg,0.686035,0.68731976,0.0012847555541992683
picorv32,cpuregs[23][15],train,pico_femto,processor,reg_to_reg,0.686035,0.68731976,0.0012847555541992683
picorv32,cpuregs[23][16],train,pico_femto,processor,reg_to_reg,0.720338,0.7201937,0.0001443158988952975
picorv32,cpuregs[23][17],train,pico_femto,processor,reg_to_reg,0.761929,0.7620966,0.00016758384323123376
picorv32,cpuregs[23][18],train,pico_femto,processor,reg_to_reg,0.766871,0.76691383,4.283123397830213e-05
picorv32,cpuregs[23][19],train,pico_femto,processor,reg_to_reg,0.810574,0.810317,0.00025702011489869836
picorv32,cpuregs[23][1],train,pico_femto,processor,reg_to_reg,0.686035,0.68603075,4.25449371332931e-06
picorv32,cpuregs[23][20],train,pico_femto,processor,reg_to_reg,0.852166,0.8523901,0.00022411049270631977
picorv32,cpuregs[23][21],train,pico_femto,processor,reg_to_reg,0.85771,0.8576914,1.8592796325656025e-05
picorv32,cpuregs[23][22],train,pico_femto,processor,reg_to_reg,0.90128,0.9012756,4.424839019745441e-06
picorv32,cpuregs[23][23],train,pico_femto,processor,reg_to_reg,0.942871,0.9426888,0.00018217725372315918
picorv32,cpuregs[23][24],train,pico_femto,processor,reg_to_reg,0.947812,0.94794846,0.00013645581054688716
picorv32,cpuregs[23][25],train,pico_femto,processor,reg_to_reg,0.991515,0.99158996,7.496343612667378e-05
picorv32,cpuregs[23][26],train,pico_femto,processor,reg_to_reg,1.033106,1.0330937,1.2309127807696996e-05
picorv32,cpuregs[23][27],train,pico_femto,processor,reg_to_reg,1.03824,1.0380862,0.00015382408142095017
picorv32,cpuregs[23][28],train,pico_femto,processor,reg_to_reg,1.067744,1.0677999,5.5925804138157176e-05
picorv32,cpuregs[23][29],train,pico_femto,processor,reg_to_reg,1.112199,1.1121975,1.481651306090015e-06
picorv32,cpuregs[23][2],train,pico_femto,processor,reg_to_reg,0.686035,0.68603075,4.25449371332931e-06
picorv32,cpuregs[23][30],train,pico_femto,processor,reg_to_reg,1.138849,1.1389318,8.275125122070293e-05
picorv32,cpuregs[23][31],train,pico_femto,processor,reg_to_reg,1.147017,1.1469097,0.00010728625488276577
picorv32,cpuregs[23][3],train,pico_femto,processor,reg_to_reg,0.686035,0.6859933,4.168621063227462e-05
picorv32,cpuregs[23][4],train,pico_femto,processor,reg_to_reg,0.686035,0.6860024,3.262630462641525e-05
picorv32,cpuregs[23][5],train,pico_femto,processor,reg_to_reg,0.686035,0.6860988,6.381401062016678e-05
picorv32,cpuregs[23][6],train,pico_femto,processor,reg_to_reg,0.686035,0.68610895,7.394680023198319e-05
picorv32,cpuregs[23][7],train,pico_femto,processor,reg_to_reg,0.686035,0.685987,4.800430297846603e-05
picorv32,cpuregs[23][8],train,pico_femto,processor,reg_to_reg,0.686035,0.68603164,3.360424041698451e-06
picorv32,cpuregs[23][9],train,pico_femto,processor,reg_to_reg,0.686035,0.6860513,1.6309108734180455e-05
picorv32,cpuregs[24][0],train,pico_femto,processor,reg_to_reg,0.686035,0.6860326,2.406749725292201e-06
picorv32,cpuregs[24][10],train,pico_femto,processor,reg_to_reg,0.686035,0.6860552,2.0183410644580846e-05
picorv32,cpuregs[24][11],train,pico_femto,processor,reg_to_reg,0.686035,0.68608737,5.236991882329178e-05
picorv32,cpuregs[24][12],train,pico_femto,processor,reg_to_reg,0.686035,0.6860442,9.216156005908971e-06
picorv32,cpuregs[24][13],train,pico_femto,processor,reg_to_reg,0.686035,0.6860442,9.216156005908971e-06
picorv32,cpuregs[24][14],train,pico_femto,processor,reg_to_reg,0.686035,0.68731976,0.0012847555541992683
picorv32,cpuregs[24][15],train,pico_femto,processor,reg_to_reg,0.686035,0.68731976,0.0012847555541992683
picorv32,cpuregs[24][16],train,pico_femto,processor,reg_to_reg,0.720338,0.7201937,0.0001443158988952975
picorv32,cpuregs[24][17],train,pico_femto,processor,reg_to_reg,0.761929,0.7620966,0.00016758384323123376
picorv32,cpuregs[24][18],train,pico_femto,processor,reg_to_reg,0.766871,0.76691383,4.283123397830213e-05
picorv32,cpuregs[24][19],train,pico_femto,processor,reg_to_reg,0.810574,0.810317,0.00025702011489869836
picorv32,cpuregs[24][1],train,pico_femto,processor,reg_to_reg,0.686035,0.6860326,2.406749725292201e-06
picorv32,cpuregs[24][20],train,pico_femto,processor,reg_to_reg,0.852166,0.8523901,0.00022411049270631977
picorv32,cpuregs[24][21],train,pico_femto,processor,reg_to_reg,0.85771,0.8576914,1.8592796325656025e-05
picorv32,cpuregs[24][22],train,pico_femto,processor,reg_to_reg,0.90128,0.9012756,4.424839019745441e-06
picorv32,cpuregs[24][23],train,pico_femto,processor,reg_to_reg,0.942871,0.9426888,0.00018217725372315918
picorv32,cpuregs[24][24],train,pico_femto,processor,reg_to_reg,0.947812,0.94794846,0.00013645581054688716
picorv32,cpuregs[24][25],train,pico_femto,processor,reg_to_reg,0.991515,0.99158996,7.496343612667378e-05
picorv32,cpuregs[24][26],train,pico_femto,processor,reg_to_reg,1.033106,1.0330937,1.2309127807696996e-05
picorv32,cpuregs[24][27],train,pico_femto,processor,reg_to_reg,1.03824,1.0380862,0.00015382408142095017
picorv32,cpuregs[24][28],train,pico_femto,processor,reg_to_reg,1.067744,1.0677999,5.5925804138157176e-05
picorv32,cpuregs[24][29],train,pico_femto,processor,reg_to_reg,1.112199,1.1121975,1.481651306090015e-06
picorv32,cpuregs[24][2],train,pico_femto,processor,reg_to_reg,0.686035,0.6860326,2.406749725292201e-06
picorv32,cpuregs[24][30],train,pico_femto,processor,reg_to_reg,1.138849,1.1389318,8.275125122070293e-05
picorv32,cpuregs[24][31],train,pico_femto,processor,reg_to_reg,1.147017,1.1469097,0.00010728625488276577
picorv32,cpuregs[24][3],train,pico_femto,processor,reg_to_reg,0.686035,0.68599516,3.9838466644237513e-05
picorv32,cpuregs[24][4],train,pico_femto,processor,reg_to_reg,0.686035,0.6860042,3.077856063837814e-05
picorv32,cpuregs[24][5],train,pico_femto,processor,reg_to_reg,0.686035,0.68610066,6.566175460820389e-05
picorv32,cpuregs[24][6],train,pico_femto,processor,reg_to_reg,0.686035,0.68609196,5.695947647099686e-05
picorv32,cpuregs[24][7],train,pico_femto,processor,reg_to_reg,0.686035,0.685987,4.800430297846603e-05
picorv32,cpuregs[24][8],train,pico_femto,processor,reg_to_reg,0.686035,0.68603164,3.360424041698451e-06
picorv32,cpuregs[24][9],train,pico_femto,processor,reg_to_reg,0.686035,0.6860513,1.6309108734180455e-05
picorv32,cpuregs[25][0],train,pico_femto,processor,reg_to_reg,0.686035,0.6860326,2.406749725292201e-06
picorv32,cpuregs[25][10],train,pico_femto,processor,reg_to_reg,0.686035,0.6860552,2.0183410644580846e-05
picorv32,cpuregs[25][11],train,pico_femto,processor,reg_to_reg,0.686035,0.68608737,5.236991882329178e-05
picorv32,cpuregs[25][12],train,pico_femto,processor,reg_to_reg,0.686035,0.6860442,9.216156005908971e-06
picorv32,cpuregs[25][13],train,pico_femto,processor,reg_to_reg,0.686035,0.6860442,9.216156005908971e-06
picorv32,cpuregs[25][14],train,pico_femto,processor,reg_to_reg,0.686035,0.68731976,0.0012847555541992683
picorv32,cpuregs[25][15],train,pico_femto,processor,reg_to_reg,0.686035,0.68731976,0.0012847555541992683
picorv32,cpuregs[25][16],train,pico_femto,processor,reg_to_reg,0.720338,0.7201937,0.0001443158988952975
picorv32,cpuregs[25][17],train,pico_femto,processor,reg_to_reg,0.761929,0.7620966,0.00016758384323123376
picorv32,cpuregs[25][18],train,pico_femto,processor,reg_to_reg,0.766871,0.76691383,4.283123397830213e-05
picorv32,cpuregs[25][19],train,pico_femto,processor,reg_to_reg,0.810574,0.810317,0.00025702011489869836
picorv32,cpuregs[25][1],train,pico_femto,processor,reg_to_reg,0.686035,0.6860326,2.406749725292201e-06
picorv32,cpuregs[25][20],train,pico_femto,processor,reg_to_reg,0.852166,0.8523901,0.00022411049270631977
picorv32,cpuregs[25][21],train,pico_femto,processor,reg_to_reg,0.85771,0.8576914,1.8592796325656025e-05
picorv32,cpuregs[25][22],train,pico_femto,processor,reg_to_reg,0.90128,0.9012756,4.424839019745441e-06
picorv32,cpuregs[25][23],train,pico_femto,processor,reg_to_reg,0.942871,0.9426888,0.00018217725372315918
picorv32,cpuregs[25][24],train,pico_femto,processor,reg_to_reg,0.947812,0.94794846,0.00013645581054688716
picorv32,cpuregs[25][25],train,pico_femto,processor,reg_to_reg,0.991515,0.99158996,7.496343612667378e-05
picorv32,cpuregs[25][26],train,pico_femto,processor,reg_to_reg,1.033106,1.0330937,1.2309127807696996e-05
picorv32,cpuregs[25][27],train,pico_femto,processor,reg_to_reg,1.03824,1.0380862,0.00015382408142095017
picorv32,cpuregs[25][28],train,pico_femto,processor,reg_to_reg,1.067744,1.0677999,5.5925804138157176e-05
picorv32,cpuregs[25][29],train,pico_femto,processor,reg_to_reg,1.112199,1.1121975,1.481651306090015e-06
picorv32,cpuregs[25][2],train,pico_femto,processor,reg_to_reg,0.686035,0.6860326,2.406749725292201e-06
picorv32,cpuregs[25][30],train,pico_femto,processor,reg_to_reg,1.138849,1.1389318,8.275125122070293e-05
picorv32,cpuregs[25][31],train,pico_femto,processor,reg_to_reg,1.147017,1.1469097,0.00010728625488276577
picorv32,cpuregs[25][3],train,pico_femto,processor,reg_to_reg,0.686035,0.68599516,3.9838466644237513e-05
picorv32,cpuregs[25][4],train,pico_femto,processor,reg_to_reg,0.686035,0.6860042,3.077856063837814e-05
picorv32,cpuregs[25][5],train,pico_femto,processor,reg_to_reg,0.686035,0.68610066,6.566175460820389e-05
picorv32,cpuregs[25][6],train,pico_femto,processor,reg_to_reg,0.686035,0.68609196,5.695947647099686e-05
picorv32,cpuregs[25][7],train,pico_femto,processor,reg_to_reg,0.686035,0.685987,4.800430297846603e-05
picorv32,cpuregs[25][8],train,pico_femto,processor,reg_to_reg,0.686035,0.68603164,3.360424041698451e-06
picorv32,cpuregs[25][9],train,pico_femto,processor,reg_to_reg,0.686035,0.6860513,1.6309108734180455e-05
picorv32,cpuregs[26][0],train,pico_femto,processor,reg_to_reg,0.686035,0.6860326,2.406749725292201e-06
picorv32,cpuregs[26][10],train,pico_femto,processor,reg_to_reg,0.686035,0.6860552,2.0183410644580846e-05
picorv32,cpuregs[26][11],train,pico_femto,processor,reg_to_reg,0.686035,0.68608737,5.236991882329178e-05
picorv32,cpuregs[26][12],train,pico_femto,processor,reg_to_reg,0.686035,0.6860442,9.216156005908971e-06
picorv32,cpuregs[26][13],train,pico_femto,processor,reg_to_reg,0.686035,0.6860442,9.216156005908971e-06
picorv32,cpuregs[26][14],train,pico_femto,processor,reg_to_reg,0.686035,0.68731976,0.0012847555541992683
picorv32,cpuregs[26][15],train,pico_femto,processor,reg_to_reg,0.686035,0.68731976,0.0012847555541992683
picorv32,cpuregs[26][16],train,pico_femto,processor,reg_to_reg,0.720338,0.7201937,0.0001443158988952975
picorv32,cpuregs[26][17],train,pico_femto,processor,reg_to_reg,0.761929,0.7620966,0.00016758384323123376
picorv32,cpuregs[26][18],train,pico_femto,processor,reg_to_reg,0.766871,0.76691383,4.283123397830213e-05
picorv32,cpuregs[26][19],train,pico_femto,processor,reg_to_reg,0.810574,0.810317,0.00025702011489869836
picorv32,cpuregs[26][1],train,pico_femto,processor,reg_to_reg,0.686035,0.6860326,2.406749725292201e-06
picorv32,cpuregs[26][20],train,pico_femto,processor,reg_to_reg,0.852166,0.8523901,0.00022411049270631977
picorv32,cpuregs[26][21],train,pico_femto,processor,reg_to_reg,0.85771,0.8576914,1.8592796325656025e-05
picorv32,cpuregs[26][22],train,pico_femto,processor,reg_to_reg,0.90128,0.9012756,4.424839019745441e-06
picorv32,cpuregs[26][23],train,pico_femto,processor,reg_to_reg,0.942871,0.9426888,0.00018217725372315918
picorv32,cpuregs[26][24],train,pico_femto,processor,reg_to_reg,0.947812,0.94794846,0.00013645581054688716
picorv32,cpuregs[26][25],train,pico_femto,processor,reg_to_reg,0.991515,0.99158996,7.496343612667378e-05
picorv32,cpuregs[26][26],train,pico_femto,processor,reg_to_reg,1.033106,1.0330937,1.2309127807696996e-05
picorv32,cpuregs[26][27],train,pico_femto,processor,reg_to_reg,1.03824,1.0380862,0.00015382408142095017
picorv32,cpuregs[26][28],train,pico_femto,processor,reg_to_reg,1.067744,1.0677999,5.5925804138157176e-05
picorv32,cpuregs[26][29],train,pico_femto,processor,reg_to_reg,1.112199,1.1121975,1.481651306090015e-06
picorv32,cpuregs[26][2],train,pico_femto,processor,reg_to_reg,0.686035,0.6860326,2.406749725292201e-06
picorv32,cpuregs[26][30],train,pico_femto,processor,reg_to_reg,1.138849,1.1389318,8.275125122070293e-05
picorv32,cpuregs[26][31],train,pico_femto,processor,reg_to_reg,1.147017,1.1469097,0.00010728625488276577
picorv32,cpuregs[26][3],train,pico_femto,processor,reg_to_reg,0.686035,0.68599516,3.9838466644237513e-05
picorv32,cpuregs[26][4],train,pico_femto,processor,reg_to_reg,0.686035,0.6860042,3.077856063837814e-05
picorv32,cpuregs[26][5],train,pico_femto,processor,reg_to_reg,0.686035,0.68610066,6.566175460820389e-05
picorv32,cpuregs[26][6],train,pico_femto,processor,reg_to_reg,0.686035,0.68609196,5.695947647099686e-05
picorv32,cpuregs[26][7],train,pico_femto,processor,reg_to_reg,0.686035,0.685987,4.800430297846603e-05
picorv32,cpuregs[26][8],train,pico_femto,processor,reg_to_reg,0.686035,0.68603164,3.360424041698451e-06
picorv32,cpuregs[26][9],train,pico_femto,processor,reg_to_reg,0.686035,0.6860513,1.6309108734180455e-05
picorv32,cpuregs[27][0],train,pico_femto,processor,reg_to_reg,0.686035,0.6860326,2.406749725292201e-06
picorv32,cpuregs[27][10],train,pico_femto,processor,reg_to_reg,0.686035,0.6860552,2.0183410644580846e-05
picorv32,cpuregs[27][11],train,pico_femto,processor,reg_to_reg,0.686035,0.68608737,5.236991882329178e-05
picorv32,cpuregs[27][12],train,pico_femto,processor,reg_to_reg,0.686035,0.6860442,9.216156005908971e-06
picorv32,cpuregs[27][13],train,pico_femto,processor,reg_to_reg,0.686035,0.6860442,9.216156005908971e-06
picorv32,cpuregs[27][14],train,pico_femto,processor,reg_to_reg,0.686035,0.68731976,0.0012847555541992683
picorv32,cpuregs[27][15],train,pico_femto,processor,reg_to_reg,0.686035,0.68731976,0.0012847555541992683
picorv32,cpuregs[27][16],train,pico_femto,processor,reg_to_reg,0.720338,0.7201937,0.0001443158988952975
picorv32,cpuregs[27][17],train,pico_femto,processor,reg_to_reg,0.761929,0.7620966,0.00016758384323123376
picorv32,cpuregs[27][18],train,pico_femto,processor,reg_to_reg,0.766871,0.76691383,4.283123397830213e-05
picorv32,cpuregs[27][19],train,pico_femto,processor,reg_to_reg,0.810574,0.810317,0.00025702011489869836
picorv32,cpuregs[27][1],train,pico_femto,processor,reg_to_reg,0.686035,0.6860326,2.406749725292201e-06
picorv32,cpuregs[27][20],train,pico_femto,processor,reg_to_reg,0.852166,0.8523901,0.00022411049270631977
picorv32,cpuregs[27][21],train,pico_femto,processor,reg_to_reg,0.85771,0.8576914,1.8592796325656025e-05
picorv32,cpuregs[27][22],train,pico_femto,processor,reg_to_reg,0.90128,0.9012756,4.424839019745441e-06
picorv32,cpuregs[27][23],train,pico_femto,processor,reg_to_reg,0.942871,0.9426888,0.00018217725372315918
picorv32,cpuregs[27][24],train,pico_femto,processor,reg_to_reg,0.947812,0.94794846,0.00013645581054688716
picorv32,cpuregs[27][25],train,pico_femto,processor,reg_to_reg,0.991515,0.99158996,7.496343612667378e-05
picorv32,cpuregs[27][26],train,pico_femto,processor,reg_to_reg,1.033106,1.0330937,1.2309127807696996e-05
picorv32,cpuregs[27][27],train,pico_femto,processor,reg_to_reg,1.03824,1.0380862,0.00015382408142095017
picorv32,cpuregs[27][28],train,pico_femto,processor,reg_to_reg,1.067744,1.0677999,5.5925804138157176e-05
picorv32,cpuregs[27][29],train,pico_femto,processor,reg_to_reg,1.112199,1.1121975,1.481651306090015e-06
picorv32,cpuregs[27][2],train,pico_femto,processor,reg_to_reg,0.686035,0.6860326,2.406749725292201e-06
picorv32,cpuregs[27][30],train,pico_femto,processor,reg_to_reg,1.138849,1.1389318,8.275125122070293e-05
picorv32,cpuregs[27][31],train,pico_femto,processor,reg_to_reg,1.147017,1.1469097,0.00010728625488276577
picorv32,cpuregs[27][3],train,pico_femto,processor,reg_to_reg,0.686035,0.68599516,3.9838466644237513e-05
picorv32,cpuregs[27][4],train,pico_femto,processor,reg_to_reg,0.686035,0.6860042,3.077856063837814e-05
picorv32,cpuregs[27][5],train,pico_femto,processor,reg_to_reg,0.686035,0.68610066,6.566175460820389e-05
picorv32,cpuregs[27][6],train,pico_femto,processor,reg_to_reg,0.686035,0.68609196,5.695947647099686e-05
picorv32,cpuregs[27][7],train,pico_femto,processor,reg_to_reg,0.686035,0.685987,4.800430297846603e-05
picorv32,cpuregs[27][8],train,pico_femto,processor,reg_to_reg,0.686035,0.68603164,3.360424041698451e-06
picorv32,cpuregs[27][9],train,pico_femto,processor,reg_to_reg,0.686035,0.6860513,1.6309108734180455e-05
picorv32,cpuregs[28][0],train,pico_femto,processor,reg_to_reg,0.686035,0.68603075,4.25449371332931e-06
picorv32,cpuregs[28][10],train,pico_femto,processor,reg_to_reg,0.686035,0.6860552,2.0183410644580846e-05
picorv32,cpuregs[28][11],train,pico_femto,processor,reg_to_reg,0.686035,0.68608737,5.236991882329178e-05
picorv32,cpuregs[28][12],train,pico_femto,processor,reg_to_reg,0.686035,0.6860442,9.216156005908971e-06
picorv32,cpuregs[28][13],train,pico_femto,processor,reg_to_reg,0.686035,0.6860442,9.216156005908971e-06
picorv32,cpuregs[28][14],train,pico_femto,processor,reg_to_reg,0.686035,0.68731976,0.0012847555541992683
picorv32,cpuregs[28][15],train,pico_femto,processor,reg_to_reg,0.686035,0.68731976,0.0012847555541992683
picorv32,cpuregs[28][16],train,pico_femto,processor,reg_to_reg,0.720338,0.7201937,0.0001443158988952975
picorv32,cpuregs[28][17],train,pico_femto,processor,reg_to_reg,0.761929,0.7620966,0.00016758384323123376
picorv32,cpuregs[28][18],train,pico_femto,processor,reg_to_reg,0.766871,0.76691383,4.283123397830213e-05
picorv32,cpuregs[28][19],train,pico_femto,processor,reg_to_reg,0.810574,0.810317,0.00025702011489869836
picorv32,cpuregs[28][1],train,pico_femto,processor,reg_to_reg,0.686035,0.68603075,4.25449371332931e-06
picorv32,cpuregs[28][20],train,pico_femto,processor,reg_to_reg,0.852166,0.8523901,0.00022411049270631977
picorv32,cpuregs[28][21],train,pico_femto,processor,reg_to_reg,0.85771,0.8576914,1.8592796325656025e-05
picorv32,cpuregs[28][22],train,pico_femto,processor,reg_to_reg,0.90128,0.9012756,4.424839019745441e-06
picorv32,cpuregs[28][23],train,pico_femto,processor,reg_to_reg,0.942871,0.9426888,0.00018217725372315918
picorv32,cpuregs[28][24],train,pico_femto,processor,reg_to_reg,0.947812,0.94794846,0.00013645581054688716
picorv32,cpuregs[28][25],train,pico_femto,processor,reg_to_reg,0.991515,0.99158996,7.496343612667378e-05
picorv32,cpuregs[28][26],train,pico_femto,processor,reg_to_reg,1.033106,1.0330937,1.2309127807696996e-05
picorv32,cpuregs[28][27],train,pico_femto,processor,reg_to_reg,1.03824,1.0380862,0.00015382408142095017
picorv32,cpuregs[28][28],train,pico_femto,processor,reg_to_reg,1.067744,1.0677999,5.5925804138157176e-05
picorv32,cpuregs[28][29],train,pico_femto,processor,reg_to_reg,1.112199,1.1121975,1.481651306090015e-06
picorv32,cpuregs[28][2],train,pico_femto,processor,reg_to_reg,0.686035,0.68603075,4.25449371332931e-06
picorv32,cpuregs[28][30],train,pico_femto,processor,reg_to_reg,1.138849,1.1389318,8.275125122070293e-05
picorv32,cpuregs[28][31],train,pico_femto,processor,reg_to_reg,1.147017,1.1469097,0.00010728625488276577
picorv32,cpuregs[28][3],train,pico_femto,processor,reg_to_reg,0.686035,0.6859933,4.168621063227462e-05
picorv32,cpuregs[28][4],train,pico_femto,processor,reg_to_reg,0.686035,0.6860024,3.262630462641525e-05
picorv32,cpuregs[28][5],train,pico_femto,processor,reg_to_reg,0.686035,0.6860988,6.381401062016678e-05
picorv32,cpuregs[28][6],train,pico_femto,processor,reg_to_reg,0.686035,0.68610895,7.394680023198319e-05
picorv32,cpuregs[28][7],train,pico_femto,processor,reg_to_reg,0.686035,0.685987,4.800430297846603e-05
picorv32,cpuregs[28][8],train,pico_femto,processor,reg_to_reg,0.686035,0.68603164,3.360424041698451e-06
picorv32,cpuregs[28][9],train,pico_femto,processor,reg_to_reg,0.686035,0.6860513,1.6309108734180455e-05
picorv32,cpuregs[29][0],train,pico_femto,processor,reg_to_reg,0.686035,0.68603075,4.25449371332931e-06
picorv32,cpuregs[29][10],train,pico_femto,processor,reg_to_reg,0.686035,0.6860552,2.0183410644580846e-05
picorv32,cpuregs[29][11],train,pico_femto,processor,reg_to_reg,0.686035,0.68608737,5.236991882329178e-05
picorv32,cpuregs[29][12],train,pico_femto,processor,reg_to_reg,0.686035,0.6860442,9.216156005908971e-06
picorv32,cpuregs[29][13],train,pico_femto,processor,reg_to_reg,0.686035,0.6860442,9.216156005908971e-06
picorv32,cpuregs[29][14],train,pico_femto,processor,reg_to_reg,0.686035,0.68731976,0.0012847555541992683
picorv32,cpuregs[29][15],train,pico_femto,processor,reg_to_reg,0.686035,0.68731976,0.0012847555541992683
picorv32,cpuregs[29][16],train,pico_femto,processor,reg_to_reg,0.720338,0.7201937,0.0001443158988952975
picorv32,cpuregs[29][17],train,pico_femto,processor,reg_to_reg,0.761929,0.7620966,0.00016758384323123376
picorv32,cpuregs[29][18],train,pico_femto,processor,reg_to_reg,0.766871,0.76691383,4.283123397830213e-05
picorv32,cpuregs[29][19],train,pico_femto,processor,reg_to_reg,0.810574,0.810317,0.00025702011489869836
picorv32,cpuregs[29][1],train,pico_femto,processor,reg_to_reg,0.686035,0.68603075,4.25449371332931e-06
picorv32,cpuregs[29][20],train,pico_femto,processor,reg_to_reg,0.852166,0.8523901,0.00022411049270631977
picorv32,cpuregs[29][21],train,pico_femto,processor,reg_to_reg,0.85771,0.8576914,1.8592796325656025e-05
picorv32,cpuregs[29][22],train,pico_femto,processor,reg_to_reg,0.90128,0.9012756,4.424839019745441e-06
picorv32,cpuregs[29][23],train,pico_femto,processor,reg_to_reg,0.942871,0.9426888,0.00018217725372315918
picorv32,cpuregs[29][24],train,pico_femto,processor,reg_to_reg,0.947812,0.94794846,0.00013645581054688716
picorv32,cpuregs[29][25],train,pico_femto,processor,reg_to_reg,0.991515,0.99158996,7.496343612667378e-05
picorv32,cpuregs[29][26],train,pico_femto,processor,reg_to_reg,1.033106,1.0330937,1.2309127807696996e-05
picorv32,cpuregs[29][27],train,pico_femto,processor,reg_to_reg,1.03824,1.0380862,0.00015382408142095017
picorv32,cpuregs[29][28],train,pico_femto,processor,reg_to_reg,1.067744,1.0677999,5.5925804138157176e-05
picorv32,cpuregs[29][29],train,pico_femto,processor,reg_to_reg,1.112199,1.1121975,1.481651306090015e-06
picorv32,cpuregs[29][2],train,pico_femto,processor,reg_to_reg,0.686035,0.68603075,4.25449371332931e-06
picorv32,cpuregs[29][30],train,pico_femto,processor,reg_to_reg,1.138849,1.1389318,8.275125122070293e-05
picorv32,cpuregs[29][31],train,pico_femto,processor,reg_to_reg,1.147017,1.1469097,0.00010728625488276577
picorv32,cpuregs[29][3],train,pico_femto,processor,reg_to_reg,0.686035,0.6859933,4.168621063227462e-05
picorv32,cpuregs[29][4],train,pico_femto,processor,reg_to_reg,0.686035,0.6860024,3.262630462641525e-05
picorv32,cpuregs[29][5],train,pico_femto,processor,reg_to_reg,0.686035,0.6860988,6.381401062016678e-05
picorv32,cpuregs[29][6],train,pico_femto,processor,reg_to_reg,0.686035,0.68610895,7.394680023198319e-05
picorv32,cpuregs[29][7],train,pico_femto,processor,reg_to_reg,0.686035,0.685987,4.800430297846603e-05
picorv32,cpuregs[29][8],train,pico_femto,processor,reg_to_reg,0.686035,0.68603164,3.360424041698451e-06
picorv32,cpuregs[29][9],train,pico_femto,processor,reg_to_reg,0.686035,0.6860513,1.6309108734180455e-05
picorv32,cpuregs[2][0],train,pico_femto,processor,reg_to_reg,0.690595,0.6905153,7.972023010249796e-05
picorv32,cpuregs[2][10],train,pico_femto,processor,reg_to_reg,0.690595,0.69020754,0.00038745901107783975
picorv32,cpuregs[2][11],train,pico_femto,processor,reg_to_reg,0.690595,0.69260794,0.0020129392433166915
picorv32,cpuregs[2][12],train,pico_femto,processor,reg_to_reg,0.690595,0.69027627,0.00031873485565181436
picorv32,cpuregs[2][13],train,pico_femto,processor,reg_to_reg,0.690595,0.6902874,0.0003075887870788163
picorv32,cpuregs[2][14],train,pico_femto,processor,reg_to_reg,0.690595,0.68731976,0.00327524444580074
picorv32,cpuregs[2][15],train,pico_femto,processor,reg_to_reg,0.690595,0.68731976,0.00327524444580074
picorv32,cpuregs[2][16],train,pico_femto,processor,reg_to_reg,0.720338,0.7201937,0.0001443158988952975
picorv32,cpuregs[2][17],train,pico_femto,processor,reg_to_reg,0.761929,0.7620966,0.00016758384323123376
picorv32,cpuregs[2][18],train,pico_femto,processor,reg_to_reg,0.766871,0.76691383,4.283123397830213e-05
picorv32,cpuregs[2][19],train,pico_femto,processor,reg_to_reg,0.810574,0.810317,0.00025702011489869836
picorv32,cpuregs[2][1],train,pico_femto,processor,reg_to_reg,0.690595,0.6905153,7.972023010249796e-05
picorv32,cpuregs[2][20],train,pico_femto,processor,reg_to_reg,0.852166,0.8523901,0.00022411049270631977
picorv32,cpuregs[2][21],train,pico_femto,processor,reg_to_reg,0.85771,0.8576914,1.8592796325656025e-05
picorv32,cpuregs[2][22],train,pico_femto,processor,reg_to_reg,0.90128,0.9012756,4.424839019745441e-06
picorv32,cpuregs[2][23],train,pico_femto,processor,reg_to_reg,0.942871,0.9426888,0.00018217725372315918
picorv32,cpuregs[2][24],train,pico_femto,processor,reg_to_reg,0.947812,0.94794846,0.00013645581054688716
picorv32,cpuregs[2][25],train,pico_femto,processor,reg_to_reg,0.991515,0.99158996,7.496343612667378e-05
picorv32,cpuregs[2][26],train,pico_femto,processor,reg_to_reg,1.033106,1.0330937,1.2309127807696996e-05
picorv32,cpuregs[2][27],train,pico_femto,processor,reg_to_reg,1.03824,1.0380862,0.00015382408142095017
picorv32,cpuregs[2][28],train,pico_femto,processor,reg_to_reg,1.067744,1.0677999,5.5925804138157176e-05
picorv32,cpuregs[2][29],train,pico_femto,processor,reg_to_reg,1.112199,1.1121975,1.481651306090015e-06
picorv32,cpuregs[2][2],train,pico_femto,processor,reg_to_reg,0.690595,0.6905153,7.972023010249796e-05
picorv32,cpuregs[2][30],train,pico_femto,processor,reg_to_reg,1.138849,1.1389318,8.275125122070293e-05
picorv32,cpuregs[2][31],train,pico_femto,processor,reg_to_reg,1.147017,1.1469097,0.00010728625488276577
picorv32,cpuregs[2][3],train,pico_femto,processor,reg_to_reg,0.690595,0.6935347,0.002939672260284465
picorv32,cpuregs[2][4],train,pico_femto,processor,reg_to_reg,0.690595,0.6903333,0.00026169321060176554
picorv32,cpuregs[2][5],train,pico_femto,processor,reg_to_reg,0.690595,0.6957744,0.005179376392364543
picorv32,cpuregs[2][6],train,pico_femto,processor,reg_to_reg,0.690595,0.6906488,5.379417419437704e-05
picorv32,cpuregs[2][7],train,pico_femto,processor,reg_to_reg,0.690595,0.6827194,0.007875590534210164
picorv32,cpuregs[2][8],train,pico_femto,processor,reg_to_reg,0.690595,0.69062304,2.8044967651408292e-05
picorv32,cpuregs[2][9],train,pico_femto,processor,reg_to_reg,0.690595,0.6902149,0.0003801276397704667
picorv32,cpuregs[30][0],train,pico_femto,processor,reg_to_reg,0.686035,0.68603075,4.25449371332931e-06
picorv32,cpuregs[30][10],train,pico_femto,processor,reg_to_reg,0.686035,0.6860552,2.0183410644580846e-05
picorv32,cpuregs[30][11],train,pico_femto,processor,reg_to_reg,0.686035,0.68608737,5.236991882329178e-05
picorv32,cpuregs[30][12],train,pico_femto,processor,reg_to_reg,0.686035,0.6860442,9.216156005908971e-06
picorv32,cpuregs[30][13],train,pico_femto,processor,reg_to_reg,0.686035,0.6860442,9.216156005908971e-06
picorv32,cpuregs[30][14],train,pico_femto,processor,reg_to_reg,0.686035,0.68731976,0.0012847555541992683
picorv32,cpuregs[30][15],train,pico_femto,processor,reg_to_reg,0.686035,0.68731976,0.0012847555541992683
picorv32,cpuregs[30][16],train,pico_femto,processor,reg_to_reg,0.720338,0.7201937,0.0001443158988952975
picorv32,cpuregs[30][17],train,pico_femto,processor,reg_to_reg,0.761929,0.7620966,0.00016758384323123376
picorv32,cpuregs[30][18],train,pico_femto,processor,reg_to_reg,0.766871,0.76691383,4.283123397830213e-05
picorv32,cpuregs[30][19],train,pico_femto,processor,reg_to_reg,0.810574,0.810317,0.00025702011489869836
picorv32,cpuregs[30][1],train,pico_femto,processor,reg_to_reg,0.686035,0.68603075,4.25449371332931e-06
picorv32,cpuregs[30][20],train,pico_femto,processor,reg_to_reg,0.852166,0.8523901,0.00022411049270631977
picorv32,cpuregs[30][21],train,pico_femto,processor,reg_to_reg,0.85771,0.8576914,1.8592796325656025e-05
picorv32,cpuregs[30][22],train,pico_femto,processor,reg_to_reg,0.90128,0.9012756,4.424839019745441e-06
picorv32,cpuregs[30][23],train,pico_femto,processor,reg_to_reg,0.942871,0.9426888,0.00018217725372315918
picorv32,cpuregs[30][24],train,pico_femto,processor,reg_to_reg,0.947812,0.94794846,0.00013645581054688716
picorv32,cpuregs[30][25],train,pico_femto,processor,reg_to_reg,0.991515,0.99158996,7.496343612667378e-05
picorv32,cpuregs[30][26],train,pico_femto,processor,reg_to_reg,1.033106,1.0330937,1.2309127807696996e-05
picorv32,cpuregs[30][27],train,pico_femto,processor,reg_to_reg,1.03824,1.0380862,0.00015382408142095017
picorv32,cpuregs[30][28],train,pico_femto,processor,reg_to_reg,1.067744,1.0677999,5.5925804138157176e-05
picorv32,cpuregs[30][29],train,pico_femto,processor,reg_to_reg,1.112199,1.1121975,1.481651306090015e-06
picorv32,cpuregs[30][2],train,pico_femto,processor,reg_to_reg,0.686035,0.68603075,4.25449371332931e-06
picorv32,cpuregs[30][30],train,pico_femto,processor,reg_to_reg,1.138849,1.1389318,8.275125122070293e-05
picorv32,cpuregs[30][31],train,pico_femto,processor,reg_to_reg,1.147017,1.1469097,0.00010728625488276577
picorv32,cpuregs[30][3],train,pico_femto,processor,reg_to_reg,0.686035,0.6859933,4.168621063227462e-05
picorv32,cpuregs[30][4],train,pico_femto,processor,reg_to_reg,0.686035,0.6860024,3.262630462641525e-05
picorv32,cpuregs[30][5],train,pico_femto,processor,reg_to_reg,0.686035,0.6860988,6.381401062016678e-05
picorv32,cpuregs[30][6],train,pico_femto,processor,reg_to_reg,0.686035,0.68610895,7.394680023198319e-05
picorv32,cpuregs[30][7],train,pico_femto,processor,reg_to_reg,0.686035,0.685987,4.800430297846603e-05
picorv32,cpuregs[30][8],train,pico_femto,processor,reg_to_reg,0.686035,0.68603164,3.360424041698451e-06
picorv32,cpuregs[30][9],train,pico_femto,processor,reg_to_reg,0.686035,0.6860513,1.6309108734180455e-05
picorv32,cpuregs[31][0],train,pico_femto,processor,reg_to_reg,0.686035,0.68603075,4.25449371332931e-06
picorv32,cpuregs[31][10],train,pico_femto,processor,reg_to_reg,0.686035,0.6860552,2.0183410644580846e-05
picorv32,cpuregs[31][11],train,pico_femto,processor,reg_to_reg,0.686035,0.68608737,5.236991882329178e-05
picorv32,cpuregs[31][12],train,pico_femto,processor,reg_to_reg,0.686035,0.6860442,9.216156005908971e-06
picorv32,cpuregs[31][13],train,pico_femto,processor,reg_to_reg,0.686035,0.6860442,9.216156005908971e-06
picorv32,cpuregs[31][14],train,pico_femto,processor,reg_to_reg,0.686035,0.68731976,0.0012847555541992683
picorv32,cpuregs[31][15],train,pico_femto,processor,reg_to_reg,0.686035,0.68731976,0.0012847555541992683
picorv32,cpuregs[31][16],train,pico_femto,processor,reg_to_reg,0.720338,0.7201937,0.0001443158988952975
picorv32,cpuregs[31][17],train,pico_femto,processor,reg_to_reg,0.761929,0.7620966,0.00016758384323123376
picorv32,cpuregs[31][18],train,pico_femto,processor,reg_to_reg,0.766871,0.76691383,4.283123397830213e-05
picorv32,cpuregs[31][19],train,pico_femto,processor,reg_to_reg,0.810574,0.810317,0.00025702011489869836
picorv32,cpuregs[31][1],train,pico_femto,processor,reg_to_reg,0.686035,0.68603075,4.25449371332931e-06
picorv32,cpuregs[31][20],train,pico_femto,processor,reg_to_reg,0.852166,0.8523901,0.00022411049270631977
picorv32,cpuregs[31][21],train,pico_femto,processor,reg_to_reg,0.85771,0.8576914,1.8592796325656025e-05
picorv32,cpuregs[31][22],train,pico_femto,processor,reg_to_reg,0.90128,0.9012756,4.424839019745441e-06
picorv32,cpuregs[31][23],train,pico_femto,processor,reg_to_reg,0.942871,0.9426888,0.00018217725372315918
picorv32,cpuregs[31][24],train,pico_femto,processor,reg_to_reg,0.947812,0.94794846,0.00013645581054688716
picorv32,cpuregs[31][25],train,pico_femto,processor,reg_to_reg,0.991515,0.99158996,7.496343612667378e-05
picorv32,cpuregs[31][26],train,pico_femto,processor,reg_to_reg,1.033106,1.0330937,1.2309127807696996e-05
picorv32,cpuregs[31][27],train,pico_femto,processor,reg_to_reg,1.03824,1.0380862,0.00015382408142095017
picorv32,cpuregs[31][28],train,pico_femto,processor,reg_to_reg,1.067744,1.0677999,5.5925804138157176e-05
picorv32,cpuregs[31][29],train,pico_femto,processor,reg_to_reg,1.112199,1.1121975,1.481651306090015e-06
picorv32,cpuregs[31][2],train,pico_femto,processor,reg_to_reg,0.686035,0.68603075,4.25449371332931e-06
picorv32,cpuregs[31][30],train,pico_femto,processor,reg_to_reg,1.138849,1.1389318,8.275125122070293e-05
picorv32,cpuregs[31][31],train,pico_femto,processor,reg_to_reg,1.147017,1.1469097,0.00010728625488276577
picorv32,cpuregs[31][3],train,pico_femto,processor,reg_to_reg,0.686035,0.6859933,4.168621063227462e-05
picorv32,cpuregs[31][4],train,pico_femto,processor,reg_to_reg,0.686035,0.6860024,3.262630462641525e-05
picorv32,cpuregs[31][5],train,pico_femto,processor,reg_to_reg,0.686035,0.6860988,6.381401062016678e-05
picorv32,cpuregs[31][6],train,pico_femto,processor,reg_to_reg,0.686035,0.68610895,7.394680023198319e-05
picorv32,cpuregs[31][7],train,pico_femto,processor,reg_to_reg,0.686035,0.685987,4.800430297846603e-05
picorv32,cpuregs[31][8],train,pico_femto,processor,reg_to_reg,0.686035,0.68603164,3.360424041698451e-06
picorv32,cpuregs[31][9],train,pico_femto,processor,reg_to_reg,0.686035,0.6860513,1.6309108734180455e-05
picorv32,cpuregs[3][0],train,pico_femto,processor,reg_to_reg,0.690595,0.6905153,7.972023010249796e-05
picorv32,cpuregs[3][10],train,pico_femto,processor,reg_to_reg,0.690595,0.69020754,0.00038745901107783975
picorv32,cpuregs[3][11],train,pico_femto,processor,reg_to_reg,0.690595,0.69260794,0.0020129392433166915
picorv32,cpuregs[3][12],train,pico_femto,processor,reg_to_reg,0.690595,0.69027627,0.00031873485565181436
picorv32,cpuregs[3][13],train,pico_femto,processor,reg_to_reg,0.690595,0.6902874,0.0003075887870788163
picorv32,cpuregs[3][14],train,pico_femto,processor,reg_to_reg,0.690595,0.68731976,0.00327524444580074
picorv32,cpuregs[3][15],train,pico_femto,processor,reg_to_reg,0.690595,0.68731976,0.00327524444580074
picorv32,cpuregs[3][16],train,pico_femto,processor,reg_to_reg,0.720338,0.7201937,0.0001443158988952975
picorv32,cpuregs[3][17],train,pico_femto,processor,reg_to_reg,0.761929,0.7620966,0.00016758384323123376
picorv32,cpuregs[3][18],train,pico_femto,processor,reg_to_reg,0.766871,0.76691383,4.283123397830213e-05
picorv32,cpuregs[3][19],train,pico_femto,processor,reg_to_reg,0.810574,0.810317,0.00025702011489869836
picorv32,cpuregs[3][1],train,pico_femto,processor,reg_to_reg,0.690595,0.6905153,7.972023010249796e-05
picorv32,cpuregs[3][20],train,pico_femto,processor,reg_to_reg,0.852166,0.8523901,0.00022411049270631977
picorv32,cpuregs[3][21],train,pico_femto,processor,reg_to_reg,0.85771,0.8576914,1.8592796325656025e-05
picorv32,cpuregs[3][22],train,pico_femto,processor,reg_to_reg,0.90128,0.9012756,4.424839019745441e-06
picorv32,cpuregs[3][23],train,pico_femto,processor,reg_to_reg,0.942871,0.9426888,0.00018217725372315918
picorv32,cpuregs[3][24],train,pico_femto,processor,reg_to_reg,0.947812,0.94794846,0.00013645581054688716
picorv32,cpuregs[3][25],train,pico_femto,processor,reg_to_reg,0.991515,0.99158996,7.496343612667378e-05
picorv32,cpuregs[3][26],train,pico_femto,processor,reg_to_reg,1.033106,1.0330937,1.2309127807696996e-05
picorv32,cpuregs[3][27],train,pico_femto,processor,reg_to_reg,1.03824,1.0380862,0.00015382408142095017
picorv32,cpuregs[3][28],train,pico_femto,processor,reg_to_reg,1.067744,1.0677999,5.5925804138157176e-05
picorv32,cpuregs[3][29],train,pico_femto,processor,reg_to_reg,1.112199,1.1121975,1.481651306090015e-06
picorv32,cpuregs[3][2],train,pico_femto,processor,reg_to_reg,0.690595,0.6905153,7.972023010249796e-05
picorv32,cpuregs[3][30],train,pico_femto,processor,reg_to_reg,1.138849,1.1389318,8.275125122070293e-05
picorv32,cpuregs[3][31],train,pico_femto,processor,reg_to_reg,1.147017,1.1469097,0.00010728625488276577
picorv32,cpuregs[3][3],train,pico_femto,processor,reg_to_reg,0.690595,0.6935347,0.002939672260284465
picorv32,cpuregs[3][4],train,pico_femto,processor,reg_to_reg,0.690595,0.6903333,0.00026169321060176554
picorv32,cpuregs[3][5],train,pico_femto,processor,reg_to_reg,0.690595,0.6957744,0.005179376392364543
picorv32,cpuregs[3][6],train,pico_femto,processor,reg_to_reg,0.690595,0.6906488,5.379417419437704e-05
picorv32,cpuregs[3][7],train,pico_femto,processor,reg_to_reg,0.690595,0.6827194,0.007875590534210164
picorv32,cpuregs[3][8],train,pico_femto,processor,reg_to_reg,0.690595,0.69062304,2.8044967651408292e-05
picorv32,cpuregs[3][9],train,pico_femto,processor,reg_to_reg,0.690595,0.6902149,0.0003801276397704667
picorv32,cpuregs[4][0],train,pico_femto,processor,reg_to_reg,0.690941,0.6909218,1.921655273440237e-05
picorv32,cpuregs[4][10],train,pico_femto,processor,reg_to_reg,0.690941,0.69063383,0.0003071665916443145
picorv32,cpuregs[4][11],train,pico_femto,processor,reg_to_reg,0.690941,0.690666,0.00027498008346560354
picorv32,cpuregs[4][12],train,pico_femto,processor,reg_to_reg,0.690941,0.69062287,0.00031813384628298635
picorv32,cpuregs[4][13],train,pico_femto,processor,reg_to_reg,0.690941,0.69062287,0.00031813384628298635
picorv32,cpuregs[4][14],train,pico_femto,processor,reg_to_reg,0.690941,0.68731976,0.0036212444458008086
picorv32,cpuregs[4][15],train,pico_femto,processor,reg_to_reg,0.690941,0.68731976,0.0036212444458008086
picorv32,cpuregs[4][16],train,pico_femto,processor,reg_to_reg,0.720338,0.7201937,0.0001443158988952975
picorv32,cpuregs[4][17],train,pico_femto,processor,reg_to_reg,0.761929,0.7620966,0.00016758384323123376
picorv32,cpuregs[4][18],train,pico_femto,processor,reg_to_reg,0.766871,0.76691383,4.283123397830213e-05
picorv32,cpuregs[4][19],train,pico_femto,processor,reg_to_reg,0.810574,0.810317,0.00025702011489869836
picorv32,cpuregs[4][1],train,pico_femto,processor,reg_to_reg,0.690941,0.6909218,1.921655273440237e-05
picorv32,cpuregs[4][20],train,pico_femto,processor,reg_to_reg,0.852166,0.8523901,0.00022411049270631977
picorv32,cpuregs[4][21],train,pico_femto,processor,reg_to_reg,0.85771,0.8576914,1.8592796325656025e-05
picorv32,cpuregs[4][22],train,pico_femto,processor,reg_to_reg,0.90128,0.9012756,4.424839019745441e-06
picorv32,cpuregs[4][23],train,pico_femto,processor,reg_to_reg,0.942871,0.9426888,0.00018217725372315918
picorv32,cpuregs[4][24],train,pico_femto,processor,reg_to_reg,0.947812,0.94794846,0.00013645581054688716
picorv32,cpuregs[4][25],train,pico_femto,processor,reg_to_reg,0.991515,0.99158996,7.496343612667378e-05
picorv32,cpuregs[4][26],train,pico_femto,processor,reg_to_reg,1.033106,1.0330937,1.2309127807696996e-05
picorv32,cpuregs[4][27],train,pico_femto,processor,reg_to_reg,1.03824,1.0380862,0.00015382408142095017
picorv32,cpuregs[4][28],train,pico_femto,processor,reg_to_reg,1.067744,1.0677999,5.5925804138157176e-05
picorv32,cpuregs[4][29],train,pico_femto,processor,reg_to_reg,1.112199,1.1121975,1.481651306090015e-06
picorv32,cpuregs[4][2],train,pico_femto,processor,reg_to_reg,0.690941,0.6909218,1.921655273440237e-05
picorv32,cpuregs[4][30],train,pico_femto,processor,reg_to_reg,1.138849,1.1389318,8.275125122070293e-05
picorv32,cpuregs[4][31],train,pico_femto,processor,reg_to_reg,1.147017,1.1469097,0.00010728625488276577
picorv32,cpuregs[4][3],train,pico_femto,processor,reg_to_reg,0.690941,0.69088435,5.664826965334768e-05
picorv32,cpuregs[4][4],train,pico_femto,processor,reg_to_reg,0.690941,0.6908934,4.758836364748831e-05
picorv32,cpuregs[4][5],train,pico_femto,processor,reg_to_reg,0.690941,0.6911727,0.00023171900176999216
picorv32,cpuregs[4][6],train,pico_femto,processor,reg_to_reg,0.690941,0.68977755,0.0011634469184875762
picorv32,cpuregs[4][7],train,pico_femto,processor,reg_to_reg,0.690941,0.69056565,0.00037535430526736135
picorv32,cpuregs[4][8],train,pico_femto,processor,reg_to_reg,0.690941,0.69063646,0.0003045439872741973
picorv32,cpuregs[4][9],train,pico_femto,processor,reg_to_reg,0.690941,0.6906561,0.0002848744544983184
picorv32,cpuregs[5][0],train,pico_femto,processor,reg_to_reg,0.690941,0.6909218,1.921655273440237e-05
picorv32,cpuregs[5][10],train,pico_femto,processor,reg_to_reg,0.690941,0.69063383,0.0003071665916443145
picorv32,cpuregs[5][11],train,pico_femto,processor,reg_to_reg,0.690941,0.690666,0.00027498008346560354
picorv32,cpuregs[5][12],train,pico_femto,processor,reg_to_reg,0.690941,0.69062287,0.00031813384628298635
picorv32,cpuregs[5][13],train,pico_femto,processor,reg_to_reg,0.690941,0.69062287,0.00031813384628298635
picorv32,cpuregs[5][14],train,pico_femto,processor,reg_to_reg,0.690941,0.68731976,0.0036212444458008086
picorv32,cpuregs[5][15],train,pico_femto,processor,reg_to_reg,0.690941,0.68731976,0.0036212444458008086
picorv32,cpuregs[5][16],train,pico_femto,processor,reg_to_reg,0.720338,0.7201937,0.0001443158988952975
picorv32,cpuregs[5][17],train,pico_femto,processor,reg_to_reg,0.761929,0.7620966,0.00016758384323123376
picorv32,cpuregs[5][18],train,pico_femto,processor,reg_to_reg,0.766871,0.76691383,4.283123397830213e-05
picorv32,cpuregs[5][19],train,pico_femto,processor,reg_to_reg,0.810574,0.810317,0.00025702011489869836
picorv32,cpuregs[5][1],train,pico_femto,processor,reg_to_reg,0.690941,0.6909218,1.921655273440237e-05
picorv32,cpuregs[5][20],train,pico_femto,processor,reg_to_reg,0.852166,0.8523901,0.00022411049270631977
picorv32,cpuregs[5][21],train,pico_femto,processor,reg_to_reg,0.85771,0.8576914,1.8592796325656025e-05
picorv32,cpuregs[5][22],train,pico_femto,processor,reg_to_reg,0.90128,0.9012756,4.424839019745441e-06
picorv32,cpuregs[5][23],train,pico_femto,processor,reg_to_reg,0.942871,0.9426888,0.00018217725372315918
picorv32,cpuregs[5][24],train,pico_femto,processor,reg_to_reg,0.947812,0.94794846,0.00013645581054688716
picorv32,cpuregs[5][25],train,pico_femto,processor,reg_to_reg,0.991515,0.99158996,7.496343612667378e-05
picorv32,cpuregs[5][26],train,pico_femto,processor,reg_to_reg,1.033106,1.0330937,1.2309127807696996e-05
picorv32,cpuregs[5][27],train,pico_femto,processor,reg_to_reg,1.03824,1.0380862,0.00015382408142095017
picorv32,cpuregs[5][28],train,pico_femto,processor,reg_to_reg,1.067744,1.0677999,5.5925804138157176e-05
picorv32,cpuregs[5][29],train,pico_femto,processor,reg_to_reg,1.112199,1.1121975,1.481651306090015e-06
picorv32,cpuregs[5][2],train,pico_femto,processor,reg_to_reg,0.690941,0.6909218,1.921655273440237e-05
picorv32,cpuregs[5][30],train,pico_femto,processor,reg_to_reg,1.138849,1.1389318,8.275125122070293e-05
picorv32,cpuregs[5][31],train,pico_femto,processor,reg_to_reg,1.147017,1.1469097,0.00010728625488276577
picorv32,cpuregs[5][3],train,pico_femto,processor,reg_to_reg,0.690941,0.69088435,5.664826965334768e-05
picorv32,cpuregs[5][4],train,pico_femto,processor,reg_to_reg,0.690941,0.6908934,4.758836364748831e-05
picorv32,cpuregs[5][5],train,pico_femto,processor,reg_to_reg,0.690941,0.6911727,0.00023171900176999216
picorv32,cpuregs[5][6],train,pico_femto,processor,reg_to_reg,0.690941,0.68977755,0.0011634469184875762
picorv32,cpuregs[5][7],train,pico_femto,processor,reg_to_reg,0.690941,0.69056565,0.00037535430526736135
picorv32,cpuregs[5][8],train,pico_femto,processor,reg_to_reg,0.690941,0.69063646,0.0003045439872741973
picorv32,cpuregs[5][9],train,pico_femto,processor,reg_to_reg,0.690941,0.6906561,0.0002848744544983184
picorv32,cpuregs[6][0],train,pico_femto,processor,reg_to_reg,0.690941,0.6909218,1.921655273440237e-05
picorv32,cpuregs[6][10],train,pico_femto,processor,reg_to_reg,0.690941,0.69063383,0.0003071665916443145
picorv32,cpuregs[6][11],train,pico_femto,processor,reg_to_reg,0.690941,0.690666,0.00027498008346560354
picorv32,cpuregs[6][12],train,pico_femto,processor,reg_to_reg,0.690941,0.69062287,0.00031813384628298635
picorv32,cpuregs[6][13],train,pico_femto,processor,reg_to_reg,0.690941,0.69062287,0.00031813384628298635
picorv32,cpuregs[6][14],train,pico_femto,processor,reg_to_reg,0.690941,0.68731976,0.0036212444458008086
picorv32,cpuregs[6][15],train,pico_femto,processor,reg_to_reg,0.690941,0.68731976,0.0036212444458008086
picorv32,cpuregs[6][16],train,pico_femto,processor,reg_to_reg,0.720338,0.7201937,0.0001443158988952975
picorv32,cpuregs[6][17],train,pico_femto,processor,reg_to_reg,0.761929,0.7620966,0.00016758384323123376
picorv32,cpuregs[6][18],train,pico_femto,processor,reg_to_reg,0.766871,0.76691383,4.283123397830213e-05
picorv32,cpuregs[6][19],train,pico_femto,processor,reg_to_reg,0.810574,0.810317,0.00025702011489869836
picorv32,cpuregs[6][1],train,pico_femto,processor,reg_to_reg,0.690941,0.6909218,1.921655273440237e-05
picorv32,cpuregs[6][20],train,pico_femto,processor,reg_to_reg,0.852166,0.8523901,0.00022411049270631977
picorv32,cpuregs[6][21],train,pico_femto,processor,reg_to_reg,0.85771,0.8576914,1.8592796325656025e-05
picorv32,cpuregs[6][22],train,pico_femto,processor,reg_to_reg,0.90128,0.9012756,4.424839019745441e-06
picorv32,cpuregs[6][23],train,pico_femto,processor,reg_to_reg,0.942871,0.9426888,0.00018217725372315918
picorv32,cpuregs[6][24],train,pico_femto,processor,reg_to_reg,0.947812,0.94794846,0.00013645581054688716
picorv32,cpuregs[6][25],train,pico_femto,processor,reg_to_reg,0.991515,0.99158996,7.496343612667378e-05
picorv32,cpuregs[6][26],train,pico_femto,processor,reg_to_reg,1.033106,1.0330937,1.2309127807696996e-05
picorv32,cpuregs[6][27],train,pico_femto,processor,reg_to_reg,1.03824,1.0380862,0.00015382408142095017
picorv32,cpuregs[6][28],train,pico_femto,processor,reg_to_reg,1.067744,1.0677999,5.5925804138157176e-05
picorv32,cpuregs[6][29],train,pico_femto,processor,reg_to_reg,1.112199,1.1121975,1.481651306090015e-06
picorv32,cpuregs[6][2],train,pico_femto,processor,reg_to_reg,0.690941,0.6909218,1.921655273440237e-05
picorv32,cpuregs[6][30],train,pico_femto,processor,reg_to_reg,1.138849,1.1389318,8.275125122070293e-05
picorv32,cpuregs[6][31],train,pico_femto,processor,reg_to_reg,1.147017,1.1469097,0.00010728625488276577
picorv32,cpuregs[6][3],train,pico_femto,processor,reg_to_reg,0.690941,0.69088435,5.664826965334768e-05
picorv32,cpuregs[6][4],train,pico_femto,processor,reg_to_reg,0.690941,0.6908934,4.758836364748831e-05
picorv32,cpuregs[6][5],train,pico_femto,processor,reg_to_reg,0.690941,0.6911727,0.00023171900176999216
picorv32,cpuregs[6][6],train,pico_femto,processor,reg_to_reg,0.690941,0.68977755,0.0011634469184875762
picorv32,cpuregs[6][7],train,pico_femto,processor,reg_to_reg,0.690941,0.69056565,0.00037535430526736135
picorv32,cpuregs[6][8],train,pico_femto,processor,reg_to_reg,0.690941,0.69063646,0.0003045439872741973
picorv32,cpuregs[6][9],train,pico_femto,processor,reg_to_reg,0.690941,0.6906561,0.0002848744544983184
picorv32,cpuregs[7][0],train,pico_femto,processor,reg_to_reg,0.690941,0.6909218,1.921655273440237e-05
picorv32,cpuregs[7][10],train,pico_femto,processor,reg_to_reg,0.690941,0.69063383,0.0003071665916443145
picorv32,cpuregs[7][11],train,pico_femto,processor,reg_to_reg,0.690941,0.690666,0.00027498008346560354
picorv32,cpuregs[7][12],train,pico_femto,processor,reg_to_reg,0.690941,0.69062287,0.00031813384628298635
picorv32,cpuregs[7][13],train,pico_femto,processor,reg_to_reg,0.690941,0.69062287,0.00031813384628298635
picorv32,cpuregs[7][14],train,pico_femto,processor,reg_to_reg,0.690941,0.68731976,0.0036212444458008086
picorv32,cpuregs[7][15],train,pico_femto,processor,reg_to_reg,0.690941,0.68731976,0.0036212444458008086
picorv32,cpuregs[7][16],train,pico_femto,processor,reg_to_reg,0.720338,0.7201937,0.0001443158988952975
picorv32,cpuregs[7][17],train,pico_femto,processor,reg_to_reg,0.761929,0.7620966,0.00016758384323123376
picorv32,cpuregs[7][18],train,pico_femto,processor,reg_to_reg,0.766871,0.76691383,4.283123397830213e-05
picorv32,cpuregs[7][19],train,pico_femto,processor,reg_to_reg,0.810574,0.810317,0.00025702011489869836
picorv32,cpuregs[7][1],train,pico_femto,processor,reg_to_reg,0.690941,0.6909218,1.921655273440237e-05
picorv32,cpuregs[7][20],train,pico_femto,processor,reg_to_reg,0.852166,0.8523901,0.00022411049270631977
picorv32,cpuregs[7][21],train,pico_femto,processor,reg_to_reg,0.85771,0.8576914,1.8592796325656025e-05
picorv32,cpuregs[7][22],train,pico_femto,processor,reg_to_reg,0.90128,0.9012756,4.424839019745441e-06
picorv32,cpuregs[7][23],train,pico_femto,processor,reg_to_reg,0.942871,0.9426888,0.00018217725372315918
picorv32,cpuregs[7][24],train,pico_femto,processor,reg_to_reg,0.947812,0.94794846,0.00013645581054688716
picorv32,cpuregs[7][25],train,pico_femto,processor,reg_to_reg,0.991515,0.99158996,7.496343612667378e-05
picorv32,cpuregs[7][26],train,pico_femto,processor,reg_to_reg,1.033106,1.0330937,1.2309127807696996e-05
picorv32,cpuregs[7][27],train,pico_femto,processor,reg_to_reg,1.03824,1.0380862,0.00015382408142095017
picorv32,cpuregs[7][28],train,pico_femto,processor,reg_to_reg,1.067744,1.0677999,5.5925804138157176e-05
picorv32,cpuregs[7][29],train,pico_femto,processor,reg_to_reg,1.112199,1.1121975,1.481651306090015e-06
picorv32,cpuregs[7][2],train,pico_femto,processor,reg_to_reg,0.690941,0.6909218,1.921655273440237e-05
picorv32,cpuregs[7][30],train,pico_femto,processor,reg_to_reg,1.138849,1.1389318,8.275125122070293e-05
picorv32,cpuregs[7][31],train,pico_femto,processor,reg_to_reg,1.147017,1.1469097,0.00010728625488276577
picorv32,cpuregs[7][3],train,pico_femto,processor,reg_to_reg,0.690941,0.69088435,5.664826965334768e-05
picorv32,cpuregs[7][4],train,pico_femto,processor,reg_to_reg,0.690941,0.6908934,4.758836364748831e-05
picorv32,cpuregs[7][5],train,pico_femto,processor,reg_to_reg,0.690941,0.6911727,0.00023171900176999216
picorv32,cpuregs[7][6],train,pico_femto,processor,reg_to_reg,0.690941,0.68977755,0.0011634469184875762
picorv32,cpuregs[7][7],train,pico_femto,processor,reg_to_reg,0.690941,0.69056565,0.00037535430526736135
picorv32,cpuregs[7][8],train,pico_femto,processor,reg_to_reg,0.690941,0.69063646,0.0003045439872741973
picorv32,cpuregs[7][9],train,pico_femto,processor,reg_to_reg,0.690941,0.6906561,0.0002848744544983184
picorv32,cpuregs[8][0],train,pico_femto,processor,reg_to_reg,0.686035,0.6860326,2.406749725292201e-06
picorv32,cpuregs[8][10],train,pico_femto,processor,reg_to_reg,0.686035,0.6860552,2.0183410644580846e-05
picorv32,cpuregs[8][11],train,pico_femto,processor,reg_to_reg,0.686035,0.68608737,5.236991882329178e-05
picorv32,cpuregs[8][12],train,pico_femto,processor,reg_to_reg,0.686035,0.6860442,9.216156005908971e-06
picorv32,cpuregs[8][13],train,pico_femto,processor,reg_to_reg,0.686035,0.6860442,9.216156005908971e-06
picorv32,cpuregs[8][14],train,pico_femto,processor,reg_to_reg,0.686035,0.68731976,0.0012847555541992683
picorv32,cpuregs[8][15],train,pico_femto,processor,reg_to_reg,0.686035,0.68731976,0.0012847555541992683
picorv32,cpuregs[8][16],train,pico_femto,processor,reg_to_reg,0.720338,0.7201937,0.0001443158988952975
picorv32,cpuregs[8][17],train,pico_femto,processor,reg_to_reg,0.761929,0.7620966,0.00016758384323123376
picorv32,cpuregs[8][18],train,pico_femto,processor,reg_to_reg,0.766871,0.76691383,4.283123397830213e-05
picorv32,cpuregs[8][19],train,pico_femto,processor,reg_to_reg,0.810574,0.810317,0.00025702011489869836
picorv32,cpuregs[8][1],train,pico_femto,processor,reg_to_reg,0.686035,0.6860326,2.406749725292201e-06
picorv32,cpuregs[8][20],train,pico_femto,processor,reg_to_reg,0.852166,0.8523901,0.00022411049270631977
picorv32,cpuregs[8][21],train,pico_femto,processor,reg_to_reg,0.85771,0.8576914,1.8592796325656025e-05
picorv32,cpuregs[8][22],train,pico_femto,processor,reg_to_reg,0.90128,0.9012756,4.424839019745441e-06
picorv32,cpuregs[8][23],train,pico_femto,processor,reg_to_reg,0.942871,0.9426888,0.00018217725372315918
picorv32,cpuregs[8][24],train,pico_femto,processor,reg_to_reg,0.947812,0.94794846,0.00013645581054688716
picorv32,cpuregs[8][25],train,pico_femto,processor,reg_to_reg,0.991515,0.99158996,7.496343612667378e-05
picorv32,cpuregs[8][26],train,pico_femto,processor,reg_to_reg,1.033106,1.0330937,1.2309127807696996e-05
picorv32,cpuregs[8][27],train,pico_femto,processor,reg_to_reg,1.03824,1.0380862,0.00015382408142095017
picorv32,cpuregs[8][28],train,pico_femto,processor,reg_to_reg,1.067744,1.0677999,5.5925804138157176e-05
picorv32,cpuregs[8][29],train,pico_femto,processor,reg_to_reg,1.112199,1.1121975,1.481651306090015e-06
picorv32,cpuregs[8][2],train,pico_femto,processor,reg_to_reg,0.686035,0.6860326,2.406749725292201e-06
picorv32,cpuregs[8][30],train,pico_femto,processor,reg_to_reg,1.138849,1.1389318,8.275125122070293e-05
picorv32,cpuregs[8][31],train,pico_femto,processor,reg_to_reg,1.147017,1.1469097,0.00010728625488276577
picorv32,cpuregs[8][3],train,pico_femto,processor,reg_to_reg,0.686035,0.68599516,3.9838466644237513e-05
picorv32,cpuregs[8][4],train,pico_femto,processor,reg_to_reg,0.686035,0.6860042,3.077856063837814e-05
picorv32,cpuregs[8][5],train,pico_femto,processor,reg_to_reg,0.686035,0.68610066,6.566175460820389e-05
picorv32,cpuregs[8][6],train,pico_femto,processor,reg_to_reg,0.686035,0.68609196,5.695947647099686e-05
picorv32,cpuregs[8][7],train,pico_femto,processor,reg_to_reg,0.686035,0.685987,4.800430297846603e-05
picorv32,cpuregs[8][8],train,pico_femto,processor,reg_to_reg,0.686035,0.68603164,3.360424041698451e-06
picorv32,cpuregs[8][9],train,pico_femto,processor,reg_to_reg,0.686035,0.6860513,1.6309108734180455e-05
picorv32,cpuregs[9][0],train,pico_femto,processor,reg_to_reg,0.686035,0.6860326,2.406749725292201e-06
picorv32,cpuregs[9][10],train,pico_femto,processor,reg_to_reg,0.686035,0.6860552,2.0183410644580846e-05
picorv32,cpuregs[9][11],train,pico_femto,processor,reg_to_reg,0.686035,0.68608737,5.236991882329178e-05
picorv32,cpuregs[9][12],train,pico_femto,processor,reg_to_reg,0.686035,0.6860442,9.216156005908971e-06
picorv32,cpuregs[9][13],train,pico_femto,processor,reg_to_reg,0.686035,0.6860442,9.216156005908971e-06
picorv32,cpuregs[9][14],train,pico_femto,processor,reg_to_reg,0.686035,0.68731976,0.0012847555541992683
picorv32,cpuregs[9][15],train,pico_femto,processor,reg_to_reg,0.686035,0.68731976,0.0012847555541992683
picorv32,cpuregs[9][16],train,pico_femto,processor,reg_to_reg,0.720338,0.7201937,0.0001443158988952975
picorv32,cpuregs[9][17],train,pico_femto,processor,reg_to_reg,0.761929,0.7620966,0.00016758384323123376
picorv32,cpuregs[9][18],train,pico_femto,processor,reg_to_reg,0.766871,0.76691383,4.283123397830213e-05
picorv32,cpuregs[9][19],train,pico_femto,processor,reg_to_reg,0.810574,0.810317,0.00025702011489869836
picorv32,cpuregs[9][1],train,pico_femto,processor,reg_to_reg,0.686035,0.6860326,2.406749725292201e-06
picorv32,cpuregs[9][20],train,pico_femto,processor,reg_to_reg,0.852166,0.8523901,0.00022411049270631977
picorv32,cpuregs[9][21],train,pico_femto,processor,reg_to_reg,0.85771,0.8576914,1.8592796325656025e-05
picorv32,cpuregs[9][22],train,pico_femto,processor,reg_to_reg,0.90128,0.9012756,4.424839019745441e-06
picorv32,cpuregs[9][23],train,pico_femto,processor,reg_to_reg,0.942871,0.9426888,0.00018217725372315918
picorv32,cpuregs[9][24],train,pico_femto,processor,reg_to_reg,0.947812,0.94794846,0.00013645581054688716
picorv32,cpuregs[9][25],train,pico_femto,processor,reg_to_reg,0.991515,0.99158996,7.496343612667378e-05
picorv32,cpuregs[9][26],train,pico_femto,processor,reg_to_reg,1.033106,1.0330937,1.2309127807696996e-05
picorv32,cpuregs[9][27],train,pico_femto,processor,reg_to_reg,1.03824,1.0380862,0.00015382408142095017
picorv32,cpuregs[9][28],train,pico_femto,processor,reg_to_reg,1.067744,1.0677999,5.5925804138157176e-05
picorv32,cpuregs[9][29],train,pico_femto,processor,reg_to_reg,1.112199,1.1121975,1.481651306090015e-06
picorv32,cpuregs[9][2],train,pico_femto,processor,reg_to_reg,0.686035,0.6860326,2.406749725292201e-06
picorv32,cpuregs[9][30],train,pico_femto,processor,reg_to_reg,1.138849,1.1389318,8.275125122070293e-05
picorv32,cpuregs[9][31],train,pico_femto,processor,reg_to_reg,1.147017,1.1469097,0.00010728625488276577
picorv32,cpuregs[9][3],train,pico_femto,processor,reg_to_reg,0.686035,0.68599516,3.9838466644237513e-05
picorv32,cpuregs[9][4],train,pico_femto,processor,reg_to_reg,0.686035,0.6860042,3.077856063837814e-05
picorv32,cpuregs[9][5],train,pico_femto,processor,reg_to_reg,0.686035,0.68610066,6.566175460820389e-05
picorv32,cpuregs[9][6],train,pico_femto,processor,reg_to_reg,0.686035,0.68609196,5.695947647099686e-05
picorv32,cpuregs[9][7],train,pico_femto,processor,reg_to_reg,0.686035,0.685987,4.800430297846603e-05
picorv32,cpuregs[9][8],train,pico_femto,processor,reg_to_reg,0.686035,0.68603164,3.360424041698451e-06
picorv32,cpuregs[9][9],train,pico_femto,processor,reg_to_reg,0.686035,0.6860513,1.6309108734180455e-05
picorv32,decoded_imm[0],train,pico_femto,processor,reg_to_reg,0.761915,0.7625879,0.0006729049301147372
picorv32,decoded_imm[10],train,pico_femto,processor,reg_to_reg,0.818909,0.8191084,0.00019942657089233595
picorv32,decoded_imm[11],train,pico_femto,processor,reg_to_reg,0.792035,0.7910925,0.0009424850082397906
picorv32,decoded_imm[12],train,pico_femto,processor,reg_to_reg,0.907244,0.9089047,0.0016606716690062973
picorv32,decoded_imm[13],train,pico_femto,processor,reg_to_reg,0.907244,0.9089047,0.0016606716690062973
picorv32,decoded_imm[14],train,pico_femto,processor,reg_to_reg,0.907244,0.9089047,0.0016606716690062973
picorv32,decoded_imm[15],train,pico_femto,processor,reg_to_reg,0.918783,0.9089047,0.009878328330993669
picorv32,decoded_imm[16],train,pico_femto,processor,reg_to_reg,0.907244,0.9089047,0.0016606716690062973
picorv32,decoded_imm[17],train,pico_femto,processor,reg_to_reg,0.907244,0.9089047,0.0016606716690062973
picorv32,decoded_imm[18],train,pico_femto,processor,reg_to_reg,0.907244,0.9089047,0.0016606716690062973
picorv32,decoded_imm[19],train,pico_femto,processor,reg_to_reg,0.907244,0.90745854,0.00021454377746576991
picorv32,decoded_imm[1],train,pico_femto,processor,reg_to_reg,0.753227,0.751465,0.0017619774360656537
picorv32,decoded_imm[20],train,pico_femto,processor,reg_to_reg,1.017582,1.0243815,0.00679951836395265
picorv32,decoded_imm[21],train,pico_femto,processor,reg_to_reg,1.03538,1.0243815,0.01099848163604733
picorv32,decoded_imm[22],train,pico_femto,processor,reg_to_reg,1.017582,1.0243815,0.00679951836395265
picorv32,decoded_imm[23],train,pico_femto,processor,reg_to_reg,1.017582,1.0243815,0.00679951836395265
picorv32,decoded_imm[24],train,pico_femto,processor,reg_to_reg,1.03538,1.0243815,0.01099848163604733
picorv32,decoded_imm[25],train,pico_femto,processor,reg_to_reg,1.017582,1.0243815,0.00679951836395265
picorv32,decoded_imm[26],train,pico_femto,processor,reg_to_reg,1.03538,1.0243815,0.01099848163604733
picorv32,decoded_imm[27],train,pico_femto,processor,reg_to_reg,1.03538,1.0243815,0.01099848163604733
picorv32,decoded_imm[28],train,pico_femto,processor,reg_to_reg,1.017582,1.0243815,0.00679951836395265
picorv32,decoded_imm[29],train,pico_femto,processor,reg_to_reg,1.017582,1.0243815,0.00679951836395265
picorv32,decoded_imm[2],train,pico_femto,processor,reg_to_reg,0.753227,0.7536014,0.00037437224197389707
picorv32,decoded_imm[30],train,pico_femto,processor,reg_to_reg,1.017582,1.0243815,0.00679951836395265
picorv32,decoded_imm[31],train,pico_femto,processor,reg_to_reg,1.017582,1.0161976,0.0013844377822875842
picorv32,decoded_imm[3],train,pico_femto,processor,reg_to_reg,0.753227,0.7536014,0.00037437224197389707
picorv32,decoded_imm[4],train,pico_femto,processor,reg_to_reg,0.753227,0.7536014,0.00037437224197389707
picorv32,decoded_imm[5],train,pico_femto,processor,reg_to_reg,0.818909,0.8191084,0.00019942657089233595
picorv32,decoded_imm[6],train,pico_femto,processor,reg_to_reg,0.818909,0.8191084,0.00019942657089233595
picorv32,decoded_imm[7],train,pico_femto,processor,reg_to_reg,0.818909,0.8191084,0.00019942657089233595
picorv32,decoded_imm[8],train,pico_femto,processor,reg_to_reg,0.818909,0.8191084,0.00019942657089233595
picorv32,decoded_imm[9],train,pico_femto,processor,reg_to_reg,0.818909,0.8191084,0.00019942657089233595
picorv32,decoded_imm_j[10],train,pico_femto,processor,input_to_reg,1.555211,1.5552973,8.625551605234705e-05
picorv32,decoded_imm_j[12],train,pico_femto,processor,input_to_reg,1.555211,1.5552973,8.625551605234705e-05
picorv32,decoded_imm_j[13],train,pico_femto,processor,input_to_reg,1.555211,1.5552973,8.625551605234705e-05
picorv32,decoded_imm_j[14],train,pico_femto,processor,input_to_reg,1.555211,1.5552973,8.625551605234705e-05
picorv32,decoded_imm_j[20],train,pico_femto,processor,input_to_reg,1.555211,1.5552973,8.625551605234705e-05
picorv32,decoded_imm_j[5],train,pico_femto,processor,input_to_reg,1.555211,1.5552973,8.625551605234705e-05
picorv32,decoded_imm_j[6],train,pico_femto,processor,input_to_reg,1.555211,1.5552973,8.625551605234705e-05
picorv32,decoded_imm_j[7],train,pico_femto,processor,input_to_reg,1.555211,1.5552973,8.625551605234705e-05
picorv32,decoded_imm_j[8],train,pico_femto,processor,input_to_reg,1.555211,1.5552973,8.625551605234705e-05
picorv32,decoded_imm_j[9],train,pico_femto,processor,input_to_reg,1.555211,1.5552973,8.625551605234705e-05
picorv32,decoded_rd[0],train,pico_femto,processor,input_to_reg,1.555211,1.5552973,8.625551605234705e-05
picorv32,decoded_rd[1],train,pico_femto,processor,input_to_reg,1.555211,1.5552973,8.625551605234705e-05
picorv32,decoded_rd[2],train,pico_femto,processor,input_to_reg,1.555211,1.5552973,8.625551605234705e-05
picorv32,decoded_rd[3],train,pico_femto,processor,input_to_reg,1.555211,1.5552973,8.625551605234705e-05
picorv32,decoded_rd[4],train,pico_femto,processor,input_to_reg,1.555211,1.5552973,8.625551605234705e-05
picorv32,decoded_rs1[0],train,pico_femto,processor,input_to_reg,1.555211,1.5552973,8.625551605234705e-05
picorv32,decoded_rs1[1],train,pico_femto,processor,input_to_reg,1.555211,1.5552973,8.625551605234705e-05
picorv32,decoded_rs1[2],train,pico_femto,processor,input_to_reg,1.555211,1.5552973,8.625551605234705e-05
picorv32,decoded_rs1[3],train,pico_femto,processor,input_to_reg,1.555211,1.5552973,8.625551605234705e-05
picorv32,decoded_rs1[4],train,pico_femto,processor,input_to_reg,1.555211,1.5552973,8.625551605234705e-05
picorv32,decoded_rs2[0],train,pico_femto,processor,input_to_reg,1.555211,1.5552973,8.625551605234705e-05
picorv32,decoded_rs2[1],train,pico_femto,processor,input_to_reg,1.555211,1.5552973,8.625551605234705e-05
picorv32,decoded_rs2[2],train,pico_femto,processor,input_to_reg,1.555211,1.5552973,8.625551605234705e-05
picorv32,decoded_rs2[3],train,pico_femto,processor,input_to_reg,1.555211,1.5552973,8.625551605234705e-05
picorv32,decoded_rs2[4],train,pico_femto,processor,input_to_reg,1.555211,1.5552973,8.625551605234705e-05
picorv32,decoder_pseudo_trigger,train,pico_femto,processor,input_to_reg,1.345558,1.3443466,0.0012113575057983716
picorv32,decoder_trigger,train,pico_femto,processor,reg_to_reg,1.444311,1.440185,0.004126049171447654
picorv32,instr_add,train,pico_femto,processor,reg_to_reg,0.781735,0.78170353,3.146825790401042e-05
picorv32,instr_addi,train,pico_femto,processor,reg_to_reg,0.781735,0.7815286,0.0002064078903197819
picorv32,instr_and,train,pico_femto,processor,reg_to_reg,0.781735,0.78170353,3.146825790401042e-05
picorv32,instr_andi,train,pico_femto,processor,reg_to_reg,0.781735,0.7815286,0.0002064078903197819
picorv32,instr_auipc,train,pico_femto,processor,input_to_reg,1.480798,1.4659376,0.01486038555908209
picorv32,instr_beq,train,pico_femto,processor,reg_to_reg,0.869213,0.8692078,5.2005653381481665e-06
picorv32,instr_bge,train,pico_femto,processor,reg_to_reg,0.869213,0.8692078,5.2005653381481665e-06
picorv32,instr_bgeu,train,pico_femto,processor,reg_to_reg,0.869213,0.8692078,5.2005653381481665e-06
picorv32,instr_blt,train,pico_femto,processor,reg_to_reg,0.869213,0.8692078,5.2005653381481665e-06
picorv32,instr_bltu,train,pico_femto,processor,reg_to_reg,0.869213,0.8692078,5.2005653381481665e-06
picorv32,instr_bne,train,pico_femto,processor,reg_to_reg,0.869213,0.8692078,5.2005653381481665e-06
picorv32,instr_fence,train,pico_femto,processor,reg_to_reg,0.561727,0.5654924,0.0037653915863037346
picorv32,instr_jal,train,pico_femto,processor,input_to_reg,1.443309,1.4659376,0.022628614440918016
picorv32,instr_jalr,train,pico_femto,processor,input_to_reg,1.412574,1.4315928,0.01901882207489014
picorv32,instr_lb,train,pico_femto,processor,reg_to_reg,0.753227,0.75337714,0.00015013956832887754
picorv32,instr_lbu,train,pico_femto,processor,reg_to_reg,0.753227,0.75337714,0.00015013956832887754
picorv32,instr_lh,train,pico_femto,processor,reg_to_reg,0.753227,0.75337714,0.00015013956832887754
picorv32,instr_lhu,train,pico_femto,processor,reg_to_reg,0.753227,0.75337714,0.00015013956832887754
picorv32,instr_lui,train,pico_femto,processor,input_to_reg,1.481235,1.4812495,1.4451637267987039e-05
picorv32,instr_lw,train,pico_femto,processor,reg_to_reg,0.753227,0.75337714,0.00015013956832887754
picorv32,instr_or,train,pico_femto,processor,reg_to_reg,0.781735,0.78170353,3.146825790401042e-05
picorv32,instr_ori,train,pico_femto,processor,reg_to_reg,0.781735,0.7815286,0.0002064078903197819
picorv32,instr_sb,train,pico_femto,processor,reg_to_reg,0.753227,0.7524733,0.0007537052650451459
picorv32,instr_sh,train,pico_femto,processor,reg_to_reg,0.753227,0.7524733,0.0007537052650451459
picorv32,instr_sll,train,pico_femto,processor,reg_to_reg,0.781735,0.78170353,3.146825790401042e-05
picorv32,instr_slli,train,pico_femto,processor,reg_to_reg,0.777013,0.7766819,0.0003310999755858912
picorv32,instr_slt,train,pico_femto,processor,reg_to_reg,0.781735,0.78170353,3.146825790401042e-05
picorv32,instr_slti,train,pico_femto,processor,reg_to_reg,0.781735,0.7815286,0.0002064078903197819
picorv32,instr_sltiu,train,pico_femto,processor,reg_to_reg,0.781735,0.7815286,0.0002064078903197819
picorv32,instr_sltu,train,pico_femto,processor,reg_to_reg,0.781735,0.78170353,3.146825790401042e-05
picorv32,instr_sra,train,pico_femto,processor,reg_to_reg,0.747419,0.7468902,0.000528812736511175
picorv32,instr_srai,train,pico_femto,processor,reg_to_reg,0.753227,0.7503246,0.0029023931045532025
picorv32,instr_srl,train,pico_femto,processor,reg_to_reg,0.781735,0.78170353,3.146825790401042e-05
picorv32,instr_srli,train,pico_femto,processor,reg_to_reg,0.753227,0.75364226,0.00041526102828981504
picorv32,instr_sub,train,pico_femto,processor,reg_to_reg,0.747419,0.7468902,0.000528812736511175
picorv32,instr_sw,train,pico_femto,processor,reg_to_reg,0.753227,0.7524733,0.0007537052650451459
picorv32,instr_xor,train,pico_femto,processor,reg_to_reg,0.781735,0.78170353,3.146825790401042e-05
picorv32,instr_xori,train,pico_femto,processor,reg_to_reg,0.781735,0.7815286,0.0002064078903197819
picorv32,is_alu_reg_imm,train,pico_femto,processor,input_to_reg,1.476079,1.4659376,0.01014138555908195
picorv32,is_alu_reg_reg,train,pico_femto,processor,input_to_reg,1.481235,1.4812495,1.4451637267987039e-05
picorv32,is_beq_bne_blt_bge_bltu_bgeu,train,pico_femto,processor,input_to_reg,1.577103,1.5715007,0.005602341011047285
picorv32,is_compare,train,pico_femto,processor,reg_to_reg,0.729921,0.73093,0.0010089707412719306
picorv32,is_jalr_addi_slti_sltiu_xori_ori_andi,train,pico_femto,processor,reg_to_reg,0.753227,0.7542882,0.0010611965637207232
picorv32,is_lb_lh_lw_lbu_lhu,train,pico_femto,processor,input_to_reg,1.463403,1.4659376,0.0025346144409179594
picorv32,is_lui_auipc_jal,train,pico_femto,processor,reg_to_reg,0.424021,0.42771664,0.00369564261817934
picorv32,is_sb_sh_sw,train,pico_femto,processor,input_to_reg,1.508459,1.5116768,0.0032177883300781307
picorv32,is_sll_srl_sra,train,pico_femto,processor,reg_to_reg,0.753227,0.69070274,0.06252426362228392
picorv32,is_slli_srli_srai,train,pico_femto,processor,reg_to_reg,0.628579,0.69070274,0.062123736377716066
picorv32,is_slti_blt_slt,train,pico_femto,processor,reg_to_reg,0.175462,0.17487451,0.0005874856586456367
picorv32,is_sltiu_bltu_sltu,train,pico_femto,processor,reg_to_reg,0.175581,0.17487451,0.000706485658645617
picorv32,latched_branch,train,pico_femto,processor,reg_to_reg,1.229144,1.2317941,0.0026501188812255716
picorv32,latched_is_lb,train,pico_femto,processor,input_to_reg,1.440229,1.4393346,0.000894369033813458
picorv32,latched_is_lh,train,pico_femto,processor,input_to_reg,1.440229,1.4393346,0.000894369033813458
picorv32,latched_rd[0],train,pico_femto,processor,reg_to_reg,0.300947,0.30094457,2.4332733154497355e-06
picorv32,latched_rd[1],train,pico_femto,processor,reg_to_reg,0.300947,0.30094457,2.4332733154497355e-06
picorv32,latched_rd[2],train,pico_femto,processor,reg_to_reg,0.300947,0.30094457,2.4332733154497355e-06
picorv32,latched_rd[3],train,pico_femto,processor,reg_to_reg,0.300947,0.30094457,2.4332733154497355e-06
picorv32,latched_rd[4],train,pico_femto,processor,reg_to_reg,0.300947,0.30094457,2.4332733154497355e-06
picorv32,latched_stalu,train,pico_femto,processor,reg_to_reg,0.31005,0.28951186,0.020538140583038322
picorv32,latched_store,train,pico_femto,processor,reg_to_reg,1.152105,1.1553779,0.0032728648376465497
picorv32,mem_addr[10],train,pico_femto,processor,reg_to_reg,1.067104,1.067127,2.2989364623970943e-05
picorv32,mem_addr[11],train,pico_femto,processor,reg_to_reg,1.067104,1.067127,2.2989364623970943e-05
picorv32,mem_addr[12],train,pico_femto,processor,reg_to_reg,1.067104,1.067127,2.2989364623970943e-05
picorv32,mem_addr[13],train,pico_femto,processor,reg_to_reg,1.067104,1.067127,2.2989364623970943e-05
picorv32,mem_addr[14],train,pico_femto,processor,reg_to_reg,1.067104,1.067127,2.2989364623970943e-05
picorv32,mem_addr[15],train,pico_femto,processor,reg_to_reg,1.067104,1.067127,2.2989364623970943e-05
picorv32,mem_addr[16],train,pico_femto,processor,reg_to_reg,1.067104,1.067127,2.2989364623970943e-05
picorv32,mem_addr[17],train,pico_femto,processor,reg_to_reg,1.067104,1.067127,2.2989364623970943e-05
picorv32,mem_addr[18],train,pico_femto,processor,reg_to_reg,1.067104,1.067127,2.2989364623970943e-05
picorv32,mem_addr[19],train,pico_femto,processor,reg_to_reg,1.067104,1.067127,2.2989364623970943e-05
picorv32,mem_addr[20],train,pico_femto,processor,reg_to_reg,1.067104,1.067127,2.2989364623970943e-05
picorv32,mem_addr[21],train,pico_femto,processor,reg_to_reg,1.067104,1.067127,2.2989364623970943e-05
picorv32,mem_addr[22],train,pico_femto,processor,reg_to_reg,1.067104,1.067127,2.2989364623970943e-05
picorv32,mem_addr[23],train,pico_femto,processor,reg_to_reg,1.067104,1.067127,2.2989364623970943e-05
picorv32,mem_addr[24],train,pico_femto,processor,reg_to_reg,1.067104,1.067127,2.2989364623970943e-05
picorv32,mem_addr[25],train,pico_femto,processor,reg_to_reg,1.067104,1.067127,2.2989364623970943e-05
picorv32,mem_addr[26],train,pico_femto,processor,reg_to_reg,1.067104,1.067127,2.2989364623970943e-05
picorv32,mem_addr[27],train,pico_femto,processor,reg_to_reg,1.067104,1.067127,2.2989364623970943e-05
picorv32,mem_addr[28],train,pico_femto,processor,reg_to_reg,1.067104,1.067127,2.2989364623970943e-05
picorv32,mem_addr[29],train,pico_femto,processor,reg_to_reg,1.067104,1.067127,2.2989364623970943e-05
picorv32,mem_addr[2],train,pico_femto,processor,reg_to_reg,1.067104,1.067127,2.2989364623970943e-05
picorv32,mem_addr[30],train,pico_femto,processor,reg_to_reg,1.067104,1.067127,2.2989364623970943e-05
picorv32,mem_addr[31],train,pico_femto,processor,reg_to_reg,1.067104,1.067127,2.2989364623970943e-05
picorv32,mem_addr[3],train,pico_femto,processor,reg_to_reg,1.067104,1.067127,2.2989364623970943e-05
picorv32,mem_addr[4],train,pico_femto,processor,reg_to_reg,1.067104,1.067127,2.2989364623970943e-05
picorv32,mem_addr[5],train,pico_femto,processor,reg_to_reg,1.067104,1.067127,2.2989364623970943e-05
picorv32,mem_addr[6],train,pico_femto,processor,reg_to_reg,1.067104,1.067127,2.2989364623970943e-05
picorv32,mem_addr[7],train,pico_femto,processor,reg_to_reg,1.067104,1.067127,2.2989364623970943e-05
picorv32,mem_addr[8],train,pico_femto,processor,reg_to_reg,1.067104,1.067127,2.2989364623970943e-05
picorv32,mem_addr[9],train,pico_femto,processor,reg_to_reg,1.067104,1.067127,2.2989364623970943e-05
picorv32,mem_do_prefetch,train,pico_femto,processor,input_to_reg,1.331431,1.331788,0.00035694384002682433
picorv32,mem_do_rdata,train,pico_femto,processor,input_to_reg,1.371067,1.3736544,0.0025873655395507456
picorv32,mem_do_rinst,train,pico_femto,processor,reg_to_reg,1.378882,1.379731,0.0008490590744019144
picorv32,mem_do_wdata,train,pico_femto,processor,input_to_reg,1.371067,1.3695512,0.001515818206787145
picorv32,mem_instr,train,pico_femto,processor,reg_to_reg,1.067104,1.0688106,0.0017065821609496545
picorv32,mem_rdata_q[0],train,pico_femto,processor,input_to_reg,1.131036,1.1411264,0.010090394271850656
picorv32,mem_rdata_q[10],train,pico_femto,processor,input_to_reg,1.227047,1.2266657,0.00038126475524902226
picorv32,mem_rdata_q[11],train,pico_femto,processor,input_to_reg,1.227047,1.2266657,0.00038126475524902226
picorv32,mem_rdata_q[12],train,pico_femto,processor,input_to_reg,1.230736,1.230987,0.0002509527816771939
picorv32,mem_rdata_q[13],train,pico_femto,processor,input_to_reg,1.230629,1.230987,0.0003579527816772732
picorv32,mem_rdata_q[14],train,pico_femto,processor,input_to_reg,1.230373,1.230987,0.0006139527816773072
picorv32,mem_rdata_q[15],train,pico_femto,processor,input_to_reg,1.229275,1.2288544,0.00042058219909657524
picorv32,mem_rdata_q[16],train,pico_femto,processor,input_to_reg,1.229275,1.2288544,0.00042058219909657524
picorv32,mem_rdata_q[17],train,pico_femto,processor,input_to_reg,1.229275,1.2288544,0.00042058219909657524
picorv32,mem_rdata_q[18],train,pico_femto,processor,input_to_reg,1.229275,1.2288544,0.00042058219909657524
picorv32,mem_rdata_q[19],train,pico_femto,processor,input_to_reg,1.229275,1.2288544,0.00042058219909657524
picorv32,mem_rdata_q[1],train,pico_femto,processor,input_to_reg,1.131104,1.1274204,0.003683574584961047
picorv32,mem_rdata_q[20],train,pico_femto,processor,input_to_reg,1.229275,1.2288544,0.00042058219909657524
picorv32,mem_rdata_q[21],train,pico_femto,processor,input_to_reg,1.229275,1.2288544,0.00042058219909657524
picorv32,mem_rdata_q[22],train,pico_femto,processor,input_to_reg,1.229275,1.2288544,0.00042058219909657524
picorv32,mem_rdata_q[23],train,pico_femto,processor,input_to_reg,1.229275,1.2288544,0.00042058219909657524
picorv32,mem_rdata_q[24],train,pico_femto,processor,input_to_reg,1.229275,1.2288544,0.00042058219909657524
picorv32,mem_rdata_q[25],train,pico_femto,processor,input_to_reg,1.227047,1.2266657,0.00038126475524902226
picorv32,mem_rdata_q[26],train,pico_femto,processor,input_to_reg,1.227047,1.2266657,0.00038126475524902226
picorv32,mem_rdata_q[27],train,pico_femto,processor,input_to_reg,1.227047,1.2266657,0.00038126475524902226
picorv32,mem_rdata_q[28],train,pico_femto,processor,input_to_reg,1.227047,1.2266657,0.00038126475524902226
picorv32,mem_rdata_q[29],train,pico_femto,processor,input_to_reg,1.227047,1.2266657,0.00038126475524902226
picorv32,mem_rdata_q[2],train,pico_femto,processor,input_to_reg,1.136383,1.1371721,0.0007891029281617001
picorv32,mem_rdata_q[30],train,pico_femto,processor,input_to_reg,1.227047,1.2266657,0.00038126475524902226
picorv32,mem_rdata_q[31],train,pico_femto,processor,input_to_reg,1.227047,1.2266657,0.00038126475524902226
picorv32,mem_rdata_q[3],train,pico_femto,processor,input_to_reg,1.133061,1.139251,0.0061899937286375994
picorv32,mem_rdata_q[4],train,pico_femto,processor,input_to_reg,1.142531,1.1371721,0.005358897071838342
picorv32,mem_rdata_q[5],train,pico_femto,processor,input_to_reg,1.137732,1.1371721,0.0005598970718383445
picorv32,mem_rdata_q[6],train,pico_femto,processor,input_to_reg,1.134598,1.1371721,0.0025741029281616257
picorv32,mem_rdata_q[7],train,pico_femto,processor,input_to_reg,1.227047,1.2266657,0.00038126475524902226
picorv32,mem_rdata_q[8],train,pico_femto,processor,input_to_reg,1.227047,1.2266657,0.00038126475524902226
picorv32,mem_rdata_q[9],train,pico_femto,processor,input_to_reg,1.227047,1.2266657,0.00038126475524902226
picorv32,mem_state[0],train,pico_femto,processor,input_to_reg,1.310206,1.3107129,0.0005069335403442565
picorv32,mem_state[1],train,pico_femto,processor,input_to_reg,1.310206,1.3107129,0.0005069335403442565
picorv32,mem_valid,train,pico_femto,processor,input_to_reg,1.322497,1.3211744,0.0013226168365478852
picorv32,mem_wdata[0],train,pico_femto,processor,reg_to_reg,0.460986,0.4608605,0.00012550920104981156
picorv32,mem_wdata[10],train,pico_femto,processor,reg_to_reg,0.460986,0.46105072,6.471902275084762e-05
picorv32,mem_wdata[11],train,pico_femto,processor,reg_to_reg,0.460986,0.46105072,6.471902275084762e-05
picorv32,mem_wdata[12],train,pico_femto,processor,reg_to_reg,0.460986,0.46105072,6.471902275084762e-05
picorv32,mem_wdata[13],train,pico_femto,processor,reg_to_reg,0.460986,0.46105072,6.471902275084762e-05
picorv32,mem_wdata[14],train,pico_femto,processor,reg_to_reg,0.460986,0.46105072,6.471902275084762e-05
picorv32,mem_wdata[15],train,pico_femto,processor,reg_to_reg,0.460986,0.46105072,6.471902275084762e-05
picorv32,mem_wdata[16],train,pico_femto,processor,reg_to_reg,0.460986,0.46105072,6.471902275084762e-05
picorv32,mem_wdata[17],train,pico_femto,processor,reg_to_reg,0.460986,0.46105072,6.471902275084762e-05
picorv32,mem_wdata[18],train,pico_femto,processor,reg_to_reg,0.460986,0.46105072,6.471902275084762e-05
picorv32,mem_wdata[19],train,pico_femto,processor,reg_to_reg,0.460986,0.46105072,6.471902275084762e-05
picorv32,mem_wdata[1],train,pico_femto,processor,reg_to_reg,0.460986,0.4608605,0.00012550920104981156
picorv32,mem_wdata[20],train,pico_femto,processor,reg_to_reg,0.460986,0.46105072,6.471902275084762e-05
picorv32,mem_wdata[21],train,pico_femto,processor,reg_to_reg,0.460986,0.46105072,6.471902275084762e-05
picorv32,mem_wdata[22],train,pico_femto,processor,reg_to_reg,0.460986,0.46105072,6.471902275084762e-05
picorv32,mem_wdata[23],train,pico_femto,processor,reg_to_reg,0.460986,0.46105072,6.471902275084762e-05
picorv32,mem_wdata[24],train,pico_femto,processor,reg_to_reg,0.460986,0.46111947,0.0001334729804992607
picorv32,mem_wdata[25],train,pico_femto,processor,reg_to_reg,0.460986,0.46111947,0.0001334729804992607
picorv32,mem_wdata[26],train,pico_femto,processor,reg_to_reg,0.460986,0.46111947,0.0001334729804992607
picorv32,mem_wdata[27],train,pico_femto,processor,reg_to_reg,0.460986,0.46111947,0.0001334729804992607
picorv32,mem_wdata[28],train,pico_femto,processor,reg_to_reg,0.460986,0.46111947,0.0001334729804992607
picorv32,mem_wdata[29],train,pico_femto,processor,reg_to_reg,0.460986,0.46111947,0.0001334729804992607
picorv32,mem_wdata[2],train,pico_femto,processor,reg_to_reg,0.460986,0.4608605,0.00012550920104981156
picorv32,mem_wdata[30],train,pico_femto,processor,reg_to_reg,0.460986,0.46111947,0.0001334729804992607
picorv32,mem_wdata[31],train,pico_femto,processor,reg_to_reg,0.460986,0.46111947,0.0001334729804992607
picorv32,mem_wdata[3],train,pico_femto,processor,reg_to_reg,0.460986,0.4608605,0.00012550920104981156
picorv32,mem_wdata[4],train,pico_femto,processor,reg_to_reg,0.460986,0.4608605,0.00012550920104981156
picorv32,mem_wdata[5],train,pico_femto,processor,reg_to_reg,0.460986,0.4608605,0.00012550920104981156
picorv32,mem_wdata[6],train,pico_femto,processor,reg_to_reg,0.460986,0.4608605,0.00012550920104981156
picorv32,mem_wdata[7],train,pico_femto,processor,reg_to_reg,0.460986,0.4608605,0.00012550920104981156
picorv32,mem_wdata[8],train,pico_femto,processor,reg_to_reg,0.460986,0.46105072,6.471902275084762e-05
picorv32,mem_wdata[9],train,pico_femto,processor,reg_to_reg,0.460986,0.46105072,6.471902275084762e-05
picorv32,mem_wordsize[0],train,pico_femto,processor,input_to_reg,1.438623,1.4301531,0.008469868515014634
picorv32,mem_wordsize[1],train,pico_femto,processor,input_to_reg,1.420401,1.4239186,0.0035176048507690183
picorv32,mem_wordsize[2],train,pico_femto,processor,input_to_reg,1.420401,1.4239186,0.0035176048507690183
picorv32,mem_wstrb[0],train,pico_femto,processor,reg_to_reg,0.443351,0.43966353,0.003687470603942866
picorv32,mem_wstrb[1],train,pico_femto,processor,reg_to_reg,0.443351,0.43966353,0.003687470603942866
picorv32,mem_wstrb[2],train,pico_femto,processor,reg_to_reg,0.431951,0.43966353,0.007712529396057155
picorv32,mem_wstrb[3],train,pico_femto,processor,reg_to_reg,0.440331,0.43966353,0.0006674706039428435
picorv32,reg_next_pc[10],train,pico_femto,processor,reg_to_reg,1.043884,1.0401325,0.0037514774169922216
picorv32,reg_next_pc[11],train,pico_femto,processor,reg_to_reg,1.088502,1.079883,0.00861902060699471
picorv32,reg_next_pc[12],train,pico_femto,processor,reg_to_reg,1.067529,1.0688796,0.0013506043395996592
picorv32,reg_next_pc[13],train,pico_femto,processor,reg_to_reg,1.157895,1.1663593,0.008464305381775006
picorv32,reg_next_pc[14],train,pico_femto,processor,reg_to_reg,1.18042,1.1792892,0.001130778236389185
picorv32,reg_next_pc[15],train,pico_femto,processor,reg_to_reg,1.26749,1.258969,0.008521050682067877
picorv32,reg_next_pc[16],train,pico_femto,processor,reg_to_reg,1.287213,1.2879516,0.000738588630676329
picorv32,reg_next_pc[17],train,pico_femto,processor,reg_to_reg,1.29815,1.3052659,0.0071159034729004755
picorv32,reg_next_pc[18],train,pico_femto,processor,reg_to_reg,1.352726,1.3514872,0.0012388402709961888
picorv32,reg_next_pc[19],train,pico_femto,processor,reg_to_reg,1.44611,1.4416075,0.004502524719238288
picorv32,reg_next_pc[1],train,pico_femto,processor,reg_to_reg,0.772695,0.771349,0.0013459871482849328
picorv32,reg_next_pc[20],train,pico_femto,processor,reg_to_reg,1.437658,1.4374229,0.00023512841033945797
picorv32,reg_next_pc[21],train,pico_femto,processor,reg_to_reg,1.526813,1.5309324,0.004119426452636743
picorv32,reg_next_pc[22],train,pico_femto,processor,reg_to_reg,1.524879,1.5271543,0.002275326438903713
picorv32,reg_next_pc[23],train,pico_femto,processor,reg_to_reg,1.502747,1.502201,0.0005460388870239807
picorv32,reg_next_pc[24],train,pico_femto,processor,reg_to_reg,1.639948,1.6375469,0.002401103065490684
picorv32,reg_next_pc[25],train,pico_femto,processor,reg_to_reg,1.573831,1.5678692,0.0059618135986327925
picorv32,reg_next_pc[26],train,pico_femto,processor,reg_to_reg,1.657216,1.6632086,0.0059926038589477315
picorv32,reg_next_pc[27],train,pico_femto,processor,reg_to_reg,1.626444,1.6201317,0.0063122689666748055
picorv32,reg_next_pc[28],train,pico_femto,processor,reg_to_reg,1.701553,1.7034518,0.0018987526626585982
picorv32,reg_next_pc[29],train,pico_femto,processor,reg_to_reg,1.623466,1.6228299,0.0006360859069824976
picorv32,reg_next_pc[2],train,pico_femto,processor,reg_to_reg,0.772695,0.7732257,0.0005307246971130164
picorv32,reg_next_pc[30],train,pico_femto,processor,reg_to_reg,1.674455,1.6763036,0.0018486251068114967
picorv32,reg_next_pc[31],train,pico_femto,processor,reg_to_reg,1.702153,1.7009575,0.0011954633026123318
picorv32,reg_next_pc[3],train,pico_femto,processor,reg_to_reg,0.772695,0.77595097,0.0032559682655334266
picorv32,reg_next_pc[4],train,pico_femto,processor,reg_to_reg,0.772695,0.77105254,0.0016424606513977258
picorv32,reg_next_pc[5],train,pico_femto,processor,reg_to_reg,0.834431,0.83159715,0.0028338506278992037
picorv32,reg_next_pc[6],train,pico_femto,processor,reg_to_reg,0.93803,0.94168437,0.003654365272521942
picorv32,reg_next_pc[7],train,pico_femto,processor,reg_to_reg,0.946635,0.9522221,0.005587108840942379
picorv32,reg_next_pc[8],train,pico_femto,processor,reg_to_reg,0.980206,0.9757285,0.004477488189697287
picorv32,reg_next_pc[9],train,pico_femto,processor,reg_to_reg,0.999263,1.011476,0.012213039886474597
picorv32,reg_op1[0],train,pico_femto,processor,reg_to_reg,8.530502,8.531834,0.0013316486816403739
picorv32,reg_op1[10],train,pico_femto,processor,reg_to_reg,8.748617,8.74417,0.004446811096190828
picorv32,reg_op1[11],train,pico_femto,processor,reg_to_reg,8.541547,8.534365,0.007182299682616744
picorv32,reg_op1[12],train,pico_femto,processor,reg_to_reg,8.541547,8.54275,0.0012033585815434122
picorv32,reg_op1[13],train,pico_femto,processor,reg_to_reg,8.561163,8.568849,0.007685609924315884
picorv32,reg_op1[14],train,pico_femto,processor,reg_to_reg,8.541547,8.541874,0.0003269318847660685
picorv32,reg_op1[15],train,pico_femto,processor,reg_to_reg,8.535007,8.533956,0.0010514259643557011
picorv32,reg_op1[16],train,pico_femto,processor,reg_to_reg,8.567585,8.567365,0.0002203073120110588
picorv32,reg_op1[17],train,pico_femto,processor,reg_to_reg,8.588724,8.589099,0.00037493035888758186
picorv32,reg_op1[18],train,pico_femto,processor,reg_to_reg,8.602659,8.595314,0.007344974121092918
picorv32,reg_op1[19],train,pico_femto,processor,reg_to_reg,8.525751,8.525612,0.0001391225585933853
picorv32,reg_op1[1],train,pico_femto,processor,reg_to_reg,8.611753,8.613993,0.0022396910400388492
picorv32,reg_op1[20],train,pico_femto,processor,reg_to_reg,8.614081,8.614579,0.0004982007446283632
picorv32,reg_op1[21],train,pico_femto,processor,reg_to_reg,8.591857,8.590198,0.0016594368286124705
picorv32,reg_op1[22],train,pico_femto,processor,reg_to_reg,8.567585,8.569594,0.0020093832397467537
picorv32,reg_op1[23],train,pico_femto,processor,reg_to_reg,8.541547,8.542615,0.0010679368286137247
picorv32,reg_op1[24],train,pico_femto,processor,reg_to_reg,8.763535,8.759994,0.003541446838378093
picorv32,reg_op1[25],train,pico_femto,processor,reg_to_reg,8.602659,8.604433,0.001774059692383645
picorv32,reg_op1[26],train,pico_femto,processor,reg_to_reg,8.542654,8.542844,0.0001898186645501454
picorv32,reg_op1[27],train,pico_femto,processor,reg_to_reg,8.576193,8.579974,0.0037811744995117635
picorv32,reg_op1[28],train,pico_femto,processor,reg_to_reg,8.560801,8.556354,0.004447430969237942
picorv32,reg_op1[29],train,pico_femto,processor,reg_to_reg,8.768497,8.766502,0.0019946196289062357
picorv32,reg_op1[2],train,pico_femto,processor,reg_to_reg,8.544923,8.542982,0.0019408985595710249
picorv32,reg_op1[30],train,pico_femto,processor,reg_to_reg,8.554389,8.555752,0.0013628005371089102
picorv32,reg_op1[31],train,pico_femto,processor,reg_to_reg,8.53682,8.536917,9.673278808541852e-05
picorv32,reg_op1[3],train,pico_femto,processor,reg_to_reg,8.531374,8.523513,0.007861159729003475
picorv32,reg_op1[4],train,pico_femto,processor,reg_to_reg,8.540135,8.543544,0.003408815612793603
picorv32,reg_op1[5],train,pico_femto,processor,reg_to_reg,8.56446,8.570213,0.005753317871093344
picorv32,reg_op1[6],train,pico_femto,processor,reg_to_reg,8.567585,8.565937,0.001647957763671215
picorv32,reg_op1[7],train,pico_femto,processor,reg_to_reg,8.53237,8.533214,0.0008436154174802368
picorv32,reg_op1[8],train,pico_femto,processor,reg_to_reg,8.569965,8.572998,0.003033046875000167
picorv32,reg_op1[9],train,pico_femto,processor,reg_to_reg,8.615797,8.617821,0.002023739746093156
picorv32,reg_op2[0],train,pico_femto,processor,reg_to_reg,9.411035,9.380514,0.0305208551025391
picorv32,reg_op2[10],train,pico_femto,processor,reg_to_reg,9.370687,9.330605,0.04008244677734396
picorv32,reg_op2[11],train,pico_femto,processor,reg_to_reg,9.209802,9.237203,0.02740064434814471
picorv32,reg_op2[12],train,pico_femto,processor,reg_to_reg,9.359999,9.372863,0.012863815856933414
picorv32,reg_op2[13],train,pico_femto,processor,reg_to_reg,9.248473,9.330605,0.08213155322265564
picorv32,reg_op2[14],train,pico_femto,processor,reg_to_reg,9.213478,9.369992,0.1565142561645505
picorv32,reg_op2[15],train,pico_femto,processor,reg_to_reg,9.388257,9.330605,0.05765244677734316
picorv32,reg_op2[16],train,pico_femto,processor,reg_to_reg,9.236157,9.330605,0.09444755322265586
picorv32,reg_op2[17],train,pico_femto,processor,reg_to_reg,9.327282,9.325577,0.001705217773437795
picorv32,reg_op2[18],train,pico_femto,processor,reg_to_reg,9.359999,9.372863,0.012863815856933414
picorv32,reg_op2[19],train,pico_femto,processor,reg_to_reg,9.478178,9.369992,0.10818574383544899
picorv32,reg_op2[1],train,pico_femto,processor,reg_to_reg,9.477353,9.380514,0.09683885510253987
picorv32,reg_op2[20],train,pico_femto,processor,reg_to_reg,9.365573,9.3603735,0.005199502990722138
picorv32,reg_op2[21],train,pico_femto,processor,reg_to_reg,9.381824,9.322567,0.059257013916015566
picorv32,reg_op2[22],train,pico_femto,processor,reg_to_reg,9.423613,9.322567,0.1010460139160152
picorv32,reg_op2[23],train,pico_femto,processor,reg_to_reg,9.209757,9.322567,0.11280998608398463
picorv32,reg_op2[24],train,pico_femto,processor,reg_to_reg,9.414185,9.369992,0.04419274383544902
picorv32,reg_op2[25],train,pico_femto,processor,reg_to_reg,9.486835,9.449019,0.03781556793212815
picorv32,reg_op2[26],train,pico_femto,processor,reg_to_reg,9.338575,9.329887,0.008687609863281764
picorv32,reg_op2[27],train,pico_femto,processor,reg_to_reg,9.242126,9.239852,0.0022740484008796358
picorv32,reg_op2[28],train,pico_femto,processor,reg_to_reg,9.213478,9.239145,0.025667278930663784
picorv32,reg_op2[29],train,pico_femto,processor,reg_to_reg,9.240634,9.237203,0.0034313556518554833
picorv32,reg_op2[2],train,pico_femto,processor,reg_to_reg,9.491818,9.501731,0.009912918884277033
picorv32,reg_op2[30],train,pico_femto,processor,reg_to_reg,9.464304,9.330605,0.13369944677734402
picorv32,reg_op2[31],train,pico_femto,processor,reg_to_reg,9.289773,9.322567,0.032793986083984095
picorv32,reg_op2[3],train,pico_femto,processor,reg_to_reg,9.264863,9.380514,0.11565114489746087
picorv32,reg_op2[4],train,pico_femto,processor,reg_to_reg,9.480939,9.481664,0.000724703918457692
picorv32,reg_op2[5],train,pico_femto,processor,reg_to_reg,9.256558,9.237203,0.019355355651855533
picorv32,reg_op2[6],train,pico_femto,processor,reg_to_reg,9.244913,9.330605,0.08569155322265587
picorv32,reg_op2[7],train,pico_femto,processor,reg_to_reg,9.370687,9.330605,0.04008244677734396
picorv32,reg_op2[8],train,pico_femto,processor,reg_to_reg,9.24083,9.237203,0.0036273556518562344
picorv32,reg_op2[9],train,pico_femto,processor,reg_to_reg,9.248473,9.266549,0.018076110412597046
picorv32,reg_out[0],train,pico_femto,processor,input_to_reg,1.176137,1.173379,0.0027580556030273318
picorv32,reg_out[10],train,pico_femto,processor,input_to_reg,1.242428,1.2422265,0.0002015185623169824
picorv32,reg_out[11],train,pico_femto,processor,input_to_reg,1.242428,1.2418207,0.0006073069839478418
picorv32,reg_out[12],train,pico_femto,processor,input_to_reg,1.242428,1.2416538,0.0007741999893189355
picorv32,reg_out[13],train,pico_femto,processor,input_to_reg,1.242428,1.2416538,0.0007741999893189355
picorv32,reg_out[14],train,pico_femto,processor,input_to_reg,1.242428,1.2420766,0.00035136463928231443
picorv32,reg_out[15],train,pico_femto,processor,reg_to_reg,1.242982,1.2392179,0.003764122611999543
picorv32,reg_out[16],train,pico_femto,processor,reg_to_reg,1.308159,1.3093388,0.001179808059692311
picorv32,reg_out[17],train,pico_femto,processor,reg_to_reg,1.308159,1.3068274,0.0013315740432739975
picorv32,reg_out[18],train,pico_femto,processor,reg_to_reg,1.308159,1.308207,4.8035064697193874e-05
picorv32,reg_out[19],train,pico_femto,processor,reg_to_reg,1.308159,1.3086609,0.0005018648300170181
picorv32,reg_out[1],train,pico_femto,processor,input_to_reg,1.163846,1.1649746,0.0011285702743530912
picorv32,reg_out[20],train,pico_femto,processor,reg_to_reg,1.308159,1.3074076,0.0007513824310303452
picorv32,reg_out[21],train,pico_femto,processor,reg_to_reg,1.308159,1.3089362,0.0007772382888793228
picorv32,reg_out[22],train,pico_femto,processor,reg_to_reg,1.308159,1.3112596,0.0031006273422240493
picorv32,reg_out[23],train,pico_femto,processor,reg_to_reg,1.308159,1.307421,0.0007380309906006577
picorv32,reg_out[24],train,pico_femto,processor,reg_to_reg,1.29952,1.2999262,0.00040616176605223764
picorv32,reg_out[25],train,pico_femto,processor,reg_to_reg,1.308159,1.3089416,0.0007826027069091079
picorv32,reg_out[26],train,pico_femto,processor,reg_to_reg,1.308159,1.305719,0.0024399820175171616
picorv32,reg_out[27],train,pico_femto,processor,reg_to_reg,1.308159,1.3012933,0.006865746101379466
picorv32,reg_out[28],train,pico_femto,processor,reg_to_reg,1.308159,1.3046818,0.0034772220458985093
picorv32,reg_out[29],train,pico_femto,processor,reg_to_reg,1.308159,1.3094492,0.0012901958618163345
picorv32,reg_out[2],train,pico_femto,processor,input_to_reg,1.163846,1.1646272,0.0007811944046021146
picorv32,reg_out[30],train,pico_femto,processor,reg_to_reg,1.316485,1.316116,0.00036902462005605763
picorv32,reg_out[31],train,pico_femto,processor,reg_to_reg,1.344865,1.3453592,0.000494206199646019
picorv32,reg_out[3],train,pico_femto,processor,input_to_reg,1.180702,1.1793137,0.0013883403320311682
picorv32,reg_out[4],train,pico_femto,processor,input_to_reg,1.157308,1.1598812,0.0025732341690063443
picorv32,reg_out[5],train,pico_femto,processor,input_to_reg,1.157308,1.1583714,0.0010634485168456997
picorv32,reg_out[6],train,pico_femto,processor,input_to_reg,1.178428,1.1753614,0.0030666051177978826
picorv32,reg_out[7],train,pico_femto,processor,input_to_reg,1.160706,1.1617991,0.001093073219299301
picorv32,reg_out[8],train,pico_femto,processor,input_to_reg,1.242428,1.243619,0.0011909651489256934
picorv32,reg_out[9],train,pico_femto,processor,input_to_reg,1.242428,1.2430134,0.0005853819580077246
picorv32,reg_pc[0],train,pico_femto,processor,reg_to_reg,0.462971,0.46473312,0.0017621237792968536
picorv32,reg_pc[10],train,pico_femto,processor,reg_to_reg,0.763712,0.7627932,0.000918816673278755
picorv32,reg_pc[11],train,pico_femto,processor,reg_to_reg,0.763712,0.7634963,0.00021572028350824723
picorv32,reg_pc[12],train,pico_femto,processor,reg_to_reg,0.763712,0.7627932,0.000918816673278755
picorv32,reg_pc[13],train,pico_femto,processor,reg_to_reg,0.763712,0.7634963,0.00021572028350824723
picorv32,reg_pc[14],train,pico_femto,processor,reg_to_reg,0.763712,0.7627932,0.000918816673278755
picorv32,reg_pc[15],train,pico_femto,processor,reg_to_reg,0.763712,0.7634963,0.00021572028350824723
picorv32,reg_pc[16],train,pico_femto,processor,reg_to_reg,0.763712,0.7627932,0.000918816673278755
picorv32,reg_pc[17],train,pico_femto,processor,reg_to_reg,0.763712,0.7634963,0.00021572028350824723
picorv32,reg_pc[18],train,pico_femto,processor,reg_to_reg,0.763712,0.7627932,0.000918816673278755
picorv32,reg_pc[19],train,pico_femto,processor,reg_to_reg,0.763712,0.7634963,0.00021572028350824723
picorv32,reg_pc[1],train,pico_femto,processor,reg_to_reg,0.763712,0.7629014,0.0008105746383666457
picorv32,reg_pc[20],train,pico_femto,processor,reg_to_reg,0.763712,0.7627932,0.000918816673278755
picorv32,reg_pc[21],train,pico_femto,processor,reg_to_reg,0.763712,0.7634963,0.00021572028350824723
picorv32,reg_pc[22],train,pico_femto,processor,reg_to_reg,0.763712,0.7634963,0.00021572028350824723
picorv32,reg_pc[23],train,pico_femto,processor,reg_to_reg,0.763712,0.7634963,0.00021572028350824723
picorv32,reg_pc[24],train,pico_femto,processor,reg_to_reg,0.763712,0.7634963,0.00021572028350824723
picorv32,reg_pc[25],train,pico_femto,processor,reg_to_reg,0.763712,0.7634963,0.00021572028350824723
picorv32,reg_pc[26],train,pico_femto,processor,reg_to_reg,0.763712,0.7634963,0.00021572028350824723
picorv32,reg_pc[27],train,pico_femto,processor,reg_to_reg,0.763712,0.7634963,0.00021572028350824723
picorv32,reg_pc[28],train,pico_femto,processor,reg_to_reg,0.763712,0.7634963,0.00021572028350824723
picorv32,reg_pc[29],train,pico_femto,processor,reg_to_reg,0.763712,0.7634963,0.00021572028350824723
picorv32,reg_pc[2],train,pico_femto,processor,reg_to_reg,0.763712,0.7644274,0.0007154234771729051
picorv32,reg_pc[30],train,pico_femto,processor,reg_to_reg,0.761428,0.7622079,0.0007799253196716371
picorv32,reg_pc[31],train,pico_femto,processor,reg_to_reg,0.763712,0.76374817,3.6168945312553547e-05
picorv32,reg_pc[3],train,pico_femto,processor,reg_to_reg,0.763712,0.7638545,0.00014250363159185042
picorv32,reg_pc[4],train,pico_femto,processor,reg_to_reg,0.763712,0.7627932,0.000918816673278755
picorv32,reg_pc[5],train,pico_femto,processor,reg_to_reg,0.763712,0.7634963,0.00021572028350824723
picorv32,reg_pc[6],train,pico_femto,processor,reg_to_reg,0.763712,0.7627932,0.000918816673278755
picorv32,reg_pc[7],train,pico_femto,processor,reg_to_reg,0.763712,0.7634963,0.00021572028350824723
picorv32,reg_pc[8],train,pico_femto,processor,reg_to_reg,0.763712,0.7627932,0.000918816673278755
picorv32,reg_pc[9],train,pico_femto,processor,reg_to_reg,0.763712,0.7634963,0.00021572028350824723
picorv32,reg_sh[0],train,pico_femto,processor,reg_to_reg,9.458227,9.475433,0.017206349609374172
picorv32,reg_sh[1],train,pico_femto,processor,reg_to_reg,9.537315,9.512292,0.025023091735839387
picorv32,reg_sh[2],train,pico_femto,processor,reg_to_reg,9.500163,9.482549,0.017614286315918548
picorv32,reg_sh[3],train,pico_femto,processor,reg_to_reg,9.26791,9.295042,0.02713203796386665
picorv32,reg_sh[4],train,pico_femto,processor,reg_to_reg,9.46833,9.468931,0.0006011981201172745
picorv32,trap,train,pico_femto,processor,reg_to_reg,0.135372,0.13557087,0.00019886884975434116
femtorv_quark,Bimm[10],train,pico_femto,processor,input_to_reg,1.568735,1.580128,0.011392954483032236
femtorv_quark,Bimm[11],train,pico_femto,processor,input_to_reg,1.568735,1.580128,0.011392954483032236
femtorv_quark,Bimm[12],train,pico_femto,processor,input_to_reg,1.568735,1.580128,0.011392954483032236
femtorv_quark,Bimm[1],train,pico_femto,processor,input_to_reg,1.568735,1.580128,0.011392954483032236
femtorv_quark,Bimm[2],train,pico_femto,processor,input_to_reg,1.568735,1.580128,0.011392954483032236
femtorv_quark,Bimm[3],train,pico_femto,processor,input_to_reg,1.568735,1.580128,0.011392954483032236
femtorv_quark,Bimm[4],train,pico_femto,processor,input_to_reg,1.568735,1.580128,0.011392954483032236
femtorv_quark,Bimm[5],train,pico_femto,processor,input_to_reg,1.568735,1.580128,0.011392954483032236
femtorv_quark,Bimm[6],train,pico_femto,processor,input_to_reg,1.568735,1.580128,0.011392954483032236
femtorv_quark,Bimm[7],train,pico_femto,processor,input_to_reg,1.568735,1.580128,0.011392954483032236
femtorv_quark,Bimm[8],train,pico_femto,processor,input_to_reg,1.568735,1.580128,0.011392954483032236
femtorv_quark,Bimm[9],train,pico_femto,processor,input_to_reg,1.568735,1.580128,0.011392954483032236
femtorv_quark,Iimm[0],train,pico_femto,processor,input_to_reg,1.568735,1.580128,0.011392954483032236
femtorv_quark,Iimm[1],train,pico_femto,processor,input_to_reg,1.568735,1.580128,0.011392954483032236
femtorv_quark,Iimm[2],train,pico_femto,processor,input_to_reg,1.568735,1.580128,0.011392954483032236
femtorv_quark,Iimm[3],train,pico_femto,processor,input_to_reg,1.568735,1.580128,0.011392954483032236
femtorv_quark,Iimm[4],train,pico_femto,processor,input_to_reg,1.756509,1.580128,0.17638104551696787
femtorv_quark,Jimm[12],train,pico_femto,processor,input_to_reg,1.568735,1.580128,0.011392954483032236
femtorv_quark,Jimm[13],train,pico_femto,processor,input_to_reg,1.568735,1.580128,0.011392954483032236
femtorv_quark,Jimm[14],train,pico_femto,processor,input_to_reg,1.568735,1.580128,0.011392954483032236
femtorv_quark,Jimm[15],train,pico_femto,processor,input_to_reg,1.568735,1.580128,0.011392954483032236
femtorv_quark,Jimm[16],train,pico_femto,processor,input_to_reg,1.568735,1.580128,0.011392954483032236
femtorv_quark,Jimm[17],train,pico_femto,processor,input_to_reg,1.568735,1.580128,0.011392954483032236
femtorv_quark,Jimm[18],train,pico_femto,processor,input_to_reg,1.568735,1.580128,0.011392954483032236
femtorv_quark,Jimm[19],train,pico_femto,processor,input_to_reg,1.723402,1.580128,0.14327404551696787
femtorv_quark,PC[0],train,pico_femto,processor,reg_to_reg,0.337479,0.33755407,7.506737327578339e-05
femtorv_quark,PC[10],train,pico_femto,processor,reg_to_reg,2.155774,2.1546664,0.0011075762023926572
femtorv_quark,PC[11],train,pico_femto,processor,reg_to_reg,2.155774,2.1478248,0.007949235748291095
femtorv_quark,PC[12],train,pico_femto,processor,reg_to_reg,2.155774,2.1575618,0.0017877790222167178
femtorv_quark,PC[13],train,pico_femto,processor,reg_to_reg,2.155774,2.1572964,0.0015224191436766787
femtorv_quark,PC[14],train,pico_femto,processor,reg_to_reg,2.155774,2.1574965,0.0017224523315428897
femtorv_quark,PC[15],train,pico_femto,processor,reg_to_reg,2.116084,2.116266,0.00018201219177260697
femtorv_quark,PC[16],train,pico_femto,processor,reg_to_reg,2.110331,2.109204,0.0011269461212157772
femtorv_quark,PC[17],train,pico_femto,processor,reg_to_reg,2.122575,2.125849,0.0032740085601807856
femtorv_quark,PC[18],train,pico_femto,processor,reg_to_reg,2.145946,2.141465,0.0044810513458251044
femtorv_quark,PC[19],train,pico_femto,processor,reg_to_reg,2.110331,2.110291,3.999581909175376e-05
femtorv_quark,PC[1],train,pico_femto,processor,reg_to_reg,2.103812,2.104422,0.0006100924377441252
femtorv_quark,PC[20],train,pico_femto,processor,reg_to_reg,2.12261,2.1226099,1.4625549304980723e-07
femtorv_quark,PC[21],train,pico_femto,processor,reg_to_reg,2.142232,2.1469548,0.004722774856567469
femtorv_quark,PC[22],train,pico_femto,processor,reg_to_reg,2.122575,2.1219819,0.0005931407928465582
femtorv_quark,PC[23],train,pico_femto,processor,reg_to_reg,2.157647,2.1562028,0.00144420687866198
femtorv_quark,PC[2],train,pico_femto,processor,reg_to_reg,2.115349,2.117879,0.0025299138793943854
femtorv_quark,PC[3],train,pico_femto,processor,reg_to_reg,2.145946,2.1443424,0.0016035775146483466
femtorv_quark,PC[4],train,pico_femto,processor,reg_to_reg,2.142232,2.132204,0.010027944213867102
femtorv_quark,PC[5],train,pico_femto,processor,reg_to_reg,2.11248,2.1239712,0.011491223831176622
femtorv_quark,PC[6],train,pico_femto,processor,reg_to_reg,2.142232,2.1380274,0.0042045704193114375
femtorv_quark,PC[7],train,pico_femto,processor,reg_to_reg,2.155774,2.1541493,0.0016247061004639463
femtorv_quark,PC[8],train,pico_femto,processor,reg_to_reg,2.145946,2.1494074,0.003461386779785247
femtorv_quark,PC[9],train,pico_femto,processor,reg_to_reg,2.145946,2.1462924,0.00034644804382333305
femtorv_quark,aluReg[0],train,pico_femto,processor,reg_to_reg,0.80721,0.8083627,0.0011527223968506028
femtorv_quark,aluReg[10],train,pico_femto,processor,reg_to_reg,0.918629,0.91818,0.0004490111389160445
femtorv_quark,aluReg[11],train,pico_femto,processor,reg_to_reg,0.918629,0.91818,0.0004490111389160445
femtorv_quark,aluReg[12],train,pico_femto,processor,reg_to_reg,0.918629,0.91818,0.0004490111389160445
femtorv_quark,aluReg[13],train,pico_femto,processor,reg_to_reg,0.918629,0.91818,0.0004490111389160445
femtorv_quark,aluReg[14],train,pico_femto,processor,reg_to_reg,0.918629,0.91818,0.0004490111389160445
femtorv_quark,aluReg[15],train,pico_femto,processor,reg_to_reg,0.918629,0.91818,0.0004490111389160445
femtorv_quark,aluReg[16],train,pico_femto,processor,reg_to_reg,0.918629,0.91818,0.0004490111389160445
femtorv_quark,aluReg[17],train,pico_femto,processor,reg_to_reg,0.918629,0.91818,0.0004490111389160445
femtorv_quark,aluReg[18],train,pico_femto,processor,reg_to_reg,0.918629,0.91818,0.0004490111389160445
femtorv_quark,aluReg[19],train,pico_femto,processor,reg_to_reg,0.918629,0.91818,0.0004490111389160445
femtorv_quark,aluReg[1],train,pico_femto,processor,reg_to_reg,0.918629,0.9183485,0.0002805088081360152
femtorv_quark,aluReg[20],train,pico_femto,processor,reg_to_reg,0.918629,0.91818,0.0004490111389160445
femtorv_quark,aluReg[21],train,pico_femto,processor,reg_to_reg,0.918629,0.91818,0.0004490111389160445
femtorv_quark,aluReg[22],train,pico_femto,processor,reg_to_reg,0.918629,0.91818,0.0004490111389160445
femtorv_quark,aluReg[23],train,pico_femto,processor,reg_to_reg,0.918629,0.91818,0.0004490111389160445
femtorv_quark,aluReg[24],train,pico_femto,processor,reg_to_reg,0.918629,0.91818,0.0004490111389160445
femtorv_quark,aluReg[25],train,pico_femto,processor,reg_to_reg,0.918629,0.9183485,0.0002805088081360152
femtorv_quark,aluReg[26],train,pico_femto,processor,reg_to_reg,0.918629,0.9183485,0.0002805088081360152
femtorv_quark,aluReg[27],train,pico_femto,processor,reg_to_reg,0.918629,0.91818,0.0004490111389160445
femtorv_quark,aluReg[28],train,pico_femto,processor,reg_to_reg,0.918629,0.91818,0.0004490111389160445
femtorv_quark,aluReg[29],train,pico_femto,processor,reg_to_reg,0.918629,0.91818,0.0004490111389160445
femtorv_quark,aluReg[2],train,pico_femto,processor,reg_to_reg,0.918629,0.91818,0.0004490111389160445
femtorv_quark,aluReg[30],train,pico_femto,processor,reg_to_reg,0.908689,0.91818,0.009490988861084015
femtorv_quark,aluReg[31],train,pico_femto,processor,reg_to_reg,0.793447,0.79193527,0.0015117349357605114
femtorv_quark,aluReg[3],train,pico_femto,processor,reg_to_reg,0.918629,0.9183485,0.0002805088081360152
femtorv_quark,aluReg[4],train,pico_femto,processor,reg_to_reg,0.918629,0.91818,0.0004490111389160445
femtorv_quark,aluReg[5],train,pico_femto,processor,reg_to_reg,0.918629,0.91818,0.0004490111389160445
femtorv_quark,aluReg[6],train,pico_femto,processor,reg_to_reg,0.918629,0.9183485,0.0002805088081360152
femtorv_quark,aluReg[7],train,pico_femto,processor,reg_to_reg,0.918629,0.91818,0.0004490111389160445
femtorv_quark,aluReg[8],train,pico_femto,processor,reg_to_reg,0.918629,0.91818,0.0004490111389160445
femtorv_quark,aluReg[9],train,pico_femto,processor,reg_to_reg,0.918629,0.91818,0.0004490111389160445
femtorv_quark,aluShamt[0],train,pico_femto,processor,reg_to_reg,0.645444,0.80424243,0.15879843211746214
femtorv_quark,aluShamt[1],train,pico_femto,processor,reg_to_reg,0.662572,0.80424243,0.1416704321174621
femtorv_quark,aluShamt[2],train,pico_femto,processor,reg_to_reg,0.903893,0.80424243,0.09965056788253779
femtorv_quark,aluShamt[3],train,pico_femto,processor,reg_to_reg,0.903893,0.80424243,0.09965056788253779
femtorv_quark,aluShamt[4],train,pico_femto,processor,reg_to_reg,0.903893,0.80424243,0.09965056788253779
femtorv_quark,cycles[0],train,pico_femto,processor,reg_to_reg,0.075374,0.07584205,0.0004680526981353794
femtorv_quark,cycles[10],train,pico_femto,processor,reg_to_reg,0.379481,0.38013256,0.000651555961608874
femtorv_quark,cycles[11],train,pico_femto,processor,reg_to_reg,0.438482,0.4384956,1.3606184005754418e-05
femtorv_quark,cycles[12],train,pico_femto,processor,reg_to_reg,0.447887,0.44742116,0.00046583667945859775
femtorv_quark,cycles[13],train,pico_femto,processor,reg_to_reg,0.463101,0.46323395,0.00013294775390626512
femtorv_quark,cycles[14],train,pico_femto,processor,reg_to_reg,0.522101,0.5193054,0.0027955919990539924
femtorv_quark,cycles[15],train,pico_femto,processor,reg_to_reg,0.531506,0.5371431,0.005637111228942837
femtorv_quark,cycles[16],train,pico_femto,processor,reg_to_reg,0.54672,0.54676354,4.353931427003577e-05
femtorv_quark,cycles[17],train,pico_femto,processor,reg_to_reg,0.60572,0.5997131,0.0060069129180908565
femtorv_quark,cycles[18],train,pico_femto,processor,reg_to_reg,0.615126,0.6161867,0.0010606784095764654
femtorv_quark,cycles[19],train,pico_femto,processor,reg_to_reg,0.630339,0.6343415,0.004002478347778338
femtorv_quark,cycles[1],train,pico_femto,processor,reg_to_reg,0.15734,0.15730968,3.0318822860725403e-05
femtorv_quark,cycles[20],train,pico_femto,processor,reg_to_reg,0.68934,0.68717676,0.002163235988616896
femtorv_quark,cycles[21],train,pico_femto,processor,reg_to_reg,0.698745,0.6986015,0.0001435157012938948
femtorv_quark,cycles[22],train,pico_femto,processor,reg_to_reg,0.713959,0.7141407,0.0001817132148742573
femtorv_quark,cycles[23],train,pico_femto,processor,reg_to_reg,0.772959,0.77173966,0.0012193383064269536
femtorv_quark,cycles[24],train,pico_femto,processor,reg_to_reg,0.782364,0.78387237,0.0015083659515381376
femtorv_quark,cycles[25],train,pico_femto,processor,reg_to_reg,0.797578,0.79722774,0.00035025971221924745
femtorv_quark,cycles[26],train,pico_femto,processor,reg_to_reg,0.856578,0.85647887,9.913008499140563e-05
femtorv_quark,cycles[27],train,pico_femto,processor,reg_to_reg,0.865984,0.8643173,0.0016667020645141362
femtorv_quark,cycles[28],train,pico_femto,processor,reg_to_reg,0.881197,0.8813903,0.00019327357101439624
femtorv_quark,cycles[29],train,pico_femto,processor,reg_to_reg,0.940198,0.9404407,0.00024271435928346907
femtorv_quark,cycles[2],train,pico_femto,processor,reg_to_reg,0.16626,0.16775331,0.0014933090114593595
femtorv_quark,cycles[30],train,pico_femto,processor,reg_to_reg,0.949603,0.95123786,0.0016348573417663825
femtorv_quark,cycles[31],train,pico_femto,processor,reg_to_reg,0.9578,0.954789,0.0030110171318054046
femtorv_quark,cycles[3],train,pico_femto,processor,reg_to_reg,0.181397,0.17587245,0.005524554893493655
femtorv_quark,cycles[4],train,pico_femto,processor,reg_to_reg,0.226063,0.22842824,0.002365244590759291
femtorv_quark,cycles[5],train,pico_femto,processor,reg_to_reg,0.270477,0.26937214,0.0011048645992279282
femtorv_quark,cycles[6],train,pico_femto,processor,reg_to_reg,0.28062,0.2809591,0.0003390995311737255
femtorv_quark,cycles[7],train,pico_femto,processor,reg_to_reg,0.295774,0.29634106,0.0005670615921020694
femtorv_quark,cycles[8],train,pico_femto,processor,reg_to_reg,0.354862,0.35294697,0.001915033113479625
femtorv_quark,cycles[9],train,pico_femto,processor,reg_to_reg,0.364268,0.36498278,0.0007147837944030955
femtorv_quark,instr[2],train,pico_femto,processor,input_to_reg,1.568735,1.580128,0.011392954483032236
femtorv_quark,instr[3],train,pico_femto,processor,input_to_reg,1.568735,1.580128,0.011392954483032236
femtorv_quark,instr[4],train,pico_femto,processor,input_to_reg,1.568735,1.580128,0.011392954483032236
femtorv_quark,instr[5],train,pico_femto,processor,input_to_reg,1.568735,1.580128,0.011392954483032236
femtorv_quark,instr[6],train,pico_femto,processor,input_to_reg,1.568735,1.580128,0.011392954483032236
femtorv_quark,registerFile[0][0],train,pico_femto,processor,reg_to_reg,1.849344,1.849452,0.00010801873779286986
femtorv_quark,registerFile[0][10],train,pico_femto,processor,reg_to_reg,1.496339,1.4963504,1.1407600402746354e-05
femtorv_quark,registerFile[0][11],train,pico_femto,processor,reg_to_reg,1.476723,1.4767835,6.051402282714058e-05
femtorv_quark,registerFile[0][12],train,pico_femto,processor,reg_to_reg,1.509798,1.5098159,1.793132019045629e-05
femtorv_quark,registerFile[0][13],train,pico_femto,processor,reg_to_reg,1.503413,1.5039048,0.0004918194885252802
femtorv_quark,registerFile[0][14],train,pico_femto,processor,reg_to_reg,1.466964,1.466554,0.0004099543228148761
femtorv_quark,registerFile[0][15],train,pico_femto,processor,reg_to_reg,1.44495,1.4449344,1.5631866455034782e-05
femtorv_quark,registerFile[0][16],train,pico_femto,processor,reg_to_reg,1.540253,1.5403999,0.00014690901947012058
femtorv_quark,registerFile[0][17],train,pico_femto,processor,reg_to_reg,1.52959,1.5295845,5.472984313970031e-06
femtorv_quark,registerFile[0][18],train,pico_femto,processor,reg_to_reg,1.511813,1.5117942,1.879051971442891e-05
femtorv_quark,registerFile[0][19],train,pico_femto,processor,reg_to_reg,1.530663,1.5306084,5.4584396362411525e-05
femtorv_quark,registerFile[0][1],train,pico_femto,processor,input_to_reg,1.357228,1.3572241,3.8932113648471045e-06
femtorv_quark,registerFile[0][20],train,pico_femto,processor,reg_to_reg,1.633848,1.633873,2.4985839843782998e-05
femtorv_quark,registerFile[0][21],train,pico_femto,processor,reg_to_reg,1.639384,1.6393414,4.264562988276488e-05
femtorv_quark,registerFile[0][22],train,pico_femto,processor,reg_to_reg,1.62427,1.6243709,0.00010093257904042474
femtorv_quark,registerFile[0][23],train,pico_femto,processor,reg_to_reg,1.677998,1.6777654,0.00023263058471689746
femtorv_quark,registerFile[0][24],train,pico_femto,processor,reg_to_reg,1.767199,1.7672434,4.4385314941441933e-05
femtorv_quark,registerFile[0][25],train,pico_femto,processor,reg_to_reg,1.79664,1.7966357,4.253044128432748e-06
femtorv_quark,registerFile[0][26],train,pico_femto,processor,reg_to_reg,1.862697,1.8626153,8.16530914307112e-05
femtorv_quark,registerFile[0][27],train,pico_femto,processor,reg_to_reg,1.900504,1.9004931,1.0855010986299263e-05
femtorv_quark,registerFile[0][28],train,pico_femto,processor,reg_to_reg,1.888551,1.8886404,8.9403747558503e-05
femtorv_quark,registerFile[0][29],train,pico_femto,processor,reg_to_reg,1.962828,1.9628407,1.267630767820549e-05
femtorv_quark,registerFile[0][2],train,pico_femto,processor,input_to_reg,1.350088,1.3501593,7.128745269779913e-05
femtorv_quark,registerFile[0][30],train,pico_femto,processor,reg_to_reg,1.975838,1.9758896,5.156356048585664e-05
femtorv_quark,registerFile[0][31],train,pico_femto,processor,reg_to_reg,2.04089,2.0408285,6.15335845948195e-05
femtorv_quark,registerFile[0][3],train,pico_femto,processor,input_to_reg,1.37177,1.3717462,2.3817558288508067e-05
femtorv_quark,registerFile[0][4],train,pico_femto,processor,input_to_reg,1.376933,1.3768294,0.00010361424255367346
femtorv_quark,registerFile[0][5],train,pico_femto,processor,input_to_reg,1.42653,1.4264563,7.366779327400153e-05
femtorv_quark,registerFile[0][6],train,pico_femto,processor,input_to_reg,1.3778,1.3778696,6.960601806649258e-05
femtorv_quark,registerFile[0][7],train,pico_femto,processor,input_to_reg,1.403063,1.4033166,0.0002536170120239767
femtorv_quark,registerFile[0][8],train,pico_femto,processor,input_to_reg,1.536933,1.536857,7.599106597910854e-05
femtorv_quark,registerFile[0][9],train,pico_femto,processor,reg_to_reg,1.507694,1.5075741,0.00011991857910165216
femtorv_quark,registerFile[10][0],train,pico_femto,processor,reg_to_reg,1.849344,1.849452,0.00010801873779286986
femtorv_quark,registerFile[10][10],train,pico_femto,processor,reg_to_reg,1.496339,1.4963504,1.1407600402746354e-05
femtorv_quark,registerFile[10][11],train,pico_femto,processor,reg_to_reg,1.476723,1.4767835,6.051402282714058e-05
femtorv_quark,registerFile[10][12],train,pico_femto,processor,reg_to_reg,1.509798,1.5098159,1.793132019045629e-05
femtorv_quark,registerFile[10][13],train,pico_femto,processor,reg_to_reg,1.503413,1.5039048,0.0004918194885252802
femtorv_quark,registerFile[10][14],train,pico_femto,processor,reg_to_reg,1.466964,1.466554,0.0004099543228148761
femtorv_quark,registerFile[10][15],train,pico_femto,processor,reg_to_reg,1.44495,1.4449344,1.5631866455034782e-05
femtorv_quark,registerFile[10][16],train,pico_femto,processor,reg_to_reg,1.540253,1.5403999,0.00014690901947012058
femtorv_quark,registerFile[10][17],train,pico_femto,processor,reg_to_reg,1.52959,1.5295845,5.472984313970031e-06
femtorv_quark,registerFile[10][18],train,pico_femto,processor,reg_to_reg,1.511813,1.5117942,1.879051971442891e-05
femtorv_quark,registerFile[10][19],train,pico_femto,processor,reg_to_reg,1.530663,1.5306084,5.4584396362411525e-05
femtorv_quark,registerFile[10][1],train,pico_femto,processor,input_to_reg,1.357228,1.3572241,3.8932113648471045e-06
femtorv_quark,registerFile[10][20],train,pico_femto,processor,reg_to_reg,1.633848,1.633873,2.4985839843782998e-05
femtorv_quark,registerFile[10][21],train,pico_femto,processor,reg_to_reg,1.639384,1.6393414,4.264562988276488e-05
femtorv_quark,registerFile[10][22],train,pico_femto,processor,reg_to_reg,1.62427,1.6243709,0.00010093257904042474
femtorv_quark,registerFile[10][23],train,pico_femto,processor,reg_to_reg,1.677998,1.6777654,0.00023263058471689746
femtorv_quark,registerFile[10][24],train,pico_femto,processor,reg_to_reg,1.767199,1.7672434,4.4385314941441933e-05
femtorv_quark,registerFile[10][25],train,pico_femto,processor,reg_to_reg,1.79664,1.7966357,4.253044128432748e-06
femtorv_quark,registerFile[10][26],train,pico_femto,processor,reg_to_reg,1.862697,1.8626153,8.16530914307112e-05
femtorv_quark,registerFile[10][27],train,pico_femto,processor,reg_to_reg,1.900504,1.9004931,1.0855010986299263e-05
femtorv_quark,registerFile[10][28],train,pico_femto,processor,reg_to_reg,1.888551,1.8886404,8.9403747558503e-05
femtorv_quark,registerFile[10][29],train,pico_femto,processor,reg_to_reg,1.962828,1.9628407,1.267630767820549e-05
femtorv_quark,registerFile[10][2],train,pico_femto,processor,input_to_reg,1.350088,1.3501593,7.128745269779913e-05
femtorv_quark,registerFile[10][30],train,pico_femto,processor,reg_to_reg,1.975838,1.9758896,5.156356048585664e-05
femtorv_quark,registerFile[10][31],train,pico_femto,processor,reg_to_reg,2.04089,2.0408285,6.15335845948195e-05
femtorv_quark,registerFile[10][3],train,pico_femto,processor,input_to_reg,1.37177,1.3717462,2.3817558288508067e-05
femtorv_quark,registerFile[10][4],train,pico_femto,processor,input_to_reg,1.376933,1.3768294,0.00010361424255367346
femtorv_quark,registerFile[10][5],train,pico_femto,processor,input_to_reg,1.42653,1.4264563,7.366779327400153e-05
femtorv_quark,registerFile[10][6],train,pico_femto,processor,input_to_reg,1.3778,1.3778696,6.960601806649258e-05
femtorv_quark,registerFile[10][7],train,pico_femto,processor,input_to_reg,1.403063,1.4033166,0.0002536170120239767
femtorv_quark,registerFile[10][8],train,pico_femto,processor,input_to_reg,1.536933,1.536857,7.599106597910854e-05
femtorv_quark,registerFile[10][9],train,pico_femto,processor,reg_to_reg,1.507694,1.5075741,0.00011991857910165216
femtorv_quark,registerFile[11][0],train,pico_femto,processor,reg_to_reg,1.849344,1.849452,0.00010801873779286986
femtorv_quark,registerFile[11][10],train,pico_femto,processor,reg_to_reg,1.496339,1.4963504,1.1407600402746354e-05
femtorv_quark,registerFile[11][11],train,pico_femto,processor,reg_to_reg,1.476723,1.4767835,6.051402282714058e-05
femtorv_quark,registerFile[11][12],train,pico_femto,processor,reg_to_reg,1.509798,1.5098159,1.793132019045629e-05
femtorv_quark,registerFile[11][13],train,pico_femto,processor,reg_to_reg,1.503413,1.5039048,0.0004918194885252802
femtorv_quark,registerFile[11][14],train,pico_femto,processor,reg_to_reg,1.466964,1.466554,0.0004099543228148761
femtorv_quark,registerFile[11][15],train,pico_femto,processor,reg_to_reg,1.44495,1.4449344,1.5631866455034782e-05
femtorv_quark,registerFile[11][16],train,pico_femto,processor,reg_to_reg,1.540253,1.5403999,0.00014690901947012058
femtorv_quark,registerFile[11][17],train,pico_femto,processor,reg_to_reg,1.52959,1.5295845,5.472984313970031e-06
femtorv_quark,registerFile[11][18],train,pico_femto,processor,reg_to_reg,1.511813,1.5117942,1.879051971442891e-05
femtorv_quark,registerFile[11][19],train,pico_femto,processor,reg_to_reg,1.530663,1.5306084,5.4584396362411525e-05
femtorv_quark,registerFile[11][1],train,pico_femto,processor,input_to_reg,1.357228,1.3572241,3.8932113648471045e-06
femtorv_quark,registerFile[11][20],train,pico_femto,processor,reg_to_reg,1.633848,1.633873,2.4985839843782998e-05
femtorv_quark,registerFile[11][21],train,pico_femto,processor,reg_to_reg,1.639384,1.6393414,4.264562988276488e-05
femtorv_quark,registerFile[11][22],train,pico_femto,processor,reg_to_reg,1.62427,1.6243709,0.00010093257904042474
femtorv_quark,registerFile[11][23],train,pico_femto,processor,reg_to_reg,1.677998,1.6777654,0.00023263058471689746
femtorv_quark,registerFile[11][24],train,pico_femto,processor,reg_to_reg,1.767199,1.7672434,4.4385314941441933e-05
femtorv_quark,registerFile[11][25],train,pico_femto,processor,reg_to_reg,1.79664,1.7966357,4.253044128432748e-06
femtorv_quark,registerFile[11][26],train,pico_femto,processor,reg_to_reg,1.862697,1.8626153,8.16530914307112e-05
femtorv_quark,registerFile[11][27],train,pico_femto,processor,reg_to_reg,1.900504,1.9004931,1.0855010986299263e-05
femtorv_quark,registerFile[11][28],train,pico_femto,processor,reg_to_reg,1.888551,1.8886404,8.9403747558503e-05
femtorv_quark,registerFile[11][29],train,pico_femto,processor,reg_to_reg,1.962828,1.9628407,1.267630767820549e-05
femtorv_quark,registerFile[11][2],train,pico_femto,processor,input_to_reg,1.350088,1.3501593,7.128745269779913e-05
femtorv_quark,registerFile[11][30],train,pico_femto,processor,reg_to_reg,1.975838,1.9758896,5.156356048585664e-05
femtorv_quark,registerFile[11][31],train,pico_femto,processor,reg_to_reg,2.04089,2.0408285,6.15335845948195e-05
femtorv_quark,registerFile[11][3],train,pico_femto,processor,input_to_reg,1.37177,1.3717462,2.3817558288508067e-05
femtorv_quark,registerFile[11][4],train,pico_femto,processor,input_to_reg,1.376933,1.3768294,0.00010361424255367346
femtorv_quark,registerFile[11][5],train,pico_femto,processor,input_to_reg,1.42653,1.4264563,7.366779327400153e-05
femtorv_quark,registerFile[11][6],train,pico_femto,processor,input_to_reg,1.3778,1.3778696,6.960601806649258e-05
femtorv_quark,registerFile[11][7],train,pico_femto,processor,input_to_reg,1.403063,1.4033166,0.0002536170120239767
femtorv_quark,registerFile[11][8],train,pico_femto,processor,input_to_reg,1.536933,1.536857,7.599106597910854e-05
femtorv_quark,registerFile[11][9],train,pico_femto,processor,reg_to_reg,1.507694,1.5075741,0.00011991857910165216
femtorv_quark,registerFile[12][0],train,pico_femto,processor,reg_to_reg,1.849344,1.849452,0.00010801873779286986
femtorv_quark,registerFile[12][10],train,pico_femto,processor,reg_to_reg,1.496339,1.4963504,1.1407600402746354e-05
femtorv_quark,registerFile[12][11],train,pico_femto,processor,reg_to_reg,1.476723,1.4767835,6.051402282714058e-05
femtorv_quark,registerFile[12][12],train,pico_femto,processor,reg_to_reg,1.509798,1.5098159,1.793132019045629e-05
femtorv_quark,registerFile[12][13],train,pico_femto,processor,reg_to_reg,1.503413,1.5039048,0.0004918194885252802
femtorv_quark,registerFile[12][14],train,pico_femto,processor,reg_to_reg,1.466964,1.466554,0.0004099543228148761
femtorv_quark,registerFile[12][15],train,pico_femto,processor,reg_to_reg,1.44495,1.4449344,1.5631866455034782e-05
femtorv_quark,registerFile[12][16],train,pico_femto,processor,reg_to_reg,1.540253,1.5403999,0.00014690901947012058
femtorv_quark,registerFile[12][17],train,pico_femto,processor,reg_to_reg,1.52959,1.5295845,5.472984313970031e-06
femtorv_quark,registerFile[12][18],train,pico_femto,processor,reg_to_reg,1.511813,1.5117942,1.879051971442891e-05
femtorv_quark,registerFile[12][19],train,pico_femto,processor,reg_to_reg,1.530663,1.5306084,5.4584396362411525e-05
femtorv_quark,registerFile[12][1],train,pico_femto,processor,input_to_reg,1.357228,1.3572241,3.8932113648471045e-06
femtorv_quark,registerFile[12][20],train,pico_femto,processor,reg_to_reg,1.633848,1.633873,2.4985839843782998e-05
femtorv_quark,registerFile[12][21],train,pico_femto,processor,reg_to_reg,1.639384,1.6393414,4.264562988276488e-05
femtorv_quark,registerFile[12][22],train,pico_femto,processor,reg_to_reg,1.62427,1.6243709,0.00010093257904042474
femtorv_quark,registerFile[12][23],train,pico_femto,processor,reg_to_reg,1.677998,1.6777654,0.00023263058471689746
femtorv_quark,registerFile[12][24],train,pico_femto,processor,reg_to_reg,1.767199,1.7672434,4.4385314941441933e-05
femtorv_quark,registerFile[12][25],train,pico_femto,processor,reg_to_reg,1.79664,1.7966357,4.253044128432748e-06
femtorv_quark,registerFile[12][26],train,pico_femto,processor,reg_to_reg,1.862697,1.8626153,8.16530914307112e-05
femtorv_quark,registerFile[12][27],train,pico_femto,processor,reg_to_reg,1.900504,1.9004931,1.0855010986299263e-05
femtorv_quark,registerFile[12][28],train,pico_femto,processor,reg_to_reg,1.888551,1.8886404,8.9403747558503e-05
femtorv_quark,registerFile[12][29],train,pico_femto,processor,reg_to_reg,1.962828,1.9628407,1.267630767820549e-05
femtorv_quark,registerFile[12][2],train,pico_femto,processor,input_to_reg,1.350088,1.3501593,7.128745269779913e-05
femtorv_quark,registerFile[12][30],train,pico_femto,processor,reg_to_reg,1.975838,1.9758896,5.156356048585664e-05
femtorv_quark,registerFile[12][31],train,pico_femto,processor,reg_to_reg,2.04089,2.0408285,6.15335845948195e-05
femtorv_quark,registerFile[12][3],train,pico_femto,processor,input_to_reg,1.37177,1.3717462,2.3817558288508067e-05
femtorv_quark,registerFile[12][4],train,pico_femto,processor,input_to_reg,1.376933,1.3768294,0.00010361424255367346
femtorv_quark,registerFile[12][5],train,pico_femto,processor,input_to_reg,1.42653,1.4264563,7.366779327400153e-05
femtorv_quark,registerFile[12][6],train,pico_femto,processor,input_to_reg,1.3778,1.3778696,6.960601806649258e-05
femtorv_quark,registerFile[12][7],train,pico_femto,processor,input_to_reg,1.403063,1.4033166,0.0002536170120239767
femtorv_quark,registerFile[12][8],train,pico_femto,processor,input_to_reg,1.536933,1.536857,7.599106597910854e-05
femtorv_quark,registerFile[12][9],train,pico_femto,processor,reg_to_reg,1.507694,1.5075741,0.00011991857910165216
femtorv_quark,registerFile[13][0],train,pico_femto,processor,reg_to_reg,1.849344,1.849452,0.00010801873779286986
femtorv_quark,registerFile[13][10],train,pico_femto,processor,reg_to_reg,1.496339,1.4963504,1.1407600402746354e-05
femtorv_quark,registerFile[13][11],train,pico_femto,processor,reg_to_reg,1.476723,1.4767835,6.051402282714058e-05
femtorv_quark,registerFile[13][12],train,pico_femto,processor,reg_to_reg,1.509798,1.5098159,1.793132019045629e-05
femtorv_quark,registerFile[13][13],train,pico_femto,processor,reg_to_reg,1.503413,1.5039048,0.0004918194885252802
femtorv_quark,registerFile[13][14],train,pico_femto,processor,reg_to_reg,1.466964,1.466554,0.0004099543228148761
femtorv_quark,registerFile[13][15],train,pico_femto,processor,reg_to_reg,1.44495,1.4449344,1.5631866455034782e-05
femtorv_quark,registerFile[13][16],train,pico_femto,processor,reg_to_reg,1.540253,1.5403999,0.00014690901947012058
femtorv_quark,registerFile[13][17],train,pico_femto,processor,reg_to_reg,1.52959,1.5295845,5.472984313970031e-06
femtorv_quark,registerFile[13][18],train,pico_femto,processor,reg_to_reg,1.511813,1.5117942,1.879051971442891e-05
femtorv_quark,registerFile[13][19],train,pico_femto,processor,reg_to_reg,1.530663,1.5306084,5.4584396362411525e-05
femtorv_quark,registerFile[13][1],train,pico_femto,processor,input_to_reg,1.357228,1.3572241,3.8932113648471045e-06
femtorv_quark,registerFile[13][20],train,pico_femto,processor,reg_to_reg,1.633848,1.633873,2.4985839843782998e-05
femtorv_quark,registerFile[13][21],train,pico_femto,processor,reg_to_reg,1.639384,1.6393414,4.264562988276488e-05
femtorv_quark,registerFile[13][22],train,pico_femto,processor,reg_to_reg,1.62427,1.6243709,0.00010093257904042474
femtorv_quark,registerFile[13][23],train,pico_femto,processor,reg_to_reg,1.677998,1.6777654,0.00023263058471689746
femtorv_quark,registerFile[13][24],train,pico_femto,processor,reg_to_reg,1.767199,1.7672434,4.4385314941441933e-05
femtorv_quark,registerFile[13][25],train,pico_femto,processor,reg_to_reg,1.79664,1.7966357,4.253044128432748e-06
femtorv_quark,registerFile[13][26],train,pico_femto,processor,reg_to_reg,1.862697,1.8626153,8.16530914307112e-05
femtorv_quark,registerFile[13][27],train,pico_femto,processor,reg_to_reg,1.900504,1.9004931,1.0855010986299263e-05
femtorv_quark,registerFile[13][28],train,pico_femto,processor,reg_to_reg,1.888551,1.8886404,8.9403747558503e-05
femtorv_quark,registerFile[13][29],train,pico_femto,processor,reg_to_reg,1.962828,1.9628407,1.267630767820549e-05
femtorv_quark,registerFile[13][2],train,pico_femto,processor,input_to_reg,1.350088,1.3501593,7.128745269779913e-05
femtorv_quark,registerFile[13][30],train,pico_femto,processor,reg_to_reg,1.975838,1.9758896,5.156356048585664e-05
femtorv_quark,registerFile[13][31],train,pico_femto,processor,reg_to_reg,2.04089,2.0408285,6.15335845948195e-05
femtorv_quark,registerFile[13][3],train,pico_femto,processor,input_to_reg,1.37177,1.3717462,2.3817558288508067e-05
femtorv_quark,registerFile[13][4],train,pico_femto,processor,input_to_reg,1.376933,1.3768294,0.00010361424255367346
femtorv_quark,registerFile[13][5],train,pico_femto,processor,input_to_reg,1.42653,1.4264563,7.366779327400153e-05
femtorv_quark,registerFile[13][6],train,pico_femto,processor,input_to_reg,1.3778,1.3778696,6.960601806649258e-05
femtorv_quark,registerFile[13][7],train,pico_femto,processor,input_to_reg,1.403063,1.4033166,0.0002536170120239767
femtorv_quark,registerFile[13][8],train,pico_femto,processor,input_to_reg,1.536933,1.536857,7.599106597910854e-05
femtorv_quark,registerFile[13][9],train,pico_femto,processor,reg_to_reg,1.507694,1.5075741,0.00011991857910165216
femtorv_quark,registerFile[14][0],train,pico_femto,processor,reg_to_reg,1.849344,1.849452,0.00010801873779286986
femtorv_quark,registerFile[14][10],train,pico_femto,processor,reg_to_reg,1.496339,1.4963504,1.1407600402746354e-05
femtorv_quark,registerFile[14][11],train,pico_femto,processor,reg_to_reg,1.476723,1.4767835,6.051402282714058e-05
femtorv_quark,registerFile[14][12],train,pico_femto,processor,reg_to_reg,1.509798,1.5098159,1.793132019045629e-05
femtorv_quark,registerFile[14][13],train,pico_femto,processor,reg_to_reg,1.503413,1.5039048,0.0004918194885252802
femtorv_quark,registerFile[14][14],train,pico_femto,processor,reg_to_reg,1.466964,1.466554,0.0004099543228148761
femtorv_quark,registerFile[14][15],train,pico_femto,processor,reg_to_reg,1.44495,1.4449344,1.5631866455034782e-05
femtorv_quark,registerFile[14][16],train,pico_femto,processor,reg_to_reg,1.540253,1.5403999,0.00014690901947012058
femtorv_quark,registerFile[14][17],train,pico_femto,processor,reg_to_reg,1.52959,1.5295845,5.472984313970031e-06
femtorv_quark,registerFile[14][18],train,pico_femto,processor,reg_to_reg,1.511813,1.5117942,1.879051971442891e-05
femtorv_quark,registerFile[14][19],train,pico_femto,processor,reg_to_reg,1.530663,1.5306084,5.4584396362411525e-05
femtorv_quark,registerFile[14][1],train,pico_femto,processor,input_to_reg,1.357228,1.3572241,3.8932113648471045e-06
femtorv_quark,registerFile[14][20],train,pico_femto,processor,reg_to_reg,1.633848,1.633873,2.4985839843782998e-05
femtorv_quark,registerFile[14][21],train,pico_femto,processor,reg_to_reg,1.639384,1.6393414,4.264562988276488e-05
femtorv_quark,registerFile[14][22],train,pico_femto,processor,reg_to_reg,1.62427,1.6243709,0.00010093257904042474
femtorv_quark,registerFile[14][23],train,pico_femto,processor,reg_to_reg,1.677998,1.6777654,0.00023263058471689746
femtorv_quark,registerFile[14][24],train,pico_femto,processor,reg_to_reg,1.767199,1.7672434,4.4385314941441933e-05
femtorv_quark,registerFile[14][25],train,pico_femto,processor,reg_to_reg,1.79664,1.7966357,4.253044128432748e-06
femtorv_quark,registerFile[14][26],train,pico_femto,processor,reg_to_reg,1.862697,1.8626153,8.16530914307112e-05
femtorv_quark,registerFile[14][27],train,pico_femto,processor,reg_to_reg,1.900504,1.9004931,1.0855010986299263e-05
femtorv_quark,registerFile[14][28],train,pico_femto,processor,reg_to_reg,1.888551,1.8886404,8.9403747558503e-05
femtorv_quark,registerFile[14][29],train,pico_femto,processor,reg_to_reg,1.962828,1.9628407,1.267630767820549e-05
femtorv_quark,registerFile[14][2],train,pico_femto,processor,input_to_reg,1.350088,1.3501593,7.128745269779913e-05
femtorv_quark,registerFile[14][30],train,pico_femto,processor,reg_to_reg,1.975838,1.9758896,5.156356048585664e-05
femtorv_quark,registerFile[14][31],train,pico_femto,processor,reg_to_reg,2.04089,2.0408285,6.15335845948195e-05
femtorv_quark,registerFile[14][3],train,pico_femto,processor,input_to_reg,1.37177,1.3717462,2.3817558288508067e-05
femtorv_quark,registerFile[14][4],train,pico_femto,processor,input_to_reg,1.376933,1.3768294,0.00010361424255367346
femtorv_quark,registerFile[14][5],train,pico_femto,processor,input_to_reg,1.42653,1.4264563,7.366779327400153e-05
femtorv_quark,registerFile[14][6],train,pico_femto,processor,input_to_reg,1.3778,1.3778696,6.960601806649258e-05
femtorv_quark,registerFile[14][7],train,pico_femto,processor,input_to_reg,1.403063,1.4033166,0.0002536170120239767
femtorv_quark,registerFile[14][8],train,pico_femto,processor,input_to_reg,1.536933,1.536857,7.599106597910854e-05
femtorv_quark,registerFile[14][9],train,pico_femto,processor,reg_to_reg,1.507694,1.5075741,0.00011991857910165216
femtorv_quark,registerFile[15][0],train,pico_femto,processor,reg_to_reg,1.849344,1.849452,0.00010801873779286986
femtorv_quark,registerFile[15][10],train,pico_femto,processor,reg_to_reg,1.496339,1.4963504,1.1407600402746354e-05
femtorv_quark,registerFile[15][11],train,pico_femto,processor,reg_to_reg,1.476723,1.4767835,6.051402282714058e-05
femtorv_quark,registerFile[15][12],train,pico_femto,processor,reg_to_reg,1.509798,1.5098159,1.793132019045629e-05
femtorv_quark,registerFile[15][13],train,pico_femto,processor,reg_to_reg,1.503413,1.5039048,0.0004918194885252802
femtorv_quark,registerFile[15][14],train,pico_femto,processor,reg_to_reg,1.466964,1.466554,0.0004099543228148761
femtorv_quark,registerFile[15][15],train,pico_femto,processor,reg_to_reg,1.44495,1.4449344,1.5631866455034782e-05
femtorv_quark,registerFile[15][16],train,pico_femto,processor,reg_to_reg,1.540253,1.5403999,0.00014690901947012058
femtorv_quark,registerFile[15][17],train,pico_femto,processor,reg_to_reg,1.52959,1.5295845,5.472984313970031e-06
femtorv_quark,registerFile[15][18],train,pico_femto,processor,reg_to_reg,1.511813,1.5117942,1.879051971442891e-05
femtorv_quark,registerFile[15][19],train,pico_femto,processor,reg_to_reg,1.530663,1.5306084,5.4584396362411525e-05
femtorv_quark,registerFile[15][1],train,pico_femto,processor,input_to_reg,1.357228,1.3572241,3.8932113648471045e-06
femtorv_quark,registerFile[15][20],train,pico_femto,processor,reg_to_reg,1.633848,1.633873,2.4985839843782998e-05
femtorv_quark,registerFile[15][21],train,pico_femto,processor,reg_to_reg,1.639384,1.6393414,4.264562988276488e-05
femtorv_quark,registerFile[15][22],train,pico_femto,processor,reg_to_reg,1.62427,1.6243709,0.00010093257904042474
femtorv_quark,registerFile[15][23],train,pico_femto,processor,reg_to_reg,1.677998,1.6777654,0.00023263058471689746
femtorv_quark,registerFile[15][24],train,pico_femto,processor,reg_to_reg,1.767199,1.7672434,4.4385314941441933e-05
femtorv_quark,registerFile[15][25],train,pico_femto,processor,reg_to_reg,1.79664,1.7966357,4.253044128432748e-06
femtorv_quark,registerFile[15][26],train,pico_femto,processor,reg_to_reg,1.862697,1.8626153,8.16530914307112e-05
femtorv_quark,registerFile[15][27],train,pico_femto,processor,reg_to_reg,1.900504,1.9004931,1.0855010986299263e-05
femtorv_quark,registerFile[15][28],train,pico_femto,processor,reg_to_reg,1.888551,1.8886404,8.9403747558503e-05
femtorv_quark,registerFile[15][29],train,pico_femto,processor,reg_to_reg,1.962828,1.9628407,1.267630767820549e-05
femtorv_quark,registerFile[15][2],train,pico_femto,processor,input_to_reg,1.350088,1.3501593,7.128745269779913e-05
femtorv_quark,registerFile[15][30],train,pico_femto,processor,reg_to_reg,1.975838,1.9758896,5.156356048585664e-05
femtorv_quark,registerFile[15][31],train,pico_femto,processor,reg_to_reg,2.04089,2.0408285,6.15335845948195e-05
femtorv_quark,registerFile[15][3],train,pico_femto,processor,input_to_reg,1.37177,1.3717462,2.3817558288508067e-05
femtorv_quark,registerFile[15][4],train,pico_femto,processor,input_to_reg,1.376933,1.3768294,0.00010361424255367346
femtorv_quark,registerFile[15][5],train,pico_femto,processor,input_to_reg,1.42653,1.4264563,7.366779327400153e-05
femtorv_quark,registerFile[15][6],train,pico_femto,processor,input_to_reg,1.3778,1.3778696,6.960601806649258e-05
femtorv_quark,registerFile[15][7],train,pico_femto,processor,input_to_reg,1.403063,1.4033166,0.0002536170120239767
femtorv_quark,registerFile[15][8],train,pico_femto,processor,input_to_reg,1.536933,1.536857,7.599106597910854e-05
femtorv_quark,registerFile[15][9],train,pico_femto,processor,reg_to_reg,1.507694,1.5075741,0.00011991857910165216
femtorv_quark,registerFile[16][0],train,pico_femto,processor,reg_to_reg,1.849344,1.849452,0.00010801873779286986
femtorv_quark,registerFile[16][10],train,pico_femto,processor,reg_to_reg,1.496339,1.4963504,1.1407600402746354e-05
femtorv_quark,registerFile[16][11],train,pico_femto,processor,reg_to_reg,1.476723,1.4767835,6.051402282714058e-05
femtorv_quark,registerFile[16][12],train,pico_femto,processor,reg_to_reg,1.509798,1.5098159,1.793132019045629e-05
femtorv_quark,registerFile[16][13],train,pico_femto,processor,reg_to_reg,1.503413,1.5039048,0.0004918194885252802
femtorv_quark,registerFile[16][14],train,pico_femto,processor,reg_to_reg,1.466964,1.466554,0.0004099543228148761
femtorv_quark,registerFile[16][15],train,pico_femto,processor,reg_to_reg,1.44495,1.4449344,1.5631866455034782e-05
femtorv_quark,registerFile[16][16],train,pico_femto,processor,reg_to_reg,1.540253,1.5403999,0.00014690901947012058
femtorv_quark,registerFile[16][17],train,pico_femto,processor,reg_to_reg,1.52959,1.5295845,5.472984313970031e-06
femtorv_quark,registerFile[16][18],train,pico_femto,processor,reg_to_reg,1.511813,1.5117942,1.879051971442891e-05
femtorv_quark,registerFile[16][19],train,pico_femto,processor,reg_to_reg,1.530663,1.5306084,5.4584396362411525e-05
femtorv_quark,registerFile[16][1],train,pico_femto,processor,input_to_reg,1.357228,1.3572241,3.8932113648471045e-06
femtorv_quark,registerFile[16][20],train,pico_femto,processor,reg_to_reg,1.633848,1.633873,2.4985839843782998e-05
femtorv_quark,registerFile[16][21],train,pico_femto,processor,reg_to_reg,1.639384,1.6393414,4.264562988276488e-05
femtorv_quark,registerFile[16][22],train,pico_femto,processor,reg_to_reg,1.62427,1.6243709,0.00010093257904042474
femtorv_quark,registerFile[16][23],train,pico_femto,processor,reg_to_reg,1.677998,1.6777654,0.00023263058471689746
femtorv_quark,registerFile[16][24],train,pico_femto,processor,reg_to_reg,1.767199,1.7672434,4.4385314941441933e-05
femtorv_quark,registerFile[16][25],train,pico_femto,processor,reg_to_reg,1.79664,1.7966357,4.253044128432748e-06
femtorv_quark,registerFile[16][26],train,pico_femto,processor,reg_to_reg,1.862697,1.8626153,8.16530914307112e-05
femtorv_quark,registerFile[16][27],train,pico_femto,processor,reg_to_reg,1.900504,1.9004931,1.0855010986299263e-05
femtorv_quark,registerFile[16][28],train,pico_femto,processor,reg_to_reg,1.888551,1.8886404,8.9403747558503e-05
femtorv_quark,registerFile[16][29],train,pico_femto,processor,reg_to_reg,1.962828,1.9628407,1.267630767820549e-05
femtorv_quark,registerFile[16][2],train,pico_femto,processor,input_to_reg,1.350088,1.3501593,7.128745269779913e-05
femtorv_quark,registerFile[16][30],train,pico_femto,processor,reg_to_reg,1.975838,1.9758896,5.156356048585664e-05
femtorv_quark,registerFile[16][31],train,pico_femto,processor,reg_to_reg,2.04089,2.0408285,6.15335845948195e-05
femtorv_quark,registerFile[16][3],train,pico_femto,processor,input_to_reg,1.37177,1.3717462,2.3817558288508067e-05
femtorv_quark,registerFile[16][4],train,pico_femto,processor,input_to_reg,1.376933,1.3768294,0.00010361424255367346
femtorv_quark,registerFile[16][5],train,pico_femto,processor,input_to_reg,1.42653,1.4264563,7.366779327400153e-05
femtorv_quark,registerFile[16][6],train,pico_femto,processor,input_to_reg,1.3778,1.3778696,6.960601806649258e-05
femtorv_quark,registerFile[16][7],train,pico_femto,processor,input_to_reg,1.403063,1.4033166,0.0002536170120239767
femtorv_quark,registerFile[16][8],train,pico_femto,processor,input_to_reg,1.536933,1.536857,7.599106597910854e-05
femtorv_quark,registerFile[16][9],train,pico_femto,processor,reg_to_reg,1.507694,1.5075741,0.00011991857910165216
femtorv_quark,registerFile[17][0],train,pico_femto,processor,reg_to_reg,1.849344,1.849452,0.00010801873779286986
femtorv_quark,registerFile[17][10],train,pico_femto,processor,reg_to_reg,1.496339,1.4963504,1.1407600402746354e-05
femtorv_quark,registerFile[17][11],train,pico_femto,processor,reg_to_reg,1.476723,1.4767835,6.051402282714058e-05
femtorv_quark,registerFile[17][12],train,pico_femto,processor,reg_to_reg,1.509798,1.5098159,1.793132019045629e-05
femtorv_quark,registerFile[17][13],train,pico_femto,processor,reg_to_reg,1.503413,1.5039048,0.0004918194885252802
femtorv_quark,registerFile[17][14],train,pico_femto,processor,reg_to_reg,1.466964,1.466554,0.0004099543228148761
femtorv_quark,registerFile[17][15],train,pico_femto,processor,reg_to_reg,1.44495,1.4449344,1.5631866455034782e-05
femtorv_quark,registerFile[17][16],train,pico_femto,processor,reg_to_reg,1.540253,1.5403999,0.00014690901947012058
femtorv_quark,registerFile[17][17],train,pico_femto,processor,reg_to_reg,1.52959,1.5295845,5.472984313970031e-06
femtorv_quark,registerFile[17][18],train,pico_femto,processor,reg_to_reg,1.511813,1.5117942,1.879051971442891e-05
femtorv_quark,registerFile[17][19],train,pico_femto,processor,reg_to_reg,1.530663,1.5306084,5.4584396362411525e-05
femtorv_quark,registerFile[17][1],train,pico_femto,processor,input_to_reg,1.357228,1.3572241,3.8932113648471045e-06
femtorv_quark,registerFile[17][20],train,pico_femto,processor,reg_to_reg,1.633848,1.633873,2.4985839843782998e-05
femtorv_quark,registerFile[17][21],train,pico_femto,processor,reg_to_reg,1.639384,1.6393414,4.264562988276488e-05
femtorv_quark,registerFile[17][22],train,pico_femto,processor,reg_to_reg,1.62427,1.6243709,0.00010093257904042474
femtorv_quark,registerFile[17][23],train,pico_femto,processor,reg_to_reg,1.677998,1.6777654,0.00023263058471689746
femtorv_quark,registerFile[17][24],train,pico_femto,processor,reg_to_reg,1.767199,1.7672434,4.4385314941441933e-05
femtorv_quark,registerFile[17][25],train,pico_femto,processor,reg_to_reg,1.79664,1.7966357,4.253044128432748e-06
femtorv_quark,registerFile[17][26],train,pico_femto,processor,reg_to_reg,1.862697,1.8626153,8.16530914307112e-05
femtorv_quark,registerFile[17][27],train,pico_femto,processor,reg_to_reg,1.900504,1.9004931,1.0855010986299263e-05
femtorv_quark,registerFile[17][28],train,pico_femto,processor,reg_to_reg,1.888551,1.8886404,8.9403747558503e-05
femtorv_quark,registerFile[17][29],train,pico_femto,processor,reg_to_reg,1.962828,1.9628407,1.267630767820549e-05
femtorv_quark,registerFile[17][2],train,pico_femto,processor,input_to_reg,1.350088,1.3501593,7.128745269779913e-05
femtorv_quark,registerFile[17][30],train,pico_femto,processor,reg_to_reg,1.975838,1.9758896,5.156356048585664e-05
femtorv_quark,registerFile[17][31],train,pico_femto,processor,reg_to_reg,2.04089,2.0408285,6.15335845948195e-05
femtorv_quark,registerFile[17][3],train,pico_femto,processor,input_to_reg,1.37177,1.3717462,2.3817558288508067e-05
femtorv_quark,registerFile[17][4],train,pico_femto,processor,input_to_reg,1.376933,1.3768294,0.00010361424255367346
femtorv_quark,registerFile[17][5],train,pico_femto,processor,input_to_reg,1.42653,1.4264563,7.366779327400153e-05
femtorv_quark,registerFile[17][6],train,pico_femto,processor,input_to_reg,1.3778,1.3778696,6.960601806649258e-05
femtorv_quark,registerFile[17][7],train,pico_femto,processor,input_to_reg,1.403063,1.4033166,0.0002536170120239767
femtorv_quark,registerFile[17][8],train,pico_femto,processor,input_to_reg,1.536933,1.536857,7.599106597910854e-05
femtorv_quark,registerFile[17][9],train,pico_femto,processor,reg_to_reg,1.507694,1.5075741,0.00011991857910165216
femtorv_quark,registerFile[18][0],train,pico_femto,processor,reg_to_reg,1.849344,1.849452,0.00010801873779286986
femtorv_quark,registerFile[18][10],train,pico_femto,processor,reg_to_reg,1.496339,1.4963504,1.1407600402746354e-05
femtorv_quark,registerFile[18][11],train,pico_femto,processor,reg_to_reg,1.476723,1.4767835,6.051402282714058e-05
femtorv_quark,registerFile[18][12],train,pico_femto,processor,reg_to_reg,1.509798,1.5098159,1.793132019045629e-05
femtorv_quark,registerFile[18][13],train,pico_femto,processor,reg_to_reg,1.503413,1.5039048,0.0004918194885252802
femtorv_quark,registerFile[18][14],train,pico_femto,processor,reg_to_reg,1.466964,1.466554,0.0004099543228148761
femtorv_quark,registerFile[18][15],train,pico_femto,processor,reg_to_reg,1.44495,1.4449344,1.5631866455034782e-05
femtorv_quark,registerFile[18][16],train,pico_femto,processor,reg_to_reg,1.540253,1.5403999,0.00014690901947012058
femtorv_quark,registerFile[18][17],train,pico_femto,processor,reg_to_reg,1.52959,1.5295845,5.472984313970031e-06
femtorv_quark,registerFile[18][18],train,pico_femto,processor,reg_to_reg,1.511813,1.5117942,1.879051971442891e-05
femtorv_quark,registerFile[18][19],train,pico_femto,processor,reg_to_reg,1.530663,1.5306084,5.4584396362411525e-05
femtorv_quark,registerFile[18][1],train,pico_femto,processor,input_to_reg,1.357228,1.3572241,3.8932113648471045e-06
femtorv_quark,registerFile[18][20],train,pico_femto,processor,reg_to_reg,1.633848,1.633873,2.4985839843782998e-05
femtorv_quark,registerFile[18][21],train,pico_femto,processor,reg_to_reg,1.639384,1.6393414,4.264562988276488e-05
femtorv_quark,registerFile[18][22],train,pico_femto,processor,reg_to_reg,1.62427,1.6243709,0.00010093257904042474
femtorv_quark,registerFile[18][23],train,pico_femto,processor,reg_to_reg,1.677998,1.6777654,0.00023263058471689746
femtorv_quark,registerFile[18][24],train,pico_femto,processor,reg_to_reg,1.767199,1.7672434,4.4385314941441933e-05
femtorv_quark,registerFile[18][25],train,pico_femto,processor,reg_to_reg,1.79664,1.7966357,4.253044128432748e-06
femtorv_quark,registerFile[18][26],train,pico_femto,processor,reg_to_reg,1.862697,1.8626153,8.16530914307112e-05
femtorv_quark,registerFile[18][27],train,pico_femto,processor,reg_to_reg,1.900504,1.9004931,1.0855010986299263e-05
femtorv_quark,registerFile[18][28],train,pico_femto,processor,reg_to_reg,1.888551,1.8886404,8.9403747558503e-05
femtorv_quark,registerFile[18][29],train,pico_femto,processor,reg_to_reg,1.962828,1.9628407,1.267630767820549e-05
femtorv_quark,registerFile[18][2],train,pico_femto,processor,input_to_reg,1.350088,1.3501593,7.128745269779913e-05
femtorv_quark,registerFile[18][30],train,pico_femto,processor,reg_to_reg,1.975838,1.9758896,5.156356048585664e-05
femtorv_quark,registerFile[18][31],train,pico_femto,processor,reg_to_reg,2.04089,2.0408285,6.15335845948195e-05
femtorv_quark,registerFile[18][3],train,pico_femto,processor,input_to_reg,1.37177,1.3717462,2.3817558288508067e-05
femtorv_quark,registerFile[18][4],train,pico_femto,processor,input_to_reg,1.376933,1.3768294,0.00010361424255367346
femtorv_quark,registerFile[18][5],train,pico_femto,processor,input_to_reg,1.42653,1.4264563,7.366779327400153e-05
femtorv_quark,registerFile[18][6],train,pico_femto,processor,input_to_reg,1.3778,1.3778696,6.960601806649258e-05
femtorv_quark,registerFile[18][7],train,pico_femto,processor,input_to_reg,1.403063,1.4033166,0.0002536170120239767
femtorv_quark,registerFile[18][8],train,pico_femto,processor,input_to_reg,1.536933,1.536857,7.599106597910854e-05
femtorv_quark,registerFile[18][9],train,pico_femto,processor,reg_to_reg,1.507694,1.5075741,0.00011991857910165216
femtorv_quark,registerFile[19][0],train,pico_femto,processor,reg_to_reg,1.849344,1.849452,0.00010801873779286986
femtorv_quark,registerFile[19][10],train,pico_femto,processor,reg_to_reg,1.496339,1.4963504,1.1407600402746354e-05
femtorv_quark,registerFile[19][11],train,pico_femto,processor,reg_to_reg,1.476723,1.4767835,6.051402282714058e-05
femtorv_quark,registerFile[19][12],train,pico_femto,processor,reg_to_reg,1.509798,1.5098159,1.793132019045629e-05
femtorv_quark,registerFile[19][13],train,pico_femto,processor,reg_to_reg,1.503413,1.5039048,0.0004918194885252802
femtorv_quark,registerFile[19][14],train,pico_femto,processor,reg_to_reg,1.466964,1.466554,0.0004099543228148761
femtorv_quark,registerFile[19][15],train,pico_femto,processor,reg_to_reg,1.44495,1.4449344,1.5631866455034782e-05
femtorv_quark,registerFile[19][16],train,pico_femto,processor,reg_to_reg,1.540253,1.5403999,0.00014690901947012058
femtorv_quark,registerFile[19][17],train,pico_femto,processor,reg_to_reg,1.52959,1.5295845,5.472984313970031e-06
femtorv_quark,registerFile[19][18],train,pico_femto,processor,reg_to_reg,1.511813,1.5117942,1.879051971442891e-05
femtorv_quark,registerFile[19][19],train,pico_femto,processor,reg_to_reg,1.530663,1.5306084,5.4584396362411525e-05
femtorv_quark,registerFile[19][1],train,pico_femto,processor,input_to_reg,1.357228,1.3572241,3.8932113648471045e-06
femtorv_quark,registerFile[19][20],train,pico_femto,processor,reg_to_reg,1.633848,1.633873,2.4985839843782998e-05
femtorv_quark,registerFile[19][21],train,pico_femto,processor,reg_to_reg,1.639384,1.6393414,4.264562988276488e-05
femtorv_quark,registerFile[19][22],train,pico_femto,processor,reg_to_reg,1.62427,1.6243709,0.00010093257904042474
femtorv_quark,registerFile[19][23],train,pico_femto,processor,reg_to_reg,1.677998,1.6777654,0.00023263058471689746
femtorv_quark,registerFile[19][24],train,pico_femto,processor,reg_to_reg,1.767199,1.7672434,4.4385314941441933e-05
femtorv_quark,registerFile[19][25],train,pico_femto,processor,reg_to_reg,1.79664,1.7966357,4.253044128432748e-06
femtorv_quark,registerFile[19][26],train,pico_femto,processor,reg_to_reg,1.862697,1.8626153,8.16530914307112e-05
femtorv_quark,registerFile[19][27],train,pico_femto,processor,reg_to_reg,1.900504,1.9004931,1.0855010986299263e-05
femtorv_quark,registerFile[19][28],train,pico_femto,processor,reg_to_reg,1.888551,1.8886404,8.9403747558503e-05
femtorv_quark,registerFile[19][29],train,pico_femto,processor,reg_to_reg,1.962828,1.9628407,1.267630767820549e-05
femtorv_quark,registerFile[19][2],train,pico_femto,processor,input_to_reg,1.350088,1.3501593,7.128745269779913e-05
femtorv_quark,registerFile[19][30],train,pico_femto,processor,reg_to_reg,1.975838,1.9758896,5.156356048585664e-05
femtorv_quark,registerFile[19][31],train,pico_femto,processor,reg_to_reg,2.04089,2.0408285,6.15335845948195e-05
femtorv_quark,registerFile[19][3],train,pico_femto,processor,input_to_reg,1.37177,1.3717462,2.3817558288508067e-05
femtorv_quark,registerFile[19][4],train,pico_femto,processor,input_to_reg,1.376933,1.3768294,0.00010361424255367346
femtorv_quark,registerFile[19][5],train,pico_femto,processor,input_to_reg,1.42653,1.4264563,7.366779327400153e-05
femtorv_quark,registerFile[19][6],train,pico_femto,processor,input_to_reg,1.3778,1.3778696,6.960601806649258e-05
femtorv_quark,registerFile[19][7],train,pico_femto,processor,input_to_reg,1.403063,1.4033166,0.0002536170120239767
femtorv_quark,registerFile[19][8],train,pico_femto,processor,input_to_reg,1.536933,1.536857,7.599106597910854e-05
femtorv_quark,registerFile[19][9],train,pico_femto,processor,reg_to_reg,1.507694,1.5075741,0.00011991857910165216
femtorv_quark,registerFile[1][0],train,pico_femto,processor,reg_to_reg,1.849344,1.849452,0.00010801873779286986
femtorv_quark,registerFile[1][10],train,pico_femto,processor,reg_to_reg,1.496339,1.4963504,1.1407600402746354e-05
femtorv_quark,registerFile[1][11],train,pico_femto,processor,reg_to_reg,1.476723,1.4767835,6.051402282714058e-05
femtorv_quark,registerFile[1][12],train,pico_femto,processor,reg_to_reg,1.509798,1.5098159,1.793132019045629e-05
femtorv_quark,registerFile[1][13],train,pico_femto,processor,reg_to_reg,1.503413,1.5039048,0.0004918194885252802
femtorv_quark,registerFile[1][14],train,pico_femto,processor,reg_to_reg,1.466964,1.466554,0.0004099543228148761
femtorv_quark,registerFile[1][15],train,pico_femto,processor,reg_to_reg,1.44495,1.4449344,1.5631866455034782e-05
femtorv_quark,registerFile[1][16],train,pico_femto,processor,reg_to_reg,1.540253,1.5403999,0.00014690901947012058
femtorv_quark,registerFile[1][17],train,pico_femto,processor,reg_to_reg,1.52959,1.5295845,5.472984313970031e-06
femtorv_quark,registerFile[1][18],train,pico_femto,processor,reg_to_reg,1.511813,1.5117942,1.879051971442891e-05
femtorv_quark,registerFile[1][19],train,pico_femto,processor,reg_to_reg,1.530663,1.5306084,5.4584396362411525e-05
femtorv_quark,registerFile[1][1],train,pico_femto,processor,input_to_reg,1.357228,1.3572241,3.8932113648471045e-06
femtorv_quark,registerFile[1][20],train,pico_femto,processor,reg_to_reg,1.633848,1.633873,2.4985839843782998e-05
femtorv_quark,registerFile[1][21],train,pico_femto,processor,reg_to_reg,1.639384,1.6393414,4.264562988276488e-05
femtorv_quark,registerFile[1][22],train,pico_femto,processor,reg_to_reg,1.62427,1.6243709,0.00010093257904042474
femtorv_quark,registerFile[1][23],train,pico_femto,processor,reg_to_reg,1.677998,1.6777654,0.00023263058471689746
femtorv_quark,registerFile[1][24],train,pico_femto,processor,reg_to_reg,1.767199,1.7672434,4.4385314941441933e-05
femtorv_quark,registerFile[1][25],train,pico_femto,processor,reg_to_reg,1.79664,1.7966357,4.253044128432748e-06
femtorv_quark,registerFile[1][26],train,pico_femto,processor,reg_to_reg,1.862697,1.8626153,8.16530914307112e-05
femtorv_quark,registerFile[1][27],train,pico_femto,processor,reg_to_reg,1.900504,1.9004931,1.0855010986299263e-05
femtorv_quark,registerFile[1][28],train,pico_femto,processor,reg_to_reg,1.888551,1.8886404,8.9403747558503e-05
femtorv_quark,registerFile[1][29],train,pico_femto,processor,reg_to_reg,1.962828,1.9628407,1.267630767820549e-05
femtorv_quark,registerFile[1][2],train,pico_femto,processor,input_to_reg,1.350088,1.3501593,7.128745269779913e-05
femtorv_quark,registerFile[1][30],train,pico_femto,processor,reg_to_reg,1.975838,1.9758896,5.156356048585664e-05
femtorv_quark,registerFile[1][31],train,pico_femto,processor,reg_to_reg,2.04089,2.0408285,6.15335845948195e-05
femtorv_quark,registerFile[1][3],train,pico_femto,processor,input_to_reg,1.37177,1.3717462,2.3817558288508067e-05
femtorv_quark,registerFile[1][4],train,pico_femto,processor,input_to_reg,1.376933,1.3768294,0.00010361424255367346
femtorv_quark,registerFile[1][5],train,pico_femto,processor,input_to_reg,1.42653,1.4264563,7.366779327400153e-05
femtorv_quark,registerFile[1][6],train,pico_femto,processor,input_to_reg,1.3778,1.3778696,6.960601806649258e-05
femtorv_quark,registerFile[1][7],train,pico_femto,processor,input_to_reg,1.403063,1.4033166,0.0002536170120239767
femtorv_quark,registerFile[1][8],train,pico_femto,processor,input_to_reg,1.536933,1.536857,7.599106597910854e-05
femtorv_quark,registerFile[1][9],train,pico_femto,processor,reg_to_reg,1.507694,1.5075741,0.00011991857910165216
femtorv_quark,registerFile[20][0],train,pico_femto,processor,reg_to_reg,1.849344,1.849452,0.00010801873779286986
femtorv_quark,registerFile[20][10],train,pico_femto,processor,reg_to_reg,1.496339,1.4963504,1.1407600402746354e-05
femtorv_quark,registerFile[20][11],train,pico_femto,processor,reg_to_reg,1.476723,1.4767835,6.051402282714058e-05
femtorv_quark,registerFile[20][12],train,pico_femto,processor,reg_to_reg,1.509798,1.5098159,1.793132019045629e-05
femtorv_quark,registerFile[20][13],train,pico_femto,processor,reg_to_reg,1.503413,1.5039048,0.0004918194885252802
femtorv_quark,registerFile[20][14],train,pico_femto,processor,reg_to_reg,1.466964,1.466554,0.0004099543228148761
femtorv_quark,registerFile[20][15],train,pico_femto,processor,reg_to_reg,1.44495,1.4449344,1.5631866455034782e-05
femtorv_quark,registerFile[20][16],train,pico_femto,processor,reg_to_reg,1.540253,1.5403999,0.00014690901947012058
femtorv_quark,registerFile[20][17],train,pico_femto,processor,reg_to_reg,1.52959,1.5295845,5.472984313970031e-06
femtorv_quark,registerFile[20][18],train,pico_femto,processor,reg_to_reg,1.511813,1.5117942,1.879051971442891e-05
femtorv_quark,registerFile[20][19],train,pico_femto,processor,reg_to_reg,1.530663,1.5306084,5.4584396362411525e-05
femtorv_quark,registerFile[20][1],train,pico_femto,processor,input_to_reg,1.357228,1.3572241,3.8932113648471045e-06
femtorv_quark,registerFile[20][20],train,pico_femto,processor,reg_to_reg,1.633848,1.633873,2.4985839843782998e-05
femtorv_quark,registerFile[20][21],train,pico_femto,processor,reg_to_reg,1.639384,1.6393414,4.264562988276488e-05
femtorv_quark,registerFile[20][22],train,pico_femto,processor,reg_to_reg,1.62427,1.6243709,0.00010093257904042474
femtorv_quark,registerFile[20][23],train,pico_femto,processor,reg_to_reg,1.677998,1.6777654,0.00023263058471689746
femtorv_quark,registerFile[20][24],train,pico_femto,processor,reg_to_reg,1.767199,1.7672434,4.4385314941441933e-05
femtorv_quark,registerFile[20][25],train,pico_femto,processor,reg_to_reg,1.79664,1.7966357,4.253044128432748e-06
femtorv_quark,registerFile[20][26],train,pico_femto,processor,reg_to_reg,1.862697,1.8626153,8.16530914307112e-05
femtorv_quark,registerFile[20][27],train,pico_femto,processor,reg_to_reg,1.900504,1.9004931,1.0855010986299263e-05
femtorv_quark,registerFile[20][28],train,pico_femto,processor,reg_to_reg,1.888551,1.8886404,8.9403747558503e-05
femtorv_quark,registerFile[20][29],train,pico_femto,processor,reg_to_reg,1.962828,1.9628407,1.267630767820549e-05
femtorv_quark,registerFile[20][2],train,pico_femto,processor,input_to_reg,1.350088,1.3501593,7.128745269779913e-05
femtorv_quark,registerFile[20][30],train,pico_femto,processor,reg_to_reg,1.975838,1.9758896,5.156356048585664e-05
femtorv_quark,registerFile[20][31],train,pico_femto,processor,reg_to_reg,2.04089,2.0408285,6.15335845948195e-05
femtorv_quark,registerFile[20][3],train,pico_femto,processor,input_to_reg,1.37177,1.3717462,2.3817558288508067e-05
femtorv_quark,registerFile[20][4],train,pico_femto,processor,input_to_reg,1.376933,1.3768294,0.00010361424255367346
femtorv_quark,registerFile[20][5],train,pico_femto,processor,input_to_reg,1.42653,1.4264563,7.366779327400153e-05
femtorv_quark,registerFile[20][6],train,pico_femto,processor,input_to_reg,1.3778,1.3778696,6.960601806649258e-05
femtorv_quark,registerFile[20][7],train,pico_femto,processor,input_to_reg,1.403063,1.4033166,0.0002536170120239767
femtorv_quark,registerFile[20][8],train,pico_femto,processor,input_to_reg,1.536933,1.536857,7.599106597910854e-05
femtorv_quark,registerFile[20][9],train,pico_femto,processor,reg_to_reg,1.507694,1.5075741,0.00011991857910165216
femtorv_quark,registerFile[21][0],train,pico_femto,processor,reg_to_reg,1.849344,1.849452,0.00010801873779286986
femtorv_quark,registerFile[21][10],train,pico_femto,processor,reg_to_reg,1.496339,1.4963504,1.1407600402746354e-05
femtorv_quark,registerFile[21][11],train,pico_femto,processor,reg_to_reg,1.476723,1.4767835,6.051402282714058e-05
femtorv_quark,registerFile[21][12],train,pico_femto,processor,reg_to_reg,1.509798,1.5098159,1.793132019045629e-05
femtorv_quark,registerFile[21][13],train,pico_femto,processor,reg_to_reg,1.503413,1.5039048,0.0004918194885252802
femtorv_quark,registerFile[21][14],train,pico_femto,processor,reg_to_reg,1.466964,1.466554,0.0004099543228148761
femtorv_quark,registerFile[21][15],train,pico_femto,processor,reg_to_reg,1.44495,1.4449344,1.5631866455034782e-05
femtorv_quark,registerFile[21][16],train,pico_femto,processor,reg_to_reg,1.540253,1.5403999,0.00014690901947012058
femtorv_quark,registerFile[21][17],train,pico_femto,processor,reg_to_reg,1.52959,1.5295845,5.472984313970031e-06
femtorv_quark,registerFile[21][18],train,pico_femto,processor,reg_to_reg,1.511813,1.5117942,1.879051971442891e-05
femtorv_quark,registerFile[21][19],train,pico_femto,processor,reg_to_reg,1.530663,1.5306084,5.4584396362411525e-05
femtorv_quark,registerFile[21][1],train,pico_femto,processor,input_to_reg,1.357228,1.3572241,3.8932113648471045e-06
femtorv_quark,registerFile[21][20],train,pico_femto,processor,reg_to_reg,1.633848,1.633873,2.4985839843782998e-05
femtorv_quark,registerFile[21][21],train,pico_femto,processor,reg_to_reg,1.639384,1.6393414,4.264562988276488e-05
femtorv_quark,registerFile[21][22],train,pico_femto,processor,reg_to_reg,1.62427,1.6243709,0.00010093257904042474
femtorv_quark,registerFile[21][23],train,pico_femto,processor,reg_to_reg,1.677998,1.6777654,0.00023263058471689746
femtorv_quark,registerFile[21][24],train,pico_femto,processor,reg_to_reg,1.767199,1.7672434,4.4385314941441933e-05
femtorv_quark,registerFile[21][25],train,pico_femto,processor,reg_to_reg,1.79664,1.7966357,4.253044128432748e-06
femtorv_quark,registerFile[21][26],train,pico_femto,processor,reg_to_reg,1.862697,1.8626153,8.16530914307112e-05
femtorv_quark,registerFile[21][27],train,pico_femto,processor,reg_to_reg,1.900504,1.9004931,1.0855010986299263e-05
femtorv_quark,registerFile[21][28],train,pico_femto,processor,reg_to_reg,1.888551,1.8886404,8.9403747558503e-05
femtorv_quark,registerFile[21][29],train,pico_femto,processor,reg_to_reg,1.962828,1.9628407,1.267630767820549e-05
femtorv_quark,registerFile[21][2],train,pico_femto,processor,input_to_reg,1.350088,1.3501593,7.128745269779913e-05
femtorv_quark,registerFile[21][30],train,pico_femto,processor,reg_to_reg,1.975838,1.9758896,5.156356048585664e-05
femtorv_quark,registerFile[21][31],train,pico_femto,processor,reg_to_reg,2.04089,2.0408285,6.15335845948195e-05
femtorv_quark,registerFile[21][3],train,pico_femto,processor,input_to_reg,1.37177,1.3717462,2.3817558288508067e-05
femtorv_quark,registerFile[21][4],train,pico_femto,processor,input_to_reg,1.376933,1.3768294,0.00010361424255367346
femtorv_quark,registerFile[21][5],train,pico_femto,processor,input_to_reg,1.42653,1.4264563,7.366779327400153e-05
femtorv_quark,registerFile[21][6],train,pico_femto,processor,input_to_reg,1.3778,1.3778696,6.960601806649258e-05
femtorv_quark,registerFile[21][7],train,pico_femto,processor,input_to_reg,1.403063,1.4033166,0.0002536170120239767
femtorv_quark,registerFile[21][8],train,pico_femto,processor,input_to_reg,1.536933,1.536857,7.599106597910854e-05
femtorv_quark,registerFile[21][9],train,pico_femto,processor,reg_to_reg,1.507694,1.5075741,0.00011991857910165216
femtorv_quark,registerFile[22][0],train,pico_femto,processor,reg_to_reg,1.849344,1.849452,0.00010801873779286986
femtorv_quark,registerFile[22][10],train,pico_femto,processor,reg_to_reg,1.496339,1.4963504,1.1407600402746354e-05
femtorv_quark,registerFile[22][11],train,pico_femto,processor,reg_to_reg,1.476723,1.4767835,6.051402282714058e-05
femtorv_quark,registerFile[22][12],train,pico_femto,processor,reg_to_reg,1.509798,1.5098159,1.793132019045629e-05
femtorv_quark,registerFile[22][13],train,pico_femto,processor,reg_to_reg,1.503413,1.5039048,0.0004918194885252802
femtorv_quark,registerFile[22][14],train,pico_femto,processor,reg_to_reg,1.466964,1.466554,0.0004099543228148761
femtorv_quark,registerFile[22][15],train,pico_femto,processor,reg_to_reg,1.44495,1.4449344,1.5631866455034782e-05
femtorv_quark,registerFile[22][16],train,pico_femto,processor,reg_to_reg,1.540253,1.5403999,0.00014690901947012058
femtorv_quark,registerFile[22][17],train,pico_femto,processor,reg_to_reg,1.52959,1.5295845,5.472984313970031e-06
femtorv_quark,registerFile[22][18],train,pico_femto,processor,reg_to_reg,1.511813,1.5117942,1.879051971442891e-05
femtorv_quark,registerFile[22][19],train,pico_femto,processor,reg_to_reg,1.530663,1.5306084,5.4584396362411525e-05
femtorv_quark,registerFile[22][1],train,pico_femto,processor,input_to_reg,1.357228,1.3572241,3.8932113648471045e-06
femtorv_quark,registerFile[22][20],train,pico_femto,processor,reg_to_reg,1.633848,1.633873,2.4985839843782998e-05
femtorv_quark,registerFile[22][21],train,pico_femto,processor,reg_to_reg,1.639384,1.6393414,4.264562988276488e-05
femtorv_quark,registerFile[22][22],train,pico_femto,processor,reg_to_reg,1.62427,1.6243709,0.00010093257904042474
femtorv_quark,registerFile[22][23],train,pico_femto,processor,reg_to_reg,1.677998,1.6777654,0.00023263058471689746
femtorv_quark,registerFile[22][24],train,pico_femto,processor,reg_to_reg,1.767199,1.7672434,4.4385314941441933e-05
femtorv_quark,registerFile[22][25],train,pico_femto,processor,reg_to_reg,1.79664,1.7966357,4.253044128432748e-06
femtorv_quark,registerFile[22][26],train,pico_femto,processor,reg_to_reg,1.862697,1.8626153,8.16530914307112e-05
femtorv_quark,registerFile[22][27],train,pico_femto,processor,reg_to_reg,1.900504,1.9004931,1.0855010986299263e-05
femtorv_quark,registerFile[22][28],train,pico_femto,processor,reg_to_reg,1.888551,1.8886404,8.9403747558503e-05
femtorv_quark,registerFile[22][29],train,pico_femto,processor,reg_to_reg,1.962828,1.9628407,1.267630767820549e-05
femtorv_quark,registerFile[22][2],train,pico_femto,processor,input_to_reg,1.350088,1.3501593,7.128745269779913e-05
femtorv_quark,registerFile[22][30],train,pico_femto,processor,reg_to_reg,1.975838,1.9758896,5.156356048585664e-05
femtorv_quark,registerFile[22][31],train,pico_femto,processor,reg_to_reg,2.04089,2.0408285,6.15335845948195e-05
femtorv_quark,registerFile[22][3],train,pico_femto,processor,input_to_reg,1.37177,1.3717462,2.3817558288508067e-05
femtorv_quark,registerFile[22][4],train,pico_femto,processor,input_to_reg,1.376933,1.3768294,0.00010361424255367346
femtorv_quark,registerFile[22][5],train,pico_femto,processor,input_to_reg,1.42653,1.4264563,7.366779327400153e-05
femtorv_quark,registerFile[22][6],train,pico_femto,processor,input_to_reg,1.3778,1.3778696,6.960601806649258e-05
femtorv_quark,registerFile[22][7],train,pico_femto,processor,input_to_reg,1.403063,1.4033166,0.0002536170120239767
femtorv_quark,registerFile[22][8],train,pico_femto,processor,input_to_reg,1.536933,1.536857,7.599106597910854e-05
femtorv_quark,registerFile[22][9],train,pico_femto,processor,reg_to_reg,1.507694,1.5075741,0.00011991857910165216
femtorv_quark,registerFile[23][0],train,pico_femto,processor,reg_to_reg,1.849344,1.849452,0.00010801873779286986
femtorv_quark,registerFile[23][10],train,pico_femto,processor,reg_to_reg,1.496339,1.4963504,1.1407600402746354e-05
femtorv_quark,registerFile[23][11],train,pico_femto,processor,reg_to_reg,1.476723,1.4767835,6.051402282714058e-05
femtorv_quark,registerFile[23][12],train,pico_femto,processor,reg_to_reg,1.509798,1.5098159,1.793132019045629e-05
femtorv_quark,registerFile[23][13],train,pico_femto,processor,reg_to_reg,1.503413,1.5039048,0.0004918194885252802
femtorv_quark,registerFile[23][14],train,pico_femto,processor,reg_to_reg,1.466964,1.466554,0.0004099543228148761
femtorv_quark,registerFile[23][15],train,pico_femto,processor,reg_to_reg,1.44495,1.4449344,1.5631866455034782e-05
femtorv_quark,registerFile[23][16],train,pico_femto,processor,reg_to_reg,1.540253,1.5403999,0.00014690901947012058
femtorv_quark,registerFile[23][17],train,pico_femto,processor,reg_to_reg,1.52959,1.5295845,5.472984313970031e-06
femtorv_quark,registerFile[23][18],train,pico_femto,processor,reg_to_reg,1.511813,1.5117942,1.879051971442891e-05
femtorv_quark,registerFile[23][19],train,pico_femto,processor,reg_to_reg,1.530663,1.5306084,5.4584396362411525e-05
femtorv_quark,registerFile[23][1],train,pico_femto,processor,input_to_reg,1.357228,1.3572241,3.8932113648471045e-06
femtorv_quark,registerFile[23][20],train,pico_femto,processor,reg_to_reg,1.633848,1.633873,2.4985839843782998e-05
femtorv_quark,registerFile[23][21],train,pico_femto,processor,reg_to_reg,1.639384,1.6393414,4.264562988276488e-05
femtorv_quark,registerFile[23][22],train,pico_femto,processor,reg_to_reg,1.62427,1.6243709,0.00010093257904042474
femtorv_quark,registerFile[23][23],train,pico_femto,processor,reg_to_reg,1.677998,1.6777654,0.00023263058471689746
femtorv_quark,registerFile[23][24],train,pico_femto,processor,reg_to_reg,1.767199,1.7672434,4.4385314941441933e-05
femtorv_quark,registerFile[23][25],train,pico_femto,processor,reg_to_reg,1.79664,1.7966357,4.253044128432748e-06
femtorv_quark,registerFile[23][26],train,pico_femto,processor,reg_to_reg,1.862697,1.8626153,8.16530914307112e-05
femtorv_quark,registerFile[23][27],train,pico_femto,processor,reg_to_reg,1.900504,1.9004931,1.0855010986299263e-05
femtorv_quark,registerFile[23][28],train,pico_femto,processor,reg_to_reg,1.888551,1.8886404,8.9403747558503e-05
femtorv_quark,registerFile[23][29],train,pico_femto,processor,reg_to_reg,1.962828,1.9628407,1.267630767820549e-05
femtorv_quark,registerFile[23][2],train,pico_femto,processor,input_to_reg,1.350088,1.3501593,7.128745269779913e-05
femtorv_quark,registerFile[23][30],train,pico_femto,processor,reg_to_reg,1.975838,1.9758896,5.156356048585664e-05
femtorv_quark,registerFile[23][31],train,pico_femto,processor,reg_to_reg,2.04089,2.0408285,6.15335845948195e-05
femtorv_quark,registerFile[23][3],train,pico_femto,processor,input_to_reg,1.37177,1.3717462,2.3817558288508067e-05
femtorv_quark,registerFile[23][4],train,pico_femto,processor,input_to_reg,1.376933,1.3768294,0.00010361424255367346
femtorv_quark,registerFile[23][5],train,pico_femto,processor,input_to_reg,1.42653,1.4264563,7.366779327400153e-05
femtorv_quark,registerFile[23][6],train,pico_femto,processor,input_to_reg,1.3778,1.3778696,6.960601806649258e-05
femtorv_quark,registerFile[23][7],train,pico_femto,processor,input_to_reg,1.403063,1.4033166,0.0002536170120239767
femtorv_quark,registerFile[23][8],train,pico_femto,processor,input_to_reg,1.536933,1.536857,7.599106597910854e-05
femtorv_quark,registerFile[23][9],train,pico_femto,processor,reg_to_reg,1.507694,1.5075741,0.00011991857910165216
femtorv_quark,registerFile[24][0],train,pico_femto,processor,reg_to_reg,1.849344,1.849452,0.00010801873779286986
femtorv_quark,registerFile[24][10],train,pico_femto,processor,reg_to_reg,1.496339,1.4963504,1.1407600402746354e-05
femtorv_quark,registerFile[24][11],train,pico_femto,processor,reg_to_reg,1.476723,1.4767835,6.051402282714058e-05
femtorv_quark,registerFile[24][12],train,pico_femto,processor,reg_to_reg,1.509798,1.5098159,1.793132019045629e-05
femtorv_quark,registerFile[24][13],train,pico_femto,processor,reg_to_reg,1.503413,1.5039048,0.0004918194885252802
femtorv_quark,registerFile[24][14],train,pico_femto,processor,reg_to_reg,1.466964,1.466554,0.0004099543228148761
femtorv_quark,registerFile[24][15],train,pico_femto,processor,reg_to_reg,1.44495,1.4449344,1.5631866455034782e-05
femtorv_quark,registerFile[24][16],train,pico_femto,processor,reg_to_reg,1.540253,1.5403999,0.00014690901947012058
femtorv_quark,registerFile[24][17],train,pico_femto,processor,reg_to_reg,1.52959,1.5295845,5.472984313970031e-06
femtorv_quark,registerFile[24][18],train,pico_femto,processor,reg_to_reg,1.511813,1.5117942,1.879051971442891e-05
femtorv_quark,registerFile[24][19],train,pico_femto,processor,reg_to_reg,1.530663,1.5306084,5.4584396362411525e-05
femtorv_quark,registerFile[24][1],train,pico_femto,processor,input_to_reg,1.357228,1.3572241,3.8932113648471045e-06
femtorv_quark,registerFile[24][20],train,pico_femto,processor,reg_to_reg,1.633848,1.633873,2.4985839843782998e-05
femtorv_quark,registerFile[24][21],train,pico_femto,processor,reg_to_reg,1.639384,1.6393414,4.264562988276488e-05
femtorv_quark,registerFile[24][22],train,pico_femto,processor,reg_to_reg,1.62427,1.6243709,0.00010093257904042474
femtorv_quark,registerFile[24][23],train,pico_femto,processor,reg_to_reg,1.677998,1.6777654,0.00023263058471689746
femtorv_quark,registerFile[24][24],train,pico_femto,processor,reg_to_reg,1.767199,1.7672434,4.4385314941441933e-05
femtorv_quark,registerFile[24][25],train,pico_femto,processor,reg_to_reg,1.79664,1.7966357,4.253044128432748e-06
femtorv_quark,registerFile[24][26],train,pico_femto,processor,reg_to_reg,1.862697,1.8626153,8.16530914307112e-05
femtorv_quark,registerFile[24][27],train,pico_femto,processor,reg_to_reg,1.900504,1.9004931,1.0855010986299263e-05
femtorv_quark,registerFile[24][28],train,pico_femto,processor,reg_to_reg,1.888551,1.8886404,8.9403747558503e-05
femtorv_quark,registerFile[24][29],train,pico_femto,processor,reg_to_reg,1.962828,1.9628407,1.267630767820549e-05
femtorv_quark,registerFile[24][2],train,pico_femto,processor,input_to_reg,1.350088,1.3501593,7.128745269779913e-05
femtorv_quark,registerFile[24][30],train,pico_femto,processor,reg_to_reg,1.975838,1.9758896,5.156356048585664e-05
femtorv_quark,registerFile[24][31],train,pico_femto,processor,reg_to_reg,2.04089,2.0408285,6.15335845948195e-05
femtorv_quark,registerFile[24][3],train,pico_femto,processor,input_to_reg,1.37177,1.3717462,2.3817558288508067e-05
femtorv_quark,registerFile[24][4],train,pico_femto,processor,input_to_reg,1.376933,1.3768294,0.00010361424255367346
femtorv_quark,registerFile[24][5],train,pico_femto,processor,input_to_reg,1.42653,1.4264563,7.366779327400153e-05
femtorv_quark,registerFile[24][6],train,pico_femto,processor,input_to_reg,1.3778,1.3778696,6.960601806649258e-05
femtorv_quark,registerFile[24][7],train,pico_femto,processor,input_to_reg,1.403063,1.4033166,0.0002536170120239767
femtorv_quark,registerFile[24][8],train,pico_femto,processor,input_to_reg,1.536933,1.536857,7.599106597910854e-05
femtorv_quark,registerFile[24][9],train,pico_femto,processor,reg_to_reg,1.507694,1.5075741,0.00011991857910165216
femtorv_quark,registerFile[25][0],train,pico_femto,processor,reg_to_reg,1.849344,1.849452,0.00010801873779286986
femtorv_quark,registerFile[25][10],train,pico_femto,processor,reg_to_reg,1.496339,1.4963504,1.1407600402746354e-05
femtorv_quark,registerFile[25][11],train,pico_femto,processor,reg_to_reg,1.476723,1.4767835,6.051402282714058e-05
femtorv_quark,registerFile[25][12],train,pico_femto,processor,reg_to_reg,1.509798,1.5098159,1.793132019045629e-05
femtorv_quark,registerFile[25][13],train,pico_femto,processor,reg_to_reg,1.503413,1.5039048,0.0004918194885252802
femtorv_quark,registerFile[25][14],train,pico_femto,processor,reg_to_reg,1.466964,1.466554,0.0004099543228148761
femtorv_quark,registerFile[25][15],train,pico_femto,processor,reg_to_reg,1.44495,1.4449344,1.5631866455034782e-05
femtorv_quark,registerFile[25][16],train,pico_femto,processor,reg_to_reg,1.540253,1.5403999,0.00014690901947012058
femtorv_quark,registerFile[25][17],train,pico_femto,processor,reg_to_reg,1.52959,1.5295845,5.472984313970031e-06
femtorv_quark,registerFile[25][18],train,pico_femto,processor,reg_to_reg,1.511813,1.5117942,1.879051971442891e-05
femtorv_quark,registerFile[25][19],train,pico_femto,processor,reg_to_reg,1.530663,1.5306084,5.4584396362411525e-05
femtorv_quark,registerFile[25][1],train,pico_femto,processor,input_to_reg,1.357228,1.3572241,3.8932113648471045e-06
femtorv_quark,registerFile[25][20],train,pico_femto,processor,reg_to_reg,1.633848,1.633873,2.4985839843782998e-05
femtorv_quark,registerFile[25][21],train,pico_femto,processor,reg_to_reg,1.639384,1.6393414,4.264562988276488e-05
femtorv_quark,registerFile[25][22],train,pico_femto,processor,reg_to_reg,1.62427,1.6243709,0.00010093257904042474
femtorv_quark,registerFile[25][23],train,pico_femto,processor,reg_to_reg,1.677998,1.6777654,0.00023263058471689746
femtorv_quark,registerFile[25][24],train,pico_femto,processor,reg_to_reg,1.767199,1.7672434,4.4385314941441933e-05
femtorv_quark,registerFile[25][25],train,pico_femto,processor,reg_to_reg,1.79664,1.7966357,4.253044128432748e-06
femtorv_quark,registerFile[25][26],train,pico_femto,processor,reg_to_reg,1.862697,1.8626153,8.16530914307112e-05
femtorv_quark,registerFile[25][27],train,pico_femto,processor,reg_to_reg,1.900504,1.9004931,1.0855010986299263e-05
femtorv_quark,registerFile[25][28],train,pico_femto,processor,reg_to_reg,1.888551,1.8886404,8.9403747558503e-05
femtorv_quark,registerFile[25][29],train,pico_femto,processor,reg_to_reg,1.962828,1.9628407,1.267630767820549e-05
femtorv_quark,registerFile[25][2],train,pico_femto,processor,input_to_reg,1.350088,1.3501593,7.128745269779913e-05
femtorv_quark,registerFile[25][30],train,pico_femto,processor,reg_to_reg,1.975838,1.9758896,5.156356048585664e-05
femtorv_quark,registerFile[25][31],train,pico_femto,processor,reg_to_reg,2.04089,2.0408285,6.15335845948195e-05
femtorv_quark,registerFile[25][3],train,pico_femto,processor,input_to_reg,1.37177,1.3717462,2.3817558288508067e-05
femtorv_quark,registerFile[25][4],train,pico_femto,processor,input_to_reg,1.376933,1.3768294,0.00010361424255367346
femtorv_quark,registerFile[25][5],train,pico_femto,processor,input_to_reg,1.42653,1.4264563,7.366779327400153e-05
femtorv_quark,registerFile[25][6],train,pico_femto,processor,input_to_reg,1.3778,1.3778696,6.960601806649258e-05
femtorv_quark,registerFile[25][7],train,pico_femto,processor,input_to_reg,1.403063,1.4033166,0.0002536170120239767
femtorv_quark,registerFile[25][8],train,pico_femto,processor,input_to_reg,1.536933,1.536857,7.599106597910854e-05
femtorv_quark,registerFile[25][9],train,pico_femto,processor,reg_to_reg,1.507694,1.5075741,0.00011991857910165216
femtorv_quark,registerFile[26][0],train,pico_femto,processor,reg_to_reg,1.849344,1.849452,0.00010801873779286986
femtorv_quark,registerFile[26][10],train,pico_femto,processor,reg_to_reg,1.496339,1.4963504,1.1407600402746354e-05
femtorv_quark,registerFile[26][11],train,pico_femto,processor,reg_to_reg,1.476723,1.4767835,6.051402282714058e-05
femtorv_quark,registerFile[26][12],train,pico_femto,processor,reg_to_reg,1.509798,1.5098159,1.793132019045629e-05
femtorv_quark,registerFile[26][13],train,pico_femto,processor,reg_to_reg,1.503413,1.5039048,0.0004918194885252802
femtorv_quark,registerFile[26][14],train,pico_femto,processor,reg_to_reg,1.466964,1.466554,0.0004099543228148761
femtorv_quark,registerFile[26][15],train,pico_femto,processor,reg_to_reg,1.44495,1.4449344,1.5631866455034782e-05
femtorv_quark,registerFile[26][16],train,pico_femto,processor,reg_to_reg,1.540253,1.5403999,0.00014690901947012058
femtorv_quark,registerFile[26][17],train,pico_femto,processor,reg_to_reg,1.52959,1.5295845,5.472984313970031e-06
femtorv_quark,registerFile[26][18],train,pico_femto,processor,reg_to_reg,1.511813,1.5117942,1.879051971442891e-05
femtorv_quark,registerFile[26][19],train,pico_femto,processor,reg_to_reg,1.530663,1.5306084,5.4584396362411525e-05
femtorv_quark,registerFile[26][1],train,pico_femto,processor,input_to_reg,1.357228,1.3572241,3.8932113648471045e-06
femtorv_quark,registerFile[26][20],train,pico_femto,processor,reg_to_reg,1.633848,1.633873,2.4985839843782998e-05
femtorv_quark,registerFile[26][21],train,pico_femto,processor,reg_to_reg,1.639384,1.6393414,4.264562988276488e-05
femtorv_quark,registerFile[26][22],train,pico_femto,processor,reg_to_reg,1.62427,1.6243709,0.00010093257904042474
femtorv_quark,registerFile[26][23],train,pico_femto,processor,reg_to_reg,1.677998,1.6777654,0.00023263058471689746
femtorv_quark,registerFile[26][24],train,pico_femto,processor,reg_to_reg,1.767199,1.7672434,4.4385314941441933e-05
femtorv_quark,registerFile[26][25],train,pico_femto,processor,reg_to_reg,1.79664,1.7966357,4.253044128432748e-06
femtorv_quark,registerFile[26][26],train,pico_femto,processor,reg_to_reg,1.862697,1.8626153,8.16530914307112e-05
femtorv_quark,registerFile[26][27],train,pico_femto,processor,reg_to_reg,1.900504,1.9004931,1.0855010986299263e-05
femtorv_quark,registerFile[26][28],train,pico_femto,processor,reg_to_reg,1.888551,1.8886404,8.9403747558503e-05
femtorv_quark,registerFile[26][29],train,pico_femto,processor,reg_to_reg,1.962828,1.9628407,1.267630767820549e-05
femtorv_quark,registerFile[26][2],train,pico_femto,processor,input_to_reg,1.350088,1.3501593,7.128745269779913e-05
femtorv_quark,registerFile[26][30],train,pico_femto,processor,reg_to_reg,1.975838,1.9758896,5.156356048585664e-05
femtorv_quark,registerFile[26][31],train,pico_femto,processor,reg_to_reg,2.04089,2.0408285,6.15335845948195e-05
femtorv_quark,registerFile[26][3],train,pico_femto,processor,input_to_reg,1.37177,1.3717462,2.3817558288508067e-05
femtorv_quark,registerFile[26][4],train,pico_femto,processor,input_to_reg,1.376933,1.3768294,0.00010361424255367346
femtorv_quark,registerFile[26][5],train,pico_femto,processor,input_to_reg,1.42653,1.4264563,7.366779327400153e-05
femtorv_quark,registerFile[26][6],train,pico_femto,processor,input_to_reg,1.3778,1.3778696,6.960601806649258e-05
femtorv_quark,registerFile[26][7],train,pico_femto,processor,input_to_reg,1.403063,1.4033166,0.0002536170120239767
femtorv_quark,registerFile[26][8],train,pico_femto,processor,input_to_reg,1.536933,1.536857,7.599106597910854e-05
femtorv_quark,registerFile[26][9],train,pico_femto,processor,reg_to_reg,1.507694,1.5075741,0.00011991857910165216
femtorv_quark,registerFile[27][0],train,pico_femto,processor,reg_to_reg,1.849344,1.849452,0.00010801873779286986
femtorv_quark,registerFile[27][10],train,pico_femto,processor,reg_to_reg,1.496339,1.4963504,1.1407600402746354e-05
femtorv_quark,registerFile[27][11],train,pico_femto,processor,reg_to_reg,1.476723,1.4767835,6.051402282714058e-05
femtorv_quark,registerFile[27][12],train,pico_femto,processor,reg_to_reg,1.509798,1.5098159,1.793132019045629e-05
femtorv_quark,registerFile[27][13],train,pico_femto,processor,reg_to_reg,1.503413,1.5039048,0.0004918194885252802
femtorv_quark,registerFile[27][14],train,pico_femto,processor,reg_to_reg,1.466964,1.466554,0.0004099543228148761
femtorv_quark,registerFile[27][15],train,pico_femto,processor,reg_to_reg,1.44495,1.4449344,1.5631866455034782e-05
femtorv_quark,registerFile[27][16],train,pico_femto,processor,reg_to_reg,1.540253,1.5403999,0.00014690901947012058
femtorv_quark,registerFile[27][17],train,pico_femto,processor,reg_to_reg,1.52959,1.5295845,5.472984313970031e-06
femtorv_quark,registerFile[27][18],train,pico_femto,processor,reg_to_reg,1.511813,1.5117942,1.879051971442891e-05
femtorv_quark,registerFile[27][19],train,pico_femto,processor,reg_to_reg,1.530663,1.5306084,5.4584396362411525e-05
femtorv_quark,registerFile[27][1],train,pico_femto,processor,input_to_reg,1.357228,1.3572241,3.8932113648471045e-06
femtorv_quark,registerFile[27][20],train,pico_femto,processor,reg_to_reg,1.633848,1.633873,2.4985839843782998e-05
femtorv_quark,registerFile[27][21],train,pico_femto,processor,reg_to_reg,1.639384,1.6393414,4.264562988276488e-05
femtorv_quark,registerFile[27][22],train,pico_femto,processor,reg_to_reg,1.62427,1.6243709,0.00010093257904042474
femtorv_quark,registerFile[27][23],train,pico_femto,processor,reg_to_reg,1.677998,1.6777654,0.00023263058471689746
femtorv_quark,registerFile[27][24],train,pico_femto,processor,reg_to_reg,1.767199,1.7672434,4.4385314941441933e-05
femtorv_quark,registerFile[27][25],train,pico_femto,processor,reg_to_reg,1.79664,1.7966357,4.253044128432748e-06
femtorv_quark,registerFile[27][26],train,pico_femto,processor,reg_to_reg,1.862697,1.8626153,8.16530914307112e-05
femtorv_quark,registerFile[27][27],train,pico_femto,processor,reg_to_reg,1.900504,1.9004931,1.0855010986299263e-05
femtorv_quark,registerFile[27][28],train,pico_femto,processor,reg_to_reg,1.888551,1.8886404,8.9403747558503e-05
femtorv_quark,registerFile[27][29],train,pico_femto,processor,reg_to_reg,1.962828,1.9628407,1.267630767820549e-05
femtorv_quark,registerFile[27][2],train,pico_femto,processor,input_to_reg,1.350088,1.3501593,7.128745269779913e-05
femtorv_quark,registerFile[27][30],train,pico_femto,processor,reg_to_reg,1.975838,1.9758896,5.156356048585664e-05
femtorv_quark,registerFile[27][31],train,pico_femto,processor,reg_to_reg,2.04089,2.0408285,6.15335845948195e-05
femtorv_quark,registerFile[27][3],train,pico_femto,processor,input_to_reg,1.37177,1.3717462,2.3817558288508067e-05
femtorv_quark,registerFile[27][4],train,pico_femto,processor,input_to_reg,1.376933,1.3768294,0.00010361424255367346
femtorv_quark,registerFile[27][5],train,pico_femto,processor,input_to_reg,1.42653,1.4264563,7.366779327400153e-05
femtorv_quark,registerFile[27][6],train,pico_femto,processor,input_to_reg,1.3778,1.3778696,6.960601806649258e-05
femtorv_quark,registerFile[27][7],train,pico_femto,processor,input_to_reg,1.403063,1.4033166,0.0002536170120239767
femtorv_quark,registerFile[27][8],train,pico_femto,processor,input_to_reg,1.536933,1.536857,7.599106597910854e-05
femtorv_quark,registerFile[27][9],train,pico_femto,processor,reg_to_reg,1.507694,1.5075741,0.00011991857910165216
femtorv_quark,registerFile[28][0],train,pico_femto,processor,reg_to_reg,1.849344,1.849452,0.00010801873779286986
femtorv_quark,registerFile[28][10],train,pico_femto,processor,reg_to_reg,1.496339,1.4963504,1.1407600402746354e-05
femtorv_quark,registerFile[28][11],train,pico_femto,processor,reg_to_reg,1.476723,1.4767835,6.051402282714058e-05
femtorv_quark,registerFile[28][12],train,pico_femto,processor,reg_to_reg,1.509798,1.5098159,1.793132019045629e-05
femtorv_quark,registerFile[28][13],train,pico_femto,processor,reg_to_reg,1.503413,1.5039048,0.0004918194885252802
femtorv_quark,registerFile[28][14],train,pico_femto,processor,reg_to_reg,1.466964,1.466554,0.0004099543228148761
femtorv_quark,registerFile[28][15],train,pico_femto,processor,reg_to_reg,1.44495,1.4449344,1.5631866455034782e-05
femtorv_quark,registerFile[28][16],train,pico_femto,processor,reg_to_reg,1.540253,1.5403999,0.00014690901947012058
femtorv_quark,registerFile[28][17],train,pico_femto,processor,reg_to_reg,1.52959,1.5295845,5.472984313970031e-06
femtorv_quark,registerFile[28][18],train,pico_femto,processor,reg_to_reg,1.511813,1.5117942,1.879051971442891e-05
femtorv_quark,registerFile[28][19],train,pico_femto,processor,reg_to_reg,1.530663,1.5306084,5.4584396362411525e-05
femtorv_quark,registerFile[28][1],train,pico_femto,processor,input_to_reg,1.357228,1.3572241,3.8932113648471045e-06
femtorv_quark,registerFile[28][20],train,pico_femto,processor,reg_to_reg,1.633848,1.633873,2.4985839843782998e-05
femtorv_quark,registerFile[28][21],train,pico_femto,processor,reg_to_reg,1.639384,1.6393414,4.264562988276488e-05
femtorv_quark,registerFile[28][22],train,pico_femto,processor,reg_to_reg,1.62427,1.6243709,0.00010093257904042474
femtorv_quark,registerFile[28][23],train,pico_femto,processor,reg_to_reg,1.677998,1.6777654,0.00023263058471689746
femtorv_quark,registerFile[28][24],train,pico_femto,processor,reg_to_reg,1.767199,1.7672434,4.4385314941441933e-05
femtorv_quark,registerFile[28][25],train,pico_femto,processor,reg_to_reg,1.79664,1.7966357,4.253044128432748e-06
femtorv_quark,registerFile[28][26],train,pico_femto,processor,reg_to_reg,1.862697,1.8626153,8.16530914307112e-05
femtorv_quark,registerFile[28][27],train,pico_femto,processor,reg_to_reg,1.900504,1.9004931,1.0855010986299263e-05
femtorv_quark,registerFile[28][28],train,pico_femto,processor,reg_to_reg,1.888551,1.8886404,8.9403747558503e-05
femtorv_quark,registerFile[28][29],train,pico_femto,processor,reg_to_reg,1.962828,1.9628407,1.267630767820549e-05
femtorv_quark,registerFile[28][2],train,pico_femto,processor,input_to_reg,1.350088,1.3501593,7.128745269779913e-05
femtorv_quark,registerFile[28][30],train,pico_femto,processor,reg_to_reg,1.975838,1.9758896,5.156356048585664e-05
femtorv_quark,registerFile[28][31],train,pico_femto,processor,reg_to_reg,2.04089,2.0408285,6.15335845948195e-05
femtorv_quark,registerFile[28][3],train,pico_femto,processor,input_to_reg,1.37177,1.3717462,2.3817558288508067e-05
femtorv_quark,registerFile[28][4],train,pico_femto,processor,input_to_reg,1.376933,1.3768294,0.00010361424255367346
femtorv_quark,registerFile[28][5],train,pico_femto,processor,input_to_reg,1.42653,1.4264563,7.366779327400153e-05
femtorv_quark,registerFile[28][6],train,pico_femto,processor,input_to_reg,1.3778,1.3778696,6.960601806649258e-05
femtorv_quark,registerFile[28][7],train,pico_femto,processor,input_to_reg,1.403063,1.4033166,0.0002536170120239767
femtorv_quark,registerFile[28][8],train,pico_femto,processor,input_to_reg,1.536933,1.536857,7.599106597910854e-05
femtorv_quark,registerFile[28][9],train,pico_femto,processor,reg_to_reg,1.507694,1.5075741,0.00011991857910165216
femtorv_quark,registerFile[29][0],train,pico_femto,processor,reg_to_reg,1.849344,1.849452,0.00010801873779286986
femtorv_quark,registerFile[29][10],train,pico_femto,processor,reg_to_reg,1.496339,1.4963504,1.1407600402746354e-05
femtorv_quark,registerFile[29][11],train,pico_femto,processor,reg_to_reg,1.476723,1.4767835,6.051402282714058e-05
femtorv_quark,registerFile[29][12],train,pico_femto,processor,reg_to_reg,1.509798,1.5098159,1.793132019045629e-05
femtorv_quark,registerFile[29][13],train,pico_femto,processor,reg_to_reg,1.503413,1.5039048,0.0004918194885252802
femtorv_quark,registerFile[29][14],train,pico_femto,processor,reg_to_reg,1.466964,1.466554,0.0004099543228148761
femtorv_quark,registerFile[29][15],train,pico_femto,processor,reg_to_reg,1.44495,1.4449344,1.5631866455034782e-05
femtorv_quark,registerFile[29][16],train,pico_femto,processor,reg_to_reg,1.540253,1.5403999,0.00014690901947012058
femtorv_quark,registerFile[29][17],train,pico_femto,processor,reg_to_reg,1.52959,1.5295845,5.472984313970031e-06
femtorv_quark,registerFile[29][18],train,pico_femto,processor,reg_to_reg,1.511813,1.5117942,1.879051971442891e-05
femtorv_quark,registerFile[29][19],train,pico_femto,processor,reg_to_reg,1.530663,1.5306084,5.4584396362411525e-05
femtorv_quark,registerFile[29][1],train,pico_femto,processor,input_to_reg,1.357228,1.3572241,3.8932113648471045e-06
femtorv_quark,registerFile[29][20],train,pico_femto,processor,reg_to_reg,1.633848,1.633873,2.4985839843782998e-05
femtorv_quark,registerFile[29][21],train,pico_femto,processor,reg_to_reg,1.639384,1.6393414,4.264562988276488e-05
femtorv_quark,registerFile[29][22],train,pico_femto,processor,reg_to_reg,1.62427,1.6243709,0.00010093257904042474
femtorv_quark,registerFile[29][23],train,pico_femto,processor,reg_to_reg,1.677998,1.6777654,0.00023263058471689746
femtorv_quark,registerFile[29][24],train,pico_femto,processor,reg_to_reg,1.767199,1.7672434,4.4385314941441933e-05
femtorv_quark,registerFile[29][25],train,pico_femto,processor,reg_to_reg,1.79664,1.7966357,4.253044128432748e-06
femtorv_quark,registerFile[29][26],train,pico_femto,processor,reg_to_reg,1.862697,1.8626153,8.16530914307112e-05
femtorv_quark,registerFile[29][27],train,pico_femto,processor,reg_to_reg,1.900504,1.9004931,1.0855010986299263e-05
femtorv_quark,registerFile[29][28],train,pico_femto,processor,reg_to_reg,1.888551,1.8886404,8.9403747558503e-05
femtorv_quark,registerFile[29][29],train,pico_femto,processor,reg_to_reg,1.962828,1.9628407,1.267630767820549e-05
femtorv_quark,registerFile[29][2],train,pico_femto,processor,input_to_reg,1.350088,1.3501593,7.128745269779913e-05
femtorv_quark,registerFile[29][30],train,pico_femto,processor,reg_to_reg,1.975838,1.9758896,5.156356048585664e-05
femtorv_quark,registerFile[29][31],train,pico_femto,processor,reg_to_reg,2.04089,2.0408285,6.15335845948195e-05
femtorv_quark,registerFile[29][3],train,pico_femto,processor,input_to_reg,1.37177,1.3717462,2.3817558288508067e-05
femtorv_quark,registerFile[29][4],train,pico_femto,processor,input_to_reg,1.376933,1.3768294,0.00010361424255367346
femtorv_quark,registerFile[29][5],train,pico_femto,processor,input_to_reg,1.42653,1.4264563,7.366779327400153e-05
femtorv_quark,registerFile[29][6],train,pico_femto,processor,input_to_reg,1.3778,1.3778696,6.960601806649258e-05
femtorv_quark,registerFile[29][7],train,pico_femto,processor,input_to_reg,1.403063,1.4033166,0.0002536170120239767
femtorv_quark,registerFile[29][8],train,pico_femto,processor,input_to_reg,1.536933,1.536857,7.599106597910854e-05
femtorv_quark,registerFile[29][9],train,pico_femto,processor,reg_to_reg,1.507694,1.5075741,0.00011991857910165216
femtorv_quark,registerFile[2][0],train,pico_femto,processor,reg_to_reg,1.849344,1.849452,0.00010801873779286986
femtorv_quark,registerFile[2][10],train,pico_femto,processor,reg_to_reg,1.496339,1.4963504,1.1407600402746354e-05
femtorv_quark,registerFile[2][11],train,pico_femto,processor,reg_to_reg,1.476723,1.4767835,6.051402282714058e-05
femtorv_quark,registerFile[2][12],train,pico_femto,processor,reg_to_reg,1.509798,1.5098159,1.793132019045629e-05
femtorv_quark,registerFile[2][13],train,pico_femto,processor,reg_to_reg,1.503413,1.5039048,0.0004918194885252802
femtorv_quark,registerFile[2][14],train,pico_femto,processor,reg_to_reg,1.466964,1.466554,0.0004099543228148761
femtorv_quark,registerFile[2][15],train,pico_femto,processor,reg_to_reg,1.44495,1.4449344,1.5631866455034782e-05
femtorv_quark,registerFile[2][16],train,pico_femto,processor,reg_to_reg,1.540253,1.5403999,0.00014690901947012058
femtorv_quark,registerFile[2][17],train,pico_femto,processor,reg_to_reg,1.52959,1.5295845,5.472984313970031e-06
femtorv_quark,registerFile[2][18],train,pico_femto,processor,reg_to_reg,1.511813,1.5117942,1.879051971442891e-05
femtorv_quark,registerFile[2][19],train,pico_femto,processor,reg_to_reg,1.530663,1.5306084,5.4584396362411525e-05
femtorv_quark,registerFile[2][1],train,pico_femto,processor,input_to_reg,1.357228,1.3572241,3.8932113648471045e-06
femtorv_quark,registerFile[2][20],train,pico_femto,processor,reg_to_reg,1.633848,1.633873,2.4985839843782998e-05
femtorv_quark,registerFile[2][21],train,pico_femto,processor,reg_to_reg,1.639384,1.6393414,4.264562988276488e-05
femtorv_quark,registerFile[2][22],train,pico_femto,processor,reg_to_reg,1.62427,1.6243709,0.00010093257904042474
femtorv_quark,registerFile[2][23],train,pico_femto,processor,reg_to_reg,1.677998,1.6777654,0.00023263058471689746
femtorv_quark,registerFile[2][24],train,pico_femto,processor,reg_to_reg,1.767199,1.7672434,4.4385314941441933e-05
femtorv_quark,registerFile[2][25],train,pico_femto,processor,reg_to_reg,1.79664,1.7966357,4.253044128432748e-06
femtorv_quark,registerFile[2][26],train,pico_femto,processor,reg_to_reg,1.862697,1.8626153,8.16530914307112e-05
femtorv_quark,registerFile[2][27],train,pico_femto,processor,reg_to_reg,1.900504,1.9004931,1.0855010986299263e-05
femtorv_quark,registerFile[2][28],train,pico_femto,processor,reg_to_reg,1.888551,1.8886404,8.9403747558503e-05
femtorv_quark,registerFile[2][29],train,pico_femto,processor,reg_to_reg,1.962828,1.9628407,1.267630767820549e-05
femtorv_quark,registerFile[2][2],train,pico_femto,processor,input_to_reg,1.350088,1.3501593,7.128745269779913e-05
femtorv_quark,registerFile[2][30],train,pico_femto,processor,reg_to_reg,1.975838,1.9758896,5.156356048585664e-05
femtorv_quark,registerFile[2][31],train,pico_femto,processor,reg_to_reg,2.04089,2.0408285,6.15335845948195e-05
femtorv_quark,registerFile[2][3],train,pico_femto,processor,input_to_reg,1.37177,1.3717462,2.3817558288508067e-05
femtorv_quark,registerFile[2][4],train,pico_femto,processor,input_to_reg,1.376933,1.3768294,0.00010361424255367346
femtorv_quark,registerFile[2][5],train,pico_femto,processor,input_to_reg,1.42653,1.4264563,7.366779327400153e-05
femtorv_quark,registerFile[2][6],train,pico_femto,processor,input_to_reg,1.3778,1.3778696,6.960601806649258e-05
femtorv_quark,registerFile[2][7],train,pico_femto,processor,input_to_reg,1.403063,1.4033166,0.0002536170120239767
femtorv_quark,registerFile[2][8],train,pico_femto,processor,input_to_reg,1.536933,1.536857,7.599106597910854e-05
femtorv_quark,registerFile[2][9],train,pico_femto,processor,reg_to_reg,1.507694,1.5075741,0.00011991857910165216
femtorv_quark,registerFile[30][0],train,pico_femto,processor,reg_to_reg,1.849344,1.849452,0.00010801873779286986
femtorv_quark,registerFile[30][10],train,pico_femto,processor,reg_to_reg,1.496339,1.4963504,1.1407600402746354e-05
femtorv_quark,registerFile[30][11],train,pico_femto,processor,reg_to_reg,1.476723,1.4767835,6.051402282714058e-05
femtorv_quark,registerFile[30][12],train,pico_femto,processor,reg_to_reg,1.509798,1.5098159,1.793132019045629e-05
femtorv_quark,registerFile[30][13],train,pico_femto,processor,reg_to_reg,1.503413,1.5039048,0.0004918194885252802
femtorv_quark,registerFile[30][14],train,pico_femto,processor,reg_to_reg,1.466964,1.466554,0.0004099543228148761
femtorv_quark,registerFile[30][15],train,pico_femto,processor,reg_to_reg,1.44495,1.4449344,1.5631866455034782e-05
femtorv_quark,registerFile[30][16],train,pico_femto,processor,reg_to_reg,1.540253,1.5403999,0.00014690901947012058
femtorv_quark,registerFile[30][17],train,pico_femto,processor,reg_to_reg,1.52959,1.5295845,5.472984313970031e-06
femtorv_quark,registerFile[30][18],train,pico_femto,processor,reg_to_reg,1.511813,1.5117942,1.879051971442891e-05
femtorv_quark,registerFile[30][19],train,pico_femto,processor,reg_to_reg,1.530663,1.5306084,5.4584396362411525e-05
femtorv_quark,registerFile[30][1],train,pico_femto,processor,input_to_reg,1.357228,1.3572241,3.8932113648471045e-06
femtorv_quark,registerFile[30][20],train,pico_femto,processor,reg_to_reg,1.633848,1.633873,2.4985839843782998e-05
femtorv_quark,registerFile[30][21],train,pico_femto,processor,reg_to_reg,1.639384,1.6393414,4.264562988276488e-05
femtorv_quark,registerFile[30][22],train,pico_femto,processor,reg_to_reg,1.62427,1.6243709,0.00010093257904042474
femtorv_quark,registerFile[30][23],train,pico_femto,processor,reg_to_reg,1.677998,1.6777654,0.00023263058471689746
femtorv_quark,registerFile[30][24],train,pico_femto,processor,reg_to_reg,1.767199,1.7672434,4.4385314941441933e-05
femtorv_quark,registerFile[30][25],train,pico_femto,processor,reg_to_reg,1.79664,1.7966357,4.253044128432748e-06
femtorv_quark,registerFile[30][26],train,pico_femto,processor,reg_to_reg,1.862697,1.8626153,8.16530914307112e-05
femtorv_quark,registerFile[30][27],train,pico_femto,processor,reg_to_reg,1.900504,1.9004931,1.0855010986299263e-05
femtorv_quark,registerFile[30][28],train,pico_femto,processor,reg_to_reg,1.888551,1.8886404,8.9403747558503e-05
femtorv_quark,registerFile[30][29],train,pico_femto,processor,reg_to_reg,1.962828,1.9628407,1.267630767820549e-05
femtorv_quark,registerFile[30][2],train,pico_femto,processor,input_to_reg,1.350088,1.3501593,7.128745269779913e-05
femtorv_quark,registerFile[30][30],train,pico_femto,processor,reg_to_reg,1.975838,1.9758896,5.156356048585664e-05
femtorv_quark,registerFile[30][31],train,pico_femto,processor,reg_to_reg,2.04089,2.0408285,6.15335845948195e-05
femtorv_quark,registerFile[30][3],train,pico_femto,processor,input_to_reg,1.37177,1.3717462,2.3817558288508067e-05
femtorv_quark,registerFile[30][4],train,pico_femto,processor,input_to_reg,1.376933,1.3768294,0.00010361424255367346
femtorv_quark,registerFile[30][5],train,pico_femto,processor,input_to_reg,1.42653,1.4264563,7.366779327400153e-05
femtorv_quark,registerFile[30][6],train,pico_femto,processor,input_to_reg,1.3778,1.3778696,6.960601806649258e-05
femtorv_quark,registerFile[30][7],train,pico_femto,processor,input_to_reg,1.403063,1.4033166,0.0002536170120239767
femtorv_quark,registerFile[30][8],train,pico_femto,processor,input_to_reg,1.536933,1.536857,7.599106597910854e-05
femtorv_quark,registerFile[30][9],train,pico_femto,processor,reg_to_reg,1.507694,1.5075741,0.00011991857910165216
femtorv_quark,registerFile[31][0],train,pico_femto,processor,reg_to_reg,1.849344,1.849452,0.00010801873779286986
femtorv_quark,registerFile[31][10],train,pico_femto,processor,reg_to_reg,1.496339,1.4963504,1.1407600402746354e-05
femtorv_quark,registerFile[31][11],train,pico_femto,processor,reg_to_reg,1.476723,1.4767835,6.051402282714058e-05
femtorv_quark,registerFile[31][12],train,pico_femto,processor,reg_to_reg,1.509798,1.5098159,1.793132019045629e-05
femtorv_quark,registerFile[31][13],train,pico_femto,processor,reg_to_reg,1.503413,1.5039048,0.0004918194885252802
femtorv_quark,registerFile[31][14],train,pico_femto,processor,reg_to_reg,1.466964,1.466554,0.0004099543228148761
femtorv_quark,registerFile[31][15],train,pico_femto,processor,reg_to_reg,1.44495,1.4449344,1.5631866455034782e-05
femtorv_quark,registerFile[31][16],train,pico_femto,processor,reg_to_reg,1.540253,1.5403999,0.00014690901947012058
femtorv_quark,registerFile[31][17],train,pico_femto,processor,reg_to_reg,1.52959,1.5295845,5.472984313970031e-06
femtorv_quark,registerFile[31][18],train,pico_femto,processor,reg_to_reg,1.511813,1.5117942,1.879051971442891e-05
femtorv_quark,registerFile[31][19],train,pico_femto,processor,reg_to_reg,1.530663,1.5306084,5.4584396362411525e-05
femtorv_quark,registerFile[31][1],train,pico_femto,processor,input_to_reg,1.357228,1.3572241,3.8932113648471045e-06
femtorv_quark,registerFile[31][20],train,pico_femto,processor,reg_to_reg,1.633848,1.633873,2.4985839843782998e-05
femtorv_quark,registerFile[31][21],train,pico_femto,processor,reg_to_reg,1.639384,1.6393414,4.264562988276488e-05
femtorv_quark,registerFile[31][22],train,pico_femto,processor,reg_to_reg,1.62427,1.6243709,0.00010093257904042474
femtorv_quark,registerFile[31][23],train,pico_femto,processor,reg_to_reg,1.677998,1.6777654,0.00023263058471689746
femtorv_quark,registerFile[31][24],train,pico_femto,processor,reg_to_reg,1.767199,1.7672434,4.4385314941441933e-05
femtorv_quark,registerFile[31][25],train,pico_femto,processor,reg_to_reg,1.79664,1.7966357,4.253044128432748e-06
femtorv_quark,registerFile[31][26],train,pico_femto,processor,reg_to_reg,1.862697,1.8626153,8.16530914307112e-05
femtorv_quark,registerFile[31][27],train,pico_femto,processor,reg_to_reg,1.900504,1.9004931,1.0855010986299263e-05
femtorv_quark,registerFile[31][28],train,pico_femto,processor,reg_to_reg,1.888551,1.8886404,8.9403747558503e-05
femtorv_quark,registerFile[31][29],train,pico_femto,processor,reg_to_reg,1.962828,1.9628407,1.267630767820549e-05
femtorv_quark,registerFile[31][2],train,pico_femto,processor,input_to_reg,1.350088,1.3501593,7.128745269779913e-05
femtorv_quark,registerFile[31][30],train,pico_femto,processor,reg_to_reg,1.975838,1.9758896,5.156356048585664e-05
femtorv_quark,registerFile[31][31],train,pico_femto,processor,reg_to_reg,2.04089,2.0408285,6.15335845948195e-05
femtorv_quark,registerFile[31][3],train,pico_femto,processor,input_to_reg,1.37177,1.3717462,2.3817558288508067e-05
femtorv_quark,registerFile[31][4],train,pico_femto,processor,input_to_reg,1.376933,1.3768294,0.00010361424255367346
femtorv_quark,registerFile[31][5],train,pico_femto,processor,input_to_reg,1.42653,1.4264563,7.366779327400153e-05
femtorv_quark,registerFile[31][6],train,pico_femto,processor,input_to_reg,1.3778,1.3778696,6.960601806649258e-05
femtorv_quark,registerFile[31][7],train,pico_femto,processor,input_to_reg,1.403063,1.4033166,0.0002536170120239767
femtorv_quark,registerFile[31][8],train,pico_femto,processor,input_to_reg,1.536933,1.536857,7.599106597910854e-05
femtorv_quark,registerFile[31][9],train,pico_femto,processor,reg_to_reg,1.507694,1.5075741,0.00011991857910165216
femtorv_quark,registerFile[3][0],train,pico_femto,processor,reg_to_reg,1.849344,1.849452,0.00010801873779286986
femtorv_quark,registerFile[3][10],train,pico_femto,processor,reg_to_reg,1.496339,1.4963504,1.1407600402746354e-05
femtorv_quark,registerFile[3][11],train,pico_femto,processor,reg_to_reg,1.476723,1.4767835,6.051402282714058e-05
femtorv_quark,registerFile[3][12],train,pico_femto,processor,reg_to_reg,1.509798,1.5098159,1.793132019045629e-05
femtorv_quark,registerFile[3][13],train,pico_femto,processor,reg_to_reg,1.503413,1.5039048,0.0004918194885252802
femtorv_quark,registerFile[3][14],train,pico_femto,processor,reg_to_reg,1.466964,1.466554,0.0004099543228148761
femtorv_quark,registerFile[3][15],train,pico_femto,processor,reg_to_reg,1.44495,1.4449344,1.5631866455034782e-05
femtorv_quark,registerFile[3][16],train,pico_femto,processor,reg_to_reg,1.540253,1.5403999,0.00014690901947012058
femtorv_quark,registerFile[3][17],train,pico_femto,processor,reg_to_reg,1.52959,1.5295845,5.472984313970031e-06
femtorv_quark,registerFile[3][18],train,pico_femto,processor,reg_to_reg,1.511813,1.5117942,1.879051971442891e-05
femtorv_quark,registerFile[3][19],train,pico_femto,processor,reg_to_reg,1.530663,1.5306084,5.4584396362411525e-05
femtorv_quark,registerFile[3][1],train,pico_femto,processor,input_to_reg,1.357228,1.3572241,3.8932113648471045e-06
femtorv_quark,registerFile[3][20],train,pico_femto,processor,reg_to_reg,1.633848,1.633873,2.4985839843782998e-05
femtorv_quark,registerFile[3][21],train,pico_femto,processor,reg_to_reg,1.639384,1.6393414,4.264562988276488e-05
femtorv_quark,registerFile[3][22],train,pico_femto,processor,reg_to_reg,1.62427,1.6243709,0.00010093257904042474
femtorv_quark,registerFile[3][23],train,pico_femto,processor,reg_to_reg,1.677998,1.6777654,0.00023263058471689746
femtorv_quark,registerFile[3][24],train,pico_femto,processor,reg_to_reg,1.767199,1.7672434,4.4385314941441933e-05
femtorv_quark,registerFile[3][25],train,pico_femto,processor,reg_to_reg,1.79664,1.7966357,4.253044128432748e-06
femtorv_quark,registerFile[3][26],train,pico_femto,processor,reg_to_reg,1.862697,1.8626153,8.16530914307112e-05
femtorv_quark,registerFile[3][27],train,pico_femto,processor,reg_to_reg,1.900504,1.9004931,1.0855010986299263e-05
femtorv_quark,registerFile[3][28],train,pico_femto,processor,reg_to_reg,1.888551,1.8886404,8.9403747558503e-05
femtorv_quark,registerFile[3][29],train,pico_femto,processor,reg_to_reg,1.962828,1.9628407,1.267630767820549e-05
femtorv_quark,registerFile[3][2],train,pico_femto,processor,input_to_reg,1.350088,1.3501593,7.128745269779913e-05
femtorv_quark,registerFile[3][30],train,pico_femto,processor,reg_to_reg,1.975838,1.9758896,5.156356048585664e-05
femtorv_quark,registerFile[3][31],train,pico_femto,processor,reg_to_reg,2.04089,2.0408285,6.15335845948195e-05
femtorv_quark,registerFile[3][3],train,pico_femto,processor,input_to_reg,1.37177,1.3717462,2.3817558288508067e-05
femtorv_quark,registerFile[3][4],train,pico_femto,processor,input_to_reg,1.376933,1.3768294,0.00010361424255367346
femtorv_quark,registerFile[3][5],train,pico_femto,processor,input_to_reg,1.42653,1.4264563,7.366779327400153e-05
femtorv_quark,registerFile[3][6],train,pico_femto,processor,input_to_reg,1.3778,1.3778696,6.960601806649258e-05
femtorv_quark,registerFile[3][7],train,pico_femto,processor,input_to_reg,1.403063,1.4033166,0.0002536170120239767
femtorv_quark,registerFile[3][8],train,pico_femto,processor,input_to_reg,1.536933,1.536857,7.599106597910854e-05
femtorv_quark,registerFile[3][9],train,pico_femto,processor,reg_to_reg,1.507694,1.5075741,0.00011991857910165216
femtorv_quark,registerFile[4][0],train,pico_femto,processor,reg_to_reg,1.849344,1.849452,0.00010801873779286986
femtorv_quark,registerFile[4][10],train,pico_femto,processor,reg_to_reg,1.496339,1.4963504,1.1407600402746354e-05
femtorv_quark,registerFile[4][11],train,pico_femto,processor,reg_to_reg,1.476723,1.4767835,6.051402282714058e-05
femtorv_quark,registerFile[4][12],train,pico_femto,processor,reg_to_reg,1.509798,1.5098159,1.793132019045629e-05
femtorv_quark,registerFile[4][13],train,pico_femto,processor,reg_to_reg,1.503413,1.5039048,0.0004918194885252802
femtorv_quark,registerFile[4][14],train,pico_femto,processor,reg_to_reg,1.466964,1.466554,0.0004099543228148761
femtorv_quark,registerFile[4][15],train,pico_femto,processor,reg_to_reg,1.44495,1.4449344,1.5631866455034782e-05
femtorv_quark,registerFile[4][16],train,pico_femto,processor,reg_to_reg,1.540253,1.5403999,0.00014690901947012058
femtorv_quark,registerFile[4][17],train,pico_femto,processor,reg_to_reg,1.52959,1.5295845,5.472984313970031e-06
femtorv_quark,registerFile[4][18],train,pico_femto,processor,reg_to_reg,1.511813,1.5117942,1.879051971442891e-05
femtorv_quark,registerFile[4][19],train,pico_femto,processor,reg_to_reg,1.530663,1.5306084,5.4584396362411525e-05
femtorv_quark,registerFile[4][1],train,pico_femto,processor,input_to_reg,1.357228,1.3572241,3.8932113648471045e-06
femtorv_quark,registerFile[4][20],train,pico_femto,processor,reg_to_reg,1.633848,1.633873,2.4985839843782998e-05
femtorv_quark,registerFile[4][21],train,pico_femto,processor,reg_to_reg,1.639384,1.6393414,4.264562988276488e-05
femtorv_quark,registerFile[4][22],train,pico_femto,processor,reg_to_reg,1.62427,1.6243709,0.00010093257904042474
femtorv_quark,registerFile[4][23],train,pico_femto,processor,reg_to_reg,1.677998,1.6777654,0.00023263058471689746
femtorv_quark,registerFile[4][24],train,pico_femto,processor,reg_to_reg,1.767199,1.7672434,4.4385314941441933e-05
femtorv_quark,registerFile[4][25],train,pico_femto,processor,reg_to_reg,1.79664,1.7966357,4.253044128432748e-06
femtorv_quark,registerFile[4][26],train,pico_femto,processor,reg_to_reg,1.862697,1.8626153,8.16530914307112e-05
femtorv_quark,registerFile[4][27],train,pico_femto,processor,reg_to_reg,1.900504,1.9004931,1.0855010986299263e-05
femtorv_quark,registerFile[4][28],train,pico_femto,processor,reg_to_reg,1.888551,1.8886404,8.9403747558503e-05
femtorv_quark,registerFile[4][29],train,pico_femto,processor,reg_to_reg,1.962828,1.9628407,1.267630767820549e-05
femtorv_quark,registerFile[4][2],train,pico_femto,processor,input_to_reg,1.350088,1.3501593,7.128745269779913e-05
femtorv_quark,registerFile[4][30],train,pico_femto,processor,reg_to_reg,1.975838,1.9758896,5.156356048585664e-05
femtorv_quark,registerFile[4][31],train,pico_femto,processor,reg_to_reg,2.04089,2.0408285,6.15335845948195e-05
femtorv_quark,registerFile[4][3],train,pico_femto,processor,input_to_reg,1.37177,1.3717462,2.3817558288508067e-05
femtorv_quark,registerFile[4][4],train,pico_femto,processor,input_to_reg,1.376933,1.3768294,0.00010361424255367346
femtorv_quark,registerFile[4][5],train,pico_femto,processor,input_to_reg,1.42653,1.4264563,7.366779327400153e-05
femtorv_quark,registerFile[4][6],train,pico_femto,processor,input_to_reg,1.3778,1.3778696,6.960601806649258e-05
femtorv_quark,registerFile[4][7],train,pico_femto,processor,input_to_reg,1.403063,1.4033166,0.0002536170120239767
femtorv_quark,registerFile[4][8],train,pico_femto,processor,input_to_reg,1.536933,1.536857,7.599106597910854e-05
femtorv_quark,registerFile[4][9],train,pico_femto,processor,reg_to_reg,1.507694,1.5075741,0.00011991857910165216
femtorv_quark,registerFile[5][0],train,pico_femto,processor,reg_to_reg,1.849344,1.849452,0.00010801873779286986
femtorv_quark,registerFile[5][10],train,pico_femto,processor,reg_to_reg,1.496339,1.4963504,1.1407600402746354e-05
femtorv_quark,registerFile[5][11],train,pico_femto,processor,reg_to_reg,1.476723,1.4767835,6.051402282714058e-05
femtorv_quark,registerFile[5][12],train,pico_femto,processor,reg_to_reg,1.509798,1.5098159,1.793132019045629e-05
femtorv_quark,registerFile[5][13],train,pico_femto,processor,reg_to_reg,1.503413,1.5039048,0.0004918194885252802
femtorv_quark,registerFile[5][14],train,pico_femto,processor,reg_to_reg,1.466964,1.466554,0.0004099543228148761
femtorv_quark,registerFile[5][15],train,pico_femto,processor,reg_to_reg,1.44495,1.4449344,1.5631866455034782e-05
femtorv_quark,registerFile[5][16],train,pico_femto,processor,reg_to_reg,1.540253,1.5403999,0.00014690901947012058
femtorv_quark,registerFile[5][17],train,pico_femto,processor,reg_to_reg,1.52959,1.5295845,5.472984313970031e-06
femtorv_quark,registerFile[5][18],train,pico_femto,processor,reg_to_reg,1.511813,1.5117942,1.879051971442891e-05
femtorv_quark,registerFile[5][19],train,pico_femto,processor,reg_to_reg,1.530663,1.5306084,5.4584396362411525e-05
femtorv_quark,registerFile[5][1],train,pico_femto,processor,input_to_reg,1.357228,1.3572241,3.8932113648471045e-06
femtorv_quark,registerFile[5][20],train,pico_femto,processor,reg_to_reg,1.633848,1.633873,2.4985839843782998e-05
femtorv_quark,registerFile[5][21],train,pico_femto,processor,reg_to_reg,1.639384,1.6393414,4.264562988276488e-05
femtorv_quark,registerFile[5][22],train,pico_femto,processor,reg_to_reg,1.62427,1.6243709,0.00010093257904042474
femtorv_quark,registerFile[5][23],train,pico_femto,processor,reg_to_reg,1.677998,1.6777654,0.00023263058471689746
femtorv_quark,registerFile[5][24],train,pico_femto,processor,reg_to_reg,1.767199,1.7672434,4.4385314941441933e-05
femtorv_quark,registerFile[5][25],train,pico_femto,processor,reg_to_reg,1.79664,1.7966357,4.253044128432748e-06
femtorv_quark,registerFile[5][26],train,pico_femto,processor,reg_to_reg,1.862697,1.8626153,8.16530914307112e-05
femtorv_quark,registerFile[5][27],train,pico_femto,processor,reg_to_reg,1.900504,1.9004931,1.0855010986299263e-05
femtorv_quark,registerFile[5][28],train,pico_femto,processor,reg_to_reg,1.888551,1.8886404,8.9403747558503e-05
femtorv_quark,registerFile[5][29],train,pico_femto,processor,reg_to_reg,1.962828,1.9628407,1.267630767820549e-05
femtorv_quark,registerFile[5][2],train,pico_femto,processor,input_to_reg,1.350088,1.3501593,7.128745269779913e-05
femtorv_quark,registerFile[5][30],train,pico_femto,processor,reg_to_reg,1.975838,1.9758896,5.156356048585664e-05
femtorv_quark,registerFile[5][31],train,pico_femto,processor,reg_to_reg,2.04089,2.0408285,6.15335845948195e-05
femtorv_quark,registerFile[5][3],train,pico_femto,processor,input_to_reg,1.37177,1.3717462,2.3817558288508067e-05
femtorv_quark,registerFile[5][4],train,pico_femto,processor,input_to_reg,1.376933,1.3768294,0.00010361424255367346
femtorv_quark,registerFile[5][5],train,pico_femto,processor,input_to_reg,1.42653,1.4264563,7.366779327400153e-05
femtorv_quark,registerFile[5][6],train,pico_femto,processor,input_to_reg,1.3778,1.3778696,6.960601806649258e-05
femtorv_quark,registerFile[5][7],train,pico_femto,processor,input_to_reg,1.403063,1.4033166,0.0002536170120239767
femtorv_quark,registerFile[5][8],train,pico_femto,processor,input_to_reg,1.536933,1.536857,7.599106597910854e-05
femtorv_quark,registerFile[5][9],train,pico_femto,processor,reg_to_reg,1.507694,1.5075741,0.00011991857910165216
femtorv_quark,registerFile[6][0],train,pico_femto,processor,reg_to_reg,1.849344,1.849452,0.00010801873779286986
femtorv_quark,registerFile[6][10],train,pico_femto,processor,reg_to_reg,1.496339,1.4963504,1.1407600402746354e-05
femtorv_quark,registerFile[6][11],train,pico_femto,processor,reg_to_reg,1.476723,1.4767835,6.051402282714058e-05
femtorv_quark,registerFile[6][12],train,pico_femto,processor,reg_to_reg,1.509798,1.5098159,1.793132019045629e-05
femtorv_quark,registerFile[6][13],train,pico_femto,processor,reg_to_reg,1.503413,1.5039048,0.0004918194885252802
femtorv_quark,registerFile[6][14],train,pico_femto,processor,reg_to_reg,1.466964,1.466554,0.0004099543228148761
femtorv_quark,registerFile[6][15],train,pico_femto,processor,reg_to_reg,1.44495,1.4449344,1.5631866455034782e-05
femtorv_quark,registerFile[6][16],train,pico_femto,processor,reg_to_reg,1.540253,1.5403999,0.00014690901947012058
femtorv_quark,registerFile[6][17],train,pico_femto,processor,reg_to_reg,1.52959,1.5295845,5.472984313970031e-06
femtorv_quark,registerFile[6][18],train,pico_femto,processor,reg_to_reg,1.511813,1.5117942,1.879051971442891e-05
femtorv_quark,registerFile[6][19],train,pico_femto,processor,reg_to_reg,1.530663,1.5306084,5.4584396362411525e-05
femtorv_quark,registerFile[6][1],train,pico_femto,processor,input_to_reg,1.357228,1.3572241,3.8932113648471045e-06
femtorv_quark,registerFile[6][20],train,pico_femto,processor,reg_to_reg,1.633848,1.633873,2.4985839843782998e-05
femtorv_quark,registerFile[6][21],train,pico_femto,processor,reg_to_reg,1.639384,1.6393414,4.264562988276488e-05
femtorv_quark,registerFile[6][22],train,pico_femto,processor,reg_to_reg,1.62427,1.6243709,0.00010093257904042474
femtorv_quark,registerFile[6][23],train,pico_femto,processor,reg_to_reg,1.677998,1.6777654,0.00023263058471689746
femtorv_quark,registerFile[6][24],train,pico_femto,processor,reg_to_reg,1.767199,1.7672434,4.4385314941441933e-05
femtorv_quark,registerFile[6][25],train,pico_femto,processor,reg_to_reg,1.79664,1.7966357,4.253044128432748e-06
femtorv_quark,registerFile[6][26],train,pico_femto,processor,reg_to_reg,1.862697,1.8626153,8.16530914307112e-05
femtorv_quark,registerFile[6][27],train,pico_femto,processor,reg_to_reg,1.900504,1.9004931,1.0855010986299263e-05
femtorv_quark,registerFile[6][28],train,pico_femto,processor,reg_to_reg,1.888551,1.8886404,8.9403747558503e-05
femtorv_quark,registerFile[6][29],train,pico_femto,processor,reg_to_reg,1.962828,1.9628407,1.267630767820549e-05
femtorv_quark,registerFile[6][2],train,pico_femto,processor,input_to_reg,1.350088,1.3501593,7.128745269779913e-05
femtorv_quark,registerFile[6][30],train,pico_femto,processor,reg_to_reg,1.975838,1.9758896,5.156356048585664e-05
femtorv_quark,registerFile[6][31],train,pico_femto,processor,reg_to_reg,2.04089,2.0408285,6.15335845948195e-05
femtorv_quark,registerFile[6][3],train,pico_femto,processor,input_to_reg,1.37177,1.3717462,2.3817558288508067e-05
femtorv_quark,registerFile[6][4],train,pico_femto,processor,input_to_reg,1.376933,1.3768294,0.00010361424255367346
femtorv_quark,registerFile[6][5],train,pico_femto,processor,input_to_reg,1.42653,1.4264563,7.366779327400153e-05
femtorv_quark,registerFile[6][6],train,pico_femto,processor,input_to_reg,1.3778,1.3778696,6.960601806649258e-05
femtorv_quark,registerFile[6][7],train,pico_femto,processor,input_to_reg,1.403063,1.4033166,0.0002536170120239767
femtorv_quark,registerFile[6][8],train,pico_femto,processor,input_to_reg,1.536933,1.536857,7.599106597910854e-05
femtorv_quark,registerFile[6][9],train,pico_femto,processor,reg_to_reg,1.507694,1.5075741,0.00011991857910165216
femtorv_quark,registerFile[7][0],train,pico_femto,processor,reg_to_reg,1.849344,1.849452,0.00010801873779286986
femtorv_quark,registerFile[7][10],train,pico_femto,processor,reg_to_reg,1.496339,1.4963504,1.1407600402746354e-05
femtorv_quark,registerFile[7][11],train,pico_femto,processor,reg_to_reg,1.476723,1.4767835,6.051402282714058e-05
femtorv_quark,registerFile[7][12],train,pico_femto,processor,reg_to_reg,1.509798,1.5098159,1.793132019045629e-05
femtorv_quark,registerFile[7][13],train,pico_femto,processor,reg_to_reg,1.503413,1.5039048,0.0004918194885252802
femtorv_quark,registerFile[7][14],train,pico_femto,processor,reg_to_reg,1.466964,1.466554,0.0004099543228148761
femtorv_quark,registerFile[7][15],train,pico_femto,processor,reg_to_reg,1.44495,1.4449344,1.5631866455034782e-05
femtorv_quark,registerFile[7][16],train,pico_femto,processor,reg_to_reg,1.540253,1.5403999,0.00014690901947012058
femtorv_quark,registerFile[7][17],train,pico_femto,processor,reg_to_reg,1.52959,1.5295845,5.472984313970031e-06
femtorv_quark,registerFile[7][18],train,pico_femto,processor,reg_to_reg,1.511813,1.5117942,1.879051971442891e-05
femtorv_quark,registerFile[7][19],train,pico_femto,processor,reg_to_reg,1.530663,1.5306084,5.4584396362411525e-05
femtorv_quark,registerFile[7][1],train,pico_femto,processor,input_to_reg,1.357228,1.3572241,3.8932113648471045e-06
femtorv_quark,registerFile[7][20],train,pico_femto,processor,reg_to_reg,1.633848,1.633873,2.4985839843782998e-05
femtorv_quark,registerFile[7][21],train,pico_femto,processor,reg_to_reg,1.639384,1.6393414,4.264562988276488e-05
femtorv_quark,registerFile[7][22],train,pico_femto,processor,reg_to_reg,1.62427,1.6243709,0.00010093257904042474
femtorv_quark,registerFile[7][23],train,pico_femto,processor,reg_to_reg,1.677998,1.6777654,0.00023263058471689746
femtorv_quark,registerFile[7][24],train,pico_femto,processor,reg_to_reg,1.767199,1.7672434,4.4385314941441933e-05
femtorv_quark,registerFile[7][25],train,pico_femto,processor,reg_to_reg,1.79664,1.7966357,4.253044128432748e-06
femtorv_quark,registerFile[7][26],train,pico_femto,processor,reg_to_reg,1.862697,1.8626153,8.16530914307112e-05
femtorv_quark,registerFile[7][27],train,pico_femto,processor,reg_to_reg,1.900504,1.9004931,1.0855010986299263e-05
femtorv_quark,registerFile[7][28],train,pico_femto,processor,reg_to_reg,1.888551,1.8886404,8.9403747558503e-05
femtorv_quark,registerFile[7][29],train,pico_femto,processor,reg_to_reg,1.962828,1.9628407,1.267630767820549e-05
femtorv_quark,registerFile[7][2],train,pico_femto,processor,input_to_reg,1.350088,1.3501593,7.128745269779913e-05
femtorv_quark,registerFile[7][30],train,pico_femto,processor,reg_to_reg,1.975838,1.9758896,5.156356048585664e-05
femtorv_quark,registerFile[7][31],train,pico_femto,processor,reg_to_reg,2.04089,2.0408285,6.15335845948195e-05
femtorv_quark,registerFile[7][3],train,pico_femto,processor,input_to_reg,1.37177,1.3717462,2.3817558288508067e-05
femtorv_quark,registerFile[7][4],train,pico_femto,processor,input_to_reg,1.376933,1.3768294,0.00010361424255367346
femtorv_quark,registerFile[7][5],train,pico_femto,processor,input_to_reg,1.42653,1.4264563,7.366779327400153e-05
femtorv_quark,registerFile[7][6],train,pico_femto,processor,input_to_reg,1.3778,1.3778696,6.960601806649258e-05
femtorv_quark,registerFile[7][7],train,pico_femto,processor,input_to_reg,1.403063,1.4033166,0.0002536170120239767
femtorv_quark,registerFile[7][8],train,pico_femto,processor,input_to_reg,1.536933,1.536857,7.599106597910854e-05
femtorv_quark,registerFile[7][9],train,pico_femto,processor,reg_to_reg,1.507694,1.5075741,0.00011991857910165216
femtorv_quark,registerFile[8][0],train,pico_femto,processor,reg_to_reg,1.849344,1.849452,0.00010801873779286986
femtorv_quark,registerFile[8][10],train,pico_femto,processor,reg_to_reg,1.496339,1.4963504,1.1407600402746354e-05
femtorv_quark,registerFile[8][11],train,pico_femto,processor,reg_to_reg,1.476723,1.4767835,6.051402282714058e-05
femtorv_quark,registerFile[8][12],train,pico_femto,processor,reg_to_reg,1.509798,1.5098159,1.793132019045629e-05
femtorv_quark,registerFile[8][13],train,pico_femto,processor,reg_to_reg,1.503413,1.5039048,0.0004918194885252802
femtorv_quark,registerFile[8][14],train,pico_femto,processor,reg_to_reg,1.466964,1.466554,0.0004099543228148761
femtorv_quark,registerFile[8][15],train,pico_femto,processor,reg_to_reg,1.44495,1.4449344,1.5631866455034782e-05
femtorv_quark,registerFile[8][16],train,pico_femto,processor,reg_to_reg,1.540253,1.5403999,0.00014690901947012058
femtorv_quark,registerFile[8][17],train,pico_femto,processor,reg_to_reg,1.52959,1.5295845,5.472984313970031e-06
femtorv_quark,registerFile[8][18],train,pico_femto,processor,reg_to_reg,1.511813,1.5117942,1.879051971442891e-05
femtorv_quark,registerFile[8][19],train,pico_femto,processor,reg_to_reg,1.530663,1.5306084,5.4584396362411525e-05
femtorv_quark,registerFile[8][1],train,pico_femto,processor,input_to_reg,1.357228,1.3572241,3.8932113648471045e-06
femtorv_quark,registerFile[8][20],train,pico_femto,processor,reg_to_reg,1.633848,1.633873,2.4985839843782998e-05
femtorv_quark,registerFile[8][21],train,pico_femto,processor,reg_to_reg,1.639384,1.6393414,4.264562988276488e-05
femtorv_quark,registerFile[8][22],train,pico_femto,processor,reg_to_reg,1.62427,1.6243709,0.00010093257904042474
femtorv_quark,registerFile[8][23],train,pico_femto,processor,reg_to_reg,1.677998,1.6777654,0.00023263058471689746
femtorv_quark,registerFile[8][24],train,pico_femto,processor,reg_to_reg,1.767199,1.7672434,4.4385314941441933e-05
femtorv_quark,registerFile[8][25],train,pico_femto,processor,reg_to_reg,1.79664,1.7966357,4.253044128432748e-06
femtorv_quark,registerFile[8][26],train,pico_femto,processor,reg_to_reg,1.862697,1.8626153,8.16530914307112e-05
femtorv_quark,registerFile[8][27],train,pico_femto,processor,reg_to_reg,1.900504,1.9004931,1.0855010986299263e-05
femtorv_quark,registerFile[8][28],train,pico_femto,processor,reg_to_reg,1.888551,1.8886404,8.9403747558503e-05
femtorv_quark,registerFile[8][29],train,pico_femto,processor,reg_to_reg,1.962828,1.9628407,1.267630767820549e-05
femtorv_quark,registerFile[8][2],train,pico_femto,processor,input_to_reg,1.350088,1.3501593,7.128745269779913e-05
femtorv_quark,registerFile[8][30],train,pico_femto,processor,reg_to_reg,1.975838,1.9758896,5.156356048585664e-05
femtorv_quark,registerFile[8][31],train,pico_femto,processor,reg_to_reg,2.04089,2.0408285,6.15335845948195e-05
femtorv_quark,registerFile[8][3],train,pico_femto,processor,input_to_reg,1.37177,1.3717462,2.3817558288508067e-05
femtorv_quark,registerFile[8][4],train,pico_femto,processor,input_to_reg,1.376933,1.3768294,0.00010361424255367346
femtorv_quark,registerFile[8][5],train,pico_femto,processor,input_to_reg,1.42653,1.4264563,7.366779327400153e-05
femtorv_quark,registerFile[8][6],train,pico_femto,processor,input_to_reg,1.3778,1.3778696,6.960601806649258e-05
femtorv_quark,registerFile[8][7],train,pico_femto,processor,input_to_reg,1.403063,1.4033166,0.0002536170120239767
femtorv_quark,registerFile[8][8],train,pico_femto,processor,input_to_reg,1.536933,1.536857,7.599106597910854e-05
femtorv_quark,registerFile[8][9],train,pico_femto,processor,reg_to_reg,1.507694,1.5075741,0.00011991857910165216
femtorv_quark,registerFile[9][0],train,pico_femto,processor,reg_to_reg,1.849344,1.849452,0.00010801873779286986
femtorv_quark,registerFile[9][10],train,pico_femto,processor,reg_to_reg,1.496339,1.4963504,1.1407600402746354e-05
femtorv_quark,registerFile[9][11],train,pico_femto,processor,reg_to_reg,1.476723,1.4767835,6.051402282714058e-05
femtorv_quark,registerFile[9][12],train,pico_femto,processor,reg_to_reg,1.509798,1.5098159,1.793132019045629e-05
femtorv_quark,registerFile[9][13],train,pico_femto,processor,reg_to_reg,1.503413,1.5039048,0.0004918194885252802
femtorv_quark,registerFile[9][14],train,pico_femto,processor,reg_to_reg,1.466964,1.466554,0.0004099543228148761
femtorv_quark,registerFile[9][15],train,pico_femto,processor,reg_to_reg,1.44495,1.4449344,1.5631866455034782e-05
femtorv_quark,registerFile[9][16],train,pico_femto,processor,reg_to_reg,1.540253,1.5403999,0.00014690901947012058
femtorv_quark,registerFile[9][17],train,pico_femto,processor,reg_to_reg,1.52959,1.5295845,5.472984313970031e-06
femtorv_quark,registerFile[9][18],train,pico_femto,processor,reg_to_reg,1.511813,1.5117942,1.879051971442891e-05
femtorv_quark,registerFile[9][19],train,pico_femto,processor,reg_to_reg,1.530663,1.5306084,5.4584396362411525e-05
femtorv_quark,registerFile[9][1],train,pico_femto,processor,input_to_reg,1.357228,1.3572241,3.8932113648471045e-06
femtorv_quark,registerFile[9][20],train,pico_femto,processor,reg_to_reg,1.633848,1.633873,2.4985839843782998e-05
femtorv_quark,registerFile[9][21],train,pico_femto,processor,reg_to_reg,1.639384,1.6393414,4.264562988276488e-05
femtorv_quark,registerFile[9][22],train,pico_femto,processor,reg_to_reg,1.62427,1.6243709,0.00010093257904042474
femtorv_quark,registerFile[9][23],train,pico_femto,processor,reg_to_reg,1.677998,1.6777654,0.00023263058471689746
femtorv_quark,registerFile[9][24],train,pico_femto,processor,reg_to_reg,1.767199,1.7672434,4.4385314941441933e-05
femtorv_quark,registerFile[9][25],train,pico_femto,processor,reg_to_reg,1.79664,1.7966357,4.253044128432748e-06
femtorv_quark,registerFile[9][26],train,pico_femto,processor,reg_to_reg,1.862697,1.8626153,8.16530914307112e-05
femtorv_quark,registerFile[9][27],train,pico_femto,processor,reg_to_reg,1.900504,1.9004931,1.0855010986299263e-05
femtorv_quark,registerFile[9][28],train,pico_femto,processor,reg_to_reg,1.888551,1.8886404,8.9403747558503e-05
femtorv_quark,registerFile[9][29],train,pico_femto,processor,reg_to_reg,1.962828,1.9628407,1.267630767820549e-05
femtorv_quark,registerFile[9][2],train,pico_femto,processor,input_to_reg,1.350088,1.3501593,7.128745269779913e-05
femtorv_quark,registerFile[9][30],train,pico_femto,processor,reg_to_reg,1.975838,1.9758896,5.156356048585664e-05
femtorv_quark,registerFile[9][31],train,pico_femto,processor,reg_to_reg,2.04089,2.0408285,6.15335845948195e-05
femtorv_quark,registerFile[9][3],train,pico_femto,processor,input_to_reg,1.37177,1.3717462,2.3817558288508067e-05
femtorv_quark,registerFile[9][4],train,pico_femto,processor,input_to_reg,1.376933,1.3768294,0.00010361424255367346
femtorv_quark,registerFile[9][5],train,pico_femto,processor,input_to_reg,1.42653,1.4264563,7.366779327400153e-05
femtorv_quark,registerFile[9][6],train,pico_femto,processor,input_to_reg,1.3778,1.3778696,6.960601806649258e-05
femtorv_quark,registerFile[9][7],train,pico_femto,processor,input_to_reg,1.403063,1.4033166,0.0002536170120239767
femtorv_quark,registerFile[9][8],train,pico_femto,processor,input_to_reg,1.536933,1.536857,7.599106597910854e-05
femtorv_quark,registerFile[9][9],train,pico_femto,processor,reg_to_reg,1.507694,1.5075741,0.00011991857910165216
femtorv_quark,rs1[0],train,pico_femto,processor,input_to_reg,1.959179,1.955609,0.003570036033630375
femtorv_quark,rs1[10],train,pico_femto,processor,input_to_reg,1.961251,1.9616556,0.00040461676025382864
femtorv_quark,rs1[11],train,pico_femto,processor,input_to_reg,2.003303,1.9903978,0.012905189064025713
femtorv_quark,rs1[12],train,pico_femto,processor,input_to_reg,1.961251,1.9313366,0.02991435868835457
femtorv_quark,rs1[13],train,pico_femto,processor,input_to_reg,1.961251,1.9638056,0.0025545562973021685
femtorv_quark,rs1[14],train,pico_femto,processor,input_to_reg,1.962186,1.9313366,0.030849358688354478
femtorv_quark,rs1[15],train,pico_femto,processor,input_to_reg,1.918844,1.9532897,0.034445747238159186
femtorv_quark,rs1[16],train,pico_femto,processor,input_to_reg,1.900707,1.9313366,0.030629641311645583
femtorv_quark,rs1[17],train,pico_femto,processor,input_to_reg,1.962372,1.9638056,0.0014335562973022409
femtorv_quark,rs1[18],train,pico_femto,processor,input_to_reg,1.961874,1.9633135,0.0014394603500367253
femtorv_quark,rs1[19],train,pico_femto,processor,input_to_reg,1.927189,1.9633135,0.03612446035003658
femtorv_quark,rs1[1],train,pico_femto,processor,input_to_reg,1.956066,1.955609,0.00045703603363045353
femtorv_quark,rs1[20],train,pico_femto,processor,input_to_reg,1.962186,1.9313366,0.030849358688354478
femtorv_quark,rs1[21],train,pico_femto,processor,input_to_reg,1.909157,1.9313366,0.022179641311645515
femtorv_quark,rs1[22],train,pico_femto,processor,input_to_reg,1.909157,1.9313366,0.022179641311645515
femtorv_quark,rs1[23],train,pico_femto,processor,input_to_reg,1.963533,1.9313366,0.032196358688354465
femtorv_quark,rs1[24],train,pico_femto,processor,input_to_reg,1.900707,1.9313366,0.030629641311645583
femtorv_quark,rs1[25],train,pico_femto,processor,input_to_reg,1.926013,1.9633135,0.037300460350036646
femtorv_quark,rs1[26],train,pico_femto,processor,input_to_reg,1.961068,1.9638056,0.0027375562973022127
femtorv_quark,rs1[27],train,pico_femto,processor,input_to_reg,2.005372,1.9633135,0.04205853964996331
femtorv_quark,rs1[28],train,pico_femto,processor,input_to_reg,1.961068,1.9616556,0.0005876167602538729
femtorv_quark,rs1[29],train,pico_femto,processor,input_to_reg,1.961068,1.9532897,0.007778252761840854
femtorv_quark,rs1[2],train,pico_femto,processor,input_to_reg,1.95469,1.955609,0.0009189639663695903
femtorv_quark,rs1[30],train,pico_femto,processor,input_to_reg,2.001288,1.9633135,0.03797453964996356
femtorv_quark,rs1[31],train,pico_femto,processor,input_to_reg,1.954503,1.955609,0.0011059639663695275
femtorv_quark,rs1[3],train,pico_femto,processor,input_to_reg,1.917927,1.9313366,0.01340964131164557
femtorv_quark,rs1[4],train,pico_femto,processor,input_to_reg,1.923517,1.9313366,0.007819641311645587
femtorv_quark,rs1[5],train,pico_femto,processor,input_to_reg,1.962171,1.9532897,0.00888125276184093
femtorv_quark,rs1[6],train,pico_femto,processor,input_to_reg,1.959179,1.9532897,0.005889252761840824
femtorv_quark,rs1[7],train,pico_femto,processor,input_to_reg,1.961251,1.9616556,0.00040461676025382864
femtorv_quark,rs1[8],train,pico_femto,processor,input_to_reg,1.961068,1.9532897,0.007778252761840854
femtorv_quark,rs1[9],train,pico_femto,processor,input_to_reg,1.958104,1.9633135,0.005209460350036554
femtorv_quark,rs2[0],train,pico_femto,processor,input_to_reg,1.919413,1.9086357,0.01077726448822025
femtorv_quark,rs2[10],train,pico_femto,processor,input_to_reg,2.012883,1.963264,0.04961901150512693
femtorv_quark,rs2[11],train,pico_femto,processor,input_to_reg,1.966421,1.965155,0.0012659945449828847
femtorv_quark,rs2[12],train,pico_femto,processor,input_to_reg,1.995649,1.965155,0.030493994544982916
femtorv_quark,rs2[13],train,pico_femto,processor,input_to_reg,1.959204,1.965155,0.005951005455017144
femtorv_quark,rs2[14],train,pico_femto,processor,input_to_reg,1.94798,1.963264,0.015283988494873002
femtorv_quark,rs2[15],train,pico_femto,processor,input_to_reg,1.912056,1.9086357,0.0034202644882201927
femtorv_quark,rs2[16],train,pico_femto,processor,input_to_reg,1.90793,1.9086357,0.0007057355117798814
femtorv_quark,rs2[17],train,pico_femto,processor,input_to_reg,1.94798,1.963264,0.015283988494873002
femtorv_quark,rs2[18],train,pico_femto,processor,input_to_reg,1.906998,1.963264,0.056265988494873076
femtorv_quark,rs2[19],train,pico_femto,processor,input_to_reg,1.949215,1.963264,0.014048988494873127
femtorv_quark,rs2[1],train,pico_femto,processor,input_to_reg,1.93487,1.9416505,0.006780509834289461
femtorv_quark,rs2[20],train,pico_femto,processor,input_to_reg,1.922866,1.9416505,0.018784509834289587
femtorv_quark,rs2[21],train,pico_femto,processor,input_to_reg,1.90793,1.9086357,0.0007057355117798814
femtorv_quark,rs2[22],train,pico_femto,processor,input_to_reg,1.90793,1.9086357,0.0007057355117798814
femtorv_quark,rs2[23],train,pico_femto,processor,input_to_reg,1.901127,1.9086357,0.007508735511779774
femtorv_quark,rs2[24],train,pico_femto,processor,input_to_reg,1.90793,1.9086357,0.0007057355117798814
femtorv_quark,rs2[25],train,pico_femto,processor,input_to_reg,1.920387,1.9416505,0.021263509834289485
femtorv_quark,rs2[26],train,pico_femto,processor,input_to_reg,1.965405,1.969756,0.004351007194518974
femtorv_quark,rs2[27],train,pico_femto,processor,input_to_reg,1.965405,1.9416505,0.023754490165710518
femtorv_quark,rs2[28],train,pico_femto,processor,input_to_reg,1.997332,1.9905416,0.006790422660827744
femtorv_quark,rs2[29],train,pico_femto,processor,input_to_reg,1.965232,1.969756,0.004524007194518953
femtorv_quark,rs2[2],train,pico_femto,processor,input_to_reg,1.949979,1.965155,0.015176005455017183
femtorv_quark,rs2[30],train,pico_femto,processor,input_to_reg,1.992579,1.9905416,0.002037422660827737
femtorv_quark,rs2[31],train,pico_femto,processor,input_to_reg,1.962585,1.9416505,0.020934490165710473
femtorv_quark,rs2[3],train,pico_femto,processor,input_to_reg,1.966358,1.965155,0.0012029945449829604
femtorv_quark,rs2[4],train,pico_femto,processor,input_to_reg,1.955171,1.965155,0.009984005455017098
femtorv_quark,rs2[5],train,pico_femto,processor,input_to_reg,1.967633,1.963264,0.0043690115051269185
femtorv_quark,rs2[6],train,pico_femto,processor,input_to_reg,1.966245,1.963264,0.0029810115051269737
femtorv_quark,rs2[7],train,pico_femto,processor,input_to_reg,1.956264,1.963264,0.006999988494873044
femtorv_quark,rs2[8],train,pico_femto,processor,input_to_reg,1.966245,1.965155,0.0010899945449829307
femtorv_quark,rs2[9],train,pico_femto,processor,input_to_reg,2.012883,1.963264,0.04961901150512693
femtorv_quark,state[0],train,pico_femto,processor,input_to_reg,1.178943,1.1850028,0.00605980380249016
femtorv_quark,state[1],train,pico_femto,processor,input_to_reg,1.059561,1.0695698,0.010008826126098658
femtorv_quark,state[2],train,pico_femto,processor,input_to_reg,1.508115,1.5160893,0.007974320182800199
femtorv_quark,state[3],train,pico_femto,processor,input_to_reg,1.123791,1.1196506,0.004140397659301742
fastfir8,FILTER[0].tapk.product[0],train,zipcpu_filters,arithmetic_dsp,input_to_reg,1.523882,1.5247014,0.000819356887817424
fastfir8,FILTER[0].tapk.product[10],train,zipcpu_filters,arithmetic_dsp,input_to_reg,1.744589,1.7436677,0.0009212782516478946
fastfir8,FILTER[0].tapk.product[11],train,zipcpu_filters,arithmetic_dsp,input_to_reg,1.783963,1.7833757,0.0005872599487304342
fastfir8,FILTER[0].tapk.product[12],train,zipcpu_filters,arithmetic_dsp,input_to_reg,1.819304,1.8198037,0.0004997147521972334
fastfir8,FILTER[0].tapk.product[13],train,zipcpu_filters,arithmetic_dsp,input_to_reg,1.85868,1.8576065,0.0010734698104859497
fastfir8,FILTER[0].tapk.product[14],train,zipcpu_filters,arithmetic_dsp,input_to_reg,1.894021,1.8913136,0.002707447143554642
fastfir8,FILTER[0].tapk.product[15],train,zipcpu_filters,arithmetic_dsp,input_to_reg,1.933397,1.932149,0.0012479473800659502
fastfir8,FILTER[0].tapk.product[16],train,zipcpu_filters,arithmetic_dsp,input_to_reg,1.966914,1.9660841,0.0008298773422241723
fastfir8,FILTER[0].tapk.product[17],train,zipcpu_filters,arithmetic_dsp,input_to_reg,2.0014,1.9989285,0.0024714530944822677
fastfir8,FILTER[0].tapk.product[18],train,zipcpu_filters,arithmetic_dsp,input_to_reg,2.058674,2.0565908,0.0020832044830321195
fastfir8,FILTER[0].tapk.product[19],train,zipcpu_filters,arithmetic_dsp,input_to_reg,2.072333,2.070925,0.0014080026702880666
fastfir8,FILTER[0].tapk.product[1],train,zipcpu_filters,arithmetic_dsp,input_to_reg,1.51592,1.1472957,0.3686242865753173
fastfir8,FILTER[0].tapk.product[20],train,zipcpu_filters,arithmetic_dsp,input_to_reg,2.10643,2.1052194,0.001210635833740259
fastfir8,FILTER[0].tapk.product[21],train,zipcpu_filters,arithmetic_dsp,input_to_reg,2.206768,2.2054515,0.001316511505126794
fastfir8,FILTER[0].tapk.product[22],train,zipcpu_filters,arithmetic_dsp,input_to_reg,2.206432,2.2061472,0.0002848060913085426
fastfir8,FILTER[0].tapk.product[23],train,zipcpu_filters,arithmetic_dsp,input_to_reg,2.229759,2.251607,0.021847941223144485
fastfir8,FILTER[0].tapk.product[2],train,zipcpu_filters,arithmetic_dsp,input_to_reg,1.205216,1.2144412,0.009225180229186947
fastfir8,FILTER[0].tapk.product[3],train,zipcpu_filters,arithmetic_dsp,input_to_reg,1.303137,1.2075375,0.09559946814727782
fastfir8,FILTER[0].tapk.product[4],train,zipcpu_filters,arithmetic_dsp,input_to_reg,1.353303,1.3782989,0.024995878669738847
fastfir8,FILTER[0].tapk.product[5],train,zipcpu_filters,arithmetic_dsp,input_to_reg,1.432433,1.2760417,0.1563912538604737
fastfir8,FILTER[0].tapk.product[6],train,zipcpu_filters,arithmetic_dsp,input_to_reg,1.563055,1.5627149,0.0003400656509400246
fastfir8,FILTER[0].tapk.product[7],train,zipcpu_filters,arithmetic_dsp,input_to_reg,1.659212,1.3758223,0.2833896943206786
fastfir8,FILTER[0].tapk.product[8],train,zipcpu_filters,arithmetic_dsp,input_to_reg,1.711809,1.7074355,0.004373511299133215
fastfir8,FILTER[0].tapk.product[9],train,zipcpu_filters,arithmetic_dsp,input_to_reg,1.709237,1.7101154,0.0008784327392579172
fastfir8,FILTER[1].tapk.product[0],train,zipcpu_filters,arithmetic_dsp,input_to_reg,1.523882,1.5247014,0.000819356887817424
fastfir8,FILTER[1].tapk.product[10],train,zipcpu_filters,arithmetic_dsp,input_to_reg,1.750077,1.7476823,0.002394667007446394
fastfir8,FILTER[1].tapk.product[11],train,zipcpu_filters,arithmetic_dsp,input_to_reg,1.786179,1.7839226,0.0022564469375609963
fastfir8,FILTER[1].tapk.product[12],train,zipcpu_filters,arithmetic_dsp,input_to_reg,1.821995,1.8196489,0.0023461381149292304
fastfir8,FILTER[1].tapk.product[13],train,zipcpu_filters,arithmetic_dsp,input_to_reg,1.860896,1.8578881,0.003007897468567
fastfir8,FILTER[1].tapk.product[14],train,zipcpu_filters,arithmetic_dsp,input_to_reg,1.896237,1.8933814,0.0028556428070067863
fastfir8,FILTER[1].tapk.product[15],train,zipcpu_filters,arithmetic_dsp,input_to_reg,1.935613,1.9329618,0.0026511784439087194
fastfir8,FILTER[1].tapk.product[16],train,zipcpu_filters,arithmetic_dsp,input_to_reg,1.969131,1.966364,0.0027669739303588514
fastfir8,FILTER[1].tapk.product[17],train,zipcpu_filters,arithmetic_dsp,input_to_reg,2.069154,2.0654938,0.0036601779022218395
fastfir8,FILTER[1].tapk.product[18],train,zipcpu_filters,arithmetic_dsp,input_to_reg,2.038614,2.0357687,0.002845252670288012
fastfir8,FILTER[1].tapk.product[19],train,zipcpu_filters,arithmetic_dsp,input_to_reg,2.078013,2.0747657,0.0032473177795409036
fastfir8,FILTER[1].tapk.product[1],train,zipcpu_filters,arithmetic_dsp,input_to_reg,1.126927,1.1472957,0.020368713424682605
fastfir8,FILTER[1].tapk.product[20],train,zipcpu_filters,arithmetic_dsp,input_to_reg,2.112111,2.1091053,0.003005651412963939
fastfir8,FILTER[1].tapk.product[21],train,zipcpu_filters,arithmetic_dsp,input_to_reg,2.211554,2.2084167,0.00313729963684084
fastfir8,FILTER[1].tapk.product[22],train,zipcpu_filters,arithmetic_dsp,input_to_reg,2.179064,2.1945393,0.015475308547973743
fastfir8,FILTER[1].tapk.product[23],train,zipcpu_filters,arithmetic_dsp,input_to_reg,2.224073,2.2510529,0.02697985644531231
fastfir8,FILTER[1].tapk.product[2],train,zipcpu_filters,arithmetic_dsp,input_to_reg,1.206873,1.2144412,0.007568180229186927
fastfir8,FILTER[1].tapk.product[3],train,zipcpu_filters,arithmetic_dsp,input_to_reg,1.314301,1.2075375,0.10676346814727777
fastfir8,FILTER[1].tapk.product[4],train,zipcpu_filters,arithmetic_dsp,input_to_reg,1.395404,1.3782989,0.01710512133026132
fastfir8,FILTER[1].tapk.product[5],train,zipcpu_filters,arithmetic_dsp,input_to_reg,1.51592,1.2760417,0.23987825386047357
fastfir8,FILTER[1].tapk.product[6],train,zipcpu_filters,arithmetic_dsp,input_to_reg,1.53503,1.5343963,0.000633709220886125
fastfir8,FILTER[1].tapk.product[7],train,zipcpu_filters,arithmetic_dsp,input_to_reg,1.633555,1.3758223,0.2577326943206788
fastfir8,FILTER[1].tapk.product[8],train,zipcpu_filters,arithmetic_dsp,input_to_reg,1.701266,1.7074355,0.006169488700866754
fastfir8,FILTER[1].tapk.product[9],train,zipcpu_filters,arithmetic_dsp,input_to_reg,1.714244,1.2076823,0.5065617480697633
fastfir8,FILTER[2].tapk.product[0],train,zipcpu_filters,arithmetic_dsp,input_to_reg,1.523882,1.5247014,0.000819356887817424
fastfir8,FILTER[2].tapk.product[10],train,zipcpu_filters,arithmetic_dsp,input_to_reg,1.76531,1.7658201,0.0005101456069946941
fastfir8,FILTER[2].tapk.product[11],train,zipcpu_filters,arithmetic_dsp,input_to_reg,1.804211,1.8026612,0.0015498195037841889
fastfir8,FILTER[2].tapk.product[12],train,zipcpu_filters,arithmetic_dsp,input_to_reg,1.840026,1.8393817,0.0006443052062987675
fastfir8,FILTER[2].tapk.product[13],train,zipcpu_filters,arithmetic_dsp,input_to_reg,1.876127,1.8771994,0.001072411392211814
fastfir8,FILTER[2].tapk.product[14],train,zipcpu_filters,arithmetic_dsp,input_to_reg,1.914743,1.9149004,0.0001574220962523576
fastfir8,FILTER[2].tapk.product[15],train,zipcpu_filters,arithmetic_dsp,input_to_reg,1.950084,1.9502631,0.00017914258575446596
fastfir8,FILTER[2].tapk.product[16],train,zipcpu_filters,arithmetic_dsp,input_to_reg,1.988325,1.9886613,0.0003362892150879926
fastfir8,FILTER[2].tapk.product[17],train,zipcpu_filters,arithmetic_dsp,input_to_reg,2.040588,2.0413725,0.0007845376129149706
fastfir8,FILTER[2].tapk.product[18],train,zipcpu_filters,arithmetic_dsp,input_to_reg,2.054212,2.0549593,0.0007472971801756323
fastfir8,FILTER[2].tapk.product[19],train,zipcpu_filters,arithmetic_dsp,input_to_reg,2.089553,2.090382,0.0008290991516113344
fastfir8,FILTER[2].tapk.product[1],train,zipcpu_filters,arithmetic_dsp,input_to_reg,1.120852,1.1472957,0.026443713424682658
fastfir8,FILTER[2].tapk.product[20],train,zipcpu_filters,arithmetic_dsp,input_to_reg,2.193922,2.1940074,8.539669799789706e-05
fastfir8,FILTER[2].tapk.product[21],train,zipcpu_filters,arithmetic_dsp,input_to_reg,2.1926,2.1925697,3.026733398447945e-05
fastfir8,FILTER[2].tapk.product[22],train,zipcpu_filters,arithmetic_dsp,input_to_reg,2.197119,2.197443,0.00032400842285174036
fastfir8,FILTER[2].tapk.product[23],train,zipcpu_filters,arithmetic_dsp,input_to_reg,2.235404,2.2355323,0.00012828378295903775
fastfir8,FILTER[2].tapk.product[2],train,zipcpu_filters,arithmetic_dsp,input_to_reg,1.207139,1.2144412,0.00730218022918705
fastfir8,FILTER[2].tapk.product[3],train,zipcpu_filters,arithmetic_dsp,input_to_reg,1.375032,1.2075375,0.16749446814727786
fastfir8,FILTER[2].tapk.product[4],train,zipcpu_filters,arithmetic_dsp,input_to_reg,1.405872,1.3782989,0.02757312133026124
fastfir8,FILTER[2].tapk.product[5],train,zipcpu_filters,arithmetic_dsp,input_to_reg,1.464165,1.2760417,0.18812325386047357
fastfir8,FILTER[2].tapk.product[6],train,zipcpu_filters,arithmetic_dsp,input_to_reg,1.662587,1.5512826,0.11130435572814945
fastfir8,FILTER[2].tapk.product[7],train,zipcpu_filters,arithmetic_dsp,input_to_reg,1.669064,1.3758223,0.2932416943206788
fastfir8,FILTER[2].tapk.product[8],train,zipcpu_filters,arithmetic_dsp,input_to_reg,1.699783,1.7074355,0.007652488700866655
fastfir8,FILTER[2].tapk.product[9],train,zipcpu_filters,arithmetic_dsp,input_to_reg,1.73271,1.7323701,0.0003398618316650115
fastfir8,FILTER[3].tapk.product[0],train,zipcpu_filters,arithmetic_dsp,input_to_reg,1.523882,1.5247014,0.000819356887817424
fastfir8,FILTER[3].tapk.product[10],train,zipcpu_filters,arithmetic_dsp,input_to_reg,1.734802,1.7366372,0.0018352346878052206
fastfir8,FILTER[3].tapk.product[11],train,zipcpu_filters,arithmetic_dsp,input_to_reg,1.774202,1.7748761,0.0006741177062987713
fastfir8,FILTER[3].tapk.product[12],train,zipcpu_filters,arithmetic_dsp,input_to_reg,1.809543,1.811032,0.0014890568084717781
fastfir8,FILTER[3].tapk.product[13],train,zipcpu_filters,arithmetic_dsp,input_to_reg,1.848918,1.8498446,0.00092657492828363
fastfir8,FILTER[3].tapk.product[14],train,zipcpu_filters,arithmetic_dsp,input_to_reg,1.884259,1.8848189,0.000559911552429293
fastfir8,FILTER[3].tapk.product[15],train,zipcpu_filters,arithmetic_dsp,input_to_reg,1.923635,1.9241755,0.0005405008697509928
fastfir8,FILTER[3].tapk.product[16],train,zipcpu_filters,arithmetic_dsp,input_to_reg,1.957153,1.9578656,0.0007125958175659974
fastfir8,FILTER[3].tapk.product[17],train,zipcpu_filters,arithmetic_dsp,input_to_reg,1.991638,1.9921681,0.0005300688858032032
fastfir8,FILTER[3].tapk.product[18],train,zipcpu_filters,arithmetic_dsp,input_to_reg,2.065493,2.063187,0.002306116073608422
fastfir8,FILTER[3].tapk.product[19],train,zipcpu_filters,arithmetic_dsp,input_to_reg,2.062615,2.0630636,0.0004486215209960065
fastfir8,FILTER[3].tapk.product[1],train,zipcpu_filters,arithmetic_dsp,input_to_reg,1.128932,1.1472957,0.01836371342468257
fastfir8,FILTER[3].tapk.product[20],train,zipcpu_filters,arithmetic_dsp,input_to_reg,2.096713,2.0973518,0.0006387894744874778
fastfir8,FILTER[3].tapk.product[21],train,zipcpu_filters,arithmetic_dsp,input_to_reg,2.196646,2.1970854,0.0004393805541993423
fastfir8,FILTER[3].tapk.product[22],train,zipcpu_filters,arithmetic_dsp,input_to_reg,2.199867,2.198563,0.0013039010925290917
fastfir8,FILTER[3].tapk.product[23],train,zipcpu_filters,arithmetic_dsp,input_to_reg,2.226372,2.2455816,0.019209626892089826
fastfir8,FILTER[3].tapk.product[2],train,zipcpu_filters,arithmetic_dsp,input_to_reg,1.225803,1.2144412,0.011361819770812964
fastfir8,FILTER[3].tapk.product[3],train,zipcpu_filters,arithmetic_dsp,input_to_reg,1.341128,1.2075375,0.13359046814727793
fastfir8,FILTER[3].tapk.product[4],train,zipcpu_filters,arithmetic_dsp,input_to_reg,1.377615,1.3782989,0.0006838786697387356
fastfir8,FILTER[3].tapk.product[5],train,zipcpu_filters,arithmetic_dsp,input_to_reg,1.475927,1.2760417,0.19988525386047362
fastfir8,FILTER[3].tapk.product[6],train,zipcpu_filters,arithmetic_dsp,input_to_reg,1.542248,1.5512826,0.009034644271850523
fastfir8,FILTER[3].tapk.product[7],train,zipcpu_filters,arithmetic_dsp,input_to_reg,1.644009,1.3758223,0.26818669432067876
fastfir8,FILTER[3].tapk.product[8],train,zipcpu_filters,arithmetic_dsp,input_to_reg,1.697393,1.7074355,0.01004248870086677
fastfir8,FILTER[3].tapk.product[9],train,zipcpu_filters,arithmetic_dsp,input_to_reg,1.769309,1.7356896,0.033619359954834005
fastfir8,FILTER[4].tapk.product[0],train,zipcpu_filters,arithmetic_dsp,input_to_reg,1.523882,1.5247014,0.000819356887817424
fastfir8,FILTER[4].tapk.product[10],train,zipcpu_filters,arithmetic_dsp,input_to_reg,1.734919,1.7366372,0.0017182346878050758
fastfir8,FILTER[4].tapk.product[11],train,zipcpu_filters,arithmetic_dsp,input_to_reg,1.774295,1.7748761,0.0005811177062988726
fastfir8,FILTER[4].tapk.product[12],train,zipcpu_filters,arithmetic_dsp,input_to_reg,1.809636,1.811032,0.0013960568084716574
fastfir8,FILTER[4].tapk.product[13],train,zipcpu_filters,arithmetic_dsp,input_to_reg,1.849012,1.8498446,0.0008325749282835915
fastfir8,FILTER[4].tapk.product[14],train,zipcpu_filters,arithmetic_dsp,input_to_reg,1.884353,1.8848189,0.00046591155242925453
fastfir8,FILTER[4].tapk.product[15],train,zipcpu_filters,arithmetic_dsp,input_to_reg,1.923729,1.9241755,0.00044650086975095427
fastfir8,FILTER[4].tapk.product[16],train,zipcpu_filters,arithmetic_dsp,input_to_reg,1.957246,1.9578656,0.0006195958175658767
fastfir8,FILTER[4].tapk.product[17],train,zipcpu_filters,arithmetic_dsp,input_to_reg,1.991732,1.9921681,0.0004360688858031647
fastfir8,FILTER[4].tapk.product[18],train,zipcpu_filters,arithmetic_dsp,input_to_reg,2.0656,2.063187,0.002413116073608279
fastfir8,FILTER[4].tapk.product[19],train,zipcpu_filters,arithmetic_dsp,input_to_reg,2.062709,2.0630636,0.00035462152099619004
fastfir8,FILTER[4].tapk.product[1],train,zipcpu_filters,arithmetic_dsp,input_to_reg,1.128932,1.1472957,0.01836371342468257
fastfir8,FILTER[4].tapk.product[20],train,zipcpu_filters,arithmetic_dsp,input_to_reg,2.096806,2.0973518,0.000545789474487357
fastfir8,FILTER[4].tapk.product[21],train,zipcpu_filters,arithmetic_dsp,input_to_reg,2.197144,2.1970854,5.861944580098921e-05
fastfir8,FILTER[4].tapk.product[22],train,zipcpu_filters,arithmetic_dsp,input_to_reg,2.196809,2.1979196,0.0011106071624755742
fastfir8,FILTER[4].tapk.product[23],train,zipcpu_filters,arithmetic_dsp,input_to_reg,2.264697,2.2455816,0.019115373107910116
fastfir8,FILTER[4].tapk.product[2],train,zipcpu_filters,arithmetic_dsp,input_to_reg,1.225803,1.2144412,0.011361819770812964
fastfir8,FILTER[4].tapk.product[3],train,zipcpu_filters,arithmetic_dsp,input_to_reg,1.341128,1.2075375,0.13359046814727793
fastfir8,FILTER[4].tapk.product[4],train,zipcpu_filters,arithmetic_dsp,input_to_reg,1.377615,1.3782989,0.0006838786697387356
fastfir8,FILTER[4].tapk.product[5],train,zipcpu_filters,arithmetic_dsp,input_to_reg,1.475927,1.2760417,0.19988525386047362
fastfir8,FILTER[4].tapk.product[6],train,zipcpu_filters,arithmetic_dsp,input_to_reg,1.516525,1.5512826,0.034757644271850685
fastfir8,FILTER[4].tapk.product[7],train,zipcpu_filters,arithmetic_dsp,input_to_reg,1.643869,1.3758223,0.26804669432067874
fastfir8,FILTER[4].tapk.product[8],train,zipcpu_filters,arithmetic_dsp,input_to_reg,1.748899,1.7074355,0.04146351129913328
fastfir8,FILTER[4].tapk.product[9],train,zipcpu_filters,arithmetic_dsp,input_to_reg,1.703187,1.7356896,0.03250264004516601
fastfir8,FILTER[5].tapk.product[0],train,zipcpu_filters,arithmetic_dsp,input_to_reg,1.523882,1.5247014,0.000819356887817424
fastfir8,FILTER[5].tapk.product[10],train,zipcpu_filters,arithmetic_dsp,input_to_reg,1.739653,1.7408422,0.0011892231674195397
fastfir8,FILTER[5].tapk.product[11],train,zipcpu_filters,arithmetic_dsp,input_to_reg,1.779028,1.7791812,0.00015324198913568843
fastfir8,FILTER[5].tapk.product[12],train,zipcpu_filters,arithmetic_dsp,input_to_reg,1.814368,1.8140585,0.0003094577484130667
fastfir8,FILTER[5].tapk.product[13],train,zipcpu_filters,arithmetic_dsp,input_to_reg,1.853744,1.8545623,0.000818282562255801
fastfir8,FILTER[5].tapk.product[14],train,zipcpu_filters,arithmetic_dsp,input_to_reg,1.889085,1.8913136,0.0022285528564454093
fastfir8,FILTER[5].tapk.product[15],train,zipcpu_filters,arithmetic_dsp,input_to_reg,1.928461,1.929113,0.0006520304336548044
fastfir8,FILTER[5].tapk.product[16],train,zipcpu_filters,arithmetic_dsp,input_to_reg,1.961979,1.9627914,0.0008124428710938325
fastfir8,FILTER[5].tapk.product[17],train,zipcpu_filters,arithmetic_dsp,input_to_reg,1.996464,1.9989285,0.0024645469055175617
fastfir8,FILTER[5].tapk.product[18],train,zipcpu_filters,arithmetic_dsp,input_to_reg,2.053738,2.0565908,0.00285279551696771
fastfir8,FILTER[5].tapk.product[19],train,zipcpu_filters,arithmetic_dsp,input_to_reg,2.067397,2.068545,0.001148103073119966
fastfir8,FILTER[5].tapk.product[1],train,zipcpu_filters,arithmetic_dsp,input_to_reg,1.51592,1.1472957,0.3686242865753173
fastfir8,FILTER[5].tapk.product[20],train,zipcpu_filters,arithmetic_dsp,input_to_reg,2.101494,2.102259,0.0007649206695554689
fastfir8,FILTER[5].tapk.product[21],train,zipcpu_filters,arithmetic_dsp,input_to_reg,2.137026,2.1390657,0.002039742492675689
fastfir8,FILTER[5].tapk.product[22],train,zipcpu_filters,arithmetic_dsp,input_to_reg,2.205912,2.2066886,0.0007766425018309597
fastfir8,FILTER[5].tapk.product[23],train,zipcpu_filters,arithmetic_dsp,input_to_reg,2.273814,2.251607,0.02220705877685525
fastfir8,FILTER[5].tapk.product[2],train,zipcpu_filters,arithmetic_dsp,input_to_reg,1.210442,1.2144412,0.003999180229186994
fastfir8,FILTER[5].tapk.product[3],train,zipcpu_filters,arithmetic_dsp,input_to_reg,1.301431,1.2075375,0.09389346814727784
fastfir8,FILTER[5].tapk.product[4],train,zipcpu_filters,arithmetic_dsp,input_to_reg,1.350513,1.3782989,0.027785878669738695
fastfir8,FILTER[5].tapk.product[5],train,zipcpu_filters,arithmetic_dsp,input_to_reg,1.429327,1.2760417,0.15328525386047365
fastfir8,FILTER[5].tapk.product[6],train,zipcpu_filters,arithmetic_dsp,input_to_reg,1.55996,1.5602584,0.0002983885192870961
fastfir8,FILTER[5].tapk.product[7],train,zipcpu_filters,arithmetic_dsp,input_to_reg,1.654277,1.3758223,0.2784546943206787
fastfir8,FILTER[5].tapk.product[8],train,zipcpu_filters,arithmetic_dsp,input_to_reg,1.706873,1.7074355,0.0005624887008666146
fastfir8,FILTER[5].tapk.product[9],train,zipcpu_filters,arithmetic_dsp,input_to_reg,1.704302,1.7037035,0.0005984773178100422
fastfir8,FILTER[6].tapk.product[0],train,zipcpu_filters,arithmetic_dsp,input_to_reg,1.523882,1.5247014,0.000819356887817424
fastfir8,FILTER[6].tapk.product[10],train,zipcpu_filters,arithmetic_dsp,input_to_reg,1.739653,1.7366372,0.003015765312194718
fastfir8,FILTER[6].tapk.product[11],train,zipcpu_filters,arithmetic_dsp,input_to_reg,1.779028,1.7785336,0.0004944220809937061
fastfir8,FILTER[6].tapk.product[12],train,zipcpu_filters,arithmetic_dsp,input_to_reg,1.814368,1.811032,0.003335943191528301
fastfir8,FILTER[6].tapk.product[13],train,zipcpu_filters,arithmetic_dsp,input_to_reg,1.853744,1.8533865,0.0003574786605835545
fastfir8,FILTER[6].tapk.product[14],train,zipcpu_filters,arithmetic_dsp,input_to_reg,1.889085,1.8887773,0.00030774398803701253
fastfir8,FILTER[6].tapk.product[15],train,zipcpu_filters,arithmetic_dsp,input_to_reg,1.928461,1.9278717,0.0005892958984374808
fastfir8,FILTER[6].tapk.product[16],train,zipcpu_filters,arithmetic_dsp,input_to_reg,1.961979,1.961501,0.0004779976882933745
fastfir8,FILTER[6].tapk.product[17],train,zipcpu_filters,arithmetic_dsp,input_to_reg,1.996464,1.9955007,0.0009633162155151531
fastfir8,FILTER[6].tapk.product[18],train,zipcpu_filters,arithmetic_dsp,input_to_reg,2.058057,2.063187,0.005129883926391798
fastfir8,FILTER[6].tapk.product[19],train,zipcpu_filters,arithmetic_dsp,input_to_reg,2.067441,2.0671418,0.0002992286834717639
fastfir8,FILTER[6].tapk.product[1],train,zipcpu_filters,arithmetic_dsp,input_to_reg,1.128932,1.1472957,0.01836371342468257
fastfir8,FILTER[6].tapk.product[20],train,zipcpu_filters,arithmetic_dsp,input_to_reg,2.101539,2.1006026,0.0009363731994627145
fastfir8,FILTER[6].tapk.product[21],train,zipcpu_filters,arithmetic_dsp,input_to_reg,2.201877,2.2003298,0.001547219421386803
fastfir8,FILTER[6].tapk.product[22],train,zipcpu_filters,arithmetic_dsp,input_to_reg,2.201541,2.201153,0.00038796006774921565
fastfir8,FILTER[6].tapk.product[23],train,zipcpu_filters,arithmetic_dsp,input_to_reg,2.224868,2.225247,0.00037890628051773234
fastfir8,FILTER[6].tapk.product[2],train,zipcpu_filters,arithmetic_dsp,input_to_reg,1.225803,1.2144412,0.011361819770812964
fastfir8,FILTER[6].tapk.product[3],train,zipcpu_filters,arithmetic_dsp,input_to_reg,1.341128,1.2075375,0.13359046814727793
fastfir8,FILTER[6].tapk.product[4],train,zipcpu_filters,arithmetic_dsp,input_to_reg,1.377615,1.3782989,0.0006838786697387356
fastfir8,FILTER[6].tapk.product[5],train,zipcpu_filters,arithmetic_dsp,input_to_reg,1.483513,1.2760417,0.20747125386047371
fastfir8,FILTER[6].tapk.product[6],train,zipcpu_filters,arithmetic_dsp,input_to_reg,1.538422,1.5512826,0.01286064427185063
fastfir8,FILTER[6].tapk.product[7],train,zipcpu_filters,arithmetic_dsp,input_to_reg,1.644797,1.3758223,0.2689746943206788
fastfir8,FILTER[6].tapk.product[8],train,zipcpu_filters,arithmetic_dsp,input_to_reg,1.69507,1.7074355,0.012365488700866623
fastfir8,FILTER[6].tapk.product[9],train,zipcpu_filters,arithmetic_dsp,input_to_reg,1.704302,1.7045763,0.0002742538909912273
fastfir8,FILTER[7].tapk.product[0],train,zipcpu_filters,arithmetic_dsp,input_to_reg,1.523882,1.5247014,0.000819356887817424
fastfir8,FILTER[7].tapk.product[10],train,zipcpu_filters,arithmetic_dsp,input_to_reg,1.74493,1.7476823,0.002752332992553619
fastfir8,FILTER[7].tapk.product[11],train,zipcpu_filters,arithmetic_dsp,input_to_reg,1.781032,1.7839226,0.0028905530624390163
fastfir8,FILTER[7].tapk.product[12],train,zipcpu_filters,arithmetic_dsp,input_to_reg,1.816847,1.8196489,0.0028018618850707
fastfir8,FILTER[7].tapk.product[13],train,zipcpu_filters,arithmetic_dsp,input_to_reg,1.855749,1.8578881,0.0021391025314330125
fastfir8,FILTER[7].tapk.product[14],train,zipcpu_filters,arithmetic_dsp,input_to_reg,1.89109,1.8933814,0.0022913571929932264
fastfir8,FILTER[7].tapk.product[15],train,zipcpu_filters,arithmetic_dsp,input_to_reg,1.930465,1.9329618,0.002496821556091211
fastfir8,FILTER[7].tapk.product[16],train,zipcpu_filters,arithmetic_dsp,input_to_reg,1.963983,1.966364,0.002381026069641079
fastfir8,FILTER[7].tapk.product[17],train,zipcpu_filters,arithmetic_dsp,input_to_reg,2.064006,2.0654938,0.001487822097778313
fastfir8,FILTER[7].tapk.product[18],train,zipcpu_filters,arithmetic_dsp,input_to_reg,2.033467,2.0357687,0.0023017473297120006
fastfir8,FILTER[7].tapk.product[19],train,zipcpu_filters,arithmetic_dsp,input_to_reg,2.072866,2.0747657,0.001899682220459109
fastfir8,FILTER[7].tapk.product[1],train,zipcpu_filters,arithmetic_dsp,input_to_reg,1.096202,1.1472957,0.05109371342468272
fastfir8,FILTER[7].tapk.product[20],train,zipcpu_filters,arithmetic_dsp,input_to_reg,2.106963,2.1091053,0.0021423485870362136
fastfir8,FILTER[7].tapk.product[21],train,zipcpu_filters,arithmetic_dsp,input_to_reg,2.206897,2.2084167,0.001519700363159071
fastfir8,FILTER[7].tapk.product[22],train,zipcpu_filters,arithmetic_dsp,input_to_reg,2.210118,2.1945393,0.015578691452026394
fastfir8,FILTER[7].tapk.product[23],train,zipcpu_filters,arithmetic_dsp,input_to_reg,2.278017,2.2510529,0.02696414355468768
fastfir8,FILTER[7].tapk.product[2],train,zipcpu_filters,arithmetic_dsp,input_to_reg,1.208889,1.2144412,0.005552180229186909
fastfir8,FILTER[7].tapk.product[3],train,zipcpu_filters,arithmetic_dsp,input_to_reg,1.347094,1.2075375,0.13955646814727785
fastfir8,FILTER[7].tapk.product[4],train,zipcpu_filters,arithmetic_dsp,input_to_reg,1.390733,1.3782989,0.012434121330261227
fastfir8,FILTER[7].tapk.product[5],train,zipcpu_filters,arithmetic_dsp,input_to_reg,1.41333,1.2760417,0.1372882538604736
fastfir8,FILTER[7].tapk.product[6],train,zipcpu_filters,arithmetic_dsp,input_to_reg,1.497783,1.5512826,0.0534996442718505
fastfir8,FILTER[7].tapk.product[7],train,zipcpu_filters,arithmetic_dsp,input_to_reg,1.642503,1.3758223,0.26668069432067876
fastfir8,FILTER[7].tapk.product[8],train,zipcpu_filters,arithmetic_dsp,input_to_reg,1.696119,1.7074355,0.011316488700866767
fastfir8,FILTER[7].tapk.product[9],train,zipcpu_filters,arithmetic_dsp,input_to_reg,1.709096,1.2076823,0.5014137480697631
fastfir8,o_result[0],train,zipcpu_filters,arithmetic_dsp,input_to_reg,1.063915,1.1472957,0.08338071342468267
fastfir8,o_result[10],train,zipcpu_filters,arithmetic_dsp,input_to_reg,1.063915,1.063964,4.900928497320045e-05
fastfir8,o_result[11],train,zipcpu_filters,arithmetic_dsp,input_to_reg,1.063915,1.0637869,0.0001281357192992605
fastfir8,o_result[12],train,zipcpu_filters,arithmetic_dsp,input_to_reg,1.063915,1.0640966,0.0001815700149536692
fastfir8,o_result[13],train,zipcpu_filters,arithmetic_dsp,input_to_reg,1.063915,1.0640136,9.860034942632545e-05
fastfir8,o_result[14],train,zipcpu_filters,arithmetic_dsp,input_to_reg,1.063915,1.0637553,0.00015972618103021752
fastfir8,o_result[15],train,zipcpu_filters,arithmetic_dsp,input_to_reg,1.063915,1.0640554,0.00014044281005864967
fastfir8,o_result[16],train,zipcpu_filters,arithmetic_dsp,input_to_reg,1.063915,1.0638949,2.0132102966252674e-05
fastfir8,o_result[17],train,zipcpu_filters,arithmetic_dsp,input_to_reg,1.063915,1.0638882,2.6807823181096424e-05
fastfir8,o_result[18],train,zipcpu_filters,arithmetic_dsp,input_to_reg,1.063915,1.0638882,2.6807823181096424e-05
fastfir8,o_result[19],train,zipcpu_filters,arithmetic_dsp,input_to_reg,1.063915,1.0638882,2.6807823181096424e-05
fastfir8,o_result[1],train,zipcpu_filters,arithmetic_dsp,input_to_reg,1.063915,1.2075375,0.14362253185272222
fastfir8,o_result[20],train,zipcpu_filters,arithmetic_dsp,input_to_reg,1.063915,1.0638938,2.1204986572209705e-05
fastfir8,o_result[21],train,zipcpu_filters,arithmetic_dsp,reg_to_reg,1.063915,1.0637457,0.00016926292419428002
fastfir8,o_result[22],train,zipcpu_filters,arithmetic_dsp,reg_to_reg,1.063915,1.064218,0.0003030442810059153
fastfir8,o_result[23],train,zipcpu_filters,arithmetic_dsp,reg_to_reg,1.063915,1.0637591,0.00015591148376459252
fastfir8,o_result[24],train,zipcpu_filters,arithmetic_dsp,reg_to_reg,1.063915,1.0638534,6.161693572992455e-05
fastfir8,o_result[25],train,zipcpu_filters,arithmetic_dsp,reg_to_reg,1.063915,1.0636101,0.0003049230957030691
fastfir8,o_result[26],train,zipcpu_filters,arithmetic_dsp,reg_to_reg,1.063915,1.0644327,0.0005177402114868723
fastfir8,o_result[27],train,zipcpu_filters,arithmetic_dsp,reg_to_reg,1.118934,1.1185207,0.0004132633056641577
fastfir8,o_result[2],train,zipcpu_filters,arithmetic_dsp,input_to_reg,1.063915,1.2760417,0.21212674613952642
fastfir8,o_result[3],train,zipcpu_filters,arithmetic_dsp,input_to_reg,1.063915,1.3758223,0.31190730567932134
fastfir8,o_result[4],train,zipcpu_filters,arithmetic_dsp,input_to_reg,1.063915,1.2076823,0.14376725193023687
fastfir8,o_result[5],train,zipcpu_filters,arithmetic_dsp,input_to_reg,1.063915,1.0640268,0.00011183258056646217
fastfir8,o_result[6],train,zipcpu_filters,arithmetic_dsp,input_to_reg,1.547977,1.202309,0.34566798758697503
fastfir8,o_result[7],train,zipcpu_filters,arithmetic_dsp,input_to_reg,1.063915,1.0644977,0.0005827092742920481
fastfir8,o_result[8],train,zipcpu_filters,arithmetic_dsp,input_to_reg,1.063915,1.0634601,0.0004548883819579519
fastfir8,o_result[9],train,zipcpu_filters,arithmetic_dsp,input_to_reg,1.063915,1.0637993,0.00011573795318597924
fastfir8,result[1][0],train,zipcpu_filters,arithmetic_dsp,input_to_reg,1.547977,1.528035,0.019941955329894956
fastfir8,result[1][10],train,zipcpu_filters,arithmetic_dsp,input_to_reg,1.547977,1.528035,0.019941955329894956
fastfir8,result[1][11],train,zipcpu_filters,arithmetic_dsp,input_to_reg,1.547977,1.528035,0.019941955329894956
fastfir8,result[1][12],train,zipcpu_filters,arithmetic_dsp,input_to_reg,1.547977,1.528035,0.019941955329894956
fastfir8,result[1][13],train,zipcpu_filters,arithmetic_dsp,input_to_reg,1.547977,1.528035,0.019941955329894956
fastfir8,result[1][14],train,zipcpu_filters,arithmetic_dsp,input_to_reg,1.547977,1.528035,0.019941955329894956
fastfir8,result[1][15],train,zipcpu_filters,arithmetic_dsp,input_to_reg,1.547977,1.528035,0.019941955329894956
fastfir8,result[1][16],train,zipcpu_filters,arithmetic_dsp,input_to_reg,1.547977,1.528035,0.019941955329894956
fastfir8,result[1][17],train,zipcpu_filters,arithmetic_dsp,input_to_reg,1.547977,1.528035,0.019941955329894956
fastfir8,result[1][18],train,zipcpu_filters,arithmetic_dsp,input_to_reg,1.547977,1.528035,0.019941955329894956
fastfir8,result[1][19],train,zipcpu_filters,arithmetic_dsp,input_to_reg,1.547977,1.528035,0.019941955329894956
fastfir8,result[1][1],train,zipcpu_filters,arithmetic_dsp,input_to_reg,1.547977,1.528035,0.019941955329894956
fastfir8,result[1][20],train,zipcpu_filters,arithmetic_dsp,input_to_reg,1.547977,1.528035,0.019941955329894956
fastfir8,result[1][21],train,zipcpu_filters,arithmetic_dsp,input_to_reg,1.547977,1.528035,0.019941955329894956
fastfir8,result[1][22],train,zipcpu_filters,arithmetic_dsp,input_to_reg,1.547977,1.528035,0.019941955329894956
fastfir8,result[1][23],train,zipcpu_filters,arithmetic_dsp,input_to_reg,1.069889,1.528035,0.4581460446701049
fastfir8,result[1][2],train,zipcpu_filters,arithmetic_dsp,input_to_reg,1.547977,1.528035,0.019941955329894956
fastfir8,result[1][3],train,zipcpu_filters,arithmetic_dsp,input_to_reg,1.547977,1.528035,0.019941955329894956
fastfir8,result[1][4],train,zipcpu_filters,arithmetic_dsp,input_to_reg,1.547977,1.528035,0.019941955329894956
fastfir8,result[1][5],train,zipcpu_filters,arithmetic_dsp,input_to_reg,1.547977,1.528035,0.019941955329894956
fastfir8,result[1][6],train,zipcpu_filters,arithmetic_dsp,input_to_reg,1.547977,1.528035,0.019941955329894956
fastfir8,result[1][7],train,zipcpu_filters,arithmetic_dsp,input_to_reg,1.547977,1.528035,0.019941955329894956
fastfir8,result[1][8],train,zipcpu_filters,arithmetic_dsp,input_to_reg,1.547977,1.528035,0.019941955329894956
fastfir8,result[1][9],train,zipcpu_filters,arithmetic_dsp,input_to_reg,1.547977,1.528035,0.019941955329894956
fastfir8,result[2][0],train,zipcpu_filters,arithmetic_dsp,input_to_reg,1.063915,1.1472957,0.08338071342468267
fastfir8,result[2][10],train,zipcpu_filters,arithmetic_dsp,input_to_reg,1.063915,1.063964,4.900928497320045e-05
fastfir8,result[2][11],train,zipcpu_filters,arithmetic_dsp,input_to_reg,1.063915,1.0637869,0.0001281357192992605
fastfir8,result[2][12],train,zipcpu_filters,arithmetic_dsp,input_to_reg,1.063915,1.0640966,0.0001815700149536692
fastfir8,result[2][13],train,zipcpu_filters,arithmetic_dsp,input_to_reg,1.063915,1.0640136,9.860034942632545e-05
fastfir8,result[2][14],train,zipcpu_filters,arithmetic_dsp,input_to_reg,1.063915,1.0637553,0.00015972618103021752
fastfir8,result[2][15],train,zipcpu_filters,arithmetic_dsp,input_to_reg,1.063915,1.0640554,0.00014044281005864967
fastfir8,result[2][16],train,zipcpu_filters,arithmetic_dsp,input_to_reg,1.063915,1.0638949,2.0132102966252674e-05
fastfir8,result[2][17],train,zipcpu_filters,arithmetic_dsp,input_to_reg,1.063915,1.0638882,2.6807823181096424e-05
fastfir8,result[2][18],train,zipcpu_filters,arithmetic_dsp,input_to_reg,1.063915,1.0638882,2.6807823181096424e-05
fastfir8,result[2][19],train,zipcpu_filters,arithmetic_dsp,input_to_reg,1.063915,1.0638882,2.6807823181096424e-05
fastfir8,result[2][1],train,zipcpu_filters,arithmetic_dsp,input_to_reg,1.063915,1.2075375,0.14362253185272222
fastfir8,result[2][20],train,zipcpu_filters,arithmetic_dsp,input_to_reg,1.063915,1.0638938,2.1204986572209705e-05
fastfir8,result[2][21],train,zipcpu_filters,arithmetic_dsp,reg_to_reg,1.063915,1.063875,4.004005432123314e-05
fastfir8,result[2][22],train,zipcpu_filters,arithmetic_dsp,reg_to_reg,1.063915,1.0669444,0.0030293607330322825
fastfir8,result[2][23],train,zipcpu_filters,arithmetic_dsp,reg_to_reg,1.081574,1.0824457,0.000871740699768031
fastfir8,result[2][24],train,zipcpu_filters,arithmetic_dsp,reg_to_reg,1.081574,1.0805688,0.0010052095642090197
fastfir8,result[2][2],train,zipcpu_filters,arithmetic_dsp,input_to_reg,1.063915,1.2760417,0.21212674613952642
fastfir8,result[2][3],train,zipcpu_filters,arithmetic_dsp,input_to_reg,1.063915,1.3758223,0.31190730567932134
fastfir8,result[2][4],train,zipcpu_filters,arithmetic_dsp,input_to_reg,1.063915,1.2076823,0.14376725193023687
fastfir8,result[2][5],train,zipcpu_filters,arithmetic_dsp,input_to_reg,1.063915,1.0640268,0.00011183258056646217
fastfir8,result[2][6],train,zipcpu_filters,arithmetic_dsp,input_to_reg,1.063915,1.202309,0.13839401241302496
fastfir8,result[2][7],train,zipcpu_filters,arithmetic_dsp,input_to_reg,1.063915,1.0644977,0.0005827092742920481
fastfir8,result[2][8],train,zipcpu_filters,arithmetic_dsp,input_to_reg,1.063915,1.0634601,0.0004548883819579519
fastfir8,result[2][9],train,zipcpu_filters,arithmetic_dsp,input_to_reg,1.063915,1.0637993,0.00011573795318597924
fastfir8,result[3][0],train,zipcpu_filters,arithmetic_dsp,input_to_reg,1.063915,1.1472957,0.08338071342468267
fastfir8,result[3][10],train,zipcpu_filters,arithmetic_dsp,input_to_reg,1.063915,1.063964,4.900928497320045e-05
fastfir8,result[3][11],train,zipcpu_filters,arithmetic_dsp,input_to_reg,1.063915,1.0637869,0.0001281357192992605
fastfir8,result[3][12],train,zipcpu_filters,arithmetic_dsp,input_to_reg,1.063915,1.0640966,0.0001815700149536692
fastfir8,result[3][13],train,zipcpu_filters,arithmetic_dsp,input_to_reg,1.063915,1.0640136,9.860034942632545e-05
fastfir8,result[3][14],train,zipcpu_filters,arithmetic_dsp,input_to_reg,1.063915,1.0637553,0.00015972618103021752
fastfir8,result[3][15],train,zipcpu_filters,arithmetic_dsp,input_to_reg,1.063915,1.0640554,0.00014044281005864967
fastfir8,result[3][16],train,zipcpu_filters,arithmetic_dsp,input_to_reg,1.063915,1.0638949,2.0132102966252674e-05
fastfir8,result[3][17],train,zipcpu_filters,arithmetic_dsp,input_to_reg,1.063915,1.0638882,2.6807823181096424e-05
fastfir8,result[3][18],train,zipcpu_filters,arithmetic_dsp,input_to_reg,1.063915,1.0638882,2.6807823181096424e-05
fastfir8,result[3][19],train,zipcpu_filters,arithmetic_dsp,input_to_reg,1.063915,1.0638882,2.6807823181096424e-05
fastfir8,result[3][1],train,zipcpu_filters,arithmetic_dsp,input_to_reg,1.063915,1.2075375,0.14362253185272222
fastfir8,result[3][20],train,zipcpu_filters,arithmetic_dsp,input_to_reg,1.063915,1.0638938,2.1204986572209705e-05
fastfir8,result[3][21],train,zipcpu_filters,arithmetic_dsp,reg_to_reg,1.063915,1.0640278,0.00011278625488286842
fastfir8,result[3][22],train,zipcpu_filters,arithmetic_dsp,reg_to_reg,1.063915,1.1850972,0.12118221755981451
fastfir8,result[3][23],train,zipcpu_filters,arithmetic_dsp,reg_to_reg,1.063915,1.063958,4.304882049566139e-05
fastfir8,result[3][24],train,zipcpu_filters,arithmetic_dsp,reg_to_reg,1.063915,1.0633835,0.0005315399551391042
fastfir8,result[3][25],train,zipcpu_filters,arithmetic_dsp,reg_to_reg,1.532217,1.5295278,0.002689216606140077
fastfir8,result[3][26],train,zipcpu_filters,arithmetic_dsp,reg_to_reg,1.525253,1.5295278,0.004274783393859893
fastfir8,result[3][27],train,zipcpu_filters,arithmetic_dsp,reg_to_reg,1.532217,1.5295278,0.002689216606140077
fastfir8,result[3][2],train,zipcpu_filters,arithmetic_dsp,input_to_reg,1.063915,1.2760417,0.21212674613952642
fastfir8,result[3][3],train,zipcpu_filters,arithmetic_dsp,input_to_reg,1.063915,1.3758223,0.31190730567932134
fastfir8,result[3][4],train,zipcpu_filters,arithmetic_dsp,input_to_reg,1.063915,1.2076823,0.14376725193023687
fastfir8,result[3][5],train,zipcpu_filters,arithmetic_dsp,input_to_reg,1.063915,1.0640268,0.00011183258056646217
fastfir8,result[3][6],train,zipcpu_filters,arithmetic_dsp,input_to_reg,1.063915,1.202309,0.13839401241302496
fastfir8,result[3][7],train,zipcpu_filters,arithmetic_dsp,input_to_reg,1.063915,1.0644977,0.0005827092742920481
fastfir8,result[3][8],train,zipcpu_filters,arithmetic_dsp,input_to_reg,1.063915,1.0634601,0.0004548883819579519
fastfir8,result[3][9],train,zipcpu_filters,arithmetic_dsp,input_to_reg,1.063915,1.0637993,0.00011573795318597924
fastfir8,result[4][0],train,zipcpu_filters,arithmetic_dsp,input_to_reg,1.063915,1.1472957,0.08338071342468267
fastfir8,result[4][10],train,zipcpu_filters,arithmetic_dsp,input_to_reg,1.063915,1.063964,4.900928497320045e-05
fastfir8,result[4][11],train,zipcpu_filters,arithmetic_dsp,input_to_reg,1.063915,1.0637869,0.0001281357192992605
fastfir8,result[4][12],train,zipcpu_filters,arithmetic_dsp,input_to_reg,1.063915,1.0640966,0.0001815700149536692
fastfir8,result[4][13],train,zipcpu_filters,arithmetic_dsp,input_to_reg,1.063915,1.0640136,9.860034942632545e-05
fastfir8,result[4][14],train,zipcpu_filters,arithmetic_dsp,input_to_reg,1.063915,1.0637553,0.00015972618103021752
fastfir8,result[4][15],train,zipcpu_filters,arithmetic_dsp,input_to_reg,1.063915,1.0640554,0.00014044281005864967
fastfir8,result[4][16],train,zipcpu_filters,arithmetic_dsp,input_to_reg,1.063915,1.0638949,2.0132102966252674e-05
fastfir8,result[4][17],train,zipcpu_filters,arithmetic_dsp,input_to_reg,1.063915,1.0638882,2.6807823181096424e-05
fastfir8,result[4][18],train,zipcpu_filters,arithmetic_dsp,input_to_reg,1.063915,1.0638882,2.6807823181096424e-05
fastfir8,result[4][19],train,zipcpu_filters,arithmetic_dsp,input_to_reg,1.063915,1.0638882,2.6807823181096424e-05
fastfir8,result[4][1],train,zipcpu_filters,arithmetic_dsp,input_to_reg,1.063915,1.2075375,0.14362253185272222
fastfir8,result[4][20],train,zipcpu_filters,arithmetic_dsp,input_to_reg,1.063915,1.0638938,2.1204986572209705e-05
fastfir8,result[4][21],train,zipcpu_filters,arithmetic_dsp,reg_to_reg,1.063915,1.0640278,0.00011278625488286842
fastfir8,result[4][22],train,zipcpu_filters,arithmetic_dsp,reg_to_reg,1.547977,1.1850972,0.3628797824401855
fastfir8,result[4][23],train,zipcpu_filters,arithmetic_dsp,reg_to_reg,1.063915,1.063958,4.304882049566139e-05
fastfir8,result[4][24],train,zipcpu_filters,arithmetic_dsp,reg_to_reg,1.063915,1.0640062,9.120937347417701e-05
fastfir8,result[4][25],train,zipcpu_filters,arithmetic_dsp,reg_to_reg,1.063915,1.0635026,0.00041244987487787377
fastfir8,result[4][26],train,zipcpu_filters,arithmetic_dsp,reg_to_reg,1.076203,1.0766217,0.00041865164947507694
fastfir8,result[4][27],train,zipcpu_filters,arithmetic_dsp,reg_to_reg,1.10792,1.1081127,0.00019269283294676143
fastfir8,result[4][2],train,zipcpu_filters,arithmetic_dsp,input_to_reg,1.063915,1.2760417,0.21212674613952642
fastfir8,result[4][3],train,zipcpu_filters,arithmetic_dsp,input_to_reg,1.063915,1.3758223,0.31190730567932134
fastfir8,result[4][4],train,zipcpu_filters,arithmetic_dsp,input_to_reg,1.063915,1.2076823,0.14376725193023687
fastfir8,result[4][5],train,zipcpu_filters,arithmetic_dsp,input_to_reg,1.063915,1.0640268,0.00011183258056646217
fastfir8,result[4][6],train,zipcpu_filters,arithmetic_dsp,input_to_reg,1.063915,1.202309,0.13839401241302496
fastfir8,result[4][7],train,zipcpu_filters,arithmetic_dsp,input_to_reg,1.063915,1.0644977,0.0005827092742920481
fastfir8,result[4][8],train,zipcpu_filters,arithmetic_dsp,input_to_reg,1.063915,1.0634601,0.0004548883819579519
fastfir8,result[4][9],train,zipcpu_filters,arithmetic_dsp,input_to_reg,1.063915,1.0637993,0.00011573795318597924
fastfir8,result[5][0],train,zipcpu_filters,arithmetic_dsp,input_to_reg,1.063915,1.1472957,0.08338071342468267
fastfir8,result[5][10],train,zipcpu_filters,arithmetic_dsp,input_to_reg,1.063915,1.063964,4.900928497320045e-05
fastfir8,result[5][11],train,zipcpu_filters,arithmetic_dsp,input_to_reg,1.063915,1.0637869,0.0001281357192992605
fastfir8,result[5][12],train,zipcpu_filters,arithmetic_dsp,input_to_reg,1.063915,1.0640966,0.0001815700149536692
fastfir8,result[5][13],train,zipcpu_filters,arithmetic_dsp,input_to_reg,1.063915,1.0640136,9.860034942632545e-05
fastfir8,result[5][14],train,zipcpu_filters,arithmetic_dsp,input_to_reg,1.063915,1.0637553,0.00015972618103021752
fastfir8,result[5][15],train,zipcpu_filters,arithmetic_dsp,input_to_reg,1.063915,1.0640554,0.00014044281005864967
fastfir8,result[5][16],train,zipcpu_filters,arithmetic_dsp,input_to_reg,1.063915,1.0638949,2.0132102966252674e-05
fastfir8,result[5][17],train,zipcpu_filters,arithmetic_dsp,input_to_reg,1.063915,1.0638882,2.6807823181096424e-05
fastfir8,result[5][18],train,zipcpu_filters,arithmetic_dsp,input_to_reg,1.063915,1.0638882,2.6807823181096424e-05
fastfir8,result[5][19],train,zipcpu_filters,arithmetic_dsp,input_to_reg,1.063915,1.0638882,2.6807823181096424e-05
fastfir8,result[5][1],train,zipcpu_filters,arithmetic_dsp,input_to_reg,1.063915,1.2075375,0.14362253185272222
fastfir8,result[5][20],train,zipcpu_filters,arithmetic_dsp,input_to_reg,1.063915,1.0638938,2.1204986572209705e-05
fastfir8,result[5][21],train,zipcpu_filters,arithmetic_dsp,reg_to_reg,1.063915,1.0640278,0.00011278625488286842
fastfir8,result[5][22],train,zipcpu_filters,arithmetic_dsp,reg_to_reg,1.063915,1.1850972,0.12118221755981451
fastfir8,result[5][23],train,zipcpu_filters,arithmetic_dsp,reg_to_reg,1.063915,1.0638697,4.528526306146752e-05
fastfir8,result[5][24],train,zipcpu_filters,arithmetic_dsp,reg_to_reg,1.063915,1.0640062,9.120937347417701e-05
fastfir8,result[5][25],train,zipcpu_filters,arithmetic_dsp,reg_to_reg,1.063915,1.0642884,0.00037337776184087623
fastfir8,result[5][26],train,zipcpu_filters,arithmetic_dsp,reg_to_reg,1.063915,1.0638151,9.988311767572533e-05
fastfir8,result[5][27],train,zipcpu_filters,arithmetic_dsp,reg_to_reg,1.110935,1.1110843,0.00014934200286864652
fastfir8,result[5][2],train,zipcpu_filters,arithmetic_dsp,input_to_reg,1.063915,1.2760417,0.21212674613952642
fastfir8,result[5][3],train,zipcpu_filters,arithmetic_dsp,input_to_reg,1.063915,1.3758223,0.31190730567932134
fastfir8,result[5][4],train,zipcpu_filters,arithmetic_dsp,input_to_reg,1.063915,1.2076823,0.14376725193023687
fastfir8,result[5][5],train,zipcpu_filters,arithmetic_dsp,input_to_reg,1.063915,1.0640268,0.00011183258056646217
fastfir8,result[5][6],train,zipcpu_filters,arithmetic_dsp,input_to_reg,1.063915,1.202309,0.13839401241302496
fastfir8,result[5][7],train,zipcpu_filters,arithmetic_dsp,input_to_reg,1.063915,1.0644977,0.0005827092742920481
fastfir8,result[5][8],train,zipcpu_filters,arithmetic_dsp,input_to_reg,1.063915,1.0634601,0.0004548883819579519
fastfir8,result[5][9],train,zipcpu_filters,arithmetic_dsp,input_to_reg,1.063915,1.0637993,0.00011573795318597924
fastfir8,result[6][0],train,zipcpu_filters,arithmetic_dsp,input_to_reg,1.063915,1.1472957,0.08338071342468267
fastfir8,result[6][10],train,zipcpu_filters,arithmetic_dsp,input_to_reg,1.063915,1.063964,4.900928497320045e-05
fastfir8,result[6][11],train,zipcpu_filters,arithmetic_dsp,input_to_reg,1.063915,1.0637869,0.0001281357192992605
fastfir8,result[6][12],train,zipcpu_filters,arithmetic_dsp,input_to_reg,1.063915,1.0640966,0.0001815700149536692
fastfir8,result[6][13],train,zipcpu_filters,arithmetic_dsp,input_to_reg,1.063915,1.0640136,9.860034942632545e-05
fastfir8,result[6][14],train,zipcpu_filters,arithmetic_dsp,input_to_reg,1.063915,1.0637553,0.00015972618103021752
fastfir8,result[6][15],train,zipcpu_filters,arithmetic_dsp,input_to_reg,1.063915,1.0640554,0.00014044281005864967
fastfir8,result[6][16],train,zipcpu_filters,arithmetic_dsp,input_to_reg,1.063915,1.0638949,2.0132102966252674e-05
fastfir8,result[6][17],train,zipcpu_filters,arithmetic_dsp,input_to_reg,1.063915,1.0638882,2.6807823181096424e-05
fastfir8,result[6][18],train,zipcpu_filters,arithmetic_dsp,input_to_reg,1.063915,1.0638882,2.6807823181096424e-05
fastfir8,result[6][19],train,zipcpu_filters,arithmetic_dsp,input_to_reg,1.063915,1.0638882,2.6807823181096424e-05
fastfir8,result[6][1],train,zipcpu_filters,arithmetic_dsp,input_to_reg,1.063915,1.2075375,0.14362253185272222
fastfir8,result[6][20],train,zipcpu_filters,arithmetic_dsp,input_to_reg,1.063915,1.0638938,2.1204986572209705e-05
fastfir8,result[6][21],train,zipcpu_filters,arithmetic_dsp,reg_to_reg,1.063915,1.0640278,0.00011278625488286842
fastfir8,result[6][22],train,zipcpu_filters,arithmetic_dsp,reg_to_reg,1.063915,1.1850972,0.12118221755981451
fastfir8,result[6][23],train,zipcpu_filters,arithmetic_dsp,reg_to_reg,1.063915,1.0638697,4.528526306146752e-05
fastfir8,result[6][24],train,zipcpu_filters,arithmetic_dsp,reg_to_reg,1.063915,1.0640062,9.120937347417701e-05
fastfir8,result[6][25],train,zipcpu_filters,arithmetic_dsp,reg_to_reg,1.063915,1.0642884,0.00037337776184087623
fastfir8,result[6][26],train,zipcpu_filters,arithmetic_dsp,reg_to_reg,1.063915,1.0638151,9.988311767572533e-05
fastfir8,result[6][27],train,zipcpu_filters,arithmetic_dsp,reg_to_reg,1.110936,1.1110843,0.00014834200286872878
fastfir8,result[6][2],train,zipcpu_filters,arithmetic_dsp,input_to_reg,1.063915,1.2760417,0.21212674613952642
fastfir8,result[6][3],train,zipcpu_filters,arithmetic_dsp,input_to_reg,1.063915,1.3758223,0.31190730567932134
fastfir8,result[6][4],train,zipcpu_filters,arithmetic_dsp,input_to_reg,1.063915,1.2076823,0.14376725193023687
fastfir8,result[6][5],train,zipcpu_filters,arithmetic_dsp,input_to_reg,1.063915,1.0640268,0.00011183258056646217
fastfir8,result[6][6],train,zipcpu_filters,arithmetic_dsp,input_to_reg,1.063915,1.202309,0.13839401241302496
fastfir8,result[6][7],train,zipcpu_filters,arithmetic_dsp,input_to_reg,1.063915,1.0644977,0.0005827092742920481
fastfir8,result[6][8],train,zipcpu_filters,arithmetic_dsp,input_to_reg,1.063915,1.0634601,0.0004548883819579519
fastfir8,result[6][9],train,zipcpu_filters,arithmetic_dsp,input_to_reg,1.063915,1.0637993,0.00011573795318597924
fastfir8,result[7][0],train,zipcpu_filters,arithmetic_dsp,input_to_reg,1.063915,1.1472957,0.08338071342468267
fastfir8,result[7][10],train,zipcpu_filters,arithmetic_dsp,input_to_reg,1.063915,1.063964,4.900928497320045e-05
fastfir8,result[7][11],train,zipcpu_filters,arithmetic_dsp,input_to_reg,1.063915,1.0637869,0.0001281357192992605
fastfir8,result[7][12],train,zipcpu_filters,arithmetic_dsp,input_to_reg,1.063915,1.0640966,0.0001815700149536692
fastfir8,result[7][13],train,zipcpu_filters,arithmetic_dsp,input_to_reg,1.063915,1.0640136,9.860034942632545e-05
fastfir8,result[7][14],train,zipcpu_filters,arithmetic_dsp,input_to_reg,1.063915,1.0637553,0.00015972618103021752
fastfir8,result[7][15],train,zipcpu_filters,arithmetic_dsp,input_to_reg,1.063915,1.0640554,0.00014044281005864967
fastfir8,result[7][16],train,zipcpu_filters,arithmetic_dsp,input_to_reg,1.063915,1.0638949,2.0132102966252674e-05
fastfir8,result[7][17],train,zipcpu_filters,arithmetic_dsp,input_to_reg,1.063915,1.0638882,2.6807823181096424e-05
fastfir8,result[7][18],train,zipcpu_filters,arithmetic_dsp,input_to_reg,1.063915,1.0638882,2.6807823181096424e-05
fastfir8,result[7][19],train,zipcpu_filters,arithmetic_dsp,input_to_reg,1.063915,1.0638882,2.6807823181096424e-05
fastfir8,result[7][1],train,zipcpu_filters,arithmetic_dsp,input_to_reg,1.063915,1.2075375,0.14362253185272222
fastfir8,result[7][20],train,zipcpu_filters,arithmetic_dsp,input_to_reg,1.063915,1.0638938,2.1204986572209705e-05
fastfir8,result[7][21],train,zipcpu_filters,arithmetic_dsp,reg_to_reg,1.063915,1.0637457,0.00016926292419428002
fastfir8,result[7][22],train,zipcpu_filters,arithmetic_dsp,reg_to_reg,1.063915,1.064218,0.0003030442810059153
fastfir8,result[7][23],train,zipcpu_filters,arithmetic_dsp,reg_to_reg,1.063915,1.0637591,0.00015591148376459252
fastfir8,result[7][24],train,zipcpu_filters,arithmetic_dsp,reg_to_reg,1.063915,1.0638534,6.161693572992455e-05
fastfir8,result[7][25],train,zipcpu_filters,arithmetic_dsp,reg_to_reg,1.063915,1.0636101,0.0003049230957030691
fastfir8,result[7][26],train,zipcpu_filters,arithmetic_dsp,reg_to_reg,1.458699,1.4584037,0.00029529344940182334
fastfir8,result[7][27],train,zipcpu_filters,arithmetic_dsp,reg_to_reg,1.122547,1.1224474,9.962851715084042e-05
fastfir8,result[7][2],train,zipcpu_filters,arithmetic_dsp,input_to_reg,1.063915,1.2760417,0.21212674613952642
fastfir8,result[7][3],train,zipcpu_filters,arithmetic_dsp,input_to_reg,1.063915,1.3758223,0.31190730567932134
fastfir8,result[7][4],train,zipcpu_filters,arithmetic_dsp,input_to_reg,1.063915,1.2076823,0.14376725193023687
fastfir8,result[7][5],train,zipcpu_filters,arithmetic_dsp,input_to_reg,1.063915,1.0640268,0.00011183258056646217
fastfir8,result[7][6],train,zipcpu_filters,arithmetic_dsp,input_to_reg,1.547977,1.202309,0.34566798758697503
fastfir8,result[7][7],train,zipcpu_filters,arithmetic_dsp,input_to_reg,1.063915,1.0644977,0.0005827092742920481
fastfir8,result[7][8],train,zipcpu_filters,arithmetic_dsp,input_to_reg,1.063915,1.0634601,0.0004548883819579519
fastfir8,result[7][9],train,zipcpu_filters,arithmetic_dsp,input_to_reg,1.063915,1.0637993,0.00011573795318597924
fastfir8,tap[1][0],train,zipcpu_filters,arithmetic_dsp,input_to_reg,1.072093,1.0720588,3.420311737056814e-05
fastfir8,tap[1][10],train,zipcpu_filters,arithmetic_dsp,input_to_reg,1.072093,1.0720588,3.420311737056814e-05
fastfir8,tap[1][11],train,zipcpu_filters,arithmetic_dsp,input_to_reg,1.072093,1.0720588,3.420311737056814e-05
fastfir8,tap[1][1],train,zipcpu_filters,arithmetic_dsp,input_to_reg,1.072093,1.0720588,3.420311737056814e-05
fastfir8,tap[1][2],train,zipcpu_filters,arithmetic_dsp,input_to_reg,1.072093,1.0720588,3.420311737056814e-05
fastfir8,tap[1][3],train,zipcpu_filters,arithmetic_dsp,input_to_reg,1.072093,1.0720588,3.420311737056814e-05
fastfir8,tap[1][4],train,zipcpu_filters,arithmetic_dsp,input_to_reg,1.072093,1.0720588,3.420311737056814e-05
fastfir8,tap[1][5],train,zipcpu_filters,arithmetic_dsp,input_to_reg,1.072093,1.0720588,3.420311737056814e-05
fastfir8,tap[1][6],train,zipcpu_filters,arithmetic_dsp,input_to_reg,1.072093,1.0720588,3.420311737056814e-05
fastfir8,tap[1][7],train,zipcpu_filters,arithmetic_dsp,input_to_reg,1.072093,1.0720588,3.420311737056814e-05
fastfir8,tap[1][8],train,zipcpu_filters,arithmetic_dsp,input_to_reg,1.072093,1.0720588,3.420311737056814e-05
fastfir8,tap[1][9],train,zipcpu_filters,arithmetic_dsp,input_to_reg,1.072093,1.0720588,3.420311737056814e-05
fastfir8,tap[2][0],train,zipcpu_filters,arithmetic_dsp,input_to_reg,1.064156,1.0641631,7.088798522847384e-06
fastfir8,tap[2][10],train,zipcpu_filters,arithmetic_dsp,input_to_reg,1.064156,1.0641631,7.088798522847384e-06
fastfir8,tap[2][11],train,zipcpu_filters,arithmetic_dsp,input_to_reg,1.064156,1.0641631,7.088798522847384e-06
fastfir8,tap[2][1],train,zipcpu_filters,arithmetic_dsp,input_to_reg,1.064156,1.0641631,7.088798522847384e-06
fastfir8,tap[2][2],train,zipcpu_filters,arithmetic_dsp,input_to_reg,1.064156,1.0641631,7.088798522847384e-06
fastfir8,tap[2][3],train,zipcpu_filters,arithmetic_dsp,input_to_reg,1.064156,1.0641631,7.088798522847384e-06
fastfir8,tap[2][4],train,zipcpu_filters,arithmetic_dsp,input_to_reg,1.064156,1.0641631,7.088798522847384e-06
fastfir8,tap[2][5],train,zipcpu_filters,arithmetic_dsp,input_to_reg,1.064156,1.0641631,7.088798522847384e-06
fastfir8,tap[2][6],train,zipcpu_filters,arithmetic_dsp,input_to_reg,1.064156,1.0641631,7.088798522847384e-06
fastfir8,tap[2][7],train,zipcpu_filters,arithmetic_dsp,input_to_reg,1.064156,1.0641631,7.088798522847384e-06
fastfir8,tap[2][8],train,zipcpu_filters,arithmetic_dsp,input_to_reg,1.064156,1.0641631,7.088798522847384e-06
fastfir8,tap[2][9],train,zipcpu_filters,arithmetic_dsp,input_to_reg,1.064156,1.0641631,7.088798522847384e-06
fastfir8,tap[3][0],train,zipcpu_filters,arithmetic_dsp,input_to_reg,1.064156,1.0641631,7.088798522847384e-06
fastfir8,tap[3][10],train,zipcpu_filters,arithmetic_dsp,input_to_reg,1.064156,1.0641631,7.088798522847384e-06
fastfir8,tap[3][11],train,zipcpu_filters,arithmetic_dsp,input_to_reg,1.064156,1.0641631,7.088798522847384e-06
fastfir8,tap[3][1],train,zipcpu_filters,arithmetic_dsp,input_to_reg,1.064156,1.0641631,7.088798522847384e-06
fastfir8,tap[3][2],train,zipcpu_filters,arithmetic_dsp,input_to_reg,1.064156,1.0641631,7.088798522847384e-06
fastfir8,tap[3][3],train,zipcpu_filters,arithmetic_dsp,input_to_reg,1.064156,1.0641631,7.088798522847384e-06
fastfir8,tap[3][4],train,zipcpu_filters,arithmetic_dsp,input_to_reg,1.064156,1.0641631,7.088798522847384e-06
fastfir8,tap[3][5],train,zipcpu_filters,arithmetic_dsp,input_to_reg,1.064156,1.0641631,7.088798522847384e-06
fastfir8,tap[3][6],train,zipcpu_filters,arithmetic_dsp,input_to_reg,1.064156,1.0641631,7.088798522847384e-06
fastfir8,tap[3][7],train,zipcpu_filters,arithmetic_dsp,input_to_reg,1.064156,1.0641631,7.088798522847384e-06
fastfir8,tap[3][8],train,zipcpu_filters,arithmetic_dsp,input_to_reg,1.064156,1.0641631,7.088798522847384e-06
fastfir8,tap[3][9],train,zipcpu_filters,arithmetic_dsp,input_to_reg,1.064156,1.0641631,7.088798522847384e-06
fastfir8,tap[4][0],train,zipcpu_filters,arithmetic_dsp,input_to_reg,1.064156,1.0641631,7.088798522847384e-06
fastfir8,tap[4][10],train,zipcpu_filters,arithmetic_dsp,input_to_reg,1.064156,1.0641631,7.088798522847384e-06
fastfir8,tap[4][11],train,zipcpu_filters,arithmetic_dsp,input_to_reg,1.064156,1.0641631,7.088798522847384e-06
fastfir8,tap[4][1],train,zipcpu_filters,arithmetic_dsp,input_to_reg,1.064156,1.0641631,7.088798522847384e-06
fastfir8,tap[4][2],train,zipcpu_filters,arithmetic_dsp,input_to_reg,1.064156,1.0641631,7.088798522847384e-06
fastfir8,tap[4][3],train,zipcpu_filters,arithmetic_dsp,input_to_reg,1.064156,1.0641631,7.088798522847384e-06
fastfir8,tap[4][4],train,zipcpu_filters,arithmetic_dsp,input_to_reg,1.064156,1.0641631,7.088798522847384e-06
fastfir8,tap[4][5],train,zipcpu_filters,arithmetic_dsp,input_to_reg,1.064156,1.0641631,7.088798522847384e-06
fastfir8,tap[4][6],train,zipcpu_filters,arithmetic_dsp,input_to_reg,1.064156,1.0641631,7.088798522847384e-06
fastfir8,tap[4][7],train,zipcpu_filters,arithmetic_dsp,input_to_reg,1.064156,1.0641631,7.088798522847384e-06
fastfir8,tap[4][8],train,zipcpu_filters,arithmetic_dsp,input_to_reg,1.064156,1.0641631,7.088798522847384e-06
fastfir8,tap[4][9],train,zipcpu_filters,arithmetic_dsp,input_to_reg,1.064156,1.0641631,7.088798522847384e-06
fastfir8,tap[5][0],train,zipcpu_filters,arithmetic_dsp,input_to_reg,1.064156,1.0641631,7.088798522847384e-06
fastfir8,tap[5][10],train,zipcpu_filters,arithmetic_dsp,input_to_reg,1.064156,1.0641631,7.088798522847384e-06
fastfir8,tap[5][11],train,zipcpu_filters,arithmetic_dsp,input_to_reg,1.064156,1.0641631,7.088798522847384e-06
fastfir8,tap[5][1],train,zipcpu_filters,arithmetic_dsp,input_to_reg,1.064156,1.0641631,7.088798522847384e-06
fastfir8,tap[5][2],train,zipcpu_filters,arithmetic_dsp,input_to_reg,1.064156,1.0641631,7.088798522847384e-06
fastfir8,tap[5][3],train,zipcpu_filters,arithmetic_dsp,input_to_reg,1.064156,1.0641631,7.088798522847384e-06
fastfir8,tap[5][4],train,zipcpu_filters,arithmetic_dsp,input_to_reg,1.064156,1.0641631,7.088798522847384e-06
fastfir8,tap[5][5],train,zipcpu_filters,arithmetic_dsp,input_to_reg,1.064156,1.0641631,7.088798522847384e-06
fastfir8,tap[5][6],train,zipcpu_filters,arithmetic_dsp,input_to_reg,1.064156,1.0641631,7.088798522847384e-06
fastfir8,tap[5][7],train,zipcpu_filters,arithmetic_dsp,input_to_reg,1.064156,1.0641631,7.088798522847384e-06
fastfir8,tap[5][8],train,zipcpu_filters,arithmetic_dsp,input_to_reg,1.064156,1.0641631,7.088798522847384e-06
fastfir8,tap[5][9],train,zipcpu_filters,arithmetic_dsp,input_to_reg,1.064156,1.0641631,7.088798522847384e-06
fastfir8,tap[6][0],train,zipcpu_filters,arithmetic_dsp,input_to_reg,1.064156,1.0641631,7.088798522847384e-06
fastfir8,tap[6][10],train,zipcpu_filters,arithmetic_dsp,input_to_reg,1.064156,1.0641631,7.088798522847384e-06
fastfir8,tap[6][11],train,zipcpu_filters,arithmetic_dsp,input_to_reg,1.064156,1.0641631,7.088798522847384e-06
fastfir8,tap[6][1],train,zipcpu_filters,arithmetic_dsp,input_to_reg,1.064156,1.0641631,7.088798522847384e-06
fastfir8,tap[6][2],train,zipcpu_filters,arithmetic_dsp,input_to_reg,1.064156,1.0641631,7.088798522847384e-06
fastfir8,tap[6][3],train,zipcpu_filters,arithmetic_dsp,input_to_reg,1.064156,1.0641631,7.088798522847384e-06
fastfir8,tap[6][4],train,zipcpu_filters,arithmetic_dsp,input_to_reg,1.064156,1.0641631,7.088798522847384e-06
fastfir8,tap[6][5],train,zipcpu_filters,arithmetic_dsp,input_to_reg,1.064156,1.0641631,7.088798522847384e-06
fastfir8,tap[6][6],train,zipcpu_filters,arithmetic_dsp,input_to_reg,1.064156,1.0641631,7.088798522847384e-06
fastfir8,tap[6][7],train,zipcpu_filters,arithmetic_dsp,input_to_reg,1.064156,1.0641631,7.088798522847384e-06
fastfir8,tap[6][8],train,zipcpu_filters,arithmetic_dsp,input_to_reg,1.064156,1.0641631,7.088798522847384e-06
fastfir8,tap[6][9],train,zipcpu_filters,arithmetic_dsp,input_to_reg,1.064156,1.0641631,7.088798522847384e-06
fastfir8,tap[7][0],train,zipcpu_filters,arithmetic_dsp,input_to_reg,1.064156,1.0641631,7.088798522847384e-06
fastfir8,tap[7][10],train,zipcpu_filters,arithmetic_dsp,input_to_reg,1.064156,1.0641631,7.088798522847384e-06
fastfir8,tap[7][11],train,zipcpu_filters,arithmetic_dsp,input_to_reg,1.064156,1.0641631,7.088798522847384e-06
fastfir8,tap[7][1],train,zipcpu_filters,arithmetic_dsp,input_to_reg,1.064156,1.0641631,7.088798522847384e-06
fastfir8,tap[7][2],train,zipcpu_filters,arithmetic_dsp,input_to_reg,1.064156,1.0641631,7.088798522847384e-06
fastfir8,tap[7][3],train,zipcpu_filters,arithmetic_dsp,input_to_reg,1.064156,1.0641631,7.088798522847384e-06
fastfir8,tap[7][4],train,zipcpu_filters,arithmetic_dsp,input_to_reg,1.064156,1.0641631,7.088798522847384e-06
fastfir8,tap[7][5],train,zipcpu_filters,arithmetic_dsp,input_to_reg,1.064156,1.0641631,7.088798522847384e-06
fastfir8,tap[7][6],train,zipcpu_filters,arithmetic_dsp,input_to_reg,1.064156,1.0641631,7.088798522847384e-06
fastfir8,tap[7][7],train,zipcpu_filters,arithmetic_dsp,input_to_reg,1.064156,1.0641631,7.088798522847384e-06
fastfir8,tap[7][8],train,zipcpu_filters,arithmetic_dsp,input_to_reg,1.064156,1.0641631,7.088798522847384e-06
fastfir8,tap[7][9],train,zipcpu_filters,arithmetic_dsp,input_to_reg,1.064156,1.0641631,7.088798522847384e-06
fastfir8,tap[8][0],train,zipcpu_filters,arithmetic_dsp,input_to_reg,1.064156,1.0641631,7.088798522847384e-06
fastfir8,tap[8][10],train,zipcpu_filters,arithmetic_dsp,input_to_reg,1.064156,1.0641631,7.088798522847384e-06
fastfir8,tap[8][11],train,zipcpu_filters,arithmetic_dsp,input_to_reg,1.064156,1.0641631,7.088798522847384e-06
fastfir8,tap[8][1],train,zipcpu_filters,arithmetic_dsp,input_to_reg,1.064156,1.0641631,7.088798522847384e-06
fastfir8,tap[8][2],train,zipcpu_filters,arithmetic_dsp,input_to_reg,1.064156,1.0641631,7.088798522847384e-06
fastfir8,tap[8][3],train,zipcpu_filters,arithmetic_dsp,input_to_reg,1.064156,1.0641631,7.088798522847384e-06
fastfir8,tap[8][4],train,zipcpu_filters,arithmetic_dsp,input_to_reg,1.064156,1.0641631,7.088798522847384e-06
fastfir8,tap[8][5],train,zipcpu_filters,arithmetic_dsp,input_to_reg,1.064156,1.0641631,7.088798522847384e-06
fastfir8,tap[8][6],train,zipcpu_filters,arithmetic_dsp,input_to_reg,1.064156,1.0641631,7.088798522847384e-06
fastfir8,tap[8][7],train,zipcpu_filters,arithmetic_dsp,input_to_reg,1.064156,1.0641631,7.088798522847384e-06
fastfir8,tap[8][8],train,zipcpu_filters,arithmetic_dsp,input_to_reg,1.064156,1.0641631,7.088798522847384e-06
fastfir8,tap[8][9],train,zipcpu_filters,arithmetic_dsp,input_to_reg,1.064156,1.0641631,7.088798522847384e-06
boxcar16,acc[0],train,zipcpu_filters,arithmetic_dsp,input_to_reg,1.079914,1.0799077,6.344284057657745e-06
boxcar16,acc[10],train,zipcpu_filters,arithmetic_dsp,input_to_reg,1.063915,1.0640553,0.0001403236007690989
boxcar16,acc[11],train,zipcpu_filters,arithmetic_dsp,input_to_reg,1.063915,1.0637392,0.000175819435119573
boxcar16,acc[12],train,zipcpu_filters,arithmetic_dsp,reg_to_reg,1.063915,1.0648059,0.0008908652877808176
boxcar16,acc[13],train,zipcpu_filters,arithmetic_dsp,reg_to_reg,1.063915,1.0634187,0.000496254005432073
boxcar16,acc[14],train,zipcpu_filters,arithmetic_dsp,reg_to_reg,1.063915,1.0639062,8.807220458928455e-06
boxcar16,acc[15],train,zipcpu_filters,arithmetic_dsp,reg_to_reg,1.063915,1.0643789,0.0004638576126099192
boxcar16,acc[16],train,zipcpu_filters,arithmetic_dsp,reg_to_reg,1.548161,1.5482513,9.02712478638712e-05
boxcar16,acc[17],train,zipcpu_filters,arithmetic_dsp,reg_to_reg,1.535922,1.5360386,0.00011663716125487333
boxcar16,acc[18],train,zipcpu_filters,arithmetic_dsp,reg_to_reg,1.155918,1.1563202,0.0004022142715454091
boxcar16,acc[19],train,zipcpu_filters,arithmetic_dsp,reg_to_reg,1.163244,1.1630728,0.00017117552185053064
boxcar16,acc[1],train,zipcpu_filters,arithmetic_dsp,input_to_reg,1.063915,1.0655142,0.0015992068862915598
boxcar16,acc[2],train,zipcpu_filters,arithmetic_dsp,input_to_reg,1.063915,1.0637364,0.00017856124877924096
boxcar16,acc[3],train,zipcpu_filters,arithmetic_dsp,input_to_reg,1.063915,1.0636878,0.0002271986389159597
boxcar16,acc[4],train,zipcpu_filters,arithmetic_dsp,input_to_reg,1.063915,1.0640911,0.00017608638763433326
boxcar16,acc[5],train,zipcpu_filters,arithmetic_dsp,input_to_reg,1.063915,1.0637158,0.0001991844558715261
boxcar16,acc[6],train,zipcpu_filters,arithmetic_dsp,input_to_reg,1.063915,1.0638758,3.9205589294377674e-05
boxcar16,acc[7],train,zipcpu_filters,arithmetic_dsp,input_to_reg,1.063915,1.063589,0.00032602313995355736
boxcar16,acc[8],train,zipcpu_filters,arithmetic_dsp,input_to_reg,1.063915,1.0638947,2.0251312255803455e-05
boxcar16,acc[9],train,zipcpu_filters,arithmetic_dsp,input_to_reg,1.063915,1.0640275,0.00011254783630376686
boxcar16,full,train,zipcpu_filters,arithmetic_dsp,input_to_reg,1.578653,1.5775518,0.0011011582641602402
boxcar16,mem[0][0],train,zipcpu_filters,arithmetic_dsp,input_to_reg,1.287931,1.2877741,0.00015691400146478074
boxcar16,mem[0][10],train,zipcpu_filters,arithmetic_dsp,input_to_reg,1.287931,1.2877741,0.00015691400146478074
boxcar16,mem[0][11],train,zipcpu_filters,arithmetic_dsp,input_to_reg,1.287931,1.2877741,0.00015691400146478074
boxcar16,mem[0][12],train,zipcpu_filters,arithmetic_dsp,input_to_reg,1.287931,1.2877741,0.00015691400146478074
boxcar16,mem[0][13],train,zipcpu_filters,arithmetic_dsp,input_to_reg,1.287931,1.2877741,0.00015691400146478074
boxcar16,mem[0][14],train,zipcpu_filters,arithmetic_dsp,input_to_reg,1.287931,1.2877741,0.00015691400146478074
boxcar16,mem[0][15],train,zipcpu_filters,arithmetic_dsp,input_to_reg,1.287931,1.2877741,0.00015691400146478074
boxcar16,mem[0][1],train,zipcpu_filters,arithmetic_dsp,input_to_reg,1.287931,1.2877741,0.00015691400146478074
boxcar16,mem[0][2],train,zipcpu_filters,arithmetic_dsp,input_to_reg,1.287931,1.2877741,0.00015691400146478074
boxcar16,mem[0][3],train,zipcpu_filters,arithmetic_dsp,input_to_reg,1.287931,1.2877741,0.00015691400146478074
boxcar16,mem[0][4],train,zipcpu_filters,arithmetic_dsp,input_to_reg,1.287931,1.2877741,0.00015691400146478074
boxcar16,mem[0][5],train,zipcpu_filters,arithmetic_dsp,input_to_reg,1.287931,1.2877741,0.00015691400146478074
boxcar16,mem[0][6],train,zipcpu_filters,arithmetic_dsp,input_to_reg,1.287931,1.2877741,0.00015691400146478074
boxcar16,mem[0][7],train,zipcpu_filters,arithmetic_dsp,input_to_reg,1.287931,1.2877741,0.00015691400146478074
boxcar16,mem[0][8],train,zipcpu_filters,arithmetic_dsp,input_to_reg,1.287931,1.2877741,0.00015691400146478074
boxcar16,mem[0][9],train,zipcpu_filters,arithmetic_dsp,input_to_reg,1.287931,1.2877741,0.00015691400146478074
boxcar16,mem[10][0],train,zipcpu_filters,arithmetic_dsp,input_to_reg,1.283107,1.2831097,2.6649169921899585e-06
boxcar16,mem[10][10],train,zipcpu_filters,arithmetic_dsp,input_to_reg,1.283107,1.2831097,2.6649169921899585e-06
boxcar16,mem[10][11],train,zipcpu_filters,arithmetic_dsp,input_to_reg,1.283107,1.2831097,2.6649169921899585e-06
boxcar16,mem[10][12],train,zipcpu_filters,arithmetic_dsp,input_to_reg,1.283107,1.2831097,2.6649169921899585e-06
boxcar16,mem[10][13],train,zipcpu_filters,arithmetic_dsp,input_to_reg,1.283107,1.2831097,2.6649169921899585e-06
boxcar16,mem[10][14],train,zipcpu_filters,arithmetic_dsp,input_to_reg,1.283107,1.2831097,2.6649169921899585e-06
boxcar16,mem[10][15],train,zipcpu_filters,arithmetic_dsp,input_to_reg,1.283107,1.2831097,2.6649169921899585e-06
boxcar16,mem[10][1],train,zipcpu_filters,arithmetic_dsp,input_to_reg,1.283107,1.2831097,2.6649169921899585e-06
boxcar16,mem[10][2],train,zipcpu_filters,arithmetic_dsp,input_to_reg,1.283107,1.2831097,2.6649169921899585e-06
boxcar16,mem[10][3],train,zipcpu_filters,arithmetic_dsp,input_to_reg,1.283107,1.2831097,2.6649169921899585e-06
boxcar16,mem[10][4],train,zipcpu_filters,arithmetic_dsp,input_to_reg,1.283107,1.2831097,2.6649169921899585e-06
boxcar16,mem[10][5],train,zipcpu_filters,arithmetic_dsp,input_to_reg,1.283107,1.2831097,2.6649169921899585e-06
boxcar16,mem[10][6],train,zipcpu_filters,arithmetic_dsp,input_to_reg,1.283107,1.2831097,2.6649169921899585e-06
boxcar16,mem[10][7],train,zipcpu_filters,arithmetic_dsp,input_to_reg,1.283107,1.2831097,2.6649169921899585e-06
boxcar16,mem[10][8],train,zipcpu_filters,arithmetic_dsp,input_to_reg,1.283107,1.2831097,2.6649169921899585e-06
boxcar16,mem[10][9],train,zipcpu_filters,arithmetic_dsp,input_to_reg,1.283107,1.2831097,2.6649169921899585e-06
boxcar16,mem[11][0],train,zipcpu_filters,arithmetic_dsp,input_to_reg,1.269134,1.2638819,0.005252078231811508
boxcar16,mem[11][10],train,zipcpu_filters,arithmetic_dsp,input_to_reg,1.269134,1.2638819,0.005252078231811508
boxcar16,mem[11][11],train,zipcpu_filters,arithmetic_dsp,input_to_reg,1.269134,1.2638819,0.005252078231811508
boxcar16,mem[11][12],train,zipcpu_filters,arithmetic_dsp,input_to_reg,1.269134,1.2638819,0.005252078231811508
boxcar16,mem[11][13],train,zipcpu_filters,arithmetic_dsp,input_to_reg,1.269134,1.2638819,0.005252078231811508
boxcar16,mem[11][14],train,zipcpu_filters,arithmetic_dsp,input_to_reg,1.269134,1.2638819,0.005252078231811508
boxcar16,mem[11][15],train,zipcpu_filters,arithmetic_dsp,input_to_reg,1.269134,1.2638819,0.005252078231811508
boxcar16,mem[11][1],train,zipcpu_filters,arithmetic_dsp,input_to_reg,1.269134,1.2638819,0.005252078231811508
boxcar16,mem[11][2],train,zipcpu_filters,arithmetic_dsp,input_to_reg,1.269134,1.2638819,0.005252078231811508
boxcar16,mem[11][3],train,zipcpu_filters,arithmetic_dsp,input_to_reg,1.269134,1.2638819,0.005252078231811508
boxcar16,mem[11][4],train,zipcpu_filters,arithmetic_dsp,input_to_reg,1.269134,1.2638819,0.005252078231811508
boxcar16,mem[11][5],train,zipcpu_filters,arithmetic_dsp,input_to_reg,1.269134,1.2638819,0.005252078231811508
boxcar16,mem[11][6],train,zipcpu_filters,arithmetic_dsp,input_to_reg,1.269134,1.2638819,0.005252078231811508
boxcar16,mem[11][7],train,zipcpu_filters,arithmetic_dsp,input_to_reg,1.269134,1.2638819,0.005252078231811508
boxcar16,mem[11][8],train,zipcpu_filters,arithmetic_dsp,input_to_reg,1.269134,1.2638819,0.005252078231811508
boxcar16,mem[11][9],train,zipcpu_filters,arithmetic_dsp,input_to_reg,1.269134,1.2638819,0.005252078231811508
boxcar16,mem[12][0],train,zipcpu_filters,arithmetic_dsp,input_to_reg,1.283107,1.2831097,2.6649169921899585e-06
boxcar16,mem[12][10],train,zipcpu_filters,arithmetic_dsp,input_to_reg,1.283107,1.2831097,2.6649169921899585e-06
boxcar16,mem[12][11],train,zipcpu_filters,arithmetic_dsp,input_to_reg,1.283107,1.2831097,2.6649169921899585e-06
boxcar16,mem[12][12],train,zipcpu_filters,arithmetic_dsp,input_to_reg,1.283107,1.2831097,2.6649169921899585e-06
boxcar16,mem[12][13],train,zipcpu_filters,arithmetic_dsp,input_to_reg,1.283107,1.2831097,2.6649169921899585e-06
boxcar16,mem[12][14],train,zipcpu_filters,arithmetic_dsp,input_to_reg,1.283107,1.2831097,2.6649169921899585e-06
boxcar16,mem[12][15],train,zipcpu_filters,arithmetic_dsp,input_to_reg,1.283107,1.2831097,2.6649169921899585e-06
boxcar16,mem[12][1],train,zipcpu_filters,arithmetic_dsp,input_to_reg,1.283107,1.2831097,2.6649169921899585e-06
boxcar16,mem[12][2],train,zipcpu_filters,arithmetic_dsp,input_to_reg,1.283107,1.2831097,2.6649169921899585e-06
boxcar16,mem[12][3],train,zipcpu_filters,arithmetic_dsp,input_to_reg,1.283107,1.2831097,2.6649169921899585e-06
boxcar16,mem[12][4],train,zipcpu_filters,arithmetic_dsp,input_to_reg,1.283107,1.2831097,2.6649169921899585e-06
boxcar16,mem[12][5],train,zipcpu_filters,arithmetic_dsp,input_to_reg,1.283107,1.2831097,2.6649169921899585e-06
boxcar16,mem[12][6],train,zipcpu_filters,arithmetic_dsp,input_to_reg,1.283107,1.2831097,2.6649169921899585e-06
boxcar16,mem[12][7],train,zipcpu_filters,arithmetic_dsp,input_to_reg,1.283107,1.2831097,2.6649169921899585e-06
boxcar16,mem[12][8],train,zipcpu_filters,arithmetic_dsp,input_to_reg,1.283107,1.2831097,2.6649169921899585e-06
boxcar16,mem[12][9],train,zipcpu_filters,arithmetic_dsp,input_to_reg,1.283107,1.2831097,2.6649169921899585e-06
boxcar16,mem[13][0],train,zipcpu_filters,arithmetic_dsp,input_to_reg,1.283107,1.2832122,0.00010518490600586183
boxcar16,mem[13][10],train,zipcpu_filters,arithmetic_dsp,input_to_reg,1.283107,1.2832122,0.00010518490600586183
boxcar16,mem[13][11],train,zipcpu_filters,arithmetic_dsp,input_to_reg,1.283107,1.2832122,0.00010518490600586183
boxcar16,mem[13][12],train,zipcpu_filters,arithmetic_dsp,input_to_reg,1.283107,1.2832122,0.00010518490600586183
boxcar16,mem[13][13],train,zipcpu_filters,arithmetic_dsp,input_to_reg,1.283107,1.2832122,0.00010518490600586183
boxcar16,mem[13][14],train,zipcpu_filters,arithmetic_dsp,input_to_reg,1.283107,1.2832122,0.00010518490600586183
boxcar16,mem[13][15],train,zipcpu_filters,arithmetic_dsp,input_to_reg,1.283107,1.2832122,0.00010518490600586183
boxcar16,mem[13][1],train,zipcpu_filters,arithmetic_dsp,input_to_reg,1.283107,1.2832122,0.00010518490600586183
boxcar16,mem[13][2],train,zipcpu_filters,arithmetic_dsp,input_to_reg,1.283107,1.2832122,0.00010518490600586183
boxcar16,mem[13][3],train,zipcpu_filters,arithmetic_dsp,input_to_reg,1.283107,1.2832122,0.00010518490600586183
boxcar16,mem[13][4],train,zipcpu_filters,arithmetic_dsp,input_to_reg,1.283107,1.2832122,0.00010518490600586183
boxcar16,mem[13][5],train,zipcpu_filters,arithmetic_dsp,input_to_reg,1.283107,1.2832122,0.00010518490600586183
boxcar16,mem[13][6],train,zipcpu_filters,arithmetic_dsp,input_to_reg,1.283107,1.2832122,0.00010518490600586183
boxcar16,mem[13][7],train,zipcpu_filters,arithmetic_dsp,input_to_reg,1.283107,1.2832122,0.00010518490600586183
boxcar16,mem[13][8],train,zipcpu_filters,arithmetic_dsp,input_to_reg,1.283107,1.2832122,0.00010518490600586183
boxcar16,mem[13][9],train,zipcpu_filters,arithmetic_dsp,input_to_reg,1.283107,1.2832122,0.00010518490600586183
boxcar16,mem[14][0],train,zipcpu_filters,arithmetic_dsp,input_to_reg,1.283107,1.2831097,2.6649169921899585e-06
boxcar16,mem[14][10],train,zipcpu_filters,arithmetic_dsp,input_to_reg,1.283107,1.2831097,2.6649169921899585e-06
boxcar16,mem[14][11],train,zipcpu_filters,arithmetic_dsp,input_to_reg,1.283107,1.2831097,2.6649169921899585e-06
boxcar16,mem[14][12],train,zipcpu_filters,arithmetic_dsp,input_to_reg,1.283107,1.2831097,2.6649169921899585e-06
boxcar16,mem[14][13],train,zipcpu_filters,arithmetic_dsp,input_to_reg,1.283107,1.2831097,2.6649169921899585e-06
boxcar16,mem[14][14],train,zipcpu_filters,arithmetic_dsp,input_to_reg,1.283107,1.2831097,2.6649169921899585e-06
boxcar16,mem[14][15],train,zipcpu_filters,arithmetic_dsp,input_to_reg,1.283107,1.2831097,2.6649169921899585e-06
boxcar16,mem[14][1],train,zipcpu_filters,arithmetic_dsp,input_to_reg,1.283107,1.2831097,2.6649169921899585e-06
boxcar16,mem[14][2],train,zipcpu_filters,arithmetic_dsp,input_to_reg,1.283107,1.2831097,2.6649169921899585e-06
boxcar16,mem[14][3],train,zipcpu_filters,arithmetic_dsp,input_to_reg,1.283107,1.2831097,2.6649169921899585e-06
boxcar16,mem[14][4],train,zipcpu_filters,arithmetic_dsp,input_to_reg,1.283107,1.2831097,2.6649169921899585e-06
boxcar16,mem[14][5],train,zipcpu_filters,arithmetic_dsp,input_to_reg,1.283107,1.2831097,2.6649169921899585e-06
boxcar16,mem[14][6],train,zipcpu_filters,arithmetic_dsp,input_to_reg,1.283107,1.2831097,2.6649169921899585e-06
boxcar16,mem[14][7],train,zipcpu_filters,arithmetic_dsp,input_to_reg,1.283107,1.2831097,2.6649169921899585e-06
boxcar16,mem[14][8],train,zipcpu_filters,arithmetic_dsp,input_to_reg,1.283107,1.2831097,2.6649169921899585e-06
boxcar16,mem[14][9],train,zipcpu_filters,arithmetic_dsp,input_to_reg,1.283107,1.2831097,2.6649169921899585e-06
boxcar16,mem[15][0],train,zipcpu_filters,arithmetic_dsp,input_to_reg,1.253259,1.2533613,0.00010234433746347804
boxcar16,mem[15][10],train,zipcpu_filters,arithmetic_dsp,input_to_reg,1.253259,1.2533613,0.00010234433746347804
boxcar16,mem[15][11],train,zipcpu_filters,arithmetic_dsp,input_to_reg,1.253259,1.2533613,0.00010234433746347804
boxcar16,mem[15][12],train,zipcpu_filters,arithmetic_dsp,input_to_reg,1.253259,1.2533613,0.00010234433746347804
boxcar16,mem[15][13],train,zipcpu_filters,arithmetic_dsp,input_to_reg,1.253259,1.2533613,0.00010234433746347804
boxcar16,mem[15][14],train,zipcpu_filters,arithmetic_dsp,input_to_reg,1.253259,1.2533613,0.00010234433746347804
boxcar16,mem[15][15],train,zipcpu_filters,arithmetic_dsp,input_to_reg,1.253259,1.2533613,0.00010234433746347804
boxcar16,mem[15][1],train,zipcpu_filters,arithmetic_dsp,input_to_reg,1.253259,1.2533613,0.00010234433746347804
boxcar16,mem[15][2],train,zipcpu_filters,arithmetic_dsp,input_to_reg,1.253259,1.2533613,0.00010234433746347804
boxcar16,mem[15][3],train,zipcpu_filters,arithmetic_dsp,input_to_reg,1.253259,1.2533613,0.00010234433746347804
boxcar16,mem[15][4],train,zipcpu_filters,arithmetic_dsp,input_to_reg,1.253259,1.2533613,0.00010234433746347804
boxcar16,mem[15][5],train,zipcpu_filters,arithmetic_dsp,input_to_reg,1.253259,1.2533613,0.00010234433746347804
boxcar16,mem[15][6],train,zipcpu_filters,arithmetic_dsp,input_to_reg,1.253259,1.2533613,0.00010234433746347804
boxcar16,mem[15][7],train,zipcpu_filters,arithmetic_dsp,input_to_reg,1.253259,1.2533613,0.00010234433746347804
boxcar16,mem[15][8],train,zipcpu_filters,arithmetic_dsp,input_to_reg,1.253259,1.2533613,0.00010234433746347804
boxcar16,mem[15][9],train,zipcpu_filters,arithmetic_dsp,input_to_reg,1.253259,1.2533613,0.00010234433746347804
boxcar16,mem[1][0],train,zipcpu_filters,arithmetic_dsp,input_to_reg,1.287931,1.2876304,0.00030056119537347215
boxcar16,mem[1][10],train,zipcpu_filters,arithmetic_dsp,input_to_reg,1.287931,1.2876304,0.00030056119537347215
boxcar16,mem[1][11],train,zipcpu_filters,arithmetic_dsp,input_to_reg,1.287931,1.2876304,0.00030056119537347215
boxcar16,mem[1][12],train,zipcpu_filters,arithmetic_dsp,input_to_reg,1.287931,1.2876304,0.00030056119537347215
boxcar16,mem[1][13],train,zipcpu_filters,arithmetic_dsp,input_to_reg,1.287931,1.2876304,0.00030056119537347215
boxcar16,mem[1][14],train,zipcpu_filters,arithmetic_dsp,input_to_reg,1.287931,1.2876304,0.00030056119537347215
boxcar16,mem[1][15],train,zipcpu_filters,arithmetic_dsp,input_to_reg,1.287931,1.2876304,0.00030056119537347215
boxcar16,mem[1][1],train,zipcpu_filters,arithmetic_dsp,input_to_reg,1.287931,1.2876304,0.00030056119537347215
boxcar16,mem[1][2],train,zipcpu_filters,arithmetic_dsp,input_to_reg,1.287931,1.2876304,0.00030056119537347215
boxcar16,mem[1][3],train,zipcpu_filters,arithmetic_dsp,input_to_reg,1.287931,1.2876304,0.00030056119537347215
boxcar16,mem[1][4],train,zipcpu_filters,arithmetic_dsp,input_to_reg,1.287931,1.2876304,0.00030056119537347215
boxcar16,mem[1][5],train,zipcpu_filters,arithmetic_dsp,input_to_reg,1.287931,1.2876304,0.00030056119537347215
boxcar16,mem[1][6],train,zipcpu_filters,arithmetic_dsp,input_to_reg,1.287931,1.2876304,0.00030056119537347215
boxcar16,mem[1][7],train,zipcpu_filters,arithmetic_dsp,input_to_reg,1.287931,1.2876304,0.00030056119537347215
boxcar16,mem[1][8],train,zipcpu_filters,arithmetic_dsp,input_to_reg,1.287931,1.2876304,0.00030056119537347215
boxcar16,mem[1][9],train,zipcpu_filters,arithmetic_dsp,input_to_reg,1.287931,1.2876304,0.00030056119537347215
boxcar16,mem[2][0],train,zipcpu_filters,arithmetic_dsp,input_to_reg,1.287931,1.2877741,0.00015691400146478074
boxcar16,mem[2][10],train,zipcpu_filters,arithmetic_dsp,input_to_reg,1.287931,1.2877741,0.00015691400146478074
boxcar16,mem[2][11],train,zipcpu_filters,arithmetic_dsp,input_to_reg,1.287931,1.2877741,0.00015691400146478074
boxcar16,mem[2][12],train,zipcpu_filters,arithmetic_dsp,input_to_reg,1.287931,1.2877741,0.00015691400146478074
boxcar16,mem[2][13],train,zipcpu_filters,arithmetic_dsp,input_to_reg,1.287931,1.2877741,0.00015691400146478074
boxcar16,mem[2][14],train,zipcpu_filters,arithmetic_dsp,input_to_reg,1.287931,1.2877741,0.00015691400146478074
boxcar16,mem[2][15],train,zipcpu_filters,arithmetic_dsp,input_to_reg,1.287931,1.2877741,0.00015691400146478074
boxcar16,mem[2][1],train,zipcpu_filters,arithmetic_dsp,input_to_reg,1.287931,1.2877741,0.00015691400146478074
boxcar16,mem[2][2],train,zipcpu_filters,arithmetic_dsp,input_to_reg,1.287931,1.2877741,0.00015691400146478074
boxcar16,mem[2][3],train,zipcpu_filters,arithmetic_dsp,input_to_reg,1.287931,1.2877741,0.00015691400146478074
boxcar16,mem[2][4],train,zipcpu_filters,arithmetic_dsp,input_to_reg,1.287931,1.2877741,0.00015691400146478074
boxcar16,mem[2][5],train,zipcpu_filters,arithmetic_dsp,input_to_reg,1.287931,1.2877741,0.00015691400146478074
boxcar16,mem[2][6],train,zipcpu_filters,arithmetic_dsp,input_to_reg,1.287931,1.2877741,0.00015691400146478074
boxcar16,mem[2][7],train,zipcpu_filters,arithmetic_dsp,input_to_reg,1.287931,1.2877741,0.00015691400146478074
boxcar16,mem[2][8],train,zipcpu_filters,arithmetic_dsp,input_to_reg,1.287931,1.2877741,0.00015691400146478074
boxcar16,mem[2][9],train,zipcpu_filters,arithmetic_dsp,input_to_reg,1.287931,1.2877741,0.00015691400146478074
boxcar16,mem[3][0],train,zipcpu_filters,arithmetic_dsp,input_to_reg,1.269134,1.2638819,0.005252078231811508
boxcar16,mem[3][10],train,zipcpu_filters,arithmetic_dsp,input_to_reg,1.269134,1.2638819,0.005252078231811508
boxcar16,mem[3][11],train,zipcpu_filters,arithmetic_dsp,input_to_reg,1.269134,1.2638819,0.005252078231811508
boxcar16,mem[3][12],train,zipcpu_filters,arithmetic_dsp,input_to_reg,1.269134,1.2638819,0.005252078231811508
boxcar16,mem[3][13],train,zipcpu_filters,arithmetic_dsp,input_to_reg,1.269134,1.2638819,0.005252078231811508
boxcar16,mem[3][14],train,zipcpu_filters,arithmetic_dsp,input_to_reg,1.269134,1.2638819,0.005252078231811508
boxcar16,mem[3][15],train,zipcpu_filters,arithmetic_dsp,input_to_reg,1.269134,1.2638819,0.005252078231811508
boxcar16,mem[3][1],train,zipcpu_filters,arithmetic_dsp,input_to_reg,1.269134,1.2638819,0.005252078231811508
boxcar16,mem[3][2],train,zipcpu_filters,arithmetic_dsp,input_to_reg,1.269134,1.2638819,0.005252078231811508
boxcar16,mem[3][3],train,zipcpu_filters,arithmetic_dsp,input_to_reg,1.269134,1.2638819,0.005252078231811508
boxcar16,mem[3][4],train,zipcpu_filters,arithmetic_dsp,input_to_reg,1.269134,1.2638819,0.005252078231811508
boxcar16,mem[3][5],train,zipcpu_filters,arithmetic_dsp,input_to_reg,1.269134,1.2638819,0.005252078231811508
boxcar16,mem[3][6],train,zipcpu_filters,arithmetic_dsp,input_to_reg,1.269134,1.2638819,0.005252078231811508
boxcar16,mem[3][7],train,zipcpu_filters,arithmetic_dsp,input_to_reg,1.269134,1.2638819,0.005252078231811508
boxcar16,mem[3][8],train,zipcpu_filters,arithmetic_dsp,input_to_reg,1.269134,1.2638819,0.005252078231811508
boxcar16,mem[3][9],train,zipcpu_filters,arithmetic_dsp,input_to_reg,1.269134,1.2638819,0.005252078231811508
boxcar16,mem[4][0],train,zipcpu_filters,arithmetic_dsp,input_to_reg,1.283107,1.2831097,2.6649169921899585e-06
boxcar16,mem[4][10],train,zipcpu_filters,arithmetic_dsp,input_to_reg,1.283107,1.2831097,2.6649169921899585e-06
boxcar16,mem[4][11],train,zipcpu_filters,arithmetic_dsp,input_to_reg,1.283107,1.2831097,2.6649169921899585e-06
boxcar16,mem[4][12],train,zipcpu_filters,arithmetic_dsp,input_to_reg,1.283107,1.2831097,2.6649169921899585e-06
boxcar16,mem[4][13],train,zipcpu_filters,arithmetic_dsp,input_to_reg,1.283107,1.2831097,2.6649169921899585e-06
boxcar16,mem[4][14],train,zipcpu_filters,arithmetic_dsp,input_to_reg,1.283107,1.2831097,2.6649169921899585e-06
boxcar16,mem[4][15],train,zipcpu_filters,arithmetic_dsp,input_to_reg,1.283107,1.2831097,2.6649169921899585e-06
boxcar16,mem[4][1],train,zipcpu_filters,arithmetic_dsp,input_to_reg,1.283107,1.2831097,2.6649169921899585e-06
boxcar16,mem[4][2],train,zipcpu_filters,arithmetic_dsp,input_to_reg,1.283107,1.2831097,2.6649169921899585e-06
boxcar16,mem[4][3],train,zipcpu_filters,arithmetic_dsp,input_to_reg,1.283107,1.2831097,2.6649169921899585e-06
boxcar16,mem[4][4],train,zipcpu_filters,arithmetic_dsp,input_to_reg,1.283107,1.2831097,2.6649169921899585e-06
boxcar16,mem[4][5],train,zipcpu_filters,arithmetic_dsp,input_to_reg,1.283107,1.2831097,2.6649169921899585e-06
boxcar16,mem[4][6],train,zipcpu_filters,arithmetic_dsp,input_to_reg,1.283107,1.2831097,2.6649169921899585e-06
boxcar16,mem[4][7],train,zipcpu_filters,arithmetic_dsp,input_to_reg,1.283107,1.2831097,2.6649169921899585e-06
boxcar16,mem[4][8],train,zipcpu_filters,arithmetic_dsp,input_to_reg,1.283107,1.2831097,2.6649169921899585e-06
boxcar16,mem[4][9],train,zipcpu_filters,arithmetic_dsp,input_to_reg,1.283107,1.2831097,2.6649169921899585e-06
boxcar16,mem[5][0],train,zipcpu_filters,arithmetic_dsp,input_to_reg,1.283107,1.2832122,0.00010518490600586183
boxcar16,mem[5][10],train,zipcpu_filters,arithmetic_dsp,input_to_reg,1.283107,1.2832122,0.00010518490600586183
boxcar16,mem[5][11],train,zipcpu_filters,arithmetic_dsp,input_to_reg,1.283107,1.2832122,0.00010518490600586183
boxcar16,mem[5][12],train,zipcpu_filters,arithmetic_dsp,input_to_reg,1.283107,1.2832122,0.00010518490600586183
boxcar16,mem[5][13],train,zipcpu_filters,arithmetic_dsp,input_to_reg,1.283107,1.2832122,0.00010518490600586183
boxcar16,mem[5][14],train,zipcpu_filters,arithmetic_dsp,input_to_reg,1.283107,1.2832122,0.00010518490600586183
boxcar16,mem[5][15],train,zipcpu_filters,arithmetic_dsp,input_to_reg,1.283107,1.2832122,0.00010518490600586183
boxcar16,mem[5][1],train,zipcpu_filters,arithmetic_dsp,input_to_reg,1.283107,1.2832122,0.00010518490600586183
boxcar16,mem[5][2],train,zipcpu_filters,arithmetic_dsp,input_to_reg,1.283107,1.2832122,0.00010518490600586183
boxcar16,mem[5][3],train,zipcpu_filters,arithmetic_dsp,input_to_reg,1.283107,1.2832122,0.00010518490600586183
boxcar16,mem[5][4],train,zipcpu_filters,arithmetic_dsp,input_to_reg,1.283107,1.2832122,0.00010518490600586183
boxcar16,mem[5][5],train,zipcpu_filters,arithmetic_dsp,input_to_reg,1.283107,1.2832122,0.00010518490600586183
boxcar16,mem[5][6],train,zipcpu_filters,arithmetic_dsp,input_to_reg,1.283107,1.2832122,0.00010518490600586183
boxcar16,mem[5][7],train,zipcpu_filters,arithmetic_dsp,input_to_reg,1.283107,1.2832122,0.00010518490600586183
boxcar16,mem[5][8],train,zipcpu_filters,arithmetic_dsp,input_to_reg,1.283107,1.2832122,0.00010518490600586183
boxcar16,mem[5][9],train,zipcpu_filters,arithmetic_dsp,input_to_reg,1.283107,1.2832122,0.00010518490600586183
boxcar16,mem[6][0],train,zipcpu_filters,arithmetic_dsp,input_to_reg,1.283107,1.2831097,2.6649169921899585e-06
boxcar16,mem[6][10],train,zipcpu_filters,arithmetic_dsp,input_to_reg,1.283107,1.2831097,2.6649169921899585e-06
boxcar16,mem[6][11],train,zipcpu_filters,arithmetic_dsp,input_to_reg,1.283107,1.2831097,2.6649169921899585e-06
boxcar16,mem[6][12],train,zipcpu_filters,arithmetic_dsp,input_to_reg,1.283107,1.2831097,2.6649169921899585e-06
boxcar16,mem[6][13],train,zipcpu_filters,arithmetic_dsp,input_to_reg,1.283107,1.2831097,2.6649169921899585e-06
boxcar16,mem[6][14],train,zipcpu_filters,arithmetic_dsp,input_to_reg,1.283107,1.2831097,2.6649169921899585e-06
boxcar16,mem[6][15],train,zipcpu_filters,arithmetic_dsp,input_to_reg,1.283107,1.2831097,2.6649169921899585e-06
boxcar16,mem[6][1],train,zipcpu_filters,arithmetic_dsp,input_to_reg,1.283107,1.2831097,2.6649169921899585e-06
boxcar16,mem[6][2],train,zipcpu_filters,arithmetic_dsp,input_to_reg,1.283107,1.2831097,2.6649169921899585e-06
boxcar16,mem[6][3],train,zipcpu_filters,arithmetic_dsp,input_to_reg,1.283107,1.2831097,2.6649169921899585e-06
boxcar16,mem[6][4],train,zipcpu_filters,arithmetic_dsp,input_to_reg,1.283107,1.2831097,2.6649169921899585e-06
boxcar16,mem[6][5],train,zipcpu_filters,arithmetic_dsp,input_to_reg,1.283107,1.2831097,2.6649169921899585e-06
boxcar16,mem[6][6],train,zipcpu_filters,arithmetic_dsp,input_to_reg,1.283107,1.2831097,2.6649169921899585e-06
boxcar16,mem[6][7],train,zipcpu_filters,arithmetic_dsp,input_to_reg,1.283107,1.2831097,2.6649169921899585e-06
boxcar16,mem[6][8],train,zipcpu_filters,arithmetic_dsp,input_to_reg,1.283107,1.2831097,2.6649169921899585e-06
boxcar16,mem[6][9],train,zipcpu_filters,arithmetic_dsp,input_to_reg,1.283107,1.2831097,2.6649169921899585e-06
boxcar16,mem[7][0],train,zipcpu_filters,arithmetic_dsp,input_to_reg,1.253258,1.2638819,0.010623921768188493
boxcar16,mem[7][10],train,zipcpu_filters,arithmetic_dsp,input_to_reg,1.253258,1.2638819,0.010623921768188493
boxcar16,mem[7][11],train,zipcpu_filters,arithmetic_dsp,input_to_reg,1.253258,1.2638819,0.010623921768188493
boxcar16,mem[7][12],train,zipcpu_filters,arithmetic_dsp,input_to_reg,1.253258,1.2638819,0.010623921768188493
boxcar16,mem[7][13],train,zipcpu_filters,arithmetic_dsp,input_to_reg,1.253258,1.2638819,0.010623921768188493
boxcar16,mem[7][14],train,zipcpu_filters,arithmetic_dsp,input_to_reg,1.253258,1.2638819,0.010623921768188493
boxcar16,mem[7][15],train,zipcpu_filters,arithmetic_dsp,input_to_reg,1.253258,1.2638819,0.010623921768188493
boxcar16,mem[7][1],train,zipcpu_filters,arithmetic_dsp,input_to_reg,1.253258,1.2638819,0.010623921768188493
boxcar16,mem[7][2],train,zipcpu_filters,arithmetic_dsp,input_to_reg,1.253258,1.2638819,0.010623921768188493
boxcar16,mem[7][3],train,zipcpu_filters,arithmetic_dsp,input_to_reg,1.253258,1.2638819,0.010623921768188493
boxcar16,mem[7][4],train,zipcpu_filters,arithmetic_dsp,input_to_reg,1.253258,1.2638819,0.010623921768188493
boxcar16,mem[7][5],train,zipcpu_filters,arithmetic_dsp,input_to_reg,1.253258,1.2638819,0.010623921768188493
boxcar16,mem[7][6],train,zipcpu_filters,arithmetic_dsp,input_to_reg,1.253258,1.2638819,0.010623921768188493
boxcar16,mem[7][7],train,zipcpu_filters,arithmetic_dsp,input_to_reg,1.253258,1.2638819,0.010623921768188493
boxcar16,mem[7][8],train,zipcpu_filters,arithmetic_dsp,input_to_reg,1.253258,1.2638819,0.010623921768188493
boxcar16,mem[7][9],train,zipcpu_filters,arithmetic_dsp,input_to_reg,1.253258,1.2638819,0.010623921768188493
boxcar16,mem[8][0],train,zipcpu_filters,arithmetic_dsp,input_to_reg,1.283107,1.2831097,2.6649169921899585e-06
boxcar16,mem[8][10],train,zipcpu_filters,arithmetic_dsp,input_to_reg,1.283107,1.2831097,2.6649169921899585e-06
boxcar16,mem[8][11],train,zipcpu_filters,arithmetic_dsp,input_to_reg,1.283107,1.2831097,2.6649169921899585e-06
boxcar16,mem[8][12],train,zipcpu_filters,arithmetic_dsp,input_to_reg,1.283107,1.2831097,2.6649169921899585e-06
boxcar16,mem[8][13],train,zipcpu_filters,arithmetic_dsp,input_to_reg,1.283107,1.2831097,2.6649169921899585e-06
boxcar16,mem[8][14],train,zipcpu_filters,arithmetic_dsp,input_to_reg,1.283107,1.2831097,2.6649169921899585e-06
boxcar16,mem[8][15],train,zipcpu_filters,arithmetic_dsp,input_to_reg,1.283107,1.2831097,2.6649169921899585e-06
boxcar16,mem[8][1],train,zipcpu_filters,arithmetic_dsp,input_to_reg,1.283107,1.2831097,2.6649169921899585e-06
boxcar16,mem[8][2],train,zipcpu_filters,arithmetic_dsp,input_to_reg,1.283107,1.2831097,2.6649169921899585e-06
boxcar16,mem[8][3],train,zipcpu_filters,arithmetic_dsp,input_to_reg,1.283107,1.2831097,2.6649169921899585e-06
boxcar16,mem[8][4],train,zipcpu_filters,arithmetic_dsp,input_to_reg,1.283107,1.2831097,2.6649169921899585e-06
boxcar16,mem[8][5],train,zipcpu_filters,arithmetic_dsp,input_to_reg,1.283107,1.2831097,2.6649169921899585e-06
boxcar16,mem[8][6],train,zipcpu_filters,arithmetic_dsp,input_to_reg,1.283107,1.2831097,2.6649169921899585e-06
boxcar16,mem[8][7],train,zipcpu_filters,arithmetic_dsp,input_to_reg,1.283107,1.2831097,2.6649169921899585e-06
boxcar16,mem[8][8],train,zipcpu_filters,arithmetic_dsp,input_to_reg,1.283107,1.2831097,2.6649169921899585e-06
boxcar16,mem[8][9],train,zipcpu_filters,arithmetic_dsp,input_to_reg,1.283107,1.2831097,2.6649169921899585e-06
boxcar16,mem[9][0],train,zipcpu_filters,arithmetic_dsp,input_to_reg,1.283107,1.2832122,0.00010518490600586183
boxcar16,mem[9][10],train,zipcpu_filters,arithmetic_dsp,input_to_reg,1.283107,1.2832122,0.00010518490600586183
boxcar16,mem[9][11],train,zipcpu_filters,arithmetic_dsp,input_to_reg,1.283107,1.2832122,0.00010518490600586183
boxcar16,mem[9][12],train,zipcpu_filters,arithmetic_dsp,input_to_reg,1.283107,1.2832122,0.00010518490600586183
boxcar16,mem[9][13],train,zipcpu_filters,arithmetic_dsp,input_to_reg,1.283107,1.2832122,0.00010518490600586183
boxcar16,mem[9][14],train,zipcpu_filters,arithmetic_dsp,input_to_reg,1.283107,1.2832122,0.00010518490600586183
boxcar16,mem[9][15],train,zipcpu_filters,arithmetic_dsp,input_to_reg,1.283107,1.2832122,0.00010518490600586183
boxcar16,mem[9][1],train,zipcpu_filters,arithmetic_dsp,input_to_reg,1.283107,1.2832122,0.00010518490600586183
boxcar16,mem[9][2],train,zipcpu_filters,arithmetic_dsp,input_to_reg,1.283107,1.2832122,0.00010518490600586183
boxcar16,mem[9][3],train,zipcpu_filters,arithmetic_dsp,input_to_reg,1.283107,1.2832122,0.00010518490600586183
boxcar16,mem[9][4],train,zipcpu_filters,arithmetic_dsp,input_to_reg,1.283107,1.2832122,0.00010518490600586183
boxcar16,mem[9][5],train,zipcpu_filters,arithmetic_dsp,input_to_reg,1.283107,1.2832122,0.00010518490600586183
boxcar16,mem[9][6],train,zipcpu_filters,arithmetic_dsp,input_to_reg,1.283107,1.2832122,0.00010518490600586183
boxcar16,mem[9][7],train,zipcpu_filters,arithmetic_dsp,input_to_reg,1.283107,1.2832122,0.00010518490600586183
boxcar16,mem[9][8],train,zipcpu_filters,arithmetic_dsp,input_to_reg,1.283107,1.2832122,0.00010518490600586183
boxcar16,mem[9][9],train,zipcpu_filters,arithmetic_dsp,input_to_reg,1.283107,1.2832122,0.00010518490600586183
boxcar16,memval[0],train,zipcpu_filters,arithmetic_dsp,input_to_reg,1.583821,1.5836892,0.00013178720092765772
boxcar16,memval[10],train,zipcpu_filters,arithmetic_dsp,input_to_reg,1.583821,1.5835823,0.0002387179336547085
boxcar16,memval[11],train,zipcpu_filters,arithmetic_dsp,input_to_reg,1.521812,1.5213666,0.0004454037780761144
boxcar16,memval[12],train,zipcpu_filters,arithmetic_dsp,input_to_reg,1.521812,1.5213666,0.0004454037780761144
boxcar16,memval[13],train,zipcpu_filters,arithmetic_dsp,input_to_reg,1.521812,1.5213666,0.0004454037780761144
boxcar16,memval[14],train,zipcpu_filters,arithmetic_dsp,input_to_reg,1.521812,1.5213666,0.0004454037780761144
boxcar16,memval[15],train,zipcpu_filters,arithmetic_dsp,input_to_reg,1.583821,1.5836892,0.00013178720092765772
boxcar16,memval[1],train,zipcpu_filters,arithmetic_dsp,input_to_reg,1.583821,1.5836892,0.00013178720092765772
boxcar16,memval[2],train,zipcpu_filters,arithmetic_dsp,input_to_reg,1.583821,1.5835823,0.0002387179336547085
boxcar16,memval[3],train,zipcpu_filters,arithmetic_dsp,input_to_reg,1.521812,1.5213666,0.0004454037780761144
boxcar16,memval[4],train,zipcpu_filters,arithmetic_dsp,input_to_reg,1.521812,1.5213666,0.0004454037780761144
boxcar16,memval[5],train,zipcpu_filters,arithmetic_dsp,input_to_reg,1.583821,1.5836892,0.00013178720092765772
boxcar16,memval[6],train,zipcpu_filters,arithmetic_dsp,input_to_reg,1.583821,1.5836892,0.00013178720092765772
boxcar16,memval[7],train,zipcpu_filters,arithmetic_dsp,input_to_reg,1.519901,1.5213666,0.0014655962219238816
boxcar16,memval[8],train,zipcpu_filters,arithmetic_dsp,input_to_reg,1.519901,1.5213666,0.0014655962219238816
boxcar16,memval[9],train,zipcpu_filters,arithmetic_dsp,input_to_reg,1.521812,1.5213666,0.0004454037780761144
boxcar16,o_result[0],train,zipcpu_filters,arithmetic_dsp,input_to_reg,1.548161,1.5025854,0.045575588928222555
boxcar16,o_result[10],train,zipcpu_filters,arithmetic_dsp,input_to_reg,1.548161,1.5025854,0.045575588928222555
boxcar16,o_result[11],train,zipcpu_filters,arithmetic_dsp,input_to_reg,1.548161,1.5025854,0.045575588928222555
boxcar16,o_result[12],train,zipcpu_filters,arithmetic_dsp,input_to_reg,1.548161,1.5025854,0.045575588928222555
boxcar16,o_result[13],train,zipcpu_filters,arithmetic_dsp,input_to_reg,1.548161,1.5025854,0.045575588928222555
boxcar16,o_result[14],train,zipcpu_filters,arithmetic_dsp,input_to_reg,1.548161,1.5025854,0.045575588928222555
boxcar16,o_result[15],train,zipcpu_filters,arithmetic_dsp,input_to_reg,1.548161,1.5025854,0.045575588928222555
boxcar16,o_result[16],train,zipcpu_filters,arithmetic_dsp,input_to_reg,1.069889,1.5025854,0.43269641107177725
boxcar16,o_result[17],train,zipcpu_filters,arithmetic_dsp,input_to_reg,1.532403,1.5025854,0.029817588928222616
boxcar16,o_result[18],train,zipcpu_filters,arithmetic_dsp,input_to_reg,1.548161,1.5025854,0.045575588928222555
boxcar16,o_result[19],train,zipcpu_filters,arithmetic_dsp,input_to_reg,1.548161,1.5025854,0.045575588928222555
boxcar16,o_result[1],train,zipcpu_filters,arithmetic_dsp,input_to_reg,1.548161,1.5025854,0.045575588928222555
boxcar16,o_result[2],train,zipcpu_filters,arithmetic_dsp,input_to_reg,1.548161,1.5025854,0.045575588928222555
boxcar16,o_result[3],train,zipcpu_filters,arithmetic_dsp,input_to_reg,1.548161,1.5025854,0.045575588928222555
boxcar16,o_result[4],train,zipcpu_filters,arithmetic_dsp,input_to_reg,1.548161,1.5025854,0.045575588928222555
boxcar16,o_result[5],train,zipcpu_filters,arithmetic_dsp,input_to_reg,1.548161,1.5025854,0.045575588928222555
boxcar16,o_result[6],train,zipcpu_filters,arithmetic_dsp,input_to_reg,1.548161,1.5025854,0.045575588928222555
boxcar16,o_result[7],train,zipcpu_filters,arithmetic_dsp,input_to_reg,1.548161,1.5025854,0.045575588928222555
boxcar16,o_result[8],train,zipcpu_filters,arithmetic_dsp,input_to_reg,1.548161,1.5025854,0.045575588928222555
boxcar16,o_result[9],train,zipcpu_filters,arithmetic_dsp,input_to_reg,1.548161,1.5025854,0.045575588928222555
boxcar16,preval[0],train,zipcpu_filters,arithmetic_dsp,input_to_reg,1.548161,1.5481182,4.276631927480068e-05
boxcar16,preval[10],train,zipcpu_filters,arithmetic_dsp,input_to_reg,1.548161,1.5481182,4.276631927480068e-05
boxcar16,preval[11],train,zipcpu_filters,arithmetic_dsp,input_to_reg,1.548161,1.5481182,4.276631927480068e-05
boxcar16,preval[12],train,zipcpu_filters,arithmetic_dsp,input_to_reg,1.548161,1.5481182,4.276631927480068e-05
boxcar16,preval[13],train,zipcpu_filters,arithmetic_dsp,input_to_reg,1.548161,1.5481182,4.276631927480068e-05
boxcar16,preval[14],train,zipcpu_filters,arithmetic_dsp,input_to_reg,1.548161,1.5481182,4.276631927480068e-05
boxcar16,preval[15],train,zipcpu_filters,arithmetic_dsp,input_to_reg,1.548161,1.5481182,4.276631927480068e-05
boxcar16,preval[1],train,zipcpu_filters,arithmetic_dsp,input_to_reg,1.548161,1.5481182,4.276631927480068e-05
boxcar16,preval[2],train,zipcpu_filters,arithmetic_dsp,input_to_reg,1.548161,1.5481182,4.276631927480068e-05
boxcar16,preval[3],train,zipcpu_filters,arithmetic_dsp,input_to_reg,1.548161,1.5481182,4.276631927480068e-05
boxcar16,preval[4],train,zipcpu_filters,arithmetic_dsp,input_to_reg,1.548161,1.5481182,4.276631927480068e-05
boxcar16,preval[5],train,zipcpu_filters,arithmetic_dsp,input_to_reg,1.548161,1.5481182,4.276631927480068e-05
boxcar16,preval[6],train,zipcpu_filters,arithmetic_dsp,input_to_reg,1.548161,1.5481182,4.276631927480068e-05
boxcar16,preval[7],train,zipcpu_filters,arithmetic_dsp,input_to_reg,1.548161,1.5481182,4.276631927480068e-05
boxcar16,preval[8],train,zipcpu_filters,arithmetic_dsp,input_to_reg,1.548161,1.5481182,4.276631927480068e-05
boxcar16,preval[9],train,zipcpu_filters,arithmetic_dsp,input_to_reg,1.548161,1.5481182,4.276631927480068e-05
boxcar16,rdaddr[0],train,zipcpu_filters,arithmetic_dsp,input_to_reg,1.054386,1.0547483,0.000362296737670853
boxcar16,rdaddr[1],train,zipcpu_filters,arithmetic_dsp,input_to_reg,1.08549,1.5025854,0.4170954110717773
boxcar16,rdaddr[2],train,zipcpu_filters,arithmetic_dsp,input_to_reg,1.522238,1.5219682,0.0002697544937133589
boxcar16,rdaddr[3],train,zipcpu_filters,arithmetic_dsp,input_to_reg,1.528004,1.529815,0.0018109585723877775
boxcar16,sub[0],train,zipcpu_filters,arithmetic_dsp,input_to_reg,1.063915,1.0655142,0.0015992068862915598
boxcar16,sub[10],train,zipcpu_filters,arithmetic_dsp,input_to_reg,1.515529,1.5166116,0.0010825760803223616
boxcar16,sub[11],train,zipcpu_filters,arithmetic_dsp,input_to_reg,1.525437,1.5246413,0.0007957245941161428
boxcar16,sub[12],train,zipcpu_filters,arithmetic_dsp,reg_to_reg,1.515529,1.5156577,0.00012866334533701007
boxcar16,sub[13],train,zipcpu_filters,arithmetic_dsp,reg_to_reg,1.525437,1.525265,0.00017202159118645532
boxcar16,sub[14],train,zipcpu_filters,arithmetic_dsp,reg_to_reg,1.515529,1.5153363,0.00019272489929189618
boxcar16,sub[15],train,zipcpu_filters,arithmetic_dsp,reg_to_reg,1.525437,1.5249938,0.00044322272491448267
boxcar16,sub[16],train,zipcpu_filters,arithmetic_dsp,reg_to_reg,1.515529,1.5156733,0.00014427976226816241
boxcar16,sub[1],train,zipcpu_filters,arithmetic_dsp,input_to_reg,1.081605,1.0819292,0.00032420684814460365
boxcar16,sub[2],train,zipcpu_filters,arithmetic_dsp,input_to_reg,1.081605,1.0816346,2.9640693664623186e-05
boxcar16,sub[3],train,zipcpu_filters,arithmetic_dsp,input_to_reg,1.525437,1.5245936,0.0008434083099364553
boxcar16,sub[4],train,zipcpu_filters,arithmetic_dsp,input_to_reg,1.515529,1.516598,0.0010689862213135726
boxcar16,sub[5],train,zipcpu_filters,arithmetic_dsp,input_to_reg,1.534702,1.5340807,0.000621256210327159
boxcar16,sub[6],train,zipcpu_filters,arithmetic_dsp,input_to_reg,1.515529,1.5143269,0.001202069953918361
boxcar16,sub[7],train,zipcpu_filters,arithmetic_dsp,input_to_reg,1.525437,1.5251092,0.0003278281326293264
boxcar16,sub[8],train,zipcpu_filters,arithmetic_dsp,input_to_reg,1.515529,1.5165256,0.0009966261825562484
boxcar16,sub[9],train,zipcpu_filters,arithmetic_dsp,input_to_reg,1.525437,1.524735,0.0007020260925292288
boxcar16,wraddr[0],train,zipcpu_filters,arithmetic_dsp,input_to_reg,1.525437,1.5255817,0.00014471749114997046
boxcar16,wraddr[1],train,zipcpu_filters,arithmetic_dsp,input_to_reg,1.093897,1.0941604,0.00026343758392344263
boxcar16,wraddr[2],train,zipcpu_filters,arithmetic_dsp,input_to_reg,1.121612,1.1213033,0.00030868006896977995
boxcar16,wraddr[3],train,zipcpu_filters,arithmetic_dsp,input_to_reg,1.166365,1.1667601,0.00039508701324453277
aes128,dcnt[0],train,opencores_aes,crypto_checksum,input_to_reg,1.066097,1.1925726,0.12647559368896477
aes128,dcnt[1],train,opencores_aes,crypto_checksum,input_to_reg,1.053188,1.1925726,0.13938459368896483
aes128,dcnt[2],train,opencores_aes,crypto_checksum,input_to_reg,1.05941,1.0596621,0.0002521036529541387
aes128,dcnt[3],train,opencores_aes,crypto_checksum,input_to_reg,1.459203,1.1925726,0.2666304063110352
aes128,done,train,opencores_aes,crypto_checksum,input_to_reg,1.48683,1.482798,0.004032019691467381
aes128,ld_r,train,opencores_aes,crypto_checksum,input_to_reg,1.0,1.0010113,0.0010112524032592773
aes128,sa00_sr[0],train,opencores_aes,crypto_checksum,reg_to_reg,1.89437,1.8938781,0.0004918976974488398
aes128,sa00_sr[1],train,opencores_aes,crypto_checksum,reg_to_reg,1.88635,1.8867556,0.0004055856704712202
aes128,sa00_sr[2],train,opencores_aes,crypto_checksum,reg_to_reg,1.889581,1.8897591,0.0001780637207031699
aes128,sa00_sr[3],train,opencores_aes,crypto_checksum,reg_to_reg,1.888188,1.8882774,8.941146087648733e-05
aes128,sa00_sr[4],train,opencores_aes,crypto_checksum,reg_to_reg,1.875272,1.8755347,0.0002626536636352039
aes128,sa00_sr[5],train,opencores_aes,crypto_checksum,reg_to_reg,1.845651,1.8482403,0.002589256309509347
aes128,sa00_sr[6],train,opencores_aes,crypto_checksum,reg_to_reg,1.893014,1.8925592,0.0004548292770385487
aes128,sa00_sr[7],train,opencores_aes,crypto_checksum,reg_to_reg,1.879272,1.8797021,0.0004300912170409621
aes128,sa01_sr[0],train,opencores_aes,crypto_checksum,reg_to_reg,1.871693,1.8721226,0.00042964537811274184
aes128,sa01_sr[1],train,opencores_aes,crypto_checksum,reg_to_reg,1.863366,1.8637407,0.0003746826019286331
aes128,sa01_sr[2],train,opencores_aes,crypto_checksum,reg_to_reg,1.875133,1.8751178,1.5221221923766848e-05
aes128,sa01_sr[3],train,opencores_aes,crypto_checksum,reg_to_reg,1.86869,1.8688313,0.00014127689361576046
aes128,sa01_sr[4],train,opencores_aes,crypto_checksum,reg_to_reg,1.873803,1.8746412,0.000838180038452041
aes128,sa01_sr[5],train,opencores_aes,crypto_checksum,reg_to_reg,1.876886,1.8769981,0.00011206690216059023
aes128,sa01_sr[6],train,opencores_aes,crypto_checksum,reg_to_reg,1.946147,1.9472798,0.0011328109054564717
aes128,sa01_sr[7],train,opencores_aes,crypto_checksum,reg_to_reg,1.878714,1.8791461,0.0004320990905761768
aes128,sa02_sr[0],train,opencores_aes,crypto_checksum,reg_to_reg,1.841262,1.8431156,0.001853568161010788
aes128,sa02_sr[1],train,opencores_aes,crypto_checksum,reg_to_reg,1.861371,1.8612725,9.854573822032364e-05
aes128,sa02_sr[2],train,opencores_aes,crypto_checksum,reg_to_reg,1.883432,1.8838047,0.0003726789169311573
aes128,sa02_sr[3],train,opencores_aes,crypto_checksum,reg_to_reg,1.879714,1.8795683,0.00014566160583506793
aes128,sa02_sr[4],train,opencores_aes,crypto_checksum,reg_to_reg,1.912418,1.913171,0.0007530529327393065
aes128,sa02_sr[5],train,opencores_aes,crypto_checksum,reg_to_reg,1.853255,1.8535143,0.0002593136978148447
aes128,sa02_sr[6],train,opencores_aes,crypto_checksum,reg_to_reg,1.841718,1.8430052,0.0012871803588867525
aes128,sa02_sr[7],train,opencores_aes,crypto_checksum,reg_to_reg,1.89051,1.8908044,0.00029440998077401304
aes128,sa03_sr[0],train,opencores_aes,crypto_checksum,reg_to_reg,1.866273,1.8666515,0.00037853503417961676
aes128,sa03_sr[1],train,opencores_aes,crypto_checksum,reg_to_reg,1.910054,1.909202,0.0008520203628539225
aes128,sa03_sr[2],train,opencores_aes,crypto_checksum,reg_to_reg,1.895354,1.8963026,0.0009485808334350754
aes128,sa03_sr[3],train,opencores_aes,crypto_checksum,reg_to_reg,1.881695,1.8824677,0.0007727467346192451
aes128,sa03_sr[4],train,opencores_aes,crypto_checksum,reg_to_reg,1.90983,1.9095876,0.00024237831115714314
aes128,sa03_sr[5],train,opencores_aes,crypto_checksum,reg_to_reg,1.900886,1.9011962,0.00031024137878410407
aes128,sa03_sr[6],train,opencores_aes,crypto_checksum,reg_to_reg,1.921583,1.9216502,6.717127990718552e-05
aes128,sa03_sr[7],train,opencores_aes,crypto_checksum,reg_to_reg,1.903721,1.904018,0.0002970444717407261
aes128,sa10_sr[0],train,opencores_aes,crypto_checksum,reg_to_reg,1.873865,1.8742453,0.00038028598785411205
aes128,sa10_sr[1],train,opencores_aes,crypto_checksum,reg_to_reg,1.867103,1.8683385,0.0012354656906128358
aes128,sa10_sr[2],train,opencores_aes,crypto_checksum,reg_to_reg,1.8863,1.8856044,0.0006956184387207909
aes128,sa10_sr[3],train,opencores_aes,crypto_checksum,reg_to_reg,1.873963,1.8938936,0.019930599510192826
aes128,sa10_sr[4],train,opencores_aes,crypto_checksum,reg_to_reg,1.883751,1.8836663,8.472306823725795e-05
aes128,sa10_sr[5],train,opencores_aes,crypto_checksum,reg_to_reg,1.863361,1.8629435,0.00041746991729740834
aes128,sa10_sr[6],train,opencores_aes,crypto_checksum,reg_to_reg,1.873047,1.8720895,0.0009574948043822307
aes128,sa10_sr[7],train,opencores_aes,crypto_checksum,reg_to_reg,1.89018,1.8903062,0.00012623435974123964
aes128,sa11_sr[0],train,opencores_aes,crypto_checksum,reg_to_reg,1.992827,1.9898013,0.0030257123489378923
aes128,sa11_sr[1],train,opencores_aes,crypto_checksum,reg_to_reg,1.920577,1.9200332,0.000543783523559549
aes128,sa11_sr[2],train,opencores_aes,crypto_checksum,reg_to_reg,1.952002,1.9524796,0.00047760090637205543
aes128,sa11_sr[3],train,opencores_aes,crypto_checksum,reg_to_reg,1.922676,1.9232293,0.0005533367385863741
aes128,sa11_sr[4],train,opencores_aes,crypto_checksum,reg_to_reg,1.944303,1.9426644,0.0016386151580809472
aes128,sa11_sr[5],train,opencores_aes,crypto_checksum,reg_to_reg,1.949265,1.9486217,0.0006432501220703379
aes128,sa11_sr[6],train,opencores_aes,crypto_checksum,reg_to_reg,1.950613,1.9504265,0.00018654068756096542
aes128,sa11_sr[7],train,opencores_aes,crypto_checksum,reg_to_reg,1.915748,1.91544,0.0003080366592407291
aes128,sa12_sr[0],train,opencores_aes,crypto_checksum,reg_to_reg,1.874806,1.8745744,0.00023157716369626158
aes128,sa12_sr[1],train,opencores_aes,crypto_checksum,reg_to_reg,1.8941,1.8940816,1.8407440185441715e-05
aes128,sa12_sr[2],train,opencores_aes,crypto_checksum,reg_to_reg,1.896739,1.8966883,5.065790557856609e-05
aes128,sa12_sr[3],train,opencores_aes,crypto_checksum,reg_to_reg,1.90658,1.906081,0.0004990387725829493
aes128,sa12_sr[4],train,opencores_aes,crypto_checksum,reg_to_reg,1.869592,1.8701363,0.0005442609863282044
aes128,sa12_sr[5],train,opencores_aes,crypto_checksum,reg_to_reg,1.902028,1.9022017,0.00017365252685541677
aes128,sa12_sr[6],train,opencores_aes,crypto_checksum,reg_to_reg,1.895421,1.8944433,0.000977726455688499
aes128,sa12_sr[7],train,opencores_aes,crypto_checksum,reg_to_reg,1.870561,1.8696624,0.0008985959396361487
aes128,sa13_sr[0],train,opencores_aes,crypto_checksum,reg_to_reg,1.94102,1.9401186,0.0009014487457275067
aes128,sa13_sr[1],train,opencores_aes,crypto_checksum,reg_to_reg,1.910463,1.9099073,0.0005556589965820535
aes128,sa13_sr[2],train,opencores_aes,crypto_checksum,reg_to_reg,1.924801,1.9248587,5.768930816651974e-05
aes128,sa13_sr[3],train,opencores_aes,crypto_checksum,reg_to_reg,1.913275,1.8938936,0.019381400489807188
aes128,sa13_sr[4],train,opencores_aes,crypto_checksum,reg_to_reg,1.916089,1.9155952,0.0004938261642455366
aes128,sa13_sr[5],train,opencores_aes,crypto_checksum,reg_to_reg,1.885897,1.8857615,0.00013550059509270795
aes128,sa13_sr[6],train,opencores_aes,crypto_checksum,reg_to_reg,1.931978,1.9323522,0.00037418524932864017
aes128,sa13_sr[7],train,opencores_aes,crypto_checksum,reg_to_reg,1.924252,1.9236382,0.000613775398254468
aes128,sa20_sr[0],train,opencores_aes,crypto_checksum,reg_to_reg,1.947138,1.9464501,0.00068788574981693
aes128,sa20_sr[1],train,opencores_aes,crypto_checksum,reg_to_reg,1.932507,1.9351565,0.0026494645767212166
aes128,sa20_sr[2],train,opencores_aes,crypto_checksum,reg_to_reg,1.95818,1.9592731,0.0010930998992919605
aes128,sa20_sr[3],train,opencores_aes,crypto_checksum,reg_to_reg,1.963948,1.9620757,0.0018722897033691677
aes128,sa20_sr[4],train,opencores_aes,crypto_checksum,reg_to_reg,1.966176,1.9645747,0.001601305366516037
aes128,sa20_sr[5],train,opencores_aes,crypto_checksum,reg_to_reg,1.91148,1.9115391,5.907775878899457e-05
aes128,sa20_sr[6],train,opencores_aes,crypto_checksum,reg_to_reg,1.942015,1.941539,0.00047595085144047644
aes128,sa20_sr[7],train,opencores_aes,crypto_checksum,reg_to_reg,1.953962,1.9552122,0.0012502354507446523
aes128,sa21_sr[0],train,opencores_aes,crypto_checksum,reg_to_reg,1.931227,1.9313606,0.00013360237884518789
aes128,sa21_sr[1],train,opencores_aes,crypto_checksum,reg_to_reg,1.947534,1.947751,0.00021704522705068285
aes128,sa21_sr[2],train,opencores_aes,crypto_checksum,reg_to_reg,1.936571,1.9367067,0.00013566217803950842
aes128,sa21_sr[3],train,opencores_aes,crypto_checksum,reg_to_reg,1.93576,1.9355788,0.0001811769104003158
aes128,sa21_sr[4],train,opencores_aes,crypto_checksum,reg_to_reg,1.968755,1.9677328,0.0010222128677368492
aes128,sa21_sr[5],train,opencores_aes,crypto_checksum,reg_to_reg,1.94383,1.9425088,0.001321183280944771
aes128,sa21_sr[6],train,opencores_aes,crypto_checksum,reg_to_reg,1.927808,1.9279691,0.0001610980911255222
aes128,sa21_sr[7],train,opencores_aes,crypto_checksum,reg_to_reg,1.95877,1.9580477,0.0007222523880003884
aes128,sa22_sr[0],train,opencores_aes,crypto_checksum,reg_to_reg,1.883525,1.8838142,0.00028921566009532107
aes128,sa22_sr[1],train,opencores_aes,crypto_checksum,reg_to_reg,1.890349,1.8903,4.896452331548673e-05
aes128,sa22_sr[2],train,opencores_aes,crypto_checksum,reg_to_reg,1.893497,1.8932993,0.0001976587982177591
aes128,sa22_sr[3],train,opencores_aes,crypto_checksum,reg_to_reg,1.881352,1.8814431,9.114289093026251e-05
aes128,sa22_sr[4],train,opencores_aes,crypto_checksum,reg_to_reg,1.863097,1.8633285,0.0002314568786621063
aes128,sa22_sr[5],train,opencores_aes,crypto_checksum,reg_to_reg,1.877184,1.8769798,0.00020417211914058875
aes128,sa22_sr[6],train,opencores_aes,crypto_checksum,reg_to_reg,1.887388,1.8874726,8.4629547119075e-05
aes128,sa22_sr[7],train,opencores_aes,crypto_checksum,reg_to_reg,1.869337,1.8694072,7.017697143552049e-05
aes128,sa23_sr[0],train,opencores_aes,crypto_checksum,reg_to_reg,1.9223,1.9231205,0.0008204986572266648
aes128,sa23_sr[1],train,opencores_aes,crypto_checksum,reg_to_reg,1.941555,1.9420108,0.00045576030731209194
aes128,sa23_sr[2],train,opencores_aes,crypto_checksum,reg_to_reg,1.933828,1.9331279,0.0007001199035645556
aes128,sa23_sr[3],train,opencores_aes,crypto_checksum,reg_to_reg,1.970689,1.9697618,0.0009271515502928818
aes128,sa23_sr[4],train,opencores_aes,crypto_checksum,reg_to_reg,1.914328,1.913966,0.0003620595245361624
aes128,sa23_sr[5],train,opencores_aes,crypto_checksum,reg_to_reg,1.897916,1.8970696,0.0008464265975951513
aes128,sa23_sr[6],train,opencores_aes,crypto_checksum,reg_to_reg,1.929725,1.9292982,0.00042683753967276417
aes128,sa23_sr[7],train,opencores_aes,crypto_checksum,reg_to_reg,1.901579,1.9017427,0.00016369676208505268
aes128,sa30_sr[0],train,opencores_aes,crypto_checksum,reg_to_reg,1.93748,1.9363531,0.0011269125747681574
aes128,sa30_sr[1],train,opencores_aes,crypto_checksum,reg_to_reg,1.882312,1.882548,0.00023597458648683123
aes128,sa30_sr[2],train,opencores_aes,crypto_checksum,reg_to_reg,1.892604,1.8919213,0.0006827181854247577
aes128,sa30_sr[3],train,opencores_aes,crypto_checksum,reg_to_reg,1.922498,1.9224794,1.860890197757925e-05
aes128,sa30_sr[4],train,opencores_aes,crypto_checksum,reg_to_reg,1.886599,1.8875812,0.0009822292098999874
aes128,sa30_sr[5],train,opencores_aes,crypto_checksum,reg_to_reg,1.918609,1.9187278,0.00011875554656981535
aes128,sa30_sr[6],train,opencores_aes,crypto_checksum,reg_to_reg,1.897397,1.8970113,0.0003857199401855471
aes128,sa30_sr[7],train,opencores_aes,crypto_checksum,reg_to_reg,1.857116,1.8585527,0.001436694320678722
aes128,sa31_sr[0],train,opencores_aes,crypto_checksum,reg_to_reg,1.910648,1.9100287,0.0006193039398192379
aes128,sa31_sr[1],train,opencores_aes,crypto_checksum,reg_to_reg,1.860858,1.8610698,0.00021179846954355597
aes128,sa31_sr[2],train,opencores_aes,crypto_checksum,reg_to_reg,1.882366,1.8820378,0.000328241172790511
aes128,sa31_sr[3],train,opencores_aes,crypto_checksum,reg_to_reg,1.829336,1.830553,0.0012170548095702394
aes128,sa31_sr[4],train,opencores_aes,crypto_checksum,reg_to_reg,1.883183,1.8835902,0.00040722140502924553
aes128,sa31_sr[5],train,opencores_aes,crypto_checksum,reg_to_reg,1.856932,1.8581421,0.0012101375274657933
aes128,sa31_sr[6],train,opencores_aes,crypto_checksum,reg_to_reg,1.8595,1.8594339,6.611061096184478e-05
aes128,sa31_sr[7],train,opencores_aes,crypto_checksum,reg_to_reg,1.886455,1.8870153,0.0005603427124023508
aes128,sa32_sr[0],train,opencores_aes,crypto_checksum,reg_to_reg,1.936489,1.9371899,0.0007009366378785131
aes128,sa32_sr[1],train,opencores_aes,crypto_checksum,reg_to_reg,1.948777,1.9485236,0.00025335936737058695
aes128,sa32_sr[2],train,opencores_aes,crypto_checksum,reg_to_reg,1.934634,1.9347893,0.00015529996490482034
aes128,sa32_sr[3],train,opencores_aes,crypto_checksum,reg_to_reg,1.9129,1.9128766,2.339401245121664e-05
aes128,sa32_sr[4],train,opencores_aes,crypto_checksum,reg_to_reg,1.908195,1.9077328,0.0004621556472779176
aes128,sa32_sr[5],train,opencores_aes,crypto_checksum,reg_to_reg,1.904837,1.905011,0.00017405785369883908
aes128,sa32_sr[6],train,opencores_aes,crypto_checksum,reg_to_reg,1.984541,1.9851196,0.0005785812225340692
aes128,sa32_sr[7],train,opencores_aes,crypto_checksum,reg_to_reg,1.922416,1.9219944,0.00042155229187001986
aes128,sa33_sr[0],train,opencores_aes,crypto_checksum,reg_to_reg,1.941136,1.9409183,0.00021767362213132024
aes128,sa33_sr[1],train,opencores_aes,crypto_checksum,reg_to_reg,1.884637,1.8850678,0.0004308205490113348
aes128,sa33_sr[2],train,opencores_aes,crypto_checksum,reg_to_reg,1.851783,1.8567227,0.004939712516784711
aes128,sa33_sr[3],train,opencores_aes,crypto_checksum,reg_to_reg,1.884283,1.8794444,0.004838639266967704
aes128,sa33_sr[4],train,opencores_aes,crypto_checksum,reg_to_reg,1.949365,1.9490863,0.0002786915206909324
aes128,sa33_sr[5],train,opencores_aes,crypto_checksum,reg_to_reg,1.912963,1.9130269,6.392890167239429e-05
aes128,sa33_sr[6],train,opencores_aes,crypto_checksum,reg_to_reg,1.931566,1.9309115,0.0006544590148924723
aes128,sa33_sr[7],train,opencores_aes,crypto_checksum,reg_to_reg,1.874147,1.8737336,0.00041336028289795657
aes128,text_in_r[0],train,opencores_aes,crypto_checksum,input_to_reg,1.072093,1.072085,7.977073669396262e-06
aes128,text_in_r[100],train,opencores_aes,crypto_checksum,input_to_reg,1.072093,1.072085,7.977073669396262e-06
aes128,text_in_r[101],train,opencores_aes,crypto_checksum,input_to_reg,1.072093,1.072085,7.977073669396262e-06
aes128,text_in_r[102],train,opencores_aes,crypto_checksum,input_to_reg,1.072093,1.072085,7.977073669396262e-06
aes128,text_in_r[103],train,opencores_aes,crypto_checksum,input_to_reg,1.072093,1.072085,7.977073669396262e-06
aes128,text_in_r[104],train,opencores_aes,crypto_checksum,input_to_reg,1.072093,1.072085,7.977073669396262e-06
aes128,text_in_r[105],train,opencores_aes,crypto_checksum,input_to_reg,1.072093,1.072085,7.977073669396262e-06
aes128,text_in_r[106],train,opencores_aes,crypto_checksum,input_to_reg,1.072093,1.072085,7.977073669396262e-06
aes128,text_in_r[107],train,opencores_aes,crypto_checksum,input_to_reg,1.072093,1.072085,7.977073669396262e-06
aes128,text_in_r[108],train,opencores_aes,crypto_checksum,input_to_reg,1.072093,1.072085,7.977073669396262e-06
aes128,text_in_r[109],train,opencores_aes,crypto_checksum,input_to_reg,1.072093,1.072085,7.977073669396262e-06
aes128,text_in_r[10],train,opencores_aes,crypto_checksum,input_to_reg,1.072093,1.072085,7.977073669396262e-06
aes128,text_in_r[110],train,opencores_aes,crypto_checksum,input_to_reg,1.072093,1.072085,7.977073669396262e-06
aes128,text_in_r[111],train,opencores_aes,crypto_checksum,input_to_reg,1.072093,1.072085,7.977073669396262e-06
aes128,text_in_r[112],train,opencores_aes,crypto_checksum,input_to_reg,1.072093,1.072085,7.977073669396262e-06
aes128,text_in_r[113],train,opencores_aes,crypto_checksum,input_to_reg,1.072093,1.072085,7.977073669396262e-06
aes128,text_in_r[114],train,opencores_aes,crypto_checksum,input_to_reg,1.072093,1.072085,7.977073669396262e-06
aes128,text_in_r[115],train,opencores_aes,crypto_checksum,input_to_reg,1.072093,1.072085,7.977073669396262e-06
aes128,text_in_r[116],train,opencores_aes,crypto_checksum,input_to_reg,1.072093,1.072085,7.977073669396262e-06
aes128,text_in_r[117],train,opencores_aes,crypto_checksum,input_to_reg,1.072093,1.072085,7.977073669396262e-06
aes128,text_in_r[118],train,opencores_aes,crypto_checksum,input_to_reg,1.072093,1.072085,7.977073669396262e-06
aes128,text_in_r[119],train,opencores_aes,crypto_checksum,input_to_reg,1.072093,1.072085,7.977073669396262e-06
aes128,text_in_r[11],train,opencores_aes,crypto_checksum,input_to_reg,1.072093,1.072085,7.977073669396262e-06
aes128,text_in_r[120],train,opencores_aes,crypto_checksum,input_to_reg,1.072093,1.072085,7.977073669396262e-06
aes128,text_in_r[121],train,opencores_aes,crypto_checksum,input_to_reg,1.072093,1.072085,7.977073669396262e-06
aes128,text_in_r[122],train,opencores_aes,crypto_checksum,input_to_reg,1.072093,1.072085,7.977073669396262e-06
aes128,text_in_r[123],train,opencores_aes,crypto_checksum,input_to_reg,1.072093,1.072085,7.977073669396262e-06
aes128,text_in_r[124],train,opencores_aes,crypto_checksum,input_to_reg,1.072093,1.072085,7.977073669396262e-06
aes128,text_in_r[125],train,opencores_aes,crypto_checksum,input_to_reg,1.072093,1.072085,7.977073669396262e-06
aes128,text_in_r[126],train,opencores_aes,crypto_checksum,input_to_reg,1.072093,1.072085,7.977073669396262e-06
aes128,text_in_r[127],train,opencores_aes,crypto_checksum,input_to_reg,1.072093,1.072085,7.977073669396262e-06
aes128,text_in_r[12],train,opencores_aes,crypto_checksum,input_to_reg,1.072093,1.072085,7.977073669396262e-06
aes128,text_in_r[13],train,opencores_aes,crypto_checksum,input_to_reg,1.072093,1.072085,7.977073669396262e-06
aes128,text_in_r[14],train,opencores_aes,crypto_checksum,input_to_reg,1.072093,1.072085,7.977073669396262e-06
aes128,text_in_r[15],train,opencores_aes,crypto_checksum,input_to_reg,1.072093,1.072085,7.977073669396262e-06
aes128,text_in_r[16],train,opencores_aes,crypto_checksum,input_to_reg,1.072093,1.072085,7.977073669396262e-06
aes128,text_in_r[17],train,opencores_aes,crypto_checksum,input_to_reg,1.072093,1.072085,7.977073669396262e-06
aes128,text_in_r[18],train,opencores_aes,crypto_checksum,input_to_reg,1.072093,1.072085,7.977073669396262e-06
aes128,text_in_r[19],train,opencores_aes,crypto_checksum,input_to_reg,1.072093,1.072085,7.977073669396262e-06
aes128,text_in_r[1],train,opencores_aes,crypto_checksum,input_to_reg,1.072093,1.072085,7.977073669396262e-06
aes128,text_in_r[20],train,opencores_aes,crypto_checksum,input_to_reg,1.072093,1.072085,7.977073669396262e-06
aes128,text_in_r[21],train,opencores_aes,crypto_checksum,input_to_reg,1.072093,1.072085,7.977073669396262e-06
aes128,text_in_r[22],train,opencores_aes,crypto_checksum,input_to_reg,1.072093,1.072085,7.977073669396262e-06
aes128,text_in_r[23],train,opencores_aes,crypto_checksum,input_to_reg,1.072093,1.072085,7.977073669396262e-06
aes128,text_in_r[24],train,opencores_aes,crypto_checksum,input_to_reg,1.072093,1.072085,7.977073669396262e-06
aes128,text_in_r[25],train,opencores_aes,crypto_checksum,input_to_reg,1.072093,1.072085,7.977073669396262e-06
aes128,text_in_r[26],train,opencores_aes,crypto_checksum,input_to_reg,1.072093,1.072085,7.977073669396262e-06
aes128,text_in_r[27],train,opencores_aes,crypto_checksum,input_to_reg,1.072093,1.072085,7.977073669396262e-06
aes128,text_in_r[28],train,opencores_aes,crypto_checksum,input_to_reg,1.072093,1.072085,7.977073669396262e-06
aes128,text_in_r[29],train,opencores_aes,crypto_checksum,input_to_reg,1.072093,1.072085,7.977073669396262e-06
aes128,text_in_r[2],train,opencores_aes,crypto_checksum,input_to_reg,1.072093,1.072085,7.977073669396262e-06
aes128,text_in_r[30],train,opencores_aes,crypto_checksum,input_to_reg,1.072093,1.072085,7.977073669396262e-06
aes128,text_in_r[31],train,opencores_aes,crypto_checksum,input_to_reg,1.072093,1.072085,7.977073669396262e-06
aes128,text_in_r[32],train,opencores_aes,crypto_checksum,input_to_reg,1.072093,1.072085,7.977073669396262e-06
aes128,text_in_r[33],train,opencores_aes,crypto_checksum,input_to_reg,1.072093,1.072085,7.977073669396262e-06
aes128,text_in_r[34],train,opencores_aes,crypto_checksum,input_to_reg,1.072093,1.072085,7.977073669396262e-06
aes128,text_in_r[35],train,opencores_aes,crypto_checksum,input_to_reg,1.072093,1.072085,7.977073669396262e-06
aes128,text_in_r[36],train,opencores_aes,crypto_checksum,input_to_reg,1.072093,1.072085,7.977073669396262e-06
aes128,text_in_r[37],train,opencores_aes,crypto_checksum,input_to_reg,1.072093,1.072085,7.977073669396262e-06
aes128,text_in_r[38],train,opencores_aes,crypto_checksum,input_to_reg,1.072093,1.072085,7.977073669396262e-06
aes128,text_in_r[39],train,opencores_aes,crypto_checksum,input_to_reg,1.072093,1.072085,7.977073669396262e-06
aes128,text_in_r[3],train,opencores_aes,crypto_checksum,input_to_reg,1.072093,1.072085,7.977073669396262e-06
aes128,text_in_r[40],train,opencores_aes,crypto_checksum,input_to_reg,1.072093,1.072085,7.977073669396262e-06
aes128,text_in_r[41],train,opencores_aes,crypto_checksum,input_to_reg,1.072093,1.072085,7.977073669396262e-06
aes128,text_in_r[42],train,opencores_aes,crypto_checksum,input_to_reg,1.072093,1.072085,7.977073669396262e-06
aes128,text_in_r[43],train,opencores_aes,crypto_checksum,input_to_reg,1.072093,1.072085,7.977073669396262e-06
aes128,text_in_r[44],train,opencores_aes,crypto_checksum,input_to_reg,1.072093,1.072085,7.977073669396262e-06
aes128,text_in_r[45],train,opencores_aes,crypto_checksum,input_to_reg,1.072093,1.072085,7.977073669396262e-06
aes128,text_in_r[46],train,opencores_aes,crypto_checksum,input_to_reg,1.072093,1.072085,7.977073669396262e-06
aes128,text_in_r[47],train,opencores_aes,crypto_checksum,input_to_reg,1.072093,1.072085,7.977073669396262e-06
aes128,text_in_r[48],train,opencores_aes,crypto_checksum,input_to_reg,1.072093,1.072085,7.977073669396262e-06
aes128,text_in_r[49],train,opencores_aes,crypto_checksum,input_to_reg,1.072093,1.072085,7.977073669396262e-06
aes128,text_in_r[4],train,opencores_aes,crypto_checksum,input_to_reg,1.072093,1.072085,7.977073669396262e-06
aes128,text_in_r[50],train,opencores_aes,crypto_checksum,input_to_reg,1.072093,1.072085,7.977073669396262e-06
aes128,text_in_r[51],train,opencores_aes,crypto_checksum,input_to_reg,1.072093,1.072085,7.977073669396262e-06
aes128,text_in_r[52],train,opencores_aes,crypto_checksum,input_to_reg,1.072093,1.072085,7.977073669396262e-06
aes128,text_in_r[53],train,opencores_aes,crypto_checksum,input_to_reg,1.072093,1.072085,7.977073669396262e-06
aes128,text_in_r[54],train,opencores_aes,crypto_checksum,input_to_reg,1.072093,1.072085,7.977073669396262e-06
aes128,text_in_r[55],train,opencores_aes,crypto_checksum,input_to_reg,1.072093,1.072085,7.977073669396262e-06
aes128,text_in_r[56],train,opencores_aes,crypto_checksum,input_to_reg,1.072093,1.072085,7.977073669396262e-06
aes128,text_in_r[57],train,opencores_aes,crypto_checksum,input_to_reg,1.072093,1.072085,7.977073669396262e-06
aes128,text_in_r[58],train,opencores_aes,crypto_checksum,input_to_reg,1.072093,1.072085,7.977073669396262e-06
aes128,text_in_r[59],train,opencores_aes,crypto_checksum,input_to_reg,1.072093,1.072085,7.977073669396262e-06
aes128,text_in_r[5],train,opencores_aes,crypto_checksum,input_to_reg,1.072093,1.072085,7.977073669396262e-06
aes128,text_in_r[60],train,opencores_aes,crypto_checksum,input_to_reg,1.072093,1.072085,7.977073669396262e-06
aes128,text_in_r[61],train,opencores_aes,crypto_checksum,input_to_reg,1.072093,1.072085,7.977073669396262e-06
aes128,text_in_r[62],train,opencores_aes,crypto_checksum,input_to_reg,1.072093,1.072085,7.977073669396262e-06
aes128,text_in_r[63],train,opencores_aes,crypto_checksum,input_to_reg,1.072093,1.072085,7.977073669396262e-06
aes128,text_in_r[64],train,opencores_aes,crypto_checksum,input_to_reg,1.072093,1.072085,7.977073669396262e-06
aes128,text_in_r[65],train,opencores_aes,crypto_checksum,input_to_reg,1.072093,1.072085,7.977073669396262e-06
aes128,text_in_r[66],train,opencores_aes,crypto_checksum,input_to_reg,1.072093,1.072085,7.977073669396262e-06
aes128,text_in_r[67],train,opencores_aes,crypto_checksum,input_to_reg,1.072093,1.072085,7.977073669396262e-06
aes128,text_in_r[68],train,opencores_aes,crypto_checksum,input_to_reg,1.072093,1.072085,7.977073669396262e-06
aes128,text_in_r[69],train,opencores_aes,crypto_checksum,input_to_reg,1.072093,1.072085,7.977073669396262e-06
aes128,text_in_r[6],train,opencores_aes,crypto_checksum,input_to_reg,1.072093,1.072085,7.977073669396262e-06
aes128,text_in_r[70],train,opencores_aes,crypto_checksum,input_to_reg,1.072093,1.072085,7.977073669396262e-06
aes128,text_in_r[71],train,opencores_aes,crypto_checksum,input_to_reg,1.072093,1.072085,7.977073669396262e-06
aes128,text_in_r[72],train,opencores_aes,crypto_checksum,input_to_reg,1.072093,1.072085,7.977073669396262e-06
aes128,text_in_r[73],train,opencores_aes,crypto_checksum,input_to_reg,1.072093,1.072085,7.977073669396262e-06
aes128,text_in_r[74],train,opencores_aes,crypto_checksum,input_to_reg,1.072093,1.072085,7.977073669396262e-06
aes128,text_in_r[75],train,opencores_aes,crypto_checksum,input_to_reg,1.072093,1.072085,7.977073669396262e-06
aes128,text_in_r[76],train,opencores_aes,crypto_checksum,input_to_reg,1.072093,1.072085,7.977073669396262e-06
aes128,text_in_r[77],train,opencores_aes,crypto_checksum,input_to_reg,1.072093,1.072085,7.977073669396262e-06
aes128,text_in_r[78],train,opencores_aes,crypto_checksum,input_to_reg,1.072093,1.072085,7.977073669396262e-06
aes128,text_in_r[79],train,opencores_aes,crypto_checksum,input_to_reg,1.072093,1.072085,7.977073669396262e-06
aes128,text_in_r[7],train,opencores_aes,crypto_checksum,input_to_reg,1.072093,1.072085,7.977073669396262e-06
aes128,text_in_r[80],train,opencores_aes,crypto_checksum,input_to_reg,1.072093,1.072085,7.977073669396262e-06
aes128,text_in_r[81],train,opencores_aes,crypto_checksum,input_to_reg,1.072093,1.072085,7.977073669396262e-06
aes128,text_in_r[82],train,opencores_aes,crypto_checksum,input_to_reg,1.072093,1.072085,7.977073669396262e-06
aes128,text_in_r[83],train,opencores_aes,crypto_checksum,input_to_reg,1.072093,1.072085,7.977073669396262e-06
aes128,text_in_r[84],train,opencores_aes,crypto_checksum,input_to_reg,1.072093,1.072085,7.977073669396262e-06
aes128,text_in_r[85],train,opencores_aes,crypto_checksum,input_to_reg,1.072093,1.072085,7.977073669396262e-06
aes128,text_in_r[86],train,opencores_aes,crypto_checksum,input_to_reg,1.072093,1.072085,7.977073669396262e-06
aes128,text_in_r[87],train,opencores_aes,crypto_checksum,input_to_reg,1.072093,1.072085,7.977073669396262e-06
aes128,text_in_r[88],train,opencores_aes,crypto_checksum,input_to_reg,1.072093,1.072085,7.977073669396262e-06
aes128,text_in_r[89],train,opencores_aes,crypto_checksum,input_to_reg,1.072093,1.072085,7.977073669396262e-06
aes128,text_in_r[8],train,opencores_aes,crypto_checksum,input_to_reg,1.072093,1.072085,7.977073669396262e-06
aes128,text_in_r[90],train,opencores_aes,crypto_checksum,input_to_reg,1.072093,1.072085,7.977073669396262e-06
aes128,text_in_r[91],train,opencores_aes,crypto_checksum,input_to_reg,1.072093,1.072085,7.977073669396262e-06
aes128,text_in_r[92],train,opencores_aes,crypto_checksum,input_to_reg,1.072093,1.072085,7.977073669396262e-06
aes128,text_in_r[93],train,opencores_aes,crypto_checksum,input_to_reg,1.072093,1.072085,7.977073669396262e-06
aes128,text_in_r[94],train,opencores_aes,crypto_checksum,input_to_reg,1.072093,1.072085,7.977073669396262e-06
aes128,text_in_r[95],train,opencores_aes,crypto_checksum,input_to_reg,1.072093,1.072085,7.977073669396262e-06
aes128,text_in_r[96],train,opencores_aes,crypto_checksum,input_to_reg,1.072093,1.072085,7.977073669396262e-06
aes128,text_in_r[97],train,opencores_aes,crypto_checksum,input_to_reg,1.072093,1.072085,7.977073669396262e-06
aes128,text_in_r[98],train,opencores_aes,crypto_checksum,input_to_reg,1.072093,1.072085,7.977073669396262e-06
aes128,text_in_r[99],train,opencores_aes,crypto_checksum,input_to_reg,1.072093,1.072085,7.977073669396262e-06
aes128,text_in_r[9],train,opencores_aes,crypto_checksum,input_to_reg,1.072093,1.072085,7.977073669396262e-06
aes128,text_out[0],train,opencores_aes,crypto_checksum,reg_to_reg,0.168249,0.1638355,0.004413504289627085
aes128,text_out[100],train,opencores_aes,crypto_checksum,reg_to_reg,0.167293,0.16805422,0.0007612230606079129
aes128,text_out[101],train,opencores_aes,crypto_checksum,reg_to_reg,0.162129,0.16289401,0.0007650105438232468
aes128,text_out[102],train,opencores_aes,crypto_checksum,reg_to_reg,0.174515,0.17485303,0.00033802686691283834
aes128,text_out[103],train,opencores_aes,crypto_checksum,reg_to_reg,0.186007,0.18560226,0.00040473738384247393
aes128,text_out[104],train,opencores_aes,crypto_checksum,reg_to_reg,0.162129,0.16337071,0.0012417135915756272
aes128,text_out[105],train,opencores_aes,crypto_checksum,reg_to_reg,0.168616,0.1687662,0.00015020054244996306
aes128,text_out[106],train,opencores_aes,crypto_checksum,reg_to_reg,0.167293,0.16805422,0.0007612230606079129
aes128,text_out[107],train,opencores_aes,crypto_checksum,reg_to_reg,0.167293,0.16805422,0.0007612230606079129
aes128,text_out[108],train,opencores_aes,crypto_checksum,reg_to_reg,0.162129,0.1638355,0.0017064957103729295
aes128,text_out[109],train,opencores_aes,crypto_checksum,reg_to_reg,0.168618,0.1687662,0.00014820054244996106
aes128,text_out[10],train,opencores_aes,crypto_checksum,reg_to_reg,0.173558,0.16805422,0.00550377693939208
aes128,text_out[110],train,opencores_aes,crypto_checksum,reg_to_reg,0.162129,0.16289401,0.0007650105438232468
aes128,text_out[111],train,opencores_aes,crypto_checksum,reg_to_reg,0.183859,0.18518187,0.001322871056556707
aes128,text_out[112],train,opencores_aes,crypto_checksum,reg_to_reg,0.162129,0.1638355,0.0017064957103729295
aes128,text_out[113],train,opencores_aes,crypto_checksum,reg_to_reg,0.162129,0.1638355,0.0017064957103729295
aes128,text_out[114],train,opencores_aes,crypto_checksum,reg_to_reg,0.162129,0.1638355,0.0017064957103729295
aes128,text_out[115],train,opencores_aes,crypto_checksum,reg_to_reg,0.162129,0.1638355,0.0017064957103729295
aes128,text_out[116],train,opencores_aes,crypto_checksum,reg_to_reg,0.162129,0.16337071,0.0012417135915756272
aes128,text_out[117],train,opencores_aes,crypto_checksum,reg_to_reg,0.162129,0.16289401,0.0007650105438232468
aes128,text_out[118],train,opencores_aes,crypto_checksum,reg_to_reg,0.162129,0.16337071,0.0012417135915756272
aes128,text_out[119],train,opencores_aes,crypto_checksum,reg_to_reg,0.189384,0.18981081,0.00042681247329712235
aes128,text_out[11],train,opencores_aes,crypto_checksum,reg_to_reg,0.167295,0.16805422,0.0007592230606079109
aes128,text_out[120],train,opencores_aes,crypto_checksum,reg_to_reg,0.163372,0.1638355,0.00046349571037293535
aes128,text_out[121],train,opencores_aes,crypto_checksum,reg_to_reg,0.163372,0.1632018,0.00017020597171782392
aes128,text_out[122],train,opencores_aes,crypto_checksum,reg_to_reg,0.162353,0.1632018,0.0008487940282821682
aes128,text_out[123],train,opencores_aes,crypto_checksum,reg_to_reg,0.162129,0.1638355,0.0017064957103729295
aes128,text_out[124],train,opencores_aes,crypto_checksum,reg_to_reg,0.162942,0.1632018,0.000259794028282162
aes128,text_out[125],train,opencores_aes,crypto_checksum,reg_to_reg,0.162129,0.16297662,0.0008476225814819383
aes128,text_out[126],train,opencores_aes,crypto_checksum,reg_to_reg,0.168618,0.1687662,0.00014820054244996106
aes128,text_out[127],train,opencores_aes,crypto_checksum,reg_to_reg,0.182682,0.18351154,0.0008295402936935314
aes128,text_out[12],train,opencores_aes,crypto_checksum,reg_to_reg,0.157411,0.16167772,0.004266718162536626
aes128,text_out[13],train,opencores_aes,crypto_checksum,reg_to_reg,0.163309,0.16380586,0.0004968573007583521
aes128,text_out[14],train,opencores_aes,crypto_checksum,reg_to_reg,0.168251,0.16815552,9.547884559632513e-05
aes128,text_out[15],train,opencores_aes,crypto_checksum,reg_to_reg,0.191386,0.1911017,0.00028429993247985896
aes128,text_out[16],train,opencores_aes,crypto_checksum,reg_to_reg,0.161396,0.1638355,0.002439495710372913
aes128,text_out[17],train,opencores_aes,crypto_checksum,reg_to_reg,0.161986,0.1638355,0.0018494957103729337
aes128,text_out[18],train,opencores_aes,crypto_checksum,reg_to_reg,0.161029,0.16289401,0.0018650105438232367
aes128,text_out[19],train,opencores_aes,crypto_checksum,reg_to_reg,0.161986,0.1638355,0.0018494957103729337
aes128,text_out[1],train,opencores_aes,crypto_checksum,reg_to_reg,0.167293,0.16805422,0.0007612230606079129
aes128,text_out[20],train,opencores_aes,crypto_checksum,reg_to_reg,0.161854,0.16167772,0.00017628183746337678
aes128,text_out[21],train,opencores_aes,crypto_checksum,reg_to_reg,0.161029,0.16289401,0.0018650105438232367
aes128,text_out[22],train,opencores_aes,crypto_checksum,reg_to_reg,0.161986,0.1638355,0.0018494957103729337
aes128,text_out[23],train,opencores_aes,crypto_checksum,reg_to_reg,0.185516,0.18518187,0.0003341289434432848
aes128,text_out[24],train,opencores_aes,crypto_checksum,reg_to_reg,0.166221,0.1638355,0.002385504289627083
aes128,text_out[25],train,opencores_aes,crypto_checksum,reg_to_reg,0.1601,0.16167772,0.0015777181625366288
aes128,text_out[26],train,opencores_aes,crypto_checksum,reg_to_reg,0.162942,0.16314313,0.0002011281566619838
aes128,text_out[27],train,opencores_aes,crypto_checksum,reg_to_reg,0.161984,0.1638355,0.0018514957103729357
aes128,text_out[28],train,opencores_aes,crypto_checksum,reg_to_reg,0.168251,0.16815552,9.547884559632513e-05
aes128,text_out[29],train,opencores_aes,crypto_checksum,reg_to_reg,0.162942,0.16314313,0.0002011281566619838
aes128,text_out[2],train,opencores_aes,crypto_checksum,reg_to_reg,0.169207,0.1687662,0.0004407994575500451
aes128,text_out[30],train,opencores_aes,crypto_checksum,reg_to_reg,0.162942,0.16314313,0.0002011281566619838
aes128,text_out[31],train,opencores_aes,crypto_checksum,reg_to_reg,0.175196,0.17522453,2.852771663666709e-05
aes128,text_out[32],train,opencores_aes,crypto_checksum,reg_to_reg,0.168249,0.1638355,0.004413504289627085
aes128,text_out[33],train,opencores_aes,crypto_checksum,reg_to_reg,0.167293,0.16805422,0.0007612230606079129
aes128,text_out[34],train,opencores_aes,crypto_checksum,reg_to_reg,0.169207,0.1687662,0.0004407994575500451
aes128,text_out[35],train,opencores_aes,crypto_checksum,reg_to_reg,0.169207,0.1687662,0.0004407994575500451
aes128,text_out[36],train,opencores_aes,crypto_checksum,reg_to_reg,0.167295,0.16805422,0.0007592230606079109
aes128,text_out[37],train,opencores_aes,crypto_checksum,reg_to_reg,0.165056,0.16289401,0.002161989456176766
aes128,text_out[38],train,opencores_aes,crypto_checksum,reg_to_reg,0.173558,0.17485303,0.0012950268669128517
aes128,text_out[39],train,opencores_aes,crypto_checksum,reg_to_reg,0.186007,0.18560226,0.00040473738384247393
aes128,text_out[3],train,opencores_aes,crypto_checksum,reg_to_reg,0.169207,0.1687662,0.0004407994575500451
aes128,text_out[40],train,opencores_aes,crypto_checksum,reg_to_reg,0.168036,0.16337071,0.004665286408424368
aes128,text_out[41],train,opencores_aes,crypto_checksum,reg_to_reg,0.175473,0.17532337,0.00014963288116454088
aes128,text_out[42],train,opencores_aes,crypto_checksum,reg_to_reg,0.173558,0.16805422,0.00550377693939208
aes128,text_out[43],train,opencores_aes,crypto_checksum,reg_to_reg,0.167293,0.16805422,0.0007612230606079129
aes128,text_out[44],train,opencores_aes,crypto_checksum,reg_to_reg,0.165056,0.16337071,0.0016852864084243857
aes128,text_out[45],train,opencores_aes,crypto_checksum,reg_to_reg,0.165056,0.16380586,0.0012501426992416464
aes128,text_out[46],train,opencores_aes,crypto_checksum,reg_to_reg,0.168251,0.16815552,9.547884559632513e-05
aes128,text_out[47],train,opencores_aes,crypto_checksum,reg_to_reg,0.191386,0.1911017,0.00028429993247985896
aes128,text_out[48],train,opencores_aes,crypto_checksum,reg_to_reg,0.168036,0.1638355,0.004200504289627066
aes128,text_out[49],train,opencores_aes,crypto_checksum,reg_to_reg,0.168036,0.1638355,0.004200504289627066
aes128,text_out[4],train,opencores_aes,crypto_checksum,reg_to_reg,0.167295,0.16805422,0.0007592230606079109
aes128,text_out[50],train,opencores_aes,crypto_checksum,reg_to_reg,0.168036,0.16289401,0.005141989456176749
aes128,text_out[51],train,opencores_aes,crypto_checksum,reg_to_reg,0.162129,0.1638355,0.0017064957103729295
aes128,text_out[52],train,opencores_aes,crypto_checksum,reg_to_reg,0.162129,0.16337071,0.0012417135915756272
aes128,text_out[53],train,opencores_aes,crypto_checksum,reg_to_reg,0.165056,0.16289401,0.002161989456176766
aes128,text_out[54],train,opencores_aes,crypto_checksum,reg_to_reg,0.165056,0.1638355,0.0012205042896270835
aes128,text_out[55],train,opencores_aes,crypto_checksum,reg_to_reg,0.185516,0.18518187,0.0003341289434432848
aes128,text_out[56],train,opencores_aes,crypto_checksum,reg_to_reg,0.163718,0.1638355,0.00011749571037292239
aes128,text_out[57],train,opencores_aes,crypto_checksum,reg_to_reg,0.163718,0.16300276,0.00071524078178406
aes128,text_out[58],train,opencores_aes,crypto_checksum,reg_to_reg,0.163718,0.1630287,0.0006892978601455713
aes128,text_out[59],train,opencores_aes,crypto_checksum,reg_to_reg,0.163031,0.1638355,0.0008044957103729156
aes128,text_out[5],train,opencores_aes,crypto_checksum,reg_to_reg,0.161028,0.16289401,0.0018660105438232377
aes128,text_out[60],train,opencores_aes,crypto_checksum,reg_to_reg,0.168251,0.16815552,9.547884559632513e-05
aes128,text_out[61],train,opencores_aes,crypto_checksum,reg_to_reg,0.163031,0.1630287,2.29786014557809e-06
aes128,text_out[62],train,opencores_aes,crypto_checksum,reg_to_reg,0.163031,0.1630287,2.29786014557809e-06
aes128,text_out[63],train,opencores_aes,crypto_checksum,reg_to_reg,0.175196,0.17522453,2.852771663666709e-05
aes128,text_out[64],train,opencores_aes,crypto_checksum,reg_to_reg,0.168248,0.1638355,0.004412504289627084
aes128,text_out[65],train,opencores_aes,crypto_checksum,reg_to_reg,0.167293,0.16805422,0.0007612230606079129
aes128,text_out[66],train,opencores_aes,crypto_checksum,reg_to_reg,0.168251,0.16815552,9.547884559632513e-05
aes128,text_out[67],train,opencores_aes,crypto_checksum,reg_to_reg,0.169207,0.1687662,0.0004407994575500451
aes128,text_out[68],train,opencores_aes,crypto_checksum,reg_to_reg,0.167293,0.16805422,0.0007612230606079129
aes128,text_out[69],train,opencores_aes,crypto_checksum,reg_to_reg,0.162129,0.16289401,0.0007650105438232468
aes128,text_out[6],train,opencores_aes,crypto_checksum,reg_to_reg,0.173558,0.17485303,0.0012950268669128517
aes128,text_out[70],train,opencores_aes,crypto_checksum,reg_to_reg,0.174516,0.17485303,0.00033702686691283734
aes128,text_out[71],train,opencores_aes,crypto_checksum,reg_to_reg,0.186007,0.18560226,0.00040473738384247393
aes128,text_out[72],train,opencores_aes,crypto_checksum,reg_to_reg,0.162129,0.16337071,0.0012417135915756272
aes128,text_out[73],train,opencores_aes,crypto_checksum,reg_to_reg,0.168618,0.1687662,0.00014820054244996106
aes128,text_out[74],train,opencores_aes,crypto_checksum,reg_to_reg,0.167293,0.16805422,0.0007612230606079129
aes128,text_out[75],train,opencores_aes,crypto_checksum,reg_to_reg,0.167293,0.16805422,0.0007612230606079129
aes128,text_out[76],train,opencores_aes,crypto_checksum,reg_to_reg,0.162129,0.1638355,0.0017064957103729295
aes128,text_out[77],train,opencores_aes,crypto_checksum,reg_to_reg,0.168618,0.1687662,0.00014820054244996106
aes128,text_out[78],train,opencores_aes,crypto_checksum,reg_to_reg,0.162129,0.16289401,0.0007650105438232468
aes128,text_out[79],train,opencores_aes,crypto_checksum,reg_to_reg,0.184411,0.18518187,0.0007708710565567101
aes128,text_out[7],train,opencores_aes,crypto_checksum,reg_to_reg,0.186007,0.18560226,0.00040473738384247393
aes128,text_out[80],train,opencores_aes,crypto_checksum,reg_to_reg,0.162129,0.1638355,0.0017064957103729295
aes128,text_out[81],train,opencores_aes,crypto_checksum,reg_to_reg,0.162129,0.1638355,0.0017064957103729295
aes128,text_out[82],train,opencores_aes,crypto_checksum,reg_to_reg,0.162129,0.1638355,0.0017064957103729295
aes128,text_out[83],train,opencores_aes,crypto_checksum,reg_to_reg,0.162129,0.1638355,0.0017064957103729295
aes128,text_out[84],train,opencores_aes,crypto_checksum,reg_to_reg,0.162129,0.16337071,0.0012417135915756272
aes128,text_out[85],train,opencores_aes,crypto_checksum,reg_to_reg,0.162129,0.16289401,0.0007650105438232468
aes128,text_out[86],train,opencores_aes,crypto_checksum,reg_to_reg,0.162129,0.16337071,0.0012417135915756272
aes128,text_out[87],train,opencores_aes,crypto_checksum,reg_to_reg,0.184066,0.18365335,0.00041264535522461676
aes128,text_out[88],train,opencores_aes,crypto_checksum,reg_to_reg,0.165875,0.16403368,0.001841318845748896
aes128,text_out[89],train,opencores_aes,crypto_checksum,reg_to_reg,0.165875,0.16403368,0.001841318845748896
aes128,text_out[8],train,opencores_aes,crypto_checksum,reg_to_reg,0.167481,0.16167772,0.00580328183746337
aes128,text_out[90],train,opencores_aes,crypto_checksum,reg_to_reg,0.163224,0.16403368,0.0008096811542510907
aes128,text_out[91],train,opencores_aes,crypto_checksum,reg_to_reg,0.163226,0.16403368,0.0008076811542510887
aes128,text_out[92],train,opencores_aes,crypto_checksum,reg_to_reg,0.163226,0.16403368,0.0008076811542510887
aes128,text_out[93],train,opencores_aes,crypto_checksum,reg_to_reg,0.163226,0.16403368,0.0008076811542510887
aes128,text_out[94],train,opencores_aes,crypto_checksum,reg_to_reg,0.168618,0.1687662,0.00014820054244996106
aes128,text_out[95],train,opencores_aes,crypto_checksum,reg_to_reg,0.175752,0.17522453,0.0005274722833633338
aes128,text_out[96],train,opencores_aes,crypto_checksum,reg_to_reg,0.168248,0.1638355,0.004412504289627084
aes128,text_out[97],train,opencores_aes,crypto_checksum,reg_to_reg,0.167293,0.16805422,0.0007612230606079129
aes128,text_out[98],train,opencores_aes,crypto_checksum,reg_to_reg,0.168251,0.16815552,9.547884559632513e-05
aes128,text_out[99],train,opencores_aes,crypto_checksum,reg_to_reg,0.169207,0.1687662,0.0004407994575500451
aes128,text_out[9],train,opencores_aes,crypto_checksum,reg_to_reg,0.175473,0.17532337,0.00014963288116454088
aes128,u0.r0.rcnt[0],train,opencores_aes,crypto_checksum,input_to_reg,1.036377,1.032436,0.003940986778259381
aes128,u0.r0.rcnt[1],train,opencores_aes,crypto_checksum,input_to_reg,1.036377,1.0435936,0.007216645095825092
aes128,u0.r0.rcnt[2],train,opencores_aes,crypto_checksum,input_to_reg,1.036377,1.0370523,0.0006752737503050721
aes128,u0.r0.rcnt[3],train,opencores_aes,crypto_checksum,input_to_reg,1.036377,1.031878,0.004499005462646588
aes128,u0.rcon[24],train,opencores_aes,crypto_checksum,input_to_reg,1.397692,1.3980922,0.0004001506881714523
aes128,u0.rcon[25],train,opencores_aes,crypto_checksum,input_to_reg,1.07628,1.0788516,0.0025715806198121083
aes128,u0.rcon[26],train,opencores_aes,crypto_checksum,input_to_reg,1.102141,1.1012044,0.0009366047058105842
aes128,u0.rcon[27],train,opencores_aes,crypto_checksum,input_to_reg,1.456481,1.4599818,0.003500799125671472
aes128,u0.rcon[28],train,opencores_aes,crypto_checksum,input_to_reg,1.036377,1.0360461,0.00033085265350352167
aes128,u0.rcon[29],train,opencores_aes,crypto_checksum,input_to_reg,1.119909,1.1209168,0.0010078434143065973
aes128,u0.rcon[30],train,opencores_aes,crypto_checksum,input_to_reg,1.121842,1.1200722,0.0017697544021606504
aes128,u0.rcon[31],train,opencores_aes,crypto_checksum,input_to_reg,1.121842,1.1223329,0.0004909305648803652
aes128,u0.subword[0],train,opencores_aes,crypto_checksum,input_to_reg,2.165375,2.1648986,0.00047636604309087005
aes128,u0.subword[10],train,opencores_aes,crypto_checksum,input_to_reg,1.994066,1.9937776,0.00028836728668202305
aes128,u0.subword[11],train,opencores_aes,crypto_checksum,input_to_reg,1.982385,1.9825268,0.00014177917480462376
aes128,u0.subword[12],train,opencores_aes,crypto_checksum,input_to_reg,1.990223,1.9893165,0.000906536529541091
aes128,u0.subword[13],train,opencores_aes,crypto_checksum,input_to_reg,1.96609,1.9665729,0.00048288074493418875
aes128,u0.subword[14],train,opencores_aes,crypto_checksum,input_to_reg,1.975461,1.9755031,4.208704376229555e-05
aes128,u0.subword[15],train,opencores_aes,crypto_checksum,input_to_reg,1.97052,1.9715427,0.001022716026306103
aes128,u0.subword[16],train,opencores_aes,crypto_checksum,input_to_reg,2.145836,2.1448705,0.0009654803619385532
aes128,u0.subword[17],train,opencores_aes,crypto_checksum,input_to_reg,2.131712,2.1325023,0.000790317428589038
aes128,u0.subword[18],train,opencores_aes,crypto_checksum,input_to_reg,2.128542,2.1280274,0.0005145608825682935
aes128,u0.subword[19],train,opencores_aes,crypto_checksum,input_to_reg,2.161461,2.1601589,0.0013021273956299595
aes128,u0.subword[1],train,opencores_aes,crypto_checksum,input_to_reg,2.106983,2.10767,0.0006870687408446763
aes128,u0.subword[20],train,opencores_aes,crypto_checksum,input_to_reg,2.114072,2.1147127,0.000640715148925608
aes128,u0.subword[21],train,opencores_aes,crypto_checksum,input_to_reg,2.128853,2.1298592,0.001006209060669061
aes128,u0.subword[22],train,opencores_aes,crypto_checksum,input_to_reg,2.127608,2.1278875,0.00027948741149907974
aes128,u0.subword[23],train,opencores_aes,crypto_checksum,input_to_reg,2.175395,2.1737268,0.0016682028961181317
aes128,u0.subword[24],train,opencores_aes,crypto_checksum,input_to_reg,2.047082,2.04778,0.000698036926269463
aes128,u0.subword[25],train,opencores_aes,crypto_checksum,input_to_reg,2.005312,2.0056338,0.0003218310241699385
aes128,u0.subword[26],train,opencores_aes,crypto_checksum,input_to_reg,2.039913,2.038166,0.0017469538574217403
aes128,u0.subword[27],train,opencores_aes,crypto_checksum,input_to_reg,1.994434,1.9942921,0.00014185999298099716
aes128,u0.subword[28],train,opencores_aes,crypto_checksum,input_to_reg,1.998435,1.9992968,0.00086178440093998
aes128,u0.subword[29],train,opencores_aes,crypto_checksum,input_to_reg,2.033788,2.0348043,0.0010163441772461645
aes128,u0.subword[2],train,opencores_aes,crypto_checksum,input_to_reg,2.144617,2.144635,1.796208190896209e-05
aes128,u0.subword[30],train,opencores_aes,crypto_checksum,input_to_reg,2.041682,2.0397532,0.0019288013763429923
aes128,u0.subword[31],train,opencores_aes,crypto_checksum,input_to_reg,2.020896,2.0208833,1.2678237915064727e-05
aes128,u0.subword[3],train,opencores_aes,crypto_checksum,input_to_reg,2.144337,2.1446455,0.0003084524993894888
aes128,u0.subword[4],train,opencores_aes,crypto_checksum,input_to_reg,2.137203,2.1376765,0.0004734774322510127
aes128,u0.subword[5],train,opencores_aes,crypto_checksum,input_to_reg,2.090238,2.0904968,0.00025877848815936133
aes128,u0.subword[6],train,opencores_aes,crypto_checksum,input_to_reg,2.142582,2.1426845,0.00010245968627931035
aes128,u0.subword[7],train,opencores_aes,crypto_checksum,input_to_reg,2.174152,2.1731188,0.001033170272827011
aes128,u0.subword[8],train,opencores_aes,crypto_checksum,input_to_reg,2.033922,2.034368,0.00044603817749022667
aes128,u0.subword[9],train,opencores_aes,crypto_checksum,input_to_reg,1.961377,1.9621887,0.0008117207031250739
aes128,w0[0],train,opencores_aes,crypto_checksum,input_to_reg,1.051226,1.0512438,1.778204345703749e-05
aes128,w0[10],train,opencores_aes,crypto_checksum,input_to_reg,1.051226,1.0512438,1.778204345703749e-05
aes128,w0[11],train,opencores_aes,crypto_checksum,input_to_reg,1.051226,1.0512438,1.778204345703749e-05
aes128,w0[12],train,opencores_aes,crypto_checksum,input_to_reg,1.051226,1.0512438,1.778204345703749e-05
aes128,w0[13],train,opencores_aes,crypto_checksum,input_to_reg,1.051226,1.0512438,1.778204345703749e-05
aes128,w0[14],train,opencores_aes,crypto_checksum,input_to_reg,1.051226,1.0512438,1.778204345703749e-05
aes128,w0[15],train,opencores_aes,crypto_checksum,input_to_reg,1.051226,1.0512438,1.778204345703749e-05
aes128,w0[16],train,opencores_aes,crypto_checksum,input_to_reg,1.051226,1.0512438,1.778204345703749e-05
aes128,w0[17],train,opencores_aes,crypto_checksum,input_to_reg,1.051226,1.0512438,1.778204345703749e-05
aes128,w0[18],train,opencores_aes,crypto_checksum,input_to_reg,1.051226,1.0512438,1.778204345703749e-05
aes128,w0[19],train,opencores_aes,crypto_checksum,input_to_reg,1.051226,1.0512438,1.778204345703749e-05
aes128,w0[1],train,opencores_aes,crypto_checksum,input_to_reg,1.051226,1.0512438,1.778204345703749e-05
aes128,w0[20],train,opencores_aes,crypto_checksum,input_to_reg,1.051226,1.0512438,1.778204345703749e-05
aes128,w0[21],train,opencores_aes,crypto_checksum,input_to_reg,1.051226,1.0512438,1.778204345703749e-05
aes128,w0[22],train,opencores_aes,crypto_checksum,input_to_reg,1.051226,1.0512438,1.778204345703749e-05
aes128,w0[23],train,opencores_aes,crypto_checksum,input_to_reg,1.051226,1.0512438,1.778204345703749e-05
aes128,w0[24],train,opencores_aes,crypto_checksum,input_to_reg,1.051226,1.3516345,0.3004085024108887
aes128,w0[25],train,opencores_aes,crypto_checksum,input_to_reg,1.051226,1.3516345,0.3004085024108887
aes128,w0[26],train,opencores_aes,crypto_checksum,input_to_reg,1.051226,1.3516345,0.3004085024108887
aes128,w0[27],train,opencores_aes,crypto_checksum,input_to_reg,1.051226,1.3516345,0.3004085024108887
aes128,w0[28],train,opencores_aes,crypto_checksum,input_to_reg,1.051226,1.3516345,0.3004085024108887
aes128,w0[29],train,opencores_aes,crypto_checksum,input_to_reg,1.082255,1.3516345,0.2693795024108887
aes128,w0[2],train,opencores_aes,crypto_checksum,input_to_reg,1.051226,1.0512438,1.778204345703749e-05
aes128,w0[30],train,opencores_aes,crypto_checksum,input_to_reg,1.082255,1.3516345,0.2693795024108887
aes128,w0[31],train,opencores_aes,crypto_checksum,input_to_reg,1.051226,1.3516345,0.3004085024108887
aes128,w0[3],train,opencores_aes,crypto_checksum,input_to_reg,1.051226,1.0512438,1.778204345703749e-05
aes128,w0[4],train,opencores_aes,crypto_checksum,input_to_reg,1.051226,1.0512438,1.778204345703749e-05
aes128,w0[5],train,opencores_aes,crypto_checksum,input_to_reg,1.051226,1.0512438,1.778204345703749e-05
aes128,w0[6],train,opencores_aes,crypto_checksum,input_to_reg,1.051226,1.0512438,1.778204345703749e-05
aes128,w0[7],train,opencores_aes,crypto_checksum,input_to_reg,1.051226,1.0512438,1.778204345703749e-05
aes128,w0[8],train,opencores_aes,crypto_checksum,input_to_reg,1.051226,1.0512438,1.778204345703749e-05
aes128,w0[9],train,opencores_aes,crypto_checksum,input_to_reg,1.051226,1.0512438,1.778204345703749e-05
aes128,w1[0],train,opencores_aes,crypto_checksum,input_to_reg,1.449305,1.3516345,0.0976704975891114
aes128,w1[10],train,opencores_aes,crypto_checksum,input_to_reg,1.449305,1.3516345,0.0976704975891114
aes128,w1[11],train,opencores_aes,crypto_checksum,input_to_reg,1.449305,1.3516345,0.0976704975891114
aes128,w1[12],train,opencores_aes,crypto_checksum,input_to_reg,1.449305,1.3516345,0.0976704975891114
aes128,w1[13],train,opencores_aes,crypto_checksum,input_to_reg,1.449305,1.3516345,0.0976704975891114
aes128,w1[14],train,opencores_aes,crypto_checksum,input_to_reg,1.449305,1.3516345,0.0976704975891114
aes128,w1[15],train,opencores_aes,crypto_checksum,input_to_reg,1.449305,1.3516345,0.0976704975891114
aes128,w1[16],train,opencores_aes,crypto_checksum,input_to_reg,1.449305,1.3516345,0.0976704975891114
aes128,w1[17],train,opencores_aes,crypto_checksum,input_to_reg,1.449305,1.3516345,0.0976704975891114
aes128,w1[18],train,opencores_aes,crypto_checksum,input_to_reg,1.449305,1.3516345,0.0976704975891114
aes128,w1[19],train,opencores_aes,crypto_checksum,input_to_reg,1.449305,1.3516345,0.0976704975891114
aes128,w1[1],train,opencores_aes,crypto_checksum,input_to_reg,1.449305,1.3516345,0.0976704975891114
aes128,w1[20],train,opencores_aes,crypto_checksum,input_to_reg,1.449305,1.3516345,0.0976704975891114
aes128,w1[21],train,opencores_aes,crypto_checksum,input_to_reg,1.449305,1.3516345,0.0976704975891114
aes128,w1[22],train,opencores_aes,crypto_checksum,input_to_reg,1.449305,1.3516345,0.0976704975891114
aes128,w1[23],train,opencores_aes,crypto_checksum,input_to_reg,1.449305,1.3516345,0.0976704975891114
aes128,w1[24],train,opencores_aes,crypto_checksum,input_to_reg,1.127768,1.1278098,4.176295471181035e-05
aes128,w1[25],train,opencores_aes,crypto_checksum,input_to_reg,1.127768,1.1278098,4.176295471181035e-05
aes128,w1[26],train,opencores_aes,crypto_checksum,input_to_reg,1.127768,1.1278098,4.176295471181035e-05
aes128,w1[27],train,opencores_aes,crypto_checksum,input_to_reg,1.127768,1.1278098,4.176295471181035e-05
aes128,w1[28],train,opencores_aes,crypto_checksum,input_to_reg,1.127768,1.1278098,4.176295471181035e-05
aes128,w1[29],train,opencores_aes,crypto_checksum,input_to_reg,1.127768,1.1278098,4.176295471181035e-05
aes128,w1[2],train,opencores_aes,crypto_checksum,input_to_reg,1.449305,1.3516345,0.0976704975891114
aes128,w1[30],train,opencores_aes,crypto_checksum,input_to_reg,1.127768,1.1278098,4.176295471181035e-05
aes128,w1[31],train,opencores_aes,crypto_checksum,input_to_reg,1.449305,1.3962864,0.05301863162994391
aes128,w1[3],train,opencores_aes,crypto_checksum,input_to_reg,1.449305,1.3516345,0.0976704975891114
aes128,w1[4],train,opencores_aes,crypto_checksum,input_to_reg,1.449305,1.3516345,0.0976704975891114
aes128,w1[5],train,opencores_aes,crypto_checksum,input_to_reg,1.449305,1.3516345,0.0976704975891114
aes128,w1[6],train,opencores_aes,crypto_checksum,input_to_reg,1.449305,1.3516345,0.0976704975891114
aes128,w1[7],train,opencores_aes,crypto_checksum,input_to_reg,1.449305,1.3516345,0.0976704975891114
aes128,w1[8],train,opencores_aes,crypto_checksum,input_to_reg,1.449305,1.3516345,0.0976704975891114
aes128,w1[9],train,opencores_aes,crypto_checksum,input_to_reg,1.449305,1.3516345,0.0976704975891114
aes128,w2[0],train,opencores_aes,crypto_checksum,input_to_reg,1.449305,1.3962864,0.05301863162994391
aes128,w2[10],train,opencores_aes,crypto_checksum,input_to_reg,1.449305,1.3962864,0.05301863162994391
aes128,w2[11],train,opencores_aes,crypto_checksum,input_to_reg,1.051226,1.3962864,0.34506036837005616
aes128,w2[12],train,opencores_aes,crypto_checksum,input_to_reg,1.515802,1.3962864,0.11951563162994394
aes128,w2[13],train,opencores_aes,crypto_checksum,input_to_reg,1.515802,1.3962864,0.11951563162994394
aes128,w2[14],train,opencores_aes,crypto_checksum,input_to_reg,1.515802,1.3962864,0.11951563162994394
aes128,w2[15],train,opencores_aes,crypto_checksum,input_to_reg,1.515802,1.3962864,0.11951563162994394
aes128,w2[16],train,opencores_aes,crypto_checksum,input_to_reg,1.449305,1.3962864,0.05301863162994391
aes128,w2[17],train,opencores_aes,crypto_checksum,input_to_reg,1.449305,1.3962864,0.05301863162994391
aes128,w2[18],train,opencores_aes,crypto_checksum,input_to_reg,1.449305,1.3962864,0.05301863162994391
aes128,w2[19],train,opencores_aes,crypto_checksum,input_to_reg,1.051226,1.3962864,0.34506036837005616
aes128,w2[1],train,opencores_aes,crypto_checksum,input_to_reg,1.449305,1.3962864,0.05301863162994391
aes128,w2[20],train,opencores_aes,crypto_checksum,input_to_reg,1.051226,1.3962864,0.34506036837005616
aes128,w2[21],train,opencores_aes,crypto_checksum,input_to_reg,1.515802,1.3962864,0.11951563162994394
aes128,w2[22],train,opencores_aes,crypto_checksum,input_to_reg,1.515802,1.3962864,0.11951563162994394
aes128,w2[23],train,opencores_aes,crypto_checksum,input_to_reg,1.515802,1.3962864,0.11951563162994394
aes128,w2[24],train,opencores_aes,crypto_checksum,input_to_reg,1.449305,1.2350956,0.2142093798446656
aes128,w2[25],train,opencores_aes,crypto_checksum,input_to_reg,1.449305,1.2350956,0.2142093798446656
aes128,w2[26],train,opencores_aes,crypto_checksum,input_to_reg,1.449305,1.2350956,0.2142093798446656
aes128,w2[27],train,opencores_aes,crypto_checksum,input_to_reg,1.051226,1.2350956,0.18386962015533448
aes128,w2[28],train,opencores_aes,crypto_checksum,input_to_reg,1.082255,1.2350956,0.1528406201553345
aes128,w2[29],train,opencores_aes,crypto_checksum,input_to_reg,1.082255,1.2350956,0.1528406201553345
aes128,w2[2],train,opencores_aes,crypto_checksum,input_to_reg,1.449305,1.3962864,0.05301863162994391
aes128,w2[30],train,opencores_aes,crypto_checksum,input_to_reg,1.082255,1.2350956,0.1528406201553345
aes128,w2[31],train,opencores_aes,crypto_checksum,input_to_reg,1.457847,1.461016,0.003169058921814072
aes128,w2[3],train,opencores_aes,crypto_checksum,input_to_reg,1.051226,1.3962864,0.34506036837005616
aes128,w2[4],train,opencores_aes,crypto_checksum,input_to_reg,1.051226,1.3962864,0.34506036837005616
aes128,w2[5],train,opencores_aes,crypto_checksum,input_to_reg,1.515802,1.3962864,0.11951563162994394
aes128,w2[6],train,opencores_aes,crypto_checksum,input_to_reg,1.515802,1.3962864,0.11951563162994394
aes128,w2[7],train,opencores_aes,crypto_checksum,input_to_reg,1.515802,1.3962864,0.11951563162994394
aes128,w2[8],train,opencores_aes,crypto_checksum,input_to_reg,1.449305,1.3962864,0.05301863162994391
aes128,w2[9],train,opencores_aes,crypto_checksum,input_to_reg,1.449305,1.3962864,0.05301863162994391
aes128,w3[0],train,opencores_aes,crypto_checksum,input_to_reg,1.640775,1.6412559,0.00048085556030263987
aes128,w3[10],train,opencores_aes,crypto_checksum,input_to_reg,1.70706,1.7067367,0.0003233161544800023
aes128,w3[11],train,opencores_aes,crypto_checksum,input_to_reg,1.439802,1.4398546,5.2621887207005e-05
aes128,w3[12],train,opencores_aes,crypto_checksum,input_to_reg,1.907862,1.9079912,0.00012917088317876413
aes128,w3[13],train,opencores_aes,crypto_checksum,input_to_reg,1.776578,1.7781332,0.001555153915405283
aes128,w3[14],train,opencores_aes,crypto_checksum,input_to_reg,1.676521,1.6765716,5.060758972175172e-05
aes128,w3[15],train,opencores_aes,crypto_checksum,input_to_reg,1.595916,1.5935752,0.0023407608184813355
aes128,w3[16],train,opencores_aes,crypto_checksum,input_to_reg,1.638209,1.6384182,0.00020919763183591122
aes128,w3[17],train,opencores_aes,crypto_checksum,input_to_reg,1.632882,1.6335673,0.0006853332214356023
aes128,w3[18],train,opencores_aes,crypto_checksum,input_to_reg,1.718519,1.7182199,0.000299123710632232
aes128,w3[19],train,opencores_aes,crypto_checksum,input_to_reg,1.434791,1.4388034,0.004012434371948315
aes128,w3[1],train,opencores_aes,crypto_checksum,input_to_reg,1.676235,1.6491032,0.027131835327148357
aes128,w3[20],train,opencores_aes,crypto_checksum,input_to_reg,1.781507,1.7820882,0.0005811605148315913
aes128,w3[21],train,opencores_aes,crypto_checksum,input_to_reg,1.796144,1.7949412,0.0012028130950927363
aes128,w3[22],train,opencores_aes,crypto_checksum,input_to_reg,1.677123,1.6765716,0.0005513924102782397
aes128,w3[23],train,opencores_aes,crypto_checksum,input_to_reg,1.582005,1.5825549,0.0005499364089964764
aes128,w3[24],train,opencores_aes,crypto_checksum,input_to_reg,1.608738,1.60938,0.0006420067901611315
aes128,w3[25],train,opencores_aes,crypto_checksum,input_to_reg,1.669448,1.6688218,0.0006261883239746524
aes128,w3[26],train,opencores_aes,crypto_checksum,input_to_reg,1.656578,1.6573181,0.000740115234374894
aes128,w3[27],train,opencores_aes,crypto_checksum,input_to_reg,1.439632,1.4404954,0.0008633718185424577
aes128,w3[28],train,opencores_aes,crypto_checksum,input_to_reg,1.921717,1.9213251,0.0003919124526976514
aes128,w3[29],train,opencores_aes,crypto_checksum,input_to_reg,1.723344,1.720756,0.00258794607543944
aes128,w3[2],train,opencores_aes,crypto_checksum,input_to_reg,1.676427,1.6766776,0.00025058464813243475
aes128,w3[30],train,opencores_aes,crypto_checksum,input_to_reg,1.601599,1.6026407,0.0010417480239868215
aes128,w3[31],train,opencores_aes,crypto_checksum,input_to_reg,1.560473,1.5603923,8.073944854736226e-05
aes128,w3[3],train,opencores_aes,crypto_checksum,input_to_reg,1.454265,1.4518234,0.0024416462326048993
aes128,w3[4],train,opencores_aes,crypto_checksum,input_to_reg,1.709363,1.7097981,0.000435097610473667
aes128,w3[5],train,opencores_aes,crypto_checksum,input_to_reg,1.796798,1.7968098,1.1792518615827419e-05
aes128,w3[6],train,opencores_aes,crypto_checksum,input_to_reg,1.676001,1.676774,0.0007730249633788322
aes128,w3[7],train,opencores_aes,crypto_checksum,input_to_reg,1.580229,1.5794216,0.0008073605575562581
aes128,w3[8],train,opencores_aes,crypto_checksum,input_to_reg,1.644375,1.6433176,0.001057419776916424
aes128,w3[9],train,opencores_aes,crypto_checksum,input_to_reg,1.62217,1.6491032,0.026933164672851673
sha256,H0_reg[0],train,secworks_sha2,crypto_checksum,input_to_reg,1.829552,1.8363427,0.006790692375183038
sha256,H0_reg[10],train,secworks_sha2,crypto_checksum,input_to_reg,3.207692,3.207468,0.00022396716308614728
sha256,H0_reg[11],train,secworks_sha2,crypto_checksum,input_to_reg,2.56184,2.8953848,0.3335447885131835
sha256,H0_reg[12],train,secworks_sha2,crypto_checksum,input_to_reg,3.257041,2.9200358,0.33700516091918953
sha256,H0_reg[13],train,secworks_sha2,crypto_checksum,input_to_reg,1.830853,2.8717353,1.0408823343963622
sha256,H0_reg[14],train,secworks_sha2,crypto_checksum,input_to_reg,3.220473,2.5446706,0.6758024181823732
sha256,H0_reg[15],train,secworks_sha2,crypto_checksum,input_to_reg,1.650676,1.728078,0.07740200769805905
sha256,H0_reg[16],train,secworks_sha2,crypto_checksum,input_to_reg,1.600407,1.6006336,0.0002266212158203995
sha256,H0_reg[17],train,secworks_sha2,crypto_checksum,reg_to_reg,3.257041,3.2565994,0.000441573730468825
sha256,H0_reg[18],train,secworks_sha2,crypto_checksum,input_to_reg,3.298007,3.247771,0.05023597529602064
sha256,H0_reg[19],train,secworks_sha2,crypto_checksum,input_to_reg,1.830654,2.8129485,0.98229446534729
sha256,H0_reg[1],train,secworks_sha2,crypto_checksum,input_to_reg,1.830654,1.8199371,0.010716890052795414
sha256,H0_reg[20],train,secworks_sha2,crypto_checksum,reg_to_reg,1.840531,1.8411578,0.0006267939987183446
sha256,H0_reg[21],train,secworks_sha2,crypto_checksum,reg_to_reg,1.773995,1.7841837,0.010188740615844738
sha256,H0_reg[22],train,secworks_sha2,crypto_checksum,reg_to_reg,1.840531,1.8336601,0.006870874267578042
sha256,H0_reg[23],train,secworks_sha2,crypto_checksum,reg_to_reg,1.773995,1.7757428,0.0017477692413330193
sha256,H0_reg[24],train,secworks_sha2,crypto_checksum,reg_to_reg,3.298007,3.3005307,0.002523672073364125
sha256,H0_reg[25],train,secworks_sha2,crypto_checksum,reg_to_reg,1.830654,1.8301868,0.00046715612792969097
sha256,H0_reg[26],train,secworks_sha2,crypto_checksum,reg_to_reg,1.840531,1.8418024,0.0012713586273194188
sha256,H0_reg[27],train,secworks_sha2,crypto_checksum,reg_to_reg,1.830654,1.8297987,0.0008553015747070347
sha256,H0_reg[28],train,secworks_sha2,crypto_checksum,reg_to_reg,3.257041,3.2560427,0.0009982811126709734
sha256,H0_reg[29],train,secworks_sha2,crypto_checksum,reg_to_reg,1.829552,1.8298932,0.0003412313919066712
sha256,H0_reg[2],train,secworks_sha2,crypto_checksum,input_to_reg,3.34919,2.958358,0.3908319506072999
sha256,H0_reg[30],train,secworks_sha2,crypto_checksum,reg_to_reg,3.207692,3.2076328,5.921992492696759e-05
sha256,H0_reg[31],train,secworks_sha2,crypto_checksum,reg_to_reg,2.562065,2.5625467,0.00048173004150386944
sha256,H0_reg[3],train,secworks_sha2,crypto_checksum,input_to_reg,3.207692,2.1727226,1.0349694219512942
sha256,H0_reg[4],train,secworks_sha2,crypto_checksum,input_to_reg,2.560428,2.1952002,0.36522779515075676
sha256,H0_reg[5],train,secworks_sha2,crypto_checksum,input_to_reg,1.829552,2.2012916,0.3717395611267089
sha256,H0_reg[6],train,secworks_sha2,crypto_checksum,input_to_reg,3.207692,3.1161544,0.09153756770324728
sha256,H0_reg[7],train,secworks_sha2,crypto_checksum,input_to_reg,3.203033,3.2512996,0.0482666196746826
sha256,H0_reg[8],train,secworks_sha2,crypto_checksum,input_to_reg,1.838147,1.8364756,0.0016713892669677488
sha256,H0_reg[9],train,secworks_sha2,crypto_checksum,input_to_reg,3.207692,3.2405207,0.03282871571350077
sha256,H1_reg[0],train,secworks_sha2,crypto_checksum,input_to_reg,3.207692,3.2354176,0.027725604446410923
sha256,H1_reg[10],train,secworks_sha2,crypto_checksum,input_to_reg,1.532512,1.5268569,0.005655100738525487
sha256,H1_reg[11],train,secworks_sha2,crypto_checksum,input_to_reg,3.257041,2.8953848,0.3616562114868165
sha256,H1_reg[12],train,secworks_sha2,crypto_checksum,input_to_reg,3.298007,2.9200358,0.3779711609191896
sha256,H1_reg[13],train,secworks_sha2,crypto_checksum,input_to_reg,3.257041,2.8717353,0.38530566560363777
sha256,H1_reg[14],train,secworks_sha2,crypto_checksum,input_to_reg,3.298007,2.5446706,0.7533364181823732
sha256,H1_reg[15],train,secworks_sha2,crypto_checksum,input_to_reg,1.763051,1.728078,0.03497299230194084
sha256,H1_reg[16],train,secworks_sha2,crypto_checksum,input_to_reg,3.257041,2.3060281,0.951012872329712
sha256,H1_reg[17],train,secworks_sha2,crypto_checksum,input_to_reg,1.830968,2.5305269,0.699558876449585
sha256,H1_reg[18],train,secworks_sha2,crypto_checksum,input_to_reg,1.532512,1.5337352,0.0012231560592650403
sha256,H1_reg[19],train,secworks_sha2,crypto_checksum,input_to_reg,2.56184,2.8129485,0.2511084653472899
sha256,H1_reg[1],train,secworks_sha2,crypto_checksum,input_to_reg,2.579719,2.2081432,0.3715757657470702
sha256,H1_reg[20],train,secworks_sha2,crypto_checksum,input_to_reg,2.560894,2.9317844,0.37089039140319846
sha256,H1_reg[21],train,secworks_sha2,crypto_checksum,reg_to_reg,1.532512,1.6548744,0.12236244400787344
sha256,H1_reg[22],train,secworks_sha2,crypto_checksum,reg_to_reg,1.532512,1.513359,0.019153049385070897
sha256,H1_reg[23],train,secworks_sha2,crypto_checksum,reg_to_reg,3.257041,3.259292,0.0022508872833251203
sha256,H1_reg[24],train,secworks_sha2,crypto_checksum,reg_to_reg,1.829873,2.543437,0.7135640040893554
sha256,H1_reg[25],train,secworks_sha2,crypto_checksum,reg_to_reg,1.532512,2.045644,0.5131320448760985
sha256,H1_reg[26],train,secworks_sha2,crypto_checksum,reg_to_reg,2.56184,2.537963,0.023877086486816523
sha256,H1_reg[27],train,secworks_sha2,crypto_checksum,reg_to_reg,3.198982,2.9470553,0.25192666018676757
sha256,H1_reg[28],train,secworks_sha2,crypto_checksum,reg_to_reg,1.536291,1.5067593,0.029531714073181226
sha256,H1_reg[29],train,secworks_sha2,crypto_checksum,reg_to_reg,3.234362,2.7100027,0.5243593392486572
sha256,H1_reg[2],train,secworks_sha2,crypto_checksum,input_to_reg,3.34919,3.346156,0.0030341181182862442
sha256,H1_reg[30],train,secworks_sha2,crypto_checksum,reg_to_reg,3.257041,2.9087908,0.3482501732025147
sha256,H1_reg[31],train,secworks_sha2,crypto_checksum,reg_to_reg,1.829552,1.8296155,6.347374725335087e-05
sha256,H1_reg[3],train,secworks_sha2,crypto_checksum,input_to_reg,3.207692,3.2041943,0.003497692672729702
sha256,H1_reg[4],train,secworks_sha2,crypto_checksum,reg_to_reg,3.207692,3.2073202,0.00037178668212911603
sha256,H1_reg[5],train,secworks_sha2,crypto_checksum,input_to_reg,1.773995,1.7754273,0.001432341461181652
sha256,H1_reg[6],train,secworks_sha2,crypto_checksum,input_to_reg,1.838415,2.358546,0.520131018600464
sha256,H1_reg[7],train,secworks_sha2,crypto_checksum,input_to_reg,3.257041,3.2512996,0.005741380325317458
sha256,H1_reg[8],train,secworks_sha2,crypto_checksum,input_to_reg,2.56184,2.9304607,0.36862069145202625
sha256,H1_reg[9],train,secworks_sha2,crypto_checksum,input_to_reg,3.234362,3.0191882,0.2151738343353271
sha256,H2_reg[0],train,secworks_sha2,crypto_checksum,input_to_reg,3.257041,3.217379,0.03966190682983406
sha256,H2_reg[10],train,secworks_sha2,crypto_checksum,input_to_reg,2.561688,2.5726514,0.010963386260986141
sha256,H2_reg[11],train,secworks_sha2,crypto_checksum,input_to_reg,2.563217,2.897973,0.3347560606079103
sha256,H2_reg[12],train,secworks_sha2,crypto_checksum,input_to_reg,1.532512,1.5340445,0.0015325041656493177
sha256,H2_reg[13],train,secworks_sha2,crypto_checksum,input_to_reg,3.198982,3.1944122,0.004569768554687492
sha256,H2_reg[14],train,secworks_sha2,crypto_checksum,input_to_reg,1.532512,1.5305674,0.0019445923919678698
sha256,H2_reg[15],train,secworks_sha2,crypto_checksum,input_to_reg,3.20697,3.2083929,0.001422858505248925
sha256,H2_reg[16],train,secworks_sha2,crypto_checksum,reg_to_reg,3.257041,3.2527022,0.004338763824462966
sha256,H2_reg[17],train,secworks_sha2,crypto_checksum,input_to_reg,1.831501,1.8279338,0.0035672117004394988
sha256,H2_reg[18],train,secworks_sha2,crypto_checksum,input_to_reg,1.830516,1.7613319,0.06918408414459232
sha256,H2_reg[19],train,secworks_sha2,crypto_checksum,input_to_reg,3.198982,2.5177238,0.6812582012481689
sha256,H2_reg[1],train,secworks_sha2,crypto_checksum,input_to_reg,1.592879,1.6077535,0.01487451524353034
sha256,H2_reg[20],train,secworks_sha2,crypto_checksum,input_to_reg,2.561828,2.552974,0.008854014328003146
sha256,H2_reg[21],train,secworks_sha2,crypto_checksum,reg_to_reg,1.532512,1.6543133,0.12180132588195791
sha256,H2_reg[22],train,secworks_sha2,crypto_checksum,reg_to_reg,1.532512,1.5429399,0.010427901351928615
sha256,H2_reg[23],train,secworks_sha2,crypto_checksum,reg_to_reg,1.842711,2.54948,0.7067689613952637
sha256,H2_reg[24],train,secworks_sha2,crypto_checksum,reg_to_reg,3.257041,3.2517233,0.005317710510253981
sha256,H2_reg[25],train,secworks_sha2,crypto_checksum,reg_to_reg,3.257041,3.2319903,0.025050662628173903
sha256,H2_reg[26],train,secworks_sha2,crypto_checksum,reg_to_reg,1.830516,1.8300629,0.000453133789062532
sha256,H2_reg[27],train,secworks_sha2,crypto_checksum,reg_to_reg,1.830419,2.9470553,1.1166363398132324
sha256,H2_reg[28],train,secworks_sha2,crypto_checksum,reg_to_reg,1.532512,1.5468429,0.014330932701110743
sha256,H2_reg[29],train,secworks_sha2,crypto_checksum,reg_to_reg,1.537444,1.5472254,0.009781356101989713
sha256,H2_reg[2],train,secworks_sha2,crypto_checksum,input_to_reg,2.580546,2.9605646,0.38001861334228515
sha256,H2_reg[30],train,secworks_sha2,crypto_checksum,reg_to_reg,3.257041,2.9087908,0.3482501732025147
sha256,H2_reg[31],train,secworks_sha2,crypto_checksum,reg_to_reg,3.253245,2.5171928,0.7360521594238283
sha256,H2_reg[3],train,secworks_sha2,crypto_checksum,input_to_reg,1.837461,1.839594,0.0021330065383911023
sha256,H2_reg[4],train,secworks_sha2,crypto_checksum,input_to_reg,1.532512,1.5660119,0.03349990567016592
sha256,H2_reg[5],train,secworks_sha2,crypto_checksum,input_to_reg,3.234362,3.215137,0.019224995147705037
sha256,H2_reg[6],train,secworks_sha2,crypto_checksum,input_to_reg,1.830516,1.8322893,0.0017733381118774094
sha256,H2_reg[7],train,secworks_sha2,crypto_checksum,input_to_reg,3.257041,3.2553794,0.0016615615997315203
sha256,H2_reg[8],train,secworks_sha2,crypto_checksum,input_to_reg,1.532512,1.5324955,1.6501342773533878e-05
sha256,H2_reg[9],train,secworks_sha2,crypto_checksum,input_to_reg,3.20697,3.1953466,0.011623406143188575
sha256,H3_reg[0],train,secworks_sha2,crypto_checksum,input_to_reg,2.579719,2.5868735,0.007154531341552861
sha256,H3_reg[10],train,secworks_sha2,crypto_checksum,input_to_reg,1.829552,2.8068979,0.9773458786468505
sha256,H3_reg[11],train,secworks_sha2,crypto_checksum,input_to_reg,2.562298,2.8953848,0.3330867885131834
sha256,H3_reg[12],train,secworks_sha2,crypto_checksum,input_to_reg,1.532512,1.5316162,0.0008957890625000964
sha256,H3_reg[13],train,secworks_sha2,crypto_checksum,input_to_reg,3.198982,2.8717353,0.3272466656036377
sha256,H3_reg[14],train,secworks_sha2,crypto_checksum,input_to_reg,1.532512,1.5448296,0.012317607009887599
sha256,H3_reg[15],train,secworks_sha2,crypto_checksum,input_to_reg,3.257041,3.231051,0.02599003182983406
sha256,H3_reg[16],train,secworks_sha2,crypto_checksum,input_to_reg,1.829552,2.3060281,0.476476127670288
sha256,H3_reg[17],train,secworks_sha2,crypto_checksum,input_to_reg,1.532512,1.5380347,0.005522677505493068
sha256,H3_reg[18],train,secworks_sha2,crypto_checksum,input_to_reg,1.532512,1.5337352,0.0012231560592650403
sha256,H3_reg[19],train,secworks_sha2,crypto_checksum,input_to_reg,1.532512,1.5247704,0.007741620933532811
sha256,H3_reg[1],train,secworks_sha2,crypto_checksum,input_to_reg,1.84957,2.2081432,0.35857323425292975
sha256,H3_reg[20],train,secworks_sha2,crypto_checksum,reg_to_reg,1.841257,1.8407571,0.0004998684234618356
sha256,H3_reg[21],train,secworks_sha2,crypto_checksum,reg_to_reg,1.773995,1.6548744,0.11912055599212645
sha256,H3_reg[22],train,secworks_sha2,crypto_checksum,reg_to_reg,1.830552,1.8522556,0.021703582809448285
sha256,H3_reg[23],train,secworks_sha2,crypto_checksum,reg_to_reg,3.257041,2.3949947,0.8620462642822266
sha256,H3_reg[24],train,secworks_sha2,crypto_checksum,reg_to_reg,1.532512,1.539528,0.007016012275695704
sha256,H3_reg[25],train,secworks_sha2,crypto_checksum,reg_to_reg,2.56184,2.045644,0.5161959551239015
sha256,H3_reg[26],train,secworks_sha2,crypto_checksum,reg_to_reg,1.532512,1.5415239,0.009011933410644435
sha256,H3_reg[27],train,secworks_sha2,crypto_checksum,reg_to_reg,3.257041,2.9470553,0.30998566018676765
sha256,H3_reg[28],train,secworks_sha2,crypto_checksum,reg_to_reg,3.298007,3.251328,0.04667900851440443
sha256,H3_reg[29],train,secworks_sha2,crypto_checksum,reg_to_reg,1.637811,2.7100027,1.0721916607513429
sha256,H3_reg[2],train,secworks_sha2,crypto_checksum,reg_to_reg,1.841257,1.8413316,7.460114288337927e-05
sha256,H3_reg[30],train,secworks_sha2,crypto_checksum,reg_to_reg,2.560428,2.9087908,0.3483628267974854
sha256,H3_reg[31],train,secworks_sha2,crypto_checksum,reg_to_reg,1.757522,1.7614346,0.003912555053710909
sha256,H3_reg[3],train,secworks_sha2,crypto_checksum,input_to_reg,3.20697,3.1977704,0.00919964286804209
sha256,H3_reg[4],train,secworks_sha2,crypto_checksum,input_to_reg,3.207692,3.210024,0.0023321184234617043
sha256,H3_reg[5],train,secworks_sha2,crypto_checksum,input_to_reg,3.234362,2.4015162,0.8328458008880615
sha256,H3_reg[6],train,secworks_sha2,crypto_checksum,input_to_reg,3.137074,2.358546,0.7785279813995363
sha256,H3_reg[7],train,secworks_sha2,crypto_checksum,input_to_reg,1.773995,1.7788993,0.004904312019348156
sha256,H3_reg[8],train,secworks_sha2,crypto_checksum,input_to_reg,1.532512,1.5374738,0.004961797798156642
sha256,H3_reg[9],train,secworks_sha2,crypto_checksum,input_to_reg,1.841257,2.5492067,0.7079497337036134
sha256,H4_reg[0],train,secworks_sha2,crypto_checksum,input_to_reg,3.207692,3.1898317,0.01786026629638693
sha256,H4_reg[10],train,secworks_sha2,crypto_checksum,input_to_reg,1.840567,1.8495811,0.0090141223983764
sha256,H4_reg[11],train,secworks_sha2,crypto_checksum,input_to_reg,3.234362,2.897973,0.3363889393920898
sha256,H4_reg[12],train,secworks_sha2,crypto_checksum,input_to_reg,3.234011,3.2359064,0.0018953625335691449
sha256,H4_reg[13],train,secworks_sha2,crypto_checksum,input_to_reg,3.257041,3.2475502,0.00949075090026863
sha256,H4_reg[14],train,secworks_sha2,crypto_checksum,input_to_reg,1.829861,1.8344562,0.004595205368042032
sha256,H4_reg[15],train,secworks_sha2,crypto_checksum,reg_to_reg,3.257041,3.256303,0.0007379280242920672
sha256,H4_reg[16],train,secworks_sha2,crypto_checksum,reg_to_reg,1.840567,1.8422109,0.0016438888626097992
sha256,H4_reg[17],train,secworks_sha2,crypto_checksum,input_to_reg,1.826709,1.8279338,0.0012247882995606307
sha256,H4_reg[18],train,secworks_sha2,crypto_checksum,input_to_reg,1.691851,1.7613319,0.06948091585540772
sha256,H4_reg[19],train,secworks_sha2,crypto_checksum,input_to_reg,1.830669,2.5177238,0.687054798751831
sha256,H4_reg[1],train,secworks_sha2,crypto_checksum,input_to_reg,1.849429,1.8887008,0.03927184285736085
sha256,H4_reg[20],train,secworks_sha2,crypto_checksum,reg_to_reg,1.840992,1.8409142,7.775057983394618e-05
sha256,H4_reg[21],train,secworks_sha2,crypto_checksum,reg_to_reg,3.257041,3.243552,0.013489030471801833
sha256,H4_reg[22],train,secworks_sha2,crypto_checksum,reg_to_reg,2.562282,2.5701087,0.007826652114867994
sha256,H4_reg[23],train,secworks_sha2,crypto_checksum,reg_to_reg,2.577527,2.5759845,0.0015425220031737297
sha256,H4_reg[24],train,secworks_sha2,crypto_checksum,reg_to_reg,3.207692,3.2020497,0.005642267791748257
sha256,H4_reg[25],train,secworks_sha2,crypto_checksum,reg_to_reg,3.257041,3.2568443,0.0001967178497315203
sha256,H4_reg[26],train,secworks_sha2,crypto_checksum,reg_to_reg,2.560451,2.5631196,0.0026686498870849285
sha256,H4_reg[27],train,secworks_sha2,crypto_checksum,reg_to_reg,2.56213,2.5602183,0.0019116658020017496
sha256,H4_reg[28],train,secworks_sha2,crypto_checksum,reg_to_reg,3.207692,3.216434,0.008742001922607212
sha256,H4_reg[29],train,secworks_sha2,crypto_checksum,reg_to_reg,2.563079,2.5639398,0.0008608097991942287
sha256,H4_reg[2],train,secworks_sha2,crypto_checksum,input_to_reg,3.34919,2.9605646,0.38862538665771496
sha256,H4_reg[30],train,secworks_sha2,crypto_checksum,reg_to_reg,1.649854,1.6485635,0.001290495780944756
sha256,H4_reg[31],train,secworks_sha2,crypto_checksum,reg_to_reg,2.560428,2.561914,0.0014859671325684332
sha256,H4_reg[3],train,secworks_sha2,crypto_checksum,input_to_reg,1.830419,1.8494524,0.019033376365661603
sha256,H4_reg[4],train,secworks_sha2,crypto_checksum,input_to_reg,1.600407,1.5660119,0.0343950943298339
sha256,H4_reg[5],train,secworks_sha2,crypto_checksum,input_to_reg,1.532512,1.5324848,2.723017883310419e-05
sha256,H4_reg[6],train,secworks_sha2,crypto_checksum,input_to_reg,1.829755,1.8322893,0.002534338111877421
sha256,H4_reg[7],train,secworks_sha2,crypto_checksum,input_to_reg,3.257041,3.2553794,0.0016615615997315203
sha256,H4_reg[8],train,secworks_sha2,crypto_checksum,input_to_reg,3.298007,3.305947,0.007940065353393422
sha256,H4_reg[9],train,secworks_sha2,crypto_checksum,input_to_reg,1.532512,1.5301621,0.002349903976440526
sha256,H5_reg[0],train,secworks_sha2,crypto_checksum,input_to_reg,2.579232,2.5868735,0.007641531341552543
sha256,H5_reg[10],train,secworks_sha2,crypto_checksum,input_to_reg,3.298007,2.8068979,0.49110912135314955
sha256,H5_reg[11],train,secworks_sha2,crypto_checksum,input_to_reg,3.198982,2.8953848,0.3035972114868164
sha256,H5_reg[12],train,secworks_sha2,crypto_checksum,input_to_reg,3.298007,2.9200358,0.3779711609191896
sha256,H5_reg[13],train,secworks_sha2,crypto_checksum,input_to_reg,3.198982,2.8717353,0.3272466656036377
sha256,H5_reg[14],train,secworks_sha2,crypto_checksum,input_to_reg,1.829873,2.5446706,0.7147975818176269
sha256,H5_reg[15],train,secworks_sha2,crypto_checksum,reg_to_reg,3.257041,3.2556,0.001441024414062575
sha256,H5_reg[16],train,secworks_sha2,crypto_checksum,input_to_reg,1.829552,2.3060281,0.476476127670288
sha256,H5_reg[17],train,secworks_sha2,crypto_checksum,reg_to_reg,1.773995,1.7755549,0.001559895401000988
sha256,H5_reg[18],train,secworks_sha2,crypto_checksum,input_to_reg,3.198982,3.247771,0.0487890247039795
sha256,H5_reg[19],train,secworks_sha2,crypto_checksum,input_to_reg,3.207692,2.8129485,0.39474353465271017
sha256,H5_reg[1],train,secworks_sha2,crypto_checksum,reg_to_reg,1.841257,1.8482091,0.006952142684936602
sha256,H5_reg[20],train,secworks_sha2,crypto_checksum,input_to_reg,3.298007,2.9317844,0.3662226085968019
sha256,H5_reg[21],train,secworks_sha2,crypto_checksum,reg_to_reg,1.773995,1.6543133,0.11968167411804198
sha256,H5_reg[22],train,secworks_sha2,crypto_checksum,reg_to_reg,3.298007,3.2810974,0.016909587890625133
sha256,H5_reg[23],train,secworks_sha2,crypto_checksum,reg_to_reg,3.257041,2.54948,0.7075610386047364
sha256,H5_reg[24],train,secworks_sha2,crypto_checksum,reg_to_reg,3.257041,2.543437,0.7136039959106446
sha256,H5_reg[25],train,secworks_sha2,crypto_checksum,reg_to_reg,3.20697,3.2219687,0.014998650817870995
sha256,H5_reg[26],train,secworks_sha2,crypto_checksum,reg_to_reg,1.841257,1.8793107,0.03805372711944588
sha256,H5_reg[27],train,secworks_sha2,crypto_checksum,reg_to_reg,3.234362,2.9470553,0.28730666018676754
sha256,H5_reg[28],train,secworks_sha2,crypto_checksum,reg_to_reg,1.829873,1.882442,0.05256899752807609
sha256,H5_reg[29],train,secworks_sha2,crypto_checksum,reg_to_reg,3.257041,3.2405186,0.016522430053711012
sha256,H5_reg[2],train,secworks_sha2,crypto_checksum,input_to_reg,1.848508,2.214145,0.3656369451446533
sha256,H5_reg[30],train,secworks_sha2,crypto_checksum,reg_to_reg,2.560894,2.9087908,0.34789682679748557
sha256,H5_reg[31],train,secworks_sha2,crypto_checksum,reg_to_reg,1.829873,1.8296155,0.00025752625274666485
sha256,H5_reg[3],train,secworks_sha2,crypto_checksum,input_to_reg,1.829552,2.1727226,0.343170578048706
sha256,H5_reg[4],train,secworks_sha2,crypto_checksum,input_to_reg,2.560894,2.5613852,0.0004911547241213121
sha256,H5_reg[5],train,secworks_sha2,crypto_checksum,input_to_reg,1.773995,1.7754273,0.001432341461181652
sha256,H5_reg[6],train,secworks_sha2,crypto_checksum,input_to_reg,1.841257,2.358546,0.517289018600464
sha256,H5_reg[7],train,secworks_sha2,crypto_checksum,input_to_reg,3.198982,3.2512996,0.052317619674682625
sha256,H5_reg[8],train,secworks_sha2,crypto_checksum,input_to_reg,3.298007,2.9304607,0.36754630854797377
sha256,H5_reg[9],train,secworks_sha2,crypto_checksum,input_to_reg,3.257041,2.5492067,0.7078342662963868
sha256,H6_reg[0],train,secworks_sha2,crypto_checksum,input_to_reg,3.257041,3.2354176,0.021623395553588942
sha256,H6_reg[10],train,secworks_sha2,crypto_checksum,input_to_reg,3.298007,2.8068979,0.49110912135314955
sha256,H6_reg[11],train,secworks_sha2,crypto_checksum,input_to_reg,1.532512,1.5393957,0.006883689964294337
sha256,H6_reg[12],train,secworks_sha2,crypto_checksum,input_to_reg,1.829873,2.9200358,1.0901628390808105
sha256,H6_reg[13],train,secworks_sha2,crypto_checksum,input_to_reg,3.257041,3.2601085,0.003067470916747972
sha256,H6_reg[14],train,secworks_sha2,crypto_checksum,input_to_reg,1.829552,2.5446706,0.7151185818176269
sha256,H6_reg[15],train,secworks_sha2,crypto_checksum,input_to_reg,1.763051,1.728078,0.03497299230194084
sha256,H6_reg[16],train,secworks_sha2,crypto_checksum,input_to_reg,3.207692,3.1988213,0.008870693771362514
sha256,H6_reg[17],train,secworks_sha2,crypto_checksum,input_to_reg,3.198982,2.5305269,0.668455123550415
sha256,H6_reg[18],train,secworks_sha2,crypto_checksum,reg_to_reg,1.841257,1.8394557,0.0018012762374877145
sha256,H6_reg[19],train,secworks_sha2,crypto_checksum,input_to_reg,3.257041,2.8129485,0.44409253465271004
sha256,H6_reg[1],train,secworks_sha2,crypto_checksum,input_to_reg,1.592879,1.5913012,0.0015777972259520823
sha256,H6_reg[20],train,secworks_sha2,crypto_checksum,input_to_reg,3.298007,2.9317844,0.3662226085968019
sha256,H6_reg[21],train,secworks_sha2,crypto_checksum,input_to_reg,3.257041,3.2515757,0.005465291610717848
sha256,H6_reg[22],train,secworks_sha2,crypto_checksum,reg_to_reg,2.560894,2.5670633,0.006169331604004125
sha256,H6_reg[23],train,secworks_sha2,crypto_checksum,reg_to_reg,1.532512,2.3949947,0.8624827357177733
sha256,H6_reg[24],train,secworks_sha2,crypto_checksum,reg_to_reg,1.829552,1.8313962,0.0018442221145629212
sha256,H6_reg[25],train,secworks_sha2,crypto_checksum,reg_to_reg,1.830654,1.8393009,0.008646870895385739
sha256,H6_reg[26],train,secworks_sha2,crypto_checksum,reg_to_reg,1.532512,1.5258406,0.006671359931945897
sha256,H6_reg[27],train,secworks_sha2,crypto_checksum,reg_to_reg,3.234362,2.9470553,0.28730666018676754
sha256,H6_reg[28],train,secworks_sha2,crypto_checksum,reg_to_reg,3.234011,3.2670026,0.03299158255004864
sha256,H6_reg[29],train,secworks_sha2,crypto_checksum,reg_to_reg,3.257041,2.7100027,0.5470383392486573
sha256,H6_reg[2],train,secworks_sha2,crypto_checksum,input_to_reg,2.581117,2.214145,0.36697205485534656
sha256,H6_reg[30],train,secworks_sha2,crypto_checksum,reg_to_reg,2.560428,2.5640745,0.0036465162963867925
sha256,H6_reg[31],train,secworks_sha2,crypto_checksum,reg_to_reg,1.781538,2.5171928,0.7356548405761718
sha256,H6_reg[3],train,secworks_sha2,crypto_checksum,input_to_reg,1.830795,2.1727226,0.3419275780487061
sha256,H6_reg[4],train,secworks_sha2,crypto_checksum,reg_to_reg,3.207692,3.2073202,0.00037178668212911603
sha256,H6_reg[5],train,secworks_sha2,crypto_checksum,input_to_reg,1.532512,2.4015162,0.8690041991119384
sha256,H6_reg[6],train,secworks_sha2,crypto_checksum,input_to_reg,3.137074,2.358546,0.7785279813995363
sha256,H6_reg[7],train,secworks_sha2,crypto_checksum,input_to_reg,1.532512,1.6300223,0.09751028736877432
sha256,H6_reg[8],train,secworks_sha2,crypto_checksum,input_to_reg,1.532512,1.5374738,0.004961797798156642
sha256,H6_reg[9],train,secworks_sha2,crypto_checksum,input_to_reg,3.257041,3.0191882,0.23785283433532722
sha256,H7_reg[0],train,secworks_sha2,crypto_checksum,input_to_reg,1.831869,1.8363427,0.004473692375183136
sha256,H7_reg[10],train,secworks_sha2,crypto_checksum,input_to_reg,3.207692,3.207468,0.00022396716308614728
sha256,H7_reg[11],train,secworks_sha2,crypto_checksum,input_to_reg,1.532512,1.5393957,0.006883689964294337
sha256,H7_reg[12],train,secworks_sha2,crypto_checksum,input_to_reg,1.838415,1.836897,0.001517984428405672
sha256,H7_reg[13],train,secworks_sha2,crypto_checksum,input_to_reg,3.257041,3.2601085,0.003067470916747972
sha256,H7_reg[14],train,secworks_sha2,crypto_checksum,input_to_reg,3.207692,3.1797855,0.027906509963989468
sha256,H7_reg[15],train,secworks_sha2,crypto_checksum,input_to_reg,3.20697,3.231051,0.024080968170165917
sha256,H7_reg[16],train,secworks_sha2,crypto_checksum,reg_to_reg,1.841257,1.8449563,0.003699278800964434
sha256,H7_reg[17],train,secworks_sha2,crypto_checksum,input_to_reg,2.560894,2.5305269,0.03036712355041482
sha256,H7_reg[18],train,secworks_sha2,crypto_checksum,reg_to_reg,1.841257,1.842343,0.0010859727554322074
sha256,H7_reg[19],train,secworks_sha2,crypto_checksum,input_to_reg,3.207692,2.8129485,0.39474353465271017
sha256,H7_reg[1],train,secworks_sha2,crypto_checksum,input_to_reg,1.841257,1.8405699,0.0006871462173461129
sha256,H7_reg[20],train,secworks_sha2,crypto_checksum,input_to_reg,2.560894,2.9317844,0.37089039140319846
sha256,H7_reg[21],train,secworks_sha2,crypto_checksum,reg_to_reg,1.532512,1.5300355,0.0024765042419434558
sha256,H7_reg[22],train,secworks_sha2,crypto_checksum,reg_to_reg,3.207692,3.1865067,0.02118525180053732
sha256,H7_reg[23],train,secworks_sha2,crypto_checksum,reg_to_reg,1.532512,1.5409545,0.008442470634460353
sha256,H7_reg[24],train,secworks_sha2,crypto_checksum,reg_to_reg,1.830552,1.8305521,1.0113525394928047e-07
sha256,H7_reg[25],train,secworks_sha2,crypto_checksum,reg_to_reg,1.532512,1.5312903,0.0012217072601319323
sha256,H7_reg[26],train,secworks_sha2,crypto_checksum,reg_to_reg,3.257041,3.2364256,0.020615361801147536
sha256,H7_reg[27],train,secworks_sha2,crypto_checksum,reg_to_reg,3.207692,3.2438307,0.03613868084716776
sha256,H7_reg[28],train,secworks_sha2,crypto_checksum,reg_to_reg,3.207692,3.1721244,0.035567614166259975
sha256,H7_reg[29],train,secworks_sha2,crypto_checksum,reg_to_reg,3.234362,3.2418275,0.007465487945556681
sha256,H7_reg[2],train,secworks_sha2,crypto_checksum,input_to_reg,2.563618,2.958358,0.39474004939270024
sha256,H7_reg[30],train,secworks_sha2,crypto_checksum,reg_to_reg,1.830795,1.8257104,0.005084584159851024
sha256,H7_reg[31],train,secworks_sha2,crypto_checksum,reg_to_reg,2.560428,2.5603757,5.230953979484809e-05
sha256,H7_reg[3],train,secworks_sha2,crypto_checksum,input_to_reg,1.830795,2.1727226,0.3419275780487061
sha256,H7_reg[4],train,secworks_sha2,crypto_checksum,input_to_reg,1.829873,2.1952002,0.3653272048492431
sha256,H7_reg[5],train,secworks_sha2,crypto_checksum,input_to_reg,2.563618,2.2012916,0.36232643887329097
sha256,H7_reg[6],train,secworks_sha2,crypto_checksum,input_to_reg,1.841257,2.358546,0.517289018600464
sha256,H7_reg[7],train,secworks_sha2,crypto_checksum,input_to_reg,3.34919,3.2512996,0.0978903803253175
sha256,H7_reg[8],train,secworks_sha2,crypto_checksum,input_to_reg,3.207692,3.1275053,0.08018669757080099
sha256,H7_reg[9],train,secworks_sha2,crypto_checksum,input_to_reg,2.560428,3.0191882,0.4587601656646729
sha256,a_reg[0],train,secworks_sha2,crypto_checksum,input_to_reg,4.857494,4.8568444,0.0006495747985839628
sha256,a_reg[10],train,secworks_sha2,crypto_checksum,input_to_reg,4.857494,4.859804,0.002310153442382834
sha256,a_reg[11],train,secworks_sha2,crypto_checksum,input_to_reg,4.857494,4.856259,0.0012351308288574003
sha256,a_reg[12],train,secworks_sha2,crypto_checksum,input_to_reg,4.842731,4.839412,0.003318787628173503
sha256,a_reg[13],train,secworks_sha2,crypto_checksum,input_to_reg,4.842731,4.84637,0.003639220184326497
sha256,a_reg[14],train,secworks_sha2,crypto_checksum,input_to_reg,4.842731,4.8424807,0.00025034051513639355
sha256,a_reg[15],train,secworks_sha2,crypto_checksum,input_to_reg,4.842731,4.8415217,0.001209260040282878
sha256,a_reg[16],train,secworks_sha2,crypto_checksum,input_to_reg,5.05425,5.0556297,0.0013797302246096876
sha256,a_reg[17],train,secworks_sha2,crypto_checksum,input_to_reg,4.842731,4.8410974,0.0016336451110836592
sha256,a_reg[18],train,secworks_sha2,crypto_checksum,input_to_reg,4.857494,4.859668,0.0021737780151367403
sha256,a_reg[19],train,secworks_sha2,crypto_checksum,input_to_reg,4.857494,4.8553033,0.002190712493896463
sha256,a_reg[1],train,secworks_sha2,crypto_checksum,input_to_reg,4.857494,4.8588037,0.0013097490844726778
sha256,a_reg[20],train,secworks_sha2,crypto_checksum,input_to_reg,4.857494,4.8545647,0.0029293332519531035
sha256,a_reg[21],train,secworks_sha2,crypto_checksum,input_to_reg,5.024037,5.028359,0.004321936309814589
sha256,a_reg[22],train,secworks_sha2,crypto_checksum,reg_to_reg,4.857494,4.857022,0.00047219137573240033
sha256,a_reg[23],train,secworks_sha2,crypto_checksum,reg_to_reg,4.849196,4.8484006,0.0007954071960449838
sha256,a_reg[24],train,secworks_sha2,crypto_checksum,reg_to_reg,4.857494,4.8578315,0.0003374781188965059
sha256,a_reg[25],train,secworks_sha2,crypto_checksum,reg_to_reg,4.857494,4.857829,0.0003350939331054903
sha256,a_reg[26],train,secworks_sha2,crypto_checksum,reg_to_reg,4.857494,4.8574243,6.974081420896283e-05
sha256,a_reg[27],train,secworks_sha2,crypto_checksum,reg_to_reg,4.857494,4.857759,0.0002649988708496309
sha256,a_reg[28],train,secworks_sha2,crypto_checksum,reg_to_reg,4.857494,4.85779,0.00029599328613283404
sha256,a_reg[29],train,secworks_sha2,crypto_checksum,reg_to_reg,4.857494,4.8582926,0.0007985796508789278
sha256,a_reg[2],train,secworks_sha2,crypto_checksum,input_to_reg,4.857494,4.8583164,0.000822421508789084
sha256,a_reg[30],train,secworks_sha2,crypto_checksum,reg_to_reg,4.857494,4.8567085,0.0007854733886718535
sha256,a_reg[31],train,secworks_sha2,crypto_checksum,reg_to_reg,4.857494,4.8574414,5.257467651365033e-05
sha256,a_reg[3],train,secworks_sha2,crypto_checksum,input_to_reg,4.857494,4.8578424,0.0003484453735351778
sha256,a_reg[4],train,secworks_sha2,crypto_checksum,input_to_reg,4.857494,4.854307,0.003186825317382791
sha256,a_reg[5],train,secworks_sha2,crypto_checksum,input_to_reg,4.26931,4.2797604,0.0104503607177735
sha256,a_reg[6],train,secworks_sha2,crypto_checksum,input_to_reg,4.857494,4.848161,0.009332779449462869
sha256,a_reg[7],train,secworks_sha2,crypto_checksum,input_to_reg,4.857494,4.861878,0.004383918243408225
sha256,a_reg[8],train,secworks_sha2,crypto_checksum,input_to_reg,4.842731,4.844897,0.002165793365478841
sha256,a_reg[9],train,secworks_sha2,crypto_checksum,input_to_reg,4.842731,4.840948,0.0017828951416012373
sha256,b_reg[0],train,secworks_sha2,crypto_checksum,input_to_reg,4.26931,3.7727263,0.4965837026214599
sha256,b_reg[10],train,secworks_sha2,crypto_checksum,input_to_reg,2.106987,3.7727263,1.6657392973785399
sha256,b_reg[11],train,secworks_sha2,crypto_checksum,input_to_reg,4.903439,4.821251,0.08218808447265591
sha256,b_reg[12],train,secworks_sha2,crypto_checksum,input_to_reg,4.903439,4.821251,0.08218808447265591
sha256,b_reg[13],train,secworks_sha2,crypto_checksum,input_to_reg,4.26931,3.7727263,0.4965837026214599
sha256,b_reg[14],train,secworks_sha2,crypto_checksum,input_to_reg,4.903439,4.821251,0.08218808447265591
sha256,b_reg[15],train,secworks_sha2,crypto_checksum,input_to_reg,4.891293,4.821251,0.07004208447265636
sha256,b_reg[16],train,secworks_sha2,crypto_checksum,input_to_reg,4.268808,3.7727263,0.4960817026214599
sha256,b_reg[17],train,secworks_sha2,crypto_checksum,input_to_reg,4.903439,4.821251,0.08218808447265591
sha256,b_reg[18],train,secworks_sha2,crypto_checksum,input_to_reg,2.128833,3.7727263,1.6438932973785398
sha256,b_reg[19],train,secworks_sha2,crypto_checksum,input_to_reg,4.26931,3.7727263,0.4965837026214599
sha256,b_reg[1],train,secworks_sha2,crypto_checksum,input_to_reg,4.903439,4.821251,0.08218808447265591
sha256,b_reg[20],train,secworks_sha2,crypto_checksum,input_to_reg,4.903439,4.821251,0.08218808447265591
sha256,b_reg[21],train,secworks_sha2,crypto_checksum,input_to_reg,2.1148,3.7727263,1.6579262973785402
sha256,b_reg[22],train,secworks_sha2,crypto_checksum,input_to_reg,4.891293,4.821251,0.07004208447265636
sha256,b_reg[23],train,secworks_sha2,crypto_checksum,input_to_reg,4.903439,4.8806734,0.022765591491698878
sha256,b_reg[24],train,secworks_sha2,crypto_checksum,input_to_reg,4.903439,4.821251,0.08218808447265591
sha256,b_reg[25],train,secworks_sha2,crypto_checksum,input_to_reg,2.1148,3.7727263,1.6579262973785402
sha256,b_reg[26],train,secworks_sha2,crypto_checksum,input_to_reg,4.26931,3.7727263,0.4965837026214599
sha256,b_reg[27],train,secworks_sha2,crypto_checksum,input_to_reg,5.024037,3.7727263,1.2513107026214598
sha256,b_reg[28],train,secworks_sha2,crypto_checksum,input_to_reg,2.1148,3.7727263,1.6579262973785402
sha256,b_reg[29],train,secworks_sha2,crypto_checksum,input_to_reg,4.903439,4.821251,0.08218808447265591
sha256,b_reg[2],train,secworks_sha2,crypto_checksum,input_to_reg,4.268808,3.7727263,0.4960817026214599
sha256,b_reg[30],train,secworks_sha2,crypto_checksum,input_to_reg,4.903439,4.8806734,0.022765591491698878
sha256,b_reg[31],train,secworks_sha2,crypto_checksum,input_to_reg,4.26931,3.7727263,0.4965837026214599
sha256,b_reg[3],train,secworks_sha2,crypto_checksum,input_to_reg,4.903439,4.8806734,0.022765591491698878
sha256,b_reg[4],train,secworks_sha2,crypto_checksum,input_to_reg,4.903439,4.8806734,0.022765591491698878
sha256,b_reg[5],train,secworks_sha2,crypto_checksum,input_to_reg,4.966108,4.8806734,0.08543459149169941
sha256,b_reg[6],train,secworks_sha2,crypto_checksum,input_to_reg,4.903439,4.8806734,0.022765591491698878
sha256,b_reg[7],train,secworks_sha2,crypto_checksum,input_to_reg,4.903439,4.821251,0.08218808447265591
sha256,b_reg[8],train,secworks_sha2,crypto_checksum,input_to_reg,4.26931,3.7727263,0.4965837026214599
sha256,b_reg[9],train,secworks_sha2,crypto_checksum,input_to_reg,4.268808,3.7727263,0.4960817026214599
sha256,c_reg[0],train,secworks_sha2,crypto_checksum,input_to_reg,4.857494,3.4751413,1.3823527131500244
sha256,c_reg[10],train,secworks_sha2,crypto_checksum,input_to_reg,4.857494,3.4751413,1.3823527131500244
sha256,c_reg[11],train,secworks_sha2,crypto_checksum,input_to_reg,4.903439,4.9020348,0.001404240478515284
sha256,c_reg[12],train,secworks_sha2,crypto_checksum,input_to_reg,2.1148,3.4751413,1.3603412868499758
sha256,c_reg[13],train,secworks_sha2,crypto_checksum,input_to_reg,4.876479,3.4751413,1.4013377131500242
sha256,c_reg[14],train,secworks_sha2,crypto_checksum,input_to_reg,2.1148,3.4751413,1.3603412868499758
sha256,c_reg[15],train,secworks_sha2,crypto_checksum,input_to_reg,4.903439,4.9020348,0.001404240478515284
sha256,c_reg[16],train,secworks_sha2,crypto_checksum,input_to_reg,4.903439,4.901779,0.001659825195312159
sha256,c_reg[17],train,secworks_sha2,crypto_checksum,input_to_reg,4.281955,3.4751413,0.8068137131500244
sha256,c_reg[18],train,secworks_sha2,crypto_checksum,input_to_reg,4.903439,4.9020348,0.001404240478515284
sha256,c_reg[19],train,secworks_sha2,crypto_checksum,input_to_reg,5.024037,3.4751413,1.5488957131500243
sha256,c_reg[1],train,secworks_sha2,crypto_checksum,input_to_reg,4.903439,4.9020348,0.001404240478515284
sha256,c_reg[20],train,secworks_sha2,crypto_checksum,input_to_reg,4.903439,4.9020348,0.001404240478515284
sha256,c_reg[21],train,secworks_sha2,crypto_checksum,input_to_reg,2.106987,3.4751413,1.3681542868499754
sha256,c_reg[22],train,secworks_sha2,crypto_checksum,input_to_reg,2.1148,3.4751413,1.3603412868499758
sha256,c_reg[23],train,secworks_sha2,crypto_checksum,input_to_reg,4.903439,4.901779,0.001659825195312159
sha256,c_reg[24],train,secworks_sha2,crypto_checksum,input_to_reg,4.903439,4.901779,0.001659825195312159
sha256,c_reg[25],train,secworks_sha2,crypto_checksum,input_to_reg,4.903439,4.901779,0.001659825195312159
sha256,c_reg[26],train,secworks_sha2,crypto_checksum,input_to_reg,4.903439,4.9020348,0.001404240478515284
sha256,c_reg[27],train,secworks_sha2,crypto_checksum,input_to_reg,4.281955,3.4751413,0.8068137131500244
sha256,c_reg[28],train,secworks_sha2,crypto_checksum,input_to_reg,2.128833,3.4751413,1.3463082868499754
sha256,c_reg[29],train,secworks_sha2,crypto_checksum,input_to_reg,2.1148,3.4751413,1.3603412868499758
sha256,c_reg[2],train,secworks_sha2,crypto_checksum,input_to_reg,4.857494,3.4751413,1.3823527131500244
sha256,c_reg[30],train,secworks_sha2,crypto_checksum,input_to_reg,4.903439,4.901779,0.001659825195312159
sha256,c_reg[31],train,secworks_sha2,crypto_checksum,input_to_reg,5.010781,5.010871,8.993353271513627e-05
sha256,c_reg[3],train,secworks_sha2,crypto_checksum,input_to_reg,4.891293,4.901779,0.010486174804687387
sha256,c_reg[4],train,secworks_sha2,crypto_checksum,input_to_reg,2.1148,3.4751413,1.3603412868499758
sha256,c_reg[5],train,secworks_sha2,crypto_checksum,input_to_reg,4.281955,3.4751413,0.8068137131500244
sha256,c_reg[6],train,secworks_sha2,crypto_checksum,input_to_reg,4.903439,4.9020348,0.001404240478515284
sha256,c_reg[7],train,secworks_sha2,crypto_checksum,input_to_reg,4.903439,4.901779,0.001659825195312159
sha256,c_reg[8],train,secworks_sha2,crypto_checksum,input_to_reg,4.891293,4.9020348,0.010741759521484262
sha256,c_reg[9],train,secworks_sha2,crypto_checksum,input_to_reg,4.903439,4.9020348,0.001404240478515284
sha256,d_reg[0],train,secworks_sha2,crypto_checksum,input_to_reg,4.903439,4.821251,0.08218808447265591
sha256,d_reg[10],train,secworks_sha2,crypto_checksum,input_to_reg,4.26931,3.7727263,0.4965837026214599
sha256,d_reg[11],train,secworks_sha2,crypto_checksum,input_to_reg,4.903439,4.821251,0.08218808447265591
sha256,d_reg[12],train,secworks_sha2,crypto_checksum,input_to_reg,4.891293,4.821251,0.07004208447265636
sha256,d_reg[13],train,secworks_sha2,crypto_checksum,input_to_reg,5.024037,3.7727263,1.2513107026214598
sha256,d_reg[14],train,secworks_sha2,crypto_checksum,input_to_reg,2.128833,3.7727263,1.6438932973785398
sha256,d_reg[15],train,secworks_sha2,crypto_checksum,input_to_reg,4.26931,3.7727263,0.4965837026214599
sha256,d_reg[16],train,secworks_sha2,crypto_checksum,input_to_reg,4.26931,3.7727263,0.4965837026214599
sha256,d_reg[17],train,secworks_sha2,crypto_checksum,input_to_reg,2.128833,3.7727263,1.6438932973785398
sha256,d_reg[18],train,secworks_sha2,crypto_checksum,input_to_reg,2.1148,3.7727263,1.6579262973785402
sha256,d_reg[19],train,secworks_sha2,crypto_checksum,input_to_reg,2.1148,3.7727263,1.6579262973785402
sha256,d_reg[1],train,secworks_sha2,crypto_checksum,input_to_reg,4.876479,3.7727263,1.1037527026214597
sha256,d_reg[20],train,secworks_sha2,crypto_checksum,input_to_reg,4.903439,4.8806734,0.022765591491698878
sha256,d_reg[21],train,secworks_sha2,crypto_checksum,input_to_reg,4.966108,4.8806734,0.08543459149169941
sha256,d_reg[22],train,secworks_sha2,crypto_checksum,input_to_reg,5.024037,3.7727263,1.2513107026214598
sha256,d_reg[23],train,secworks_sha2,crypto_checksum,input_to_reg,4.903439,4.8806734,0.022765591491698878
sha256,d_reg[24],train,secworks_sha2,crypto_checksum,input_to_reg,2.1148,3.7727263,1.6579262973785402
sha256,d_reg[25],train,secworks_sha2,crypto_checksum,input_to_reg,4.26931,3.7727263,0.4965837026214599
sha256,d_reg[26],train,secworks_sha2,crypto_checksum,input_to_reg,2.1148,3.7727263,1.6579262973785402
sha256,d_reg[27],train,secworks_sha2,crypto_checksum,input_to_reg,4.903439,4.8806734,0.022765591491698878
sha256,d_reg[28],train,secworks_sha2,crypto_checksum,input_to_reg,4.857494,3.7727263,1.08476770262146
sha256,d_reg[29],train,secworks_sha2,crypto_checksum,input_to_reg,2.128833,3.7727263,1.6438932973785398
sha256,d_reg[2],train,secworks_sha2,crypto_checksum,input_to_reg,4.903439,4.8806734,0.022765591491698878
sha256,d_reg[30],train,secworks_sha2,crypto_checksum,input_to_reg,4.26931,3.7727263,0.4965837026214599
sha256,d_reg[31],train,secworks_sha2,crypto_checksum,input_to_reg,2.1148,3.7727263,1.6579262973785402
sha256,d_reg[3],train,secworks_sha2,crypto_checksum,input_to_reg,4.26931,3.7727263,0.4965837026214599
sha256,d_reg[4],train,secworks_sha2,crypto_checksum,input_to_reg,4.268808,3.7727263,0.4960817026214599
sha256,d_reg[5],train,secworks_sha2,crypto_checksum,input_to_reg,4.268808,4.821251,0.5524429155273438
sha256,d_reg[6],train,secworks_sha2,crypto_checksum,input_to_reg,4.891293,4.8806734,0.010619591491699332
sha256,d_reg[7],train,secworks_sha2,crypto_checksum,input_to_reg,4.966108,4.8806734,0.08543459149169941
sha256,d_reg[8],train,secworks_sha2,crypto_checksum,input_to_reg,2.1148,3.7727263,1.6579262973785402
sha256,d_reg[9],train,secworks_sha2,crypto_checksum,input_to_reg,4.903439,4.8806734,0.022765591491698878
sha256,digest_update,train,secworks_sha2,crypto_checksum,reg_to_reg,1.55069,1.5543009,0.0036109042739869146
sha256,digest_valid,train,secworks_sha2,crypto_checksum,input_to_reg,1.53179,1.5472362,0.015446204147338882
sha256,e_reg[0],train,secworks_sha2,crypto_checksum,input_to_reg,4.857494,4.857833,0.0003389086303711153
sha256,e_reg[10],train,secworks_sha2,crypto_checksum,input_to_reg,5.024037,5.0248303,0.0007933413391114641
sha256,e_reg[11],train,secworks_sha2,crypto_checksum,input_to_reg,4.90535,4.905579,0.00022909011840788196
sha256,e_reg[12],train,secworks_sha2,crypto_checksum,input_to_reg,4.842731,4.8426256,0.00010538201904264355
sha256,e_reg[13],train,secworks_sha2,crypto_checksum,input_to_reg,4.90535,4.903346,0.0020039382934573524
sha256,e_reg[14],train,secworks_sha2,crypto_checksum,input_to_reg,4.260757,4.264114,0.0033569030456543913
sha256,e_reg[15],train,secworks_sha2,crypto_checksum,input_to_reg,4.857494,4.856661,0.000833157104492166
sha256,e_reg[16],train,secworks_sha2,crypto_checksum,input_to_reg,4.996705,4.9927535,0.003951494293213287
sha256,e_reg[17],train,secworks_sha2,crypto_checksum,input_to_reg,4.294123,4.297645,0.0035220920104981346
sha256,e_reg[18],train,secworks_sha2,crypto_checksum,input_to_reg,4.903439,4.9017158,0.0017232445373531746
sha256,e_reg[19],train,secworks_sha2,crypto_checksum,input_to_reg,4.90535,4.9067445,0.0013944801330563195
sha256,e_reg[1],train,secworks_sha2,crypto_checksum,input_to_reg,4.857494,4.8543906,0.003103378814697244
sha256,e_reg[20],train,secworks_sha2,crypto_checksum,input_to_reg,4.842731,4.8417745,0.0009565363464352217
sha256,e_reg[21],train,secworks_sha2,crypto_checksum,input_to_reg,4.842731,4.841491,0.001239777618407878
sha256,e_reg[22],train,secworks_sha2,crypto_checksum,input_to_reg,4.260757,4.266938,0.006181209533691501
sha256,e_reg[23],train,secworks_sha2,crypto_checksum,input_to_reg,4.83619,4.83145,0.00474001449584982
sha256,e_reg[24],train,secworks_sha2,crypto_checksum,reg_to_reg,4.857494,4.85686,0.0006338391723632597
sha256,e_reg[25],train,secworks_sha2,crypto_checksum,reg_to_reg,4.857494,4.8580265,0.000532504516601584
sha256,e_reg[26],train,secworks_sha2,crypto_checksum,reg_to_reg,4.90535,4.9041653,0.0011847320556643837
sha256,e_reg[27],train,secworks_sha2,crypto_checksum,reg_to_reg,4.842731,4.843542,0.0008110989990237627
sha256,e_reg[28],train,secworks_sha2,crypto_checksum,reg_to_reg,4.842731,4.8432465,0.0005154599609378252
sha256,e_reg[29],train,secworks_sha2,crypto_checksum,reg_to_reg,4.857494,4.8569565,0.0005375180664062285
sha256,e_reg[2],train,secworks_sha2,crypto_checksum,input_to_reg,4.842731,4.8465085,0.0037775029602054033
sha256,e_reg[30],train,secworks_sha2,crypto_checksum,reg_to_reg,4.849196,4.8492036,7.5865783690787225e-06
sha256,e_reg[31],train,secworks_sha2,crypto_checksum,reg_to_reg,4.857494,4.857622,0.00012814660644533404
sha256,e_reg[3],train,secworks_sha2,crypto_checksum,input_to_reg,4.857494,4.8572664,0.0002275739135741972
sha256,e_reg[4],train,secworks_sha2,crypto_checksum,input_to_reg,5.024037,5.02224,0.001796838104247911
sha256,e_reg[5],train,secworks_sha2,crypto_checksum,input_to_reg,5.024037,5.03356,0.009522799194336073
sha256,e_reg[6],train,secworks_sha2,crypto_checksum,input_to_reg,4.842731,4.8318286,0.010902405792236003
sha256,e_reg[7],train,secworks_sha2,crypto_checksum,input_to_reg,4.857494,4.8583484,0.0008543695983886934
sha256,e_reg[8],train,secworks_sha2,crypto_checksum,input_to_reg,4.857494,4.8623066,0.004812594848632834
sha256,e_reg[9],train,secworks_sha2,crypto_checksum,input_to_reg,5.024037,5.01906,0.0049768651123045515
sha256,f_reg[0],train,secworks_sha2,crypto_checksum,input_to_reg,4.26931,3.7727263,0.4965837026214599
sha256,f_reg[10],train,secworks_sha2,crypto_checksum,input_to_reg,4.26931,3.7727263,0.4965837026214599
sha256,f_reg[11],train,secworks_sha2,crypto_checksum,input_to_reg,5.024037,3.7727263,1.2513107026214598
sha256,f_reg[12],train,secworks_sha2,crypto_checksum,input_to_reg,4.26931,3.7727263,0.4965837026214599
sha256,f_reg[13],train,secworks_sha2,crypto_checksum,input_to_reg,5.024037,3.7727263,1.2513107026214598
sha256,f_reg[14],train,secworks_sha2,crypto_checksum,input_to_reg,4.903439,4.821251,0.08218808447265591
sha256,f_reg[15],train,secworks_sha2,crypto_checksum,input_to_reg,4.903439,4.8806734,0.022765591491698878
sha256,f_reg[16],train,secworks_sha2,crypto_checksum,input_to_reg,4.26931,3.7727263,0.4965837026214599
sha256,f_reg[17],train,secworks_sha2,crypto_checksum,input_to_reg,4.966108,4.8806734,0.08543459149169941
sha256,f_reg[18],train,secworks_sha2,crypto_checksum,input_to_reg,5.024037,3.7727263,1.2513107026214598
sha256,f_reg[19],train,secworks_sha2,crypto_checksum,input_to_reg,4.903439,4.821251,0.08218808447265591
sha256,f_reg[1],train,secworks_sha2,crypto_checksum,input_to_reg,4.903439,4.8806734,0.022765591491698878
sha256,f_reg[20],train,secworks_sha2,crypto_checksum,input_to_reg,4.26931,3.7727263,0.4965837026214599
sha256,f_reg[21],train,secworks_sha2,crypto_checksum,input_to_reg,4.417511,4.8806734,0.4631624085083006
sha256,f_reg[22],train,secworks_sha2,crypto_checksum,input_to_reg,4.903439,4.821251,0.08218808447265591
sha256,f_reg[23],train,secworks_sha2,crypto_checksum,input_to_reg,4.903439,4.8806734,0.022765591491698878
sha256,f_reg[24],train,secworks_sha2,crypto_checksum,input_to_reg,4.26931,3.7727263,0.4965837026214599
sha256,f_reg[25],train,secworks_sha2,crypto_checksum,input_to_reg,4.903439,4.821251,0.08218808447265591
sha256,f_reg[26],train,secworks_sha2,crypto_checksum,input_to_reg,4.903439,4.8806734,0.022765591491698878
sha256,f_reg[27],train,secworks_sha2,crypto_checksum,input_to_reg,4.903439,4.821251,0.08218808447265591
sha256,f_reg[28],train,secworks_sha2,crypto_checksum,input_to_reg,4.903439,4.821251,0.08218808447265591
sha256,f_reg[29],train,secworks_sha2,crypto_checksum,input_to_reg,4.26931,3.7727263,0.4965837026214599
sha256,f_reg[2],train,secworks_sha2,crypto_checksum,input_to_reg,4.26931,3.7727263,0.4965837026214599
sha256,f_reg[30],train,secworks_sha2,crypto_checksum,input_to_reg,4.903439,4.821251,0.08218808447265591
sha256,f_reg[31],train,secworks_sha2,crypto_checksum,input_to_reg,4.932748,4.932461,0.00028721508789075756
sha256,f_reg[3],train,secworks_sha2,crypto_checksum,input_to_reg,4.26931,3.7727263,0.4965837026214599
sha256,f_reg[4],train,secworks_sha2,crypto_checksum,input_to_reg,4.903439,4.821251,0.08218808447265591
sha256,f_reg[5],train,secworks_sha2,crypto_checksum,input_to_reg,4.417511,4.8806734,0.4631624085083006
sha256,f_reg[6],train,secworks_sha2,crypto_checksum,input_to_reg,4.903439,4.8806734,0.022765591491698878
sha256,f_reg[7],train,secworks_sha2,crypto_checksum,input_to_reg,5.024037,3.7727263,1.2513107026214598
sha256,f_reg[8],train,secworks_sha2,crypto_checksum,input_to_reg,4.26931,3.7727263,0.4965837026214599
sha256,f_reg[9],train,secworks_sha2,crypto_checksum,input_to_reg,4.903439,4.8806734,0.022765591491698878
sha256,g_reg[0],train,secworks_sha2,crypto_checksum,input_to_reg,4.268808,3.7727263,0.4960817026214599
sha256,g_reg[10],train,secworks_sha2,crypto_checksum,input_to_reg,4.857494,3.7727263,1.08476770262146
sha256,g_reg[11],train,secworks_sha2,crypto_checksum,input_to_reg,2.1148,3.7727263,1.6579262973785402
sha256,g_reg[12],train,secworks_sha2,crypto_checksum,input_to_reg,4.903439,4.821251,0.08218808447265591
sha256,g_reg[13],train,secworks_sha2,crypto_checksum,input_to_reg,4.903439,4.8806734,0.022765591491698878
sha256,g_reg[14],train,secworks_sha2,crypto_checksum,input_to_reg,4.26931,3.7727263,0.4965837026214599
sha256,g_reg[15],train,secworks_sha2,crypto_checksum,input_to_reg,2.1148,3.7727263,1.6579262973785402
sha256,g_reg[16],train,secworks_sha2,crypto_checksum,input_to_reg,4.903439,4.821251,0.08218808447265591
sha256,g_reg[17],train,secworks_sha2,crypto_checksum,input_to_reg,5.024037,3.7727263,1.2513107026214598
sha256,g_reg[18],train,secworks_sha2,crypto_checksum,input_to_reg,4.903439,4.8806734,0.022765591491698878
sha256,g_reg[19],train,secworks_sha2,crypto_checksum,input_to_reg,4.26931,3.7727263,0.4965837026214599
sha256,g_reg[1],train,secworks_sha2,crypto_checksum,input_to_reg,4.903439,4.821251,0.08218808447265591
sha256,g_reg[20],train,secworks_sha2,crypto_checksum,input_to_reg,4.857494,3.7727263,1.08476770262146
sha256,g_reg[21],train,secworks_sha2,crypto_checksum,input_to_reg,4.268808,3.7727263,0.4960817026214599
sha256,g_reg[22],train,secworks_sha2,crypto_checksum,input_to_reg,4.903439,4.821251,0.08218808447265591
sha256,g_reg[23],train,secworks_sha2,crypto_checksum,input_to_reg,2.1148,3.7727263,1.6579262973785402
sha256,g_reg[24],train,secworks_sha2,crypto_checksum,input_to_reg,4.857494,3.7727263,1.08476770262146
sha256,g_reg[25],train,secworks_sha2,crypto_checksum,input_to_reg,4.26931,3.7727263,0.4965837026214599
sha256,g_reg[26],train,secworks_sha2,crypto_checksum,input_to_reg,2.1148,3.7727263,1.6579262973785402
sha256,g_reg[27],train,secworks_sha2,crypto_checksum,input_to_reg,4.26931,3.7727263,0.4965837026214599
sha256,g_reg[28],train,secworks_sha2,crypto_checksum,input_to_reg,4.903439,4.821251,0.08218808447265591
sha256,g_reg[29],train,secworks_sha2,crypto_checksum,input_to_reg,4.268808,3.7727263,0.4960817026214599
sha256,g_reg[2],train,secworks_sha2,crypto_checksum,input_to_reg,4.268808,3.7727263,0.4960817026214599
sha256,g_reg[30],train,secworks_sha2,crypto_checksum,input_to_reg,4.26931,3.7727263,0.4965837026214599
sha256,g_reg[31],train,secworks_sha2,crypto_checksum,input_to_reg,5.010781,5.010871,8.993353271513627e-05
sha256,g_reg[3],train,secworks_sha2,crypto_checksum,input_to_reg,4.268808,3.7727263,0.4960817026214599
sha256,g_reg[4],train,secworks_sha2,crypto_checksum,input_to_reg,4.903439,4.8806734,0.022765591491698878
sha256,g_reg[5],train,secworks_sha2,crypto_checksum,input_to_reg,2.106987,3.7727263,1.6657392973785399
sha256,g_reg[6],train,secworks_sha2,crypto_checksum,input_to_reg,4.891293,4.8806734,0.010619591491699332
sha256,g_reg[7],train,secworks_sha2,crypto_checksum,input_to_reg,2.1148,3.7727263,1.6579262973785402
sha256,g_reg[8],train,secworks_sha2,crypto_checksum,input_to_reg,2.106987,3.7727263,1.6657392973785399
sha256,g_reg[9],train,secworks_sha2,crypto_checksum,input_to_reg,4.26931,3.7727263,0.4965837026214599
sha256,h_reg[0],train,secworks_sha2,crypto_checksum,input_to_reg,4.268808,4.821251,0.5524429155273438
sha256,h_reg[10],train,secworks_sha2,crypto_checksum,input_to_reg,4.903439,4.821251,0.08218808447265591
sha256,h_reg[11],train,secworks_sha2,crypto_checksum,input_to_reg,2.106987,3.7727263,1.6657392973785399
sha256,h_reg[12],train,secworks_sha2,crypto_checksum,input_to_reg,4.903439,4.8806734,0.022765591491698878
sha256,h_reg[13],train,secworks_sha2,crypto_checksum,input_to_reg,4.903439,4.8806734,0.022765591491698878
sha256,h_reg[14],train,secworks_sha2,crypto_checksum,input_to_reg,4.268808,3.7727263,0.4960817026214599
sha256,h_reg[15],train,secworks_sha2,crypto_checksum,input_to_reg,4.268808,3.7727263,0.4960817026214599
sha256,h_reg[16],train,secworks_sha2,crypto_checksum,input_to_reg,4.903439,4.8806734,0.022765591491698878
sha256,h_reg[17],train,secworks_sha2,crypto_checksum,input_to_reg,4.903439,4.821251,0.08218808447265591
sha256,h_reg[18],train,secworks_sha2,crypto_checksum,input_to_reg,4.903439,4.8806734,0.022765591491698878
sha256,h_reg[19],train,secworks_sha2,crypto_checksum,input_to_reg,5.024037,3.7727263,1.2513107026214598
sha256,h_reg[1],train,secworks_sha2,crypto_checksum,input_to_reg,4.903439,4.8806734,0.022765591491698878
sha256,h_reg[20],train,secworks_sha2,crypto_checksum,input_to_reg,4.903439,4.821251,0.08218808447265591
sha256,h_reg[21],train,secworks_sha2,crypto_checksum,input_to_reg,2.128833,3.7727263,1.6438932973785398
sha256,h_reg[22],train,secworks_sha2,crypto_checksum,input_to_reg,4.903439,4.821251,0.08218808447265591
sha256,h_reg[23],train,secworks_sha2,crypto_checksum,input_to_reg,2.128833,3.7727263,1.6438932973785398
sha256,h_reg[24],train,secworks_sha2,crypto_checksum,input_to_reg,5.024037,3.7727263,1.2513107026214598
sha256,h_reg[25],train,secworks_sha2,crypto_checksum,input_to_reg,2.128833,3.7727263,1.6438932973785398
sha256,h_reg[26],train,secworks_sha2,crypto_checksum,input_to_reg,4.268808,3.7727263,0.4960817026214599
sha256,h_reg[27],train,secworks_sha2,crypto_checksum,input_to_reg,4.268808,4.821251,0.5524429155273438
sha256,h_reg[28],train,secworks_sha2,crypto_checksum,input_to_reg,4.903439,4.821251,0.08218808447265591
sha256,h_reg[29],train,secworks_sha2,crypto_checksum,input_to_reg,4.268808,3.7727263,0.4960817026214599
sha256,h_reg[2],train,secworks_sha2,crypto_checksum,input_to_reg,4.268808,3.7727263,0.4960817026214599
sha256,h_reg[30],train,secworks_sha2,crypto_checksum,input_to_reg,4.268808,4.821251,0.5524429155273438
sha256,h_reg[31],train,secworks_sha2,crypto_checksum,input_to_reg,4.26931,3.7727263,0.4965837026214599
sha256,h_reg[3],train,secworks_sha2,crypto_checksum,input_to_reg,4.268808,3.7727263,0.4960817026214599
sha256,h_reg[4],train,secworks_sha2,crypto_checksum,input_to_reg,4.903439,4.821251,0.08218808447265591
sha256,h_reg[5],train,secworks_sha2,crypto_checksum,input_to_reg,4.268808,4.821251,0.5524429155273438
sha256,h_reg[6],train,secworks_sha2,crypto_checksum,input_to_reg,4.903439,4.8806734,0.022765591491698878
sha256,h_reg[7],train,secworks_sha2,crypto_checksum,input_to_reg,4.903439,4.821251,0.08218808447265591
sha256,h_reg[8],train,secworks_sha2,crypto_checksum,input_to_reg,4.268808,3.7727263,0.4960817026214599
sha256,h_reg[9],train,secworks_sha2,crypto_checksum,input_to_reg,4.857494,3.7727263,1.08476770262146
sha256,ready,train,secworks_sha2,crypto_checksum,input_to_reg,1.53209,1.531142,0.0009480036163329597
sha256,t_ctr_reg[0],train,secworks_sha2,crypto_checksum,input_to_reg,4.87526,4.7770944,0.09816563583374016
sha256,t_ctr_reg[1],train,secworks_sha2,crypto_checksum,input_to_reg,2.072618,2.2141378,0.14151979258728042
sha256,t_ctr_reg[2],train,secworks_sha2,crypto_checksum,input_to_reg,2.102827,2.025493,0.07733409342956543
sha256,t_ctr_reg[3],train,secworks_sha2,crypto_checksum,input_to_reg,2.143017,2.153062,0.010045105178833058
sha256,t_ctr_reg[4],train,secworks_sha2,crypto_checksum,input_to_reg,1.603836,1.6022455,0.0015905499801636136
sha256,t_ctr_reg[5],train,secworks_sha2,crypto_checksum,input_to_reg,4.256701,4.2543597,0.002341277862548452
sha256,w_mem_inst.w_mem[0][0],train,secworks_sha2,crypto_checksum,reg_to_reg,15.24252,15.348624,0.10610422943115161
sha256,w_mem_inst.w_mem[0][10],train,secworks_sha2,crypto_checksum,reg_to_reg,15.24252,15.348624,0.10610422943115161
sha256,w_mem_inst.w_mem[0][11],train,secworks_sha2,crypto_checksum,reg_to_reg,15.24252,15.348624,0.10610422943115161
sha256,w_mem_inst.w_mem[0][12],train,secworks_sha2,crypto_checksum,reg_to_reg,15.24252,15.348624,0.10610422943115161
sha256,w_mem_inst.w_mem[0][13],train,secworks_sha2,crypto_checksum,reg_to_reg,15.24252,15.348624,0.10610422943115161
sha256,w_mem_inst.w_mem[0][14],train,secworks_sha2,crypto_checksum,reg_to_reg,15.24252,15.348624,0.10610422943115161
sha256,w_mem_inst.w_mem[0][15],train,secworks_sha2,crypto_checksum,reg_to_reg,15.24252,15.348624,0.10610422943115161
sha256,w_mem_inst.w_mem[0][16],train,secworks_sha2,crypto_checksum,reg_to_reg,15.24252,15.348624,0.10610422943115161
sha256,w_mem_inst.w_mem[0][17],train,secworks_sha2,crypto_checksum,reg_to_reg,15.24252,15.348624,0.10610422943115161
sha256,w_mem_inst.w_mem[0][18],train,secworks_sha2,crypto_checksum,reg_to_reg,15.24252,15.348624,0.10610422943115161
sha256,w_mem_inst.w_mem[0][19],train,secworks_sha2,crypto_checksum,reg_to_reg,15.24252,15.348624,0.10610422943115161
sha256,w_mem_inst.w_mem[0][1],train,secworks_sha2,crypto_checksum,reg_to_reg,15.24252,15.348624,0.10610422943115161
sha256,w_mem_inst.w_mem[0][20],train,secworks_sha2,crypto_checksum,reg_to_reg,15.24252,15.348624,0.10610422943115161
sha256,w_mem_inst.w_mem[0][21],train,secworks_sha2,crypto_checksum,reg_to_reg,15.24252,15.348624,0.10610422943115161
sha256,w_mem_inst.w_mem[0][22],train,secworks_sha2,crypto_checksum,reg_to_reg,15.24252,15.348624,0.10610422943115161
sha256,w_mem_inst.w_mem[0][23],train,secworks_sha2,crypto_checksum,reg_to_reg,15.24252,15.348624,0.10610422943115161
sha256,w_mem_inst.w_mem[0][24],train,secworks_sha2,crypto_checksum,reg_to_reg,15.24252,15.348624,0.10610422943115161
sha256,w_mem_inst.w_mem[0][25],train,secworks_sha2,crypto_checksum,reg_to_reg,15.24252,15.348624,0.10610422943115161
sha256,w_mem_inst.w_mem[0][26],train,secworks_sha2,crypto_checksum,reg_to_reg,15.24252,15.348624,0.10610422943115161
sha256,w_mem_inst.w_mem[0][27],train,secworks_sha2,crypto_checksum,reg_to_reg,15.24252,15.348624,0.10610422943115161
sha256,w_mem_inst.w_mem[0][28],train,secworks_sha2,crypto_checksum,reg_to_reg,15.24252,15.348624,0.10610422943115161
sha256,w_mem_inst.w_mem[0][29],train,secworks_sha2,crypto_checksum,reg_to_reg,15.24252,15.348624,0.10610422943115161
sha256,w_mem_inst.w_mem[0][2],train,secworks_sha2,crypto_checksum,reg_to_reg,15.24252,15.348624,0.10610422943115161
sha256,w_mem_inst.w_mem[0][30],train,secworks_sha2,crypto_checksum,reg_to_reg,15.24252,15.348624,0.10610422943115161
sha256,w_mem_inst.w_mem[0][31],train,secworks_sha2,crypto_checksum,reg_to_reg,15.24252,15.348624,0.10610422943115161
sha256,w_mem_inst.w_mem[0][3],train,secworks_sha2,crypto_checksum,reg_to_reg,15.24252,15.348624,0.10610422943115161
sha256,w_mem_inst.w_mem[0][4],train,secworks_sha2,crypto_checksum,reg_to_reg,15.24252,15.348624,0.10610422943115161
sha256,w_mem_inst.w_mem[0][5],train,secworks_sha2,crypto_checksum,reg_to_reg,15.24252,15.348624,0.10610422943115161
sha256,w_mem_inst.w_mem[0][6],train,secworks_sha2,crypto_checksum,reg_to_reg,15.24252,15.348624,0.10610422943115161
sha256,w_mem_inst.w_mem[0][7],train,secworks_sha2,crypto_checksum,reg_to_reg,15.24252,15.348624,0.10610422943115161
sha256,w_mem_inst.w_mem[0][8],train,secworks_sha2,crypto_checksum,reg_to_reg,15.24252,15.348624,0.10610422943115161
sha256,w_mem_inst.w_mem[0][9],train,secworks_sha2,crypto_checksum,reg_to_reg,15.24252,15.348624,0.10610422943115161
sha256,w_mem_inst.w_mem[10][0],train,secworks_sha2,crypto_checksum,reg_to_reg,15.24252,15.348624,0.10610422943115161
sha256,w_mem_inst.w_mem[10][10],train,secworks_sha2,crypto_checksum,reg_to_reg,15.24252,15.348624,0.10610422943115161
sha256,w_mem_inst.w_mem[10][11],train,secworks_sha2,crypto_checksum,reg_to_reg,15.24252,15.348624,0.10610422943115161
sha256,w_mem_inst.w_mem[10][12],train,secworks_sha2,crypto_checksum,reg_to_reg,15.24252,15.348624,0.10610422943115161
sha256,w_mem_inst.w_mem[10][13],train,secworks_sha2,crypto_checksum,reg_to_reg,15.24252,15.348624,0.10610422943115161
sha256,w_mem_inst.w_mem[10][14],train,secworks_sha2,crypto_checksum,reg_to_reg,15.24252,15.348624,0.10610422943115161
sha256,w_mem_inst.w_mem[10][15],train,secworks_sha2,crypto_checksum,reg_to_reg,15.24252,15.348624,0.10610422943115161
sha256,w_mem_inst.w_mem[10][16],train,secworks_sha2,crypto_checksum,reg_to_reg,15.24252,15.348624,0.10610422943115161
sha256,w_mem_inst.w_mem[10][17],train,secworks_sha2,crypto_checksum,reg_to_reg,15.24252,15.348624,0.10610422943115161
sha256,w_mem_inst.w_mem[10][18],train,secworks_sha2,crypto_checksum,reg_to_reg,15.24252,15.348624,0.10610422943115161
sha256,w_mem_inst.w_mem[10][19],train,secworks_sha2,crypto_checksum,reg_to_reg,15.24252,15.348624,0.10610422943115161
sha256,w_mem_inst.w_mem[10][1],train,secworks_sha2,crypto_checksum,reg_to_reg,15.24252,15.348624,0.10610422943115161
sha256,w_mem_inst.w_mem[10][20],train,secworks_sha2,crypto_checksum,reg_to_reg,15.24252,15.348624,0.10610422943115161
sha256,w_mem_inst.w_mem[10][21],train,secworks_sha2,crypto_checksum,reg_to_reg,15.24252,15.348624,0.10610422943115161
sha256,w_mem_inst.w_mem[10][22],train,secworks_sha2,crypto_checksum,reg_to_reg,15.24252,15.348624,0.10610422943115161
sha256,w_mem_inst.w_mem[10][23],train,secworks_sha2,crypto_checksum,reg_to_reg,15.24252,15.348624,0.10610422943115161
sha256,w_mem_inst.w_mem[10][24],train,secworks_sha2,crypto_checksum,reg_to_reg,15.24252,15.348624,0.10610422943115161
sha256,w_mem_inst.w_mem[10][25],train,secworks_sha2,crypto_checksum,reg_to_reg,15.24252,15.348624,0.10610422943115161
sha256,w_mem_inst.w_mem[10][26],train,secworks_sha2,crypto_checksum,reg_to_reg,15.24252,15.348624,0.10610422943115161
sha256,w_mem_inst.w_mem[10][27],train,secworks_sha2,crypto_checksum,reg_to_reg,15.24252,15.348624,0.10610422943115161
sha256,w_mem_inst.w_mem[10][28],train,secworks_sha2,crypto_checksum,reg_to_reg,15.24252,15.348624,0.10610422943115161
sha256,w_mem_inst.w_mem[10][29],train,secworks_sha2,crypto_checksum,reg_to_reg,15.24252,15.348624,0.10610422943115161
sha256,w_mem_inst.w_mem[10][2],train,secworks_sha2,crypto_checksum,reg_to_reg,15.24252,15.348624,0.10610422943115161
sha256,w_mem_inst.w_mem[10][30],train,secworks_sha2,crypto_checksum,reg_to_reg,15.24252,15.348624,0.10610422943115161
sha256,w_mem_inst.w_mem[10][31],train,secworks_sha2,crypto_checksum,reg_to_reg,15.921643,15.348624,0.5730187705688472
sha256,w_mem_inst.w_mem[10][3],train,secworks_sha2,crypto_checksum,reg_to_reg,15.24252,15.348624,0.10610422943115161
sha256,w_mem_inst.w_mem[10][4],train,secworks_sha2,crypto_checksum,reg_to_reg,15.24252,15.348624,0.10610422943115161
sha256,w_mem_inst.w_mem[10][5],train,secworks_sha2,crypto_checksum,reg_to_reg,15.24252,15.348624,0.10610422943115161
sha256,w_mem_inst.w_mem[10][6],train,secworks_sha2,crypto_checksum,reg_to_reg,15.24252,15.348624,0.10610422943115161
sha256,w_mem_inst.w_mem[10][7],train,secworks_sha2,crypto_checksum,reg_to_reg,15.24252,15.348624,0.10610422943115161
sha256,w_mem_inst.w_mem[10][8],train,secworks_sha2,crypto_checksum,reg_to_reg,15.24252,15.348624,0.10610422943115161
sha256,w_mem_inst.w_mem[10][9],train,secworks_sha2,crypto_checksum,reg_to_reg,15.24252,15.348624,0.10610422943115161
sha256,w_mem_inst.w_mem[11][0],train,secworks_sha2,crypto_checksum,reg_to_reg,15.24252,15.348624,0.10610422943115161
sha256,w_mem_inst.w_mem[11][10],train,secworks_sha2,crypto_checksum,reg_to_reg,15.24252,15.348624,0.10610422943115161
sha256,w_mem_inst.w_mem[11][11],train,secworks_sha2,crypto_checksum,reg_to_reg,15.24252,15.348624,0.10610422943115161
sha256,w_mem_inst.w_mem[11][12],train,secworks_sha2,crypto_checksum,reg_to_reg,15.24252,15.348624,0.10610422943115161
sha256,w_mem_inst.w_mem[11][13],train,secworks_sha2,crypto_checksum,reg_to_reg,15.24252,15.348624,0.10610422943115161
sha256,w_mem_inst.w_mem[11][14],train,secworks_sha2,crypto_checksum,reg_to_reg,15.24252,15.348624,0.10610422943115161
sha256,w_mem_inst.w_mem[11][15],train,secworks_sha2,crypto_checksum,reg_to_reg,15.24252,15.348624,0.10610422943115161
sha256,w_mem_inst.w_mem[11][16],train,secworks_sha2,crypto_checksum,reg_to_reg,15.24252,15.348624,0.10610422943115161
sha256,w_mem_inst.w_mem[11][17],train,secworks_sha2,crypto_checksum,reg_to_reg,15.24252,15.348624,0.10610422943115161
sha256,w_mem_inst.w_mem[11][18],train,secworks_sha2,crypto_checksum,reg_to_reg,15.24252,15.348624,0.10610422943115161
sha256,w_mem_inst.w_mem[11][19],train,secworks_sha2,crypto_checksum,reg_to_reg,15.24252,15.348624,0.10610422943115161
sha256,w_mem_inst.w_mem[11][1],train,secworks_sha2,crypto_checksum,reg_to_reg,15.24252,15.348624,0.10610422943115161
sha256,w_mem_inst.w_mem[11][20],train,secworks_sha2,crypto_checksum,reg_to_reg,15.24252,15.348624,0.10610422943115161
sha256,w_mem_inst.w_mem[11][21],train,secworks_sha2,crypto_checksum,reg_to_reg,15.24252,15.348624,0.10610422943115161
sha256,w_mem_inst.w_mem[11][22],train,secworks_sha2,crypto_checksum,reg_to_reg,15.24252,15.348624,0.10610422943115161
sha256,w_mem_inst.w_mem[11][23],train,secworks_sha2,crypto_checksum,reg_to_reg,15.24252,15.348624,0.10610422943115161
sha256,w_mem_inst.w_mem[11][24],train,secworks_sha2,crypto_checksum,reg_to_reg,15.24252,15.348624,0.10610422943115161
sha256,w_mem_inst.w_mem[11][25],train,secworks_sha2,crypto_checksum,reg_to_reg,15.24252,15.348624,0.10610422943115161
sha256,w_mem_inst.w_mem[11][26],train,secworks_sha2,crypto_checksum,reg_to_reg,15.24252,15.348624,0.10610422943115161
sha256,w_mem_inst.w_mem[11][27],train,secworks_sha2,crypto_checksum,reg_to_reg,15.24252,15.348624,0.10610422943115161
sha256,w_mem_inst.w_mem[11][28],train,secworks_sha2,crypto_checksum,reg_to_reg,15.24252,15.348624,0.10610422943115161
sha256,w_mem_inst.w_mem[11][29],train,secworks_sha2,crypto_checksum,reg_to_reg,15.24252,15.348624,0.10610422943115161
sha256,w_mem_inst.w_mem[11][2],train,secworks_sha2,crypto_checksum,reg_to_reg,15.24252,15.348624,0.10610422943115161
sha256,w_mem_inst.w_mem[11][30],train,secworks_sha2,crypto_checksum,reg_to_reg,15.24252,15.348624,0.10610422943115161
sha256,w_mem_inst.w_mem[11][31],train,secworks_sha2,crypto_checksum,reg_to_reg,15.921643,15.348624,0.5730187705688472
sha256,w_mem_inst.w_mem[11][3],train,secworks_sha2,crypto_checksum,reg_to_reg,15.24252,15.348624,0.10610422943115161
sha256,w_mem_inst.w_mem[11][4],train,secworks_sha2,crypto_checksum,reg_to_reg,15.24252,15.348624,0.10610422943115161
sha256,w_mem_inst.w_mem[11][5],train,secworks_sha2,crypto_checksum,reg_to_reg,15.24252,15.348624,0.10610422943115161
sha256,w_mem_inst.w_mem[11][6],train,secworks_sha2,crypto_checksum,reg_to_reg,15.24252,15.348624,0.10610422943115161
sha256,w_mem_inst.w_mem[11][7],train,secworks_sha2,crypto_checksum,reg_to_reg,15.24252,15.348624,0.10610422943115161
sha256,w_mem_inst.w_mem[11][8],train,secworks_sha2,crypto_checksum,reg_to_reg,15.24252,15.348624,0.10610422943115161
sha256,w_mem_inst.w_mem[11][9],train,secworks_sha2,crypto_checksum,reg_to_reg,15.24252,15.348624,0.10610422943115161
sha256,w_mem_inst.w_mem[12][0],train,secworks_sha2,crypto_checksum,reg_to_reg,15.24252,15.348624,0.10610422943115161
sha256,w_mem_inst.w_mem[12][10],train,secworks_sha2,crypto_checksum,reg_to_reg,15.24252,15.348624,0.10610422943115161
sha256,w_mem_inst.w_mem[12][11],train,secworks_sha2,crypto_checksum,reg_to_reg,15.24252,15.348624,0.10610422943115161
sha256,w_mem_inst.w_mem[12][12],train,secworks_sha2,crypto_checksum,reg_to_reg,15.24252,15.348624,0.10610422943115161
sha256,w_mem_inst.w_mem[12][13],train,secworks_sha2,crypto_checksum,reg_to_reg,15.24252,15.348624,0.10610422943115161
sha256,w_mem_inst.w_mem[12][14],train,secworks_sha2,crypto_checksum,reg_to_reg,15.24252,15.348624,0.10610422943115161
sha256,w_mem_inst.w_mem[12][15],train,secworks_sha2,crypto_checksum,reg_to_reg,15.24252,15.348624,0.10610422943115161
sha256,w_mem_inst.w_mem[12][16],train,secworks_sha2,crypto_checksum,reg_to_reg,15.24252,15.348624,0.10610422943115161
sha256,w_mem_inst.w_mem[12][17],train,secworks_sha2,crypto_checksum,reg_to_reg,15.24252,15.348624,0.10610422943115161
sha256,w_mem_inst.w_mem[12][18],train,secworks_sha2,crypto_checksum,reg_to_reg,15.24252,15.348624,0.10610422943115161
sha256,w_mem_inst.w_mem[12][19],train,secworks_sha2,crypto_checksum,reg_to_reg,15.24252,15.348624,0.10610422943115161
sha256,w_mem_inst.w_mem[12][1],train,secworks_sha2,crypto_checksum,reg_to_reg,15.24252,15.348624,0.10610422943115161
sha256,w_mem_inst.w_mem[12][20],train,secworks_sha2,crypto_checksum,reg_to_reg,15.24252,15.348624,0.10610422943115161
sha256,w_mem_inst.w_mem[12][21],train,secworks_sha2,crypto_checksum,reg_to_reg,15.24252,15.348624,0.10610422943115161
sha256,w_mem_inst.w_mem[12][22],train,secworks_sha2,crypto_checksum,reg_to_reg,15.24252,15.348624,0.10610422943115161
sha256,w_mem_inst.w_mem[12][23],train,secworks_sha2,crypto_checksum,reg_to_reg,15.24252,15.348624,0.10610422943115161
sha256,w_mem_inst.w_mem[12][24],train,secworks_sha2,crypto_checksum,reg_to_reg,15.24252,15.348624,0.10610422943115161
sha256,w_mem_inst.w_mem[12][25],train,secworks_sha2,crypto_checksum,reg_to_reg,15.24252,15.348624,0.10610422943115161
sha256,w_mem_inst.w_mem[12][26],train,secworks_sha2,crypto_checksum,reg_to_reg,15.24252,15.348624,0.10610422943115161
sha256,w_mem_inst.w_mem[12][27],train,secworks_sha2,crypto_checksum,reg_to_reg,15.24252,15.348624,0.10610422943115161
sha256,w_mem_inst.w_mem[12][28],train,secworks_sha2,crypto_checksum,reg_to_reg,15.24252,15.348624,0.10610422943115161
sha256,w_mem_inst.w_mem[12][29],train,secworks_sha2,crypto_checksum,reg_to_reg,15.24252,15.348624,0.10610422943115161
sha256,w_mem_inst.w_mem[12][2],train,secworks_sha2,crypto_checksum,reg_to_reg,15.24252,15.348624,0.10610422943115161
sha256,w_mem_inst.w_mem[12][30],train,secworks_sha2,crypto_checksum,reg_to_reg,15.24252,15.348624,0.10610422943115161
sha256,w_mem_inst.w_mem[12][31],train,secworks_sha2,crypto_checksum,reg_to_reg,15.921643,15.348624,0.5730187705688472
sha256,w_mem_inst.w_mem[12][3],train,secworks_sha2,crypto_checksum,reg_to_reg,15.24252,15.348624,0.10610422943115161
sha256,w_mem_inst.w_mem[12][4],train,secworks_sha2,crypto_checksum,reg_to_reg,15.24252,15.348624,0.10610422943115161
sha256,w_mem_inst.w_mem[12][5],train,secworks_sha2,crypto_checksum,reg_to_reg,15.24252,15.348624,0.10610422943115161
sha256,w_mem_inst.w_mem[12][6],train,secworks_sha2,crypto_checksum,reg_to_reg,15.24252,15.348624,0.10610422943115161
sha256,w_mem_inst.w_mem[12][7],train,secworks_sha2,crypto_checksum,reg_to_reg,15.24252,15.348624,0.10610422943115161
sha256,w_mem_inst.w_mem[12][8],train,secworks_sha2,crypto_checksum,reg_to_reg,15.24252,15.348624,0.10610422943115161
sha256,w_mem_inst.w_mem[12][9],train,secworks_sha2,crypto_checksum,reg_to_reg,15.24252,15.348624,0.10610422943115161
sha256,w_mem_inst.w_mem[13][0],train,secworks_sha2,crypto_checksum,reg_to_reg,15.24252,15.348624,0.10610422943115161
sha256,w_mem_inst.w_mem[13][10],train,secworks_sha2,crypto_checksum,reg_to_reg,15.24252,15.348624,0.10610422943115161
sha256,w_mem_inst.w_mem[13][11],train,secworks_sha2,crypto_checksum,reg_to_reg,15.24252,15.348624,0.10610422943115161
sha256,w_mem_inst.w_mem[13][12],train,secworks_sha2,crypto_checksum,reg_to_reg,15.24252,15.348624,0.10610422943115161
sha256,w_mem_inst.w_mem[13][13],train,secworks_sha2,crypto_checksum,reg_to_reg,15.24252,15.348624,0.10610422943115161
sha256,w_mem_inst.w_mem[13][14],train,secworks_sha2,crypto_checksum,reg_to_reg,15.24252,15.348624,0.10610422943115161
sha256,w_mem_inst.w_mem[13][15],train,secworks_sha2,crypto_checksum,reg_to_reg,15.24252,15.348624,0.10610422943115161
sha256,w_mem_inst.w_mem[13][16],train,secworks_sha2,crypto_checksum,reg_to_reg,15.24252,15.348624,0.10610422943115161
sha256,w_mem_inst.w_mem[13][17],train,secworks_sha2,crypto_checksum,reg_to_reg,15.24252,15.348624,0.10610422943115161
sha256,w_mem_inst.w_mem[13][18],train,secworks_sha2,crypto_checksum,reg_to_reg,15.24252,15.348624,0.10610422943115161
sha256,w_mem_inst.w_mem[13][19],train,secworks_sha2,crypto_checksum,reg_to_reg,15.24252,15.348624,0.10610422943115161
sha256,w_mem_inst.w_mem[13][1],train,secworks_sha2,crypto_checksum,reg_to_reg,15.24252,15.348624,0.10610422943115161
sha256,w_mem_inst.w_mem[13][20],train,secworks_sha2,crypto_checksum,reg_to_reg,15.24252,15.348624,0.10610422943115161
sha256,w_mem_inst.w_mem[13][21],train,secworks_sha2,crypto_checksum,reg_to_reg,15.24252,15.348624,0.10610422943115161
sha256,w_mem_inst.w_mem[13][22],train,secworks_sha2,crypto_checksum,reg_to_reg,15.24252,15.348624,0.10610422943115161
sha256,w_mem_inst.w_mem[13][23],train,secworks_sha2,crypto_checksum,reg_to_reg,15.24252,15.348624,0.10610422943115161
sha256,w_mem_inst.w_mem[13][24],train,secworks_sha2,crypto_checksum,reg_to_reg,15.24252,15.348624,0.10610422943115161
sha256,w_mem_inst.w_mem[13][25],train,secworks_sha2,crypto_checksum,reg_to_reg,15.24252,15.348624,0.10610422943115161
sha256,w_mem_inst.w_mem[13][26],train,secworks_sha2,crypto_checksum,reg_to_reg,15.24252,15.348624,0.10610422943115161
sha256,w_mem_inst.w_mem[13][27],train,secworks_sha2,crypto_checksum,reg_to_reg,15.24252,15.348624,0.10610422943115161
sha256,w_mem_inst.w_mem[13][28],train,secworks_sha2,crypto_checksum,reg_to_reg,15.24252,15.348624,0.10610422943115161
sha256,w_mem_inst.w_mem[13][29],train,secworks_sha2,crypto_checksum,reg_to_reg,15.24252,15.348624,0.10610422943115161
sha256,w_mem_inst.w_mem[13][2],train,secworks_sha2,crypto_checksum,reg_to_reg,15.24252,15.348624,0.10610422943115161
sha256,w_mem_inst.w_mem[13][30],train,secworks_sha2,crypto_checksum,reg_to_reg,15.24252,15.348624,0.10610422943115161
sha256,w_mem_inst.w_mem[13][31],train,secworks_sha2,crypto_checksum,reg_to_reg,15.24252,15.348624,0.10610422943115161
sha256,w_mem_inst.w_mem[13][3],train,secworks_sha2,crypto_checksum,reg_to_reg,15.24252,15.348624,0.10610422943115161
sha256,w_mem_inst.w_mem[13][4],train,secworks_sha2,crypto_checksum,reg_to_reg,15.24252,15.348624,0.10610422943115161
sha256,w_mem_inst.w_mem[13][5],train,secworks_sha2,crypto_checksum,reg_to_reg,15.24252,15.348624,0.10610422943115161
sha256,w_mem_inst.w_mem[13][6],train,secworks_sha2,crypto_checksum,reg_to_reg,15.24252,15.348624,0.10610422943115161
sha256,w_mem_inst.w_mem[13][7],train,secworks_sha2,crypto_checksum,reg_to_reg,15.24252,15.348624,0.10610422943115161
sha256,w_mem_inst.w_mem[13][8],train,secworks_sha2,crypto_checksum,reg_to_reg,15.24252,15.348624,0.10610422943115161
sha256,w_mem_inst.w_mem[13][9],train,secworks_sha2,crypto_checksum,reg_to_reg,15.24252,15.348624,0.10610422943115161
sha256,w_mem_inst.w_mem[14][0],train,secworks_sha2,crypto_checksum,reg_to_reg,15.921643,15.348624,0.5730187705688472
sha256,w_mem_inst.w_mem[14][10],train,secworks_sha2,crypto_checksum,reg_to_reg,15.921643,15.348624,0.5730187705688472
sha256,w_mem_inst.w_mem[14][11],train,secworks_sha2,crypto_checksum,reg_to_reg,15.921643,15.348624,0.5730187705688472
sha256,w_mem_inst.w_mem[14][12],train,secworks_sha2,crypto_checksum,reg_to_reg,15.921643,15.348624,0.5730187705688472
sha256,w_mem_inst.w_mem[14][13],train,secworks_sha2,crypto_checksum,reg_to_reg,15.921643,15.348624,0.5730187705688472
sha256,w_mem_inst.w_mem[14][14],train,secworks_sha2,crypto_checksum,reg_to_reg,15.921643,15.348624,0.5730187705688472
sha256,w_mem_inst.w_mem[14][15],train,secworks_sha2,crypto_checksum,reg_to_reg,15.921643,15.348624,0.5730187705688472
sha256,w_mem_inst.w_mem[14][16],train,secworks_sha2,crypto_checksum,reg_to_reg,15.921643,15.348624,0.5730187705688472
sha256,w_mem_inst.w_mem[14][17],train,secworks_sha2,crypto_checksum,reg_to_reg,15.921643,15.348624,0.5730187705688472
sha256,w_mem_inst.w_mem[14][18],train,secworks_sha2,crypto_checksum,reg_to_reg,15.921643,15.348624,0.5730187705688472
sha256,w_mem_inst.w_mem[14][19],train,secworks_sha2,crypto_checksum,reg_to_reg,15.921643,15.348624,0.5730187705688472
sha256,w_mem_inst.w_mem[14][1],train,secworks_sha2,crypto_checksum,reg_to_reg,15.921643,15.348624,0.5730187705688472
sha256,w_mem_inst.w_mem[14][20],train,secworks_sha2,crypto_checksum,reg_to_reg,15.921643,15.348624,0.5730187705688472
sha256,w_mem_inst.w_mem[14][21],train,secworks_sha2,crypto_checksum,reg_to_reg,15.921643,15.348624,0.5730187705688472
sha256,w_mem_inst.w_mem[14][22],train,secworks_sha2,crypto_checksum,reg_to_reg,15.921643,15.348624,0.5730187705688472
sha256,w_mem_inst.w_mem[14][23],train,secworks_sha2,crypto_checksum,reg_to_reg,15.921643,15.348624,0.5730187705688472
sha256,w_mem_inst.w_mem[14][24],train,secworks_sha2,crypto_checksum,reg_to_reg,15.921643,15.348624,0.5730187705688472
sha256,w_mem_inst.w_mem[14][25],train,secworks_sha2,crypto_checksum,reg_to_reg,15.921643,15.348624,0.5730187705688472
sha256,w_mem_inst.w_mem[14][26],train,secworks_sha2,crypto_checksum,reg_to_reg,15.921643,15.348624,0.5730187705688472
sha256,w_mem_inst.w_mem[14][27],train,secworks_sha2,crypto_checksum,reg_to_reg,15.921643,15.348624,0.5730187705688472
sha256,w_mem_inst.w_mem[14][28],train,secworks_sha2,crypto_checksum,reg_to_reg,15.921643,15.348624,0.5730187705688472
sha256,w_mem_inst.w_mem[14][29],train,secworks_sha2,crypto_checksum,reg_to_reg,15.921643,15.348624,0.5730187705688472
sha256,w_mem_inst.w_mem[14][2],train,secworks_sha2,crypto_checksum,reg_to_reg,15.921643,15.348624,0.5730187705688472
sha256,w_mem_inst.w_mem[14][30],train,secworks_sha2,crypto_checksum,reg_to_reg,15.921643,15.348624,0.5730187705688472
sha256,w_mem_inst.w_mem[14][31],train,secworks_sha2,crypto_checksum,reg_to_reg,15.921643,15.348624,0.5730187705688472
sha256,w_mem_inst.w_mem[14][3],train,secworks_sha2,crypto_checksum,reg_to_reg,15.921643,15.348624,0.5730187705688472
sha256,w_mem_inst.w_mem[14][4],train,secworks_sha2,crypto_checksum,reg_to_reg,15.921643,15.348624,0.5730187705688472
sha256,w_mem_inst.w_mem[14][5],train,secworks_sha2,crypto_checksum,reg_to_reg,15.921643,15.348624,0.5730187705688472
sha256,w_mem_inst.w_mem[14][6],train,secworks_sha2,crypto_checksum,reg_to_reg,15.921643,15.348624,0.5730187705688472
sha256,w_mem_inst.w_mem[14][7],train,secworks_sha2,crypto_checksum,reg_to_reg,15.921643,15.348624,0.5730187705688472
sha256,w_mem_inst.w_mem[14][8],train,secworks_sha2,crypto_checksum,reg_to_reg,15.921643,15.348624,0.5730187705688472
sha256,w_mem_inst.w_mem[14][9],train,secworks_sha2,crypto_checksum,reg_to_reg,15.921643,15.348624,0.5730187705688472
sha256,w_mem_inst.w_mem[15][0],train,secworks_sha2,crypto_checksum,reg_to_reg,3.647261,3.6197155,0.027545547805785997
sha256,w_mem_inst.w_mem[15][10],train,secworks_sha2,crypto_checksum,reg_to_reg,3.119219,3.151846,0.03262693200683575
sha256,w_mem_inst.w_mem[15][11],train,secworks_sha2,crypto_checksum,reg_to_reg,3.647261,3.62094,0.026321029983520372
sha256,w_mem_inst.w_mem[15][12],train,secworks_sha2,crypto_checksum,reg_to_reg,3.119219,3.1494844,0.030265395980834775
sha256,w_mem_inst.w_mem[15][13],train,secworks_sha2,crypto_checksum,reg_to_reg,3.647261,3.6161888,0.03107223542785631
sha256,w_mem_inst.w_mem[15][14],train,secworks_sha2,crypto_checksum,reg_to_reg,3.119219,3.1503727,0.031153743606567197
sha256,w_mem_inst.w_mem[15][15],train,secworks_sha2,crypto_checksum,reg_to_reg,3.647261,3.6185038,0.028757191024780138
sha256,w_mem_inst.w_mem[15][16],train,secworks_sha2,crypto_checksum,reg_to_reg,3.119219,3.140804,0.021585052352905088
sha256,w_mem_inst.w_mem[15][17],train,secworks_sha2,crypto_checksum,reg_to_reg,3.647261,3.6287568,0.018504238449096544
sha256,w_mem_inst.w_mem[15][18],train,secworks_sha2,crypto_checksum,reg_to_reg,3.119219,3.1365347,0.017315690856933408
sha256,w_mem_inst.w_mem[15][19],train,secworks_sha2,crypto_checksum,reg_to_reg,3.647261,3.634076,0.013184881530761583
sha256,w_mem_inst.w_mem[15][1],train,secworks_sha2,crypto_checksum,reg_to_reg,3.119219,3.1490111,0.029792135101318173
sha256,w_mem_inst.w_mem[15][20],train,secworks_sha2,crypto_checksum,reg_to_reg,3.119219,3.132421,0.013202016693115048
sha256,w_mem_inst.w_mem[15][21],train,secworks_sha2,crypto_checksum,reg_to_reg,3.647261,3.6359525,0.011308527313232286
sha256,w_mem_inst.w_mem[15][22],train,secworks_sha2,crypto_checksum,reg_to_reg,3.119219,3.130342,0.011123006683349423
sha256,w_mem_inst.w_mem[15][23],train,secworks_sha2,crypto_checksum,reg_to_reg,3.119219,3.1091378,0.01008122648620624
sha256,w_mem_inst.w_mem[15][24],train,secworks_sha2,crypto_checksum,reg_to_reg,3.119219,3.1267111,0.007492130142211728
sha256,w_mem_inst.w_mem[15][25],train,secworks_sha2,crypto_checksum,reg_to_reg,3.647261,3.6391065,0.008154487930297716
sha256,w_mem_inst.w_mem[15][26],train,secworks_sha2,crypto_checksum,reg_to_reg,3.119219,3.1288066,0.009587591033935361
sha256,w_mem_inst.w_mem[15][27],train,secworks_sha2,crypto_checksum,reg_to_reg,3.119219,3.113525,0.005694086212158389
sha256,w_mem_inst.w_mem[15][28],train,secworks_sha2,crypto_checksum,reg_to_reg,3.119219,3.1196659,0.00044686112976055625
sha256,w_mem_inst.w_mem[15][29],train,secworks_sha2,crypto_checksum,reg_to_reg,3.119219,3.118901,0.00031798567199725625
sha256,w_mem_inst.w_mem[15][2],train,secworks_sha2,crypto_checksum,reg_to_reg,3.119219,3.1094224,0.009796554702758975
sha256,w_mem_inst.w_mem[15][30],train,secworks_sha2,crypto_checksum,reg_to_reg,3.119219,3.1188736,0.00034540380859393593
sha256,w_mem_inst.w_mem[15][31],train,secworks_sha2,crypto_checksum,reg_to_reg,3.119219,3.119715,0.0004959753570554781
sha256,w_mem_inst.w_mem[15][3],train,secworks_sha2,crypto_checksum,reg_to_reg,3.119219,3.122222,0.003002946716308408
sha256,w_mem_inst.w_mem[15][4],train,secworks_sha2,crypto_checksum,reg_to_reg,3.119219,3.1187665,0.0004524537506105375
sha256,w_mem_inst.w_mem[15][5],train,secworks_sha2,crypto_checksum,reg_to_reg,3.114306,3.112568,0.0017380983886718937
sha256,w_mem_inst.w_mem[15][6],train,secworks_sha2,crypto_checksum,reg_to_reg,3.647261,3.6498585,0.0025974747314454483
sha256,w_mem_inst.w_mem[15][7],train,secworks_sha2,crypto_checksum,reg_to_reg,3.647261,3.623009,0.024252033554077013
sha256,w_mem_inst.w_mem[15][8],train,secworks_sha2,crypto_checksum,reg_to_reg,3.119219,3.1618607,0.042641704421996884
sha256,w_mem_inst.w_mem[15][9],train,secworks_sha2,crypto_checksum,reg_to_reg,3.647261,3.608165,0.039095974288940294
sha256,w_mem_inst.w_mem[1][0],train,secworks_sha2,crypto_checksum,reg_to_reg,15.921643,15.348624,0.5730187705688472
sha256,w_mem_inst.w_mem[1][10],train,secworks_sha2,crypto_checksum,reg_to_reg,15.921643,15.348624,0.5730187705688472
sha256,w_mem_inst.w_mem[1][11],train,secworks_sha2,crypto_checksum,reg_to_reg,15.921643,15.348624,0.5730187705688472
sha256,w_mem_inst.w_mem[1][12],train,secworks_sha2,crypto_checksum,reg_to_reg,15.921643,15.348624,0.5730187705688472
sha256,w_mem_inst.w_mem[1][13],train,secworks_sha2,crypto_checksum,reg_to_reg,15.921643,15.348624,0.5730187705688472
sha256,w_mem_inst.w_mem[1][14],train,secworks_sha2,crypto_checksum,reg_to_reg,15.921643,15.348624,0.5730187705688472
sha256,w_mem_inst.w_mem[1][15],train,secworks_sha2,crypto_checksum,reg_to_reg,15.921643,15.348624,0.5730187705688472
sha256,w_mem_inst.w_mem[1][16],train,secworks_sha2,crypto_checksum,reg_to_reg,15.921643,15.348624,0.5730187705688472
sha256,w_mem_inst.w_mem[1][17],train,secworks_sha2,crypto_checksum,reg_to_reg,15.921643,15.348624,0.5730187705688472
sha256,w_mem_inst.w_mem[1][18],train,secworks_sha2,crypto_checksum,reg_to_reg,15.921643,15.348624,0.5730187705688472
sha256,w_mem_inst.w_mem[1][19],train,secworks_sha2,crypto_checksum,reg_to_reg,15.921643,15.348624,0.5730187705688472
sha256,w_mem_inst.w_mem[1][1],train,secworks_sha2,crypto_checksum,reg_to_reg,15.921643,15.348624,0.5730187705688472
sha256,w_mem_inst.w_mem[1][20],train,secworks_sha2,crypto_checksum,reg_to_reg,15.921643,15.348624,0.5730187705688472
sha256,w_mem_inst.w_mem[1][21],train,secworks_sha2,crypto_checksum,reg_to_reg,15.921643,15.348624,0.5730187705688472
sha256,w_mem_inst.w_mem[1][22],train,secworks_sha2,crypto_checksum,reg_to_reg,15.921643,15.348624,0.5730187705688472
sha256,w_mem_inst.w_mem[1][23],train,secworks_sha2,crypto_checksum,reg_to_reg,15.921643,15.348624,0.5730187705688472
sha256,w_mem_inst.w_mem[1][24],train,secworks_sha2,crypto_checksum,reg_to_reg,15.921643,15.348624,0.5730187705688472
sha256,w_mem_inst.w_mem[1][25],train,secworks_sha2,crypto_checksum,reg_to_reg,15.921643,15.348624,0.5730187705688472
sha256,w_mem_inst.w_mem[1][26],train,secworks_sha2,crypto_checksum,reg_to_reg,15.921643,15.348624,0.5730187705688472
sha256,w_mem_inst.w_mem[1][27],train,secworks_sha2,crypto_checksum,reg_to_reg,15.921643,15.348624,0.5730187705688472
sha256,w_mem_inst.w_mem[1][28],train,secworks_sha2,crypto_checksum,reg_to_reg,15.921643,15.348624,0.5730187705688472
sha256,w_mem_inst.w_mem[1][29],train,secworks_sha2,crypto_checksum,reg_to_reg,15.921643,15.348624,0.5730187705688472
sha256,w_mem_inst.w_mem[1][2],train,secworks_sha2,crypto_checksum,reg_to_reg,15.921643,15.348624,0.5730187705688472
sha256,w_mem_inst.w_mem[1][30],train,secworks_sha2,crypto_checksum,reg_to_reg,15.921643,15.348624,0.5730187705688472
sha256,w_mem_inst.w_mem[1][31],train,secworks_sha2,crypto_checksum,reg_to_reg,15.921643,15.348624,0.5730187705688472
sha256,w_mem_inst.w_mem[1][3],train,secworks_sha2,crypto_checksum,reg_to_reg,15.921643,15.348624,0.5730187705688472
sha256,w_mem_inst.w_mem[1][4],train,secworks_sha2,crypto_checksum,reg_to_reg,15.921643,15.348624,0.5730187705688472
sha256,w_mem_inst.w_mem[1][5],train,secworks_sha2,crypto_checksum,reg_to_reg,15.921643,15.348624,0.5730187705688472
sha256,w_mem_inst.w_mem[1][6],train,secworks_sha2,crypto_checksum,reg_to_reg,15.921643,15.348624,0.5730187705688472
sha256,w_mem_inst.w_mem[1][7],train,secworks_sha2,crypto_checksum,reg_to_reg,15.921643,15.348624,0.5730187705688472
sha256,w_mem_inst.w_mem[1][8],train,secworks_sha2,crypto_checksum,reg_to_reg,15.921643,15.348624,0.5730187705688472
sha256,w_mem_inst.w_mem[1][9],train,secworks_sha2,crypto_checksum,reg_to_reg,15.921643,15.348624,0.5730187705688472
sha256,w_mem_inst.w_mem[2][0],train,secworks_sha2,crypto_checksum,reg_to_reg,15.24252,15.348624,0.10610422943115161
sha256,w_mem_inst.w_mem[2][10],train,secworks_sha2,crypto_checksum,reg_to_reg,15.24252,15.348624,0.10610422943115161
sha256,w_mem_inst.w_mem[2][11],train,secworks_sha2,crypto_checksum,reg_to_reg,15.24252,15.348624,0.10610422943115161
sha256,w_mem_inst.w_mem[2][12],train,secworks_sha2,crypto_checksum,reg_to_reg,15.24252,15.348624,0.10610422943115161
sha256,w_mem_inst.w_mem[2][13],train,secworks_sha2,crypto_checksum,reg_to_reg,15.24252,15.348624,0.10610422943115161
sha256,w_mem_inst.w_mem[2][14],train,secworks_sha2,crypto_checksum,reg_to_reg,15.24252,15.348624,0.10610422943115161
sha256,w_mem_inst.w_mem[2][15],train,secworks_sha2,crypto_checksum,reg_to_reg,15.24252,15.348624,0.10610422943115161
sha256,w_mem_inst.w_mem[2][16],train,secworks_sha2,crypto_checksum,reg_to_reg,15.24252,15.348624,0.10610422943115161
sha256,w_mem_inst.w_mem[2][17],train,secworks_sha2,crypto_checksum,reg_to_reg,15.24252,15.348624,0.10610422943115161
sha256,w_mem_inst.w_mem[2][18],train,secworks_sha2,crypto_checksum,reg_to_reg,15.24252,15.348624,0.10610422943115161
sha256,w_mem_inst.w_mem[2][19],train,secworks_sha2,crypto_checksum,reg_to_reg,15.24252,15.348624,0.10610422943115161
sha256,w_mem_inst.w_mem[2][1],train,secworks_sha2,crypto_checksum,reg_to_reg,15.24252,15.348624,0.10610422943115161
sha256,w_mem_inst.w_mem[2][20],train,secworks_sha2,crypto_checksum,reg_to_reg,15.24252,15.348624,0.10610422943115161
sha256,w_mem_inst.w_mem[2][21],train,secworks_sha2,crypto_checksum,reg_to_reg,15.24252,15.348624,0.10610422943115161
sha256,w_mem_inst.w_mem[2][22],train,secworks_sha2,crypto_checksum,reg_to_reg,15.24252,15.348624,0.10610422943115161
sha256,w_mem_inst.w_mem[2][23],train,secworks_sha2,crypto_checksum,reg_to_reg,15.24252,15.348624,0.10610422943115161
sha256,w_mem_inst.w_mem[2][24],train,secworks_sha2,crypto_checksum,reg_to_reg,15.24252,15.348624,0.10610422943115161
sha256,w_mem_inst.w_mem[2][25],train,secworks_sha2,crypto_checksum,reg_to_reg,15.24252,15.348624,0.10610422943115161
sha256,w_mem_inst.w_mem[2][26],train,secworks_sha2,crypto_checksum,reg_to_reg,15.24252,15.348624,0.10610422943115161
sha256,w_mem_inst.w_mem[2][27],train,secworks_sha2,crypto_checksum,reg_to_reg,15.24252,15.348624,0.10610422943115161
sha256,w_mem_inst.w_mem[2][28],train,secworks_sha2,crypto_checksum,reg_to_reg,15.24252,15.348624,0.10610422943115161
sha256,w_mem_inst.w_mem[2][29],train,secworks_sha2,crypto_checksum,reg_to_reg,15.24252,15.348624,0.10610422943115161
sha256,w_mem_inst.w_mem[2][2],train,secworks_sha2,crypto_checksum,reg_to_reg,15.24252,15.348624,0.10610422943115161
sha256,w_mem_inst.w_mem[2][30],train,secworks_sha2,crypto_checksum,reg_to_reg,15.24252,15.348624,0.10610422943115161
sha256,w_mem_inst.w_mem[2][31],train,secworks_sha2,crypto_checksum,reg_to_reg,15.921643,15.348624,0.5730187705688472
sha256,w_mem_inst.w_mem[2][3],train,secworks_sha2,crypto_checksum,reg_to_reg,15.24252,15.348624,0.10610422943115161
sha256,w_mem_inst.w_mem[2][4],train,secworks_sha2,crypto_checksum,reg_to_reg,15.24252,15.348624,0.10610422943115161
sha256,w_mem_inst.w_mem[2][5],train,secworks_sha2,crypto_checksum,reg_to_reg,15.24252,15.348624,0.10610422943115161
sha256,w_mem_inst.w_mem[2][6],train,secworks_sha2,crypto_checksum,reg_to_reg,15.24252,15.348624,0.10610422943115161
sha256,w_mem_inst.w_mem[2][7],train,secworks_sha2,crypto_checksum,reg_to_reg,15.24252,15.348624,0.10610422943115161
sha256,w_mem_inst.w_mem[2][8],train,secworks_sha2,crypto_checksum,reg_to_reg,15.24252,15.348624,0.10610422943115161
sha256,w_mem_inst.w_mem[2][9],train,secworks_sha2,crypto_checksum,reg_to_reg,15.24252,15.348624,0.10610422943115161
sha256,w_mem_inst.w_mem[3][0],train,secworks_sha2,crypto_checksum,reg_to_reg,15.24252,15.348624,0.10610422943115161
sha256,w_mem_inst.w_mem[3][10],train,secworks_sha2,crypto_checksum,reg_to_reg,15.24252,15.348624,0.10610422943115161
sha256,w_mem_inst.w_mem[3][11],train,secworks_sha2,crypto_checksum,reg_to_reg,15.24252,15.348624,0.10610422943115161
sha256,w_mem_inst.w_mem[3][12],train,secworks_sha2,crypto_checksum,reg_to_reg,15.24252,15.348624,0.10610422943115161
sha256,w_mem_inst.w_mem[3][13],train,secworks_sha2,crypto_checksum,reg_to_reg,15.24252,15.348624,0.10610422943115161
sha256,w_mem_inst.w_mem[3][14],train,secworks_sha2,crypto_checksum,reg_to_reg,15.24252,15.348624,0.10610422943115161
sha256,w_mem_inst.w_mem[3][15],train,secworks_sha2,crypto_checksum,reg_to_reg,15.24252,15.348624,0.10610422943115161
sha256,w_mem_inst.w_mem[3][16],train,secworks_sha2,crypto_checksum,reg_to_reg,15.24252,15.348624,0.10610422943115161
sha256,w_mem_inst.w_mem[3][17],train,secworks_sha2,crypto_checksum,reg_to_reg,15.24252,15.348624,0.10610422943115161
sha256,w_mem_inst.w_mem[3][18],train,secworks_sha2,crypto_checksum,reg_to_reg,15.24252,15.348624,0.10610422943115161
sha256,w_mem_inst.w_mem[3][19],train,secworks_sha2,crypto_checksum,reg_to_reg,15.24252,15.348624,0.10610422943115161
sha256,w_mem_inst.w_mem[3][1],train,secworks_sha2,crypto_checksum,reg_to_reg,15.24252,15.348624,0.10610422943115161
sha256,w_mem_inst.w_mem[3][20],train,secworks_sha2,crypto_checksum,reg_to_reg,15.24252,15.348624,0.10610422943115161
sha256,w_mem_inst.w_mem[3][21],train,secworks_sha2,crypto_checksum,reg_to_reg,15.24252,15.348624,0.10610422943115161
sha256,w_mem_inst.w_mem[3][22],train,secworks_sha2,crypto_checksum,reg_to_reg,15.24252,15.348624,0.10610422943115161
sha256,w_mem_inst.w_mem[3][23],train,secworks_sha2,crypto_checksum,reg_to_reg,15.24252,15.348624,0.10610422943115161
sha256,w_mem_inst.w_mem[3][24],train,secworks_sha2,crypto_checksum,reg_to_reg,15.24252,15.348624,0.10610422943115161
sha256,w_mem_inst.w_mem[3][25],train,secworks_sha2,crypto_checksum,reg_to_reg,15.24252,15.348624,0.10610422943115161
sha256,w_mem_inst.w_mem[3][26],train,secworks_sha2,crypto_checksum,reg_to_reg,15.24252,15.348624,0.10610422943115161
sha256,w_mem_inst.w_mem[3][27],train,secworks_sha2,crypto_checksum,reg_to_reg,15.24252,15.348624,0.10610422943115161
sha256,w_mem_inst.w_mem[3][28],train,secworks_sha2,crypto_checksum,reg_to_reg,15.24252,15.348624,0.10610422943115161
sha256,w_mem_inst.w_mem[3][29],train,secworks_sha2,crypto_checksum,reg_to_reg,15.24252,15.348624,0.10610422943115161
sha256,w_mem_inst.w_mem[3][2],train,secworks_sha2,crypto_checksum,reg_to_reg,15.24252,15.348624,0.10610422943115161
sha256,w_mem_inst.w_mem[3][30],train,secworks_sha2,crypto_checksum,reg_to_reg,15.24252,15.348624,0.10610422943115161
sha256,w_mem_inst.w_mem[3][31],train,secworks_sha2,crypto_checksum,reg_to_reg,15.921643,15.348624,0.5730187705688472
sha256,w_mem_inst.w_mem[3][3],train,secworks_sha2,crypto_checksum,reg_to_reg,15.24252,15.348624,0.10610422943115161
sha256,w_mem_inst.w_mem[3][4],train,secworks_sha2,crypto_checksum,reg_to_reg,15.24252,15.348624,0.10610422943115161
sha256,w_mem_inst.w_mem[3][5],train,secworks_sha2,crypto_checksum,reg_to_reg,15.24252,15.348624,0.10610422943115161
sha256,w_mem_inst.w_mem[3][6],train,secworks_sha2,crypto_checksum,reg_to_reg,15.24252,15.348624,0.10610422943115161
sha256,w_mem_inst.w_mem[3][7],train,secworks_sha2,crypto_checksum,reg_to_reg,15.24252,15.348624,0.10610422943115161
sha256,w_mem_inst.w_mem[3][8],train,secworks_sha2,crypto_checksum,reg_to_reg,15.24252,15.348624,0.10610422943115161
sha256,w_mem_inst.w_mem[3][9],train,secworks_sha2,crypto_checksum,reg_to_reg,15.24252,15.348624,0.10610422943115161
sha256,w_mem_inst.w_mem[4][0],train,secworks_sha2,crypto_checksum,reg_to_reg,15.24252,15.348624,0.10610422943115161
sha256,w_mem_inst.w_mem[4][10],train,secworks_sha2,crypto_checksum,reg_to_reg,15.24252,15.348624,0.10610422943115161
sha256,w_mem_inst.w_mem[4][11],train,secworks_sha2,crypto_checksum,reg_to_reg,15.24252,15.348624,0.10610422943115161
sha256,w_mem_inst.w_mem[4][12],train,secworks_sha2,crypto_checksum,reg_to_reg,15.24252,15.348624,0.10610422943115161
sha256,w_mem_inst.w_mem[4][13],train,secworks_sha2,crypto_checksum,reg_to_reg,15.24252,15.348624,0.10610422943115161
sha256,w_mem_inst.w_mem[4][14],train,secworks_sha2,crypto_checksum,reg_to_reg,15.24252,15.348624,0.10610422943115161
sha256,w_mem_inst.w_mem[4][15],train,secworks_sha2,crypto_checksum,reg_to_reg,15.24252,15.348624,0.10610422943115161
sha256,w_mem_inst.w_mem[4][16],train,secworks_sha2,crypto_checksum,reg_to_reg,15.24252,15.348624,0.10610422943115161
sha256,w_mem_inst.w_mem[4][17],train,secworks_sha2,crypto_checksum,reg_to_reg,15.24252,15.348624,0.10610422943115161
sha256,w_mem_inst.w_mem[4][18],train,secworks_sha2,crypto_checksum,reg_to_reg,15.24252,15.348624,0.10610422943115161
sha256,w_mem_inst.w_mem[4][19],train,secworks_sha2,crypto_checksum,reg_to_reg,15.24252,15.348624,0.10610422943115161
sha256,w_mem_inst.w_mem[4][1],train,secworks_sha2,crypto_checksum,reg_to_reg,15.24252,15.348624,0.10610422943115161
sha256,w_mem_inst.w_mem[4][20],train,secworks_sha2,crypto_checksum,reg_to_reg,15.24252,15.348624,0.10610422943115161
sha256,w_mem_inst.w_mem[4][21],train,secworks_sha2,crypto_checksum,reg_to_reg,15.24252,15.348624,0.10610422943115161
sha256,w_mem_inst.w_mem[4][22],train,secworks_sha2,crypto_checksum,reg_to_reg,15.24252,15.348624,0.10610422943115161
sha256,w_mem_inst.w_mem[4][23],train,secworks_sha2,crypto_checksum,reg_to_reg,15.24252,15.348624,0.10610422943115161
sha256,w_mem_inst.w_mem[4][24],train,secworks_sha2,crypto_checksum,reg_to_reg,15.24252,15.348624,0.10610422943115161
sha256,w_mem_inst.w_mem[4][25],train,secworks_sha2,crypto_checksum,reg_to_reg,15.24252,15.348624,0.10610422943115161
sha256,w_mem_inst.w_mem[4][26],train,secworks_sha2,crypto_checksum,reg_to_reg,15.24252,15.348624,0.10610422943115161
sha256,w_mem_inst.w_mem[4][27],train,secworks_sha2,crypto_checksum,reg_to_reg,15.24252,15.348624,0.10610422943115161
sha256,w_mem_inst.w_mem[4][28],train,secworks_sha2,crypto_checksum,reg_to_reg,15.24252,15.348624,0.10610422943115161
sha256,w_mem_inst.w_mem[4][29],train,secworks_sha2,crypto_checksum,reg_to_reg,15.24252,15.348624,0.10610422943115161
sha256,w_mem_inst.w_mem[4][2],train,secworks_sha2,crypto_checksum,reg_to_reg,15.24252,15.348624,0.10610422943115161
sha256,w_mem_inst.w_mem[4][30],train,secworks_sha2,crypto_checksum,reg_to_reg,15.24252,15.348624,0.10610422943115161
sha256,w_mem_inst.w_mem[4][31],train,secworks_sha2,crypto_checksum,reg_to_reg,15.921643,15.348624,0.5730187705688472
sha256,w_mem_inst.w_mem[4][3],train,secworks_sha2,crypto_checksum,reg_to_reg,15.24252,15.348624,0.10610422943115161
sha256,w_mem_inst.w_mem[4][4],train,secworks_sha2,crypto_checksum,reg_to_reg,15.24252,15.348624,0.10610422943115161
sha256,w_mem_inst.w_mem[4][5],train,secworks_sha2,crypto_checksum,reg_to_reg,15.24252,15.348624,0.10610422943115161
sha256,w_mem_inst.w_mem[4][6],train,secworks_sha2,crypto_checksum,reg_to_reg,15.24252,15.348624,0.10610422943115161
sha256,w_mem_inst.w_mem[4][7],train,secworks_sha2,crypto_checksum,reg_to_reg,15.24252,15.348624,0.10610422943115161
sha256,w_mem_inst.w_mem[4][8],train,secworks_sha2,crypto_checksum,reg_to_reg,15.24252,15.348624,0.10610422943115161
sha256,w_mem_inst.w_mem[4][9],train,secworks_sha2,crypto_checksum,reg_to_reg,15.24252,15.348624,0.10610422943115161
sha256,w_mem_inst.w_mem[5][0],train,secworks_sha2,crypto_checksum,reg_to_reg,15.24252,15.348624,0.10610422943115161
sha256,w_mem_inst.w_mem[5][10],train,secworks_sha2,crypto_checksum,reg_to_reg,15.24252,15.348624,0.10610422943115161
sha256,w_mem_inst.w_mem[5][11],train,secworks_sha2,crypto_checksum,reg_to_reg,15.24252,15.348624,0.10610422943115161
sha256,w_mem_inst.w_mem[5][12],train,secworks_sha2,crypto_checksum,reg_to_reg,15.24252,15.348624,0.10610422943115161
sha256,w_mem_inst.w_mem[5][13],train,secworks_sha2,crypto_checksum,reg_to_reg,15.24252,15.348624,0.10610422943115161
sha256,w_mem_inst.w_mem[5][14],train,secworks_sha2,crypto_checksum,reg_to_reg,15.24252,15.348624,0.10610422943115161
sha256,w_mem_inst.w_mem[5][15],train,secworks_sha2,crypto_checksum,reg_to_reg,15.24252,15.348624,0.10610422943115161
sha256,w_mem_inst.w_mem[5][16],train,secworks_sha2,crypto_checksum,reg_to_reg,15.24252,15.348624,0.10610422943115161
sha256,w_mem_inst.w_mem[5][17],train,secworks_sha2,crypto_checksum,reg_to_reg,15.24252,15.348624,0.10610422943115161
sha256,w_mem_inst.w_mem[5][18],train,secworks_sha2,crypto_checksum,reg_to_reg,15.24252,15.348624,0.10610422943115161
sha256,w_mem_inst.w_mem[5][19],train,secworks_sha2,crypto_checksum,reg_to_reg,15.24252,15.348624,0.10610422943115161
sha256,w_mem_inst.w_mem[5][1],train,secworks_sha2,crypto_checksum,reg_to_reg,15.24252,15.348624,0.10610422943115161
sha256,w_mem_inst.w_mem[5][20],train,secworks_sha2,crypto_checksum,reg_to_reg,15.24252,15.348624,0.10610422943115161
sha256,w_mem_inst.w_mem[5][21],train,secworks_sha2,crypto_checksum,reg_to_reg,15.24252,15.348624,0.10610422943115161
sha256,w_mem_inst.w_mem[5][22],train,secworks_sha2,crypto_checksum,reg_to_reg,15.24252,15.348624,0.10610422943115161
sha256,w_mem_inst.w_mem[5][23],train,secworks_sha2,crypto_checksum,reg_to_reg,15.24252,15.348624,0.10610422943115161
sha256,w_mem_inst.w_mem[5][24],train,secworks_sha2,crypto_checksum,reg_to_reg,15.24252,15.348624,0.10610422943115161
sha256,w_mem_inst.w_mem[5][25],train,secworks_sha2,crypto_checksum,reg_to_reg,15.24252,15.348624,0.10610422943115161
sha256,w_mem_inst.w_mem[5][26],train,secworks_sha2,crypto_checksum,reg_to_reg,15.24252,15.348624,0.10610422943115161
sha256,w_mem_inst.w_mem[5][27],train,secworks_sha2,crypto_checksum,reg_to_reg,15.24252,15.348624,0.10610422943115161
sha256,w_mem_inst.w_mem[5][28],train,secworks_sha2,crypto_checksum,reg_to_reg,15.24252,15.348624,0.10610422943115161
sha256,w_mem_inst.w_mem[5][29],train,secworks_sha2,crypto_checksum,reg_to_reg,15.24252,15.348624,0.10610422943115161
sha256,w_mem_inst.w_mem[5][2],train,secworks_sha2,crypto_checksum,reg_to_reg,15.24252,15.348624,0.10610422943115161
sha256,w_mem_inst.w_mem[5][30],train,secworks_sha2,crypto_checksum,reg_to_reg,15.24252,15.348624,0.10610422943115161
sha256,w_mem_inst.w_mem[5][31],train,secworks_sha2,crypto_checksum,reg_to_reg,15.921643,15.348624,0.5730187705688472
sha256,w_mem_inst.w_mem[5][3],train,secworks_sha2,crypto_checksum,reg_to_reg,15.24252,15.348624,0.10610422943115161
sha256,w_mem_inst.w_mem[5][4],train,secworks_sha2,crypto_checksum,reg_to_reg,15.24252,15.348624,0.10610422943115161
sha256,w_mem_inst.w_mem[5][5],train,secworks_sha2,crypto_checksum,reg_to_reg,15.24252,15.348624,0.10610422943115161
sha256,w_mem_inst.w_mem[5][6],train,secworks_sha2,crypto_checksum,reg_to_reg,15.24252,15.348624,0.10610422943115161
sha256,w_mem_inst.w_mem[5][7],train,secworks_sha2,crypto_checksum,reg_to_reg,15.24252,15.348624,0.10610422943115161
sha256,w_mem_inst.w_mem[5][8],train,secworks_sha2,crypto_checksum,reg_to_reg,15.24252,15.348624,0.10610422943115161
sha256,w_mem_inst.w_mem[5][9],train,secworks_sha2,crypto_checksum,reg_to_reg,15.24252,15.348624,0.10610422943115161
sha256,w_mem_inst.w_mem[6][0],train,secworks_sha2,crypto_checksum,reg_to_reg,15.24252,15.348624,0.10610422943115161
sha256,w_mem_inst.w_mem[6][10],train,secworks_sha2,crypto_checksum,reg_to_reg,15.24252,15.348624,0.10610422943115161
sha256,w_mem_inst.w_mem[6][11],train,secworks_sha2,crypto_checksum,reg_to_reg,15.24252,15.348624,0.10610422943115161
sha256,w_mem_inst.w_mem[6][12],train,secworks_sha2,crypto_checksum,reg_to_reg,15.24252,15.348624,0.10610422943115161
sha256,w_mem_inst.w_mem[6][13],train,secworks_sha2,crypto_checksum,reg_to_reg,15.24252,15.348624,0.10610422943115161
sha256,w_mem_inst.w_mem[6][14],train,secworks_sha2,crypto_checksum,reg_to_reg,15.24252,15.348624,0.10610422943115161
sha256,w_mem_inst.w_mem[6][15],train,secworks_sha2,crypto_checksum,reg_to_reg,15.24252,15.348624,0.10610422943115161
sha256,w_mem_inst.w_mem[6][16],train,secworks_sha2,crypto_checksum,reg_to_reg,15.24252,15.348624,0.10610422943115161
sha256,w_mem_inst.w_mem[6][17],train,secworks_sha2,crypto_checksum,reg_to_reg,15.24252,15.348624,0.10610422943115161
sha256,w_mem_inst.w_mem[6][18],train,secworks_sha2,crypto_checksum,reg_to_reg,15.24252,15.348624,0.10610422943115161
sha256,w_mem_inst.w_mem[6][19],train,secworks_sha2,crypto_checksum,reg_to_reg,15.24252,15.348624,0.10610422943115161
sha256,w_mem_inst.w_mem[6][1],train,secworks_sha2,crypto_checksum,reg_to_reg,15.24252,15.348624,0.10610422943115161
sha256,w_mem_inst.w_mem[6][20],train,secworks_sha2,crypto_checksum,reg_to_reg,15.24252,15.348624,0.10610422943115161
sha256,w_mem_inst.w_mem[6][21],train,secworks_sha2,crypto_checksum,reg_to_reg,15.24252,15.348624,0.10610422943115161
sha256,w_mem_inst.w_mem[6][22],train,secworks_sha2,crypto_checksum,reg_to_reg,15.24252,15.348624,0.10610422943115161
sha256,w_mem_inst.w_mem[6][23],train,secworks_sha2,crypto_checksum,reg_to_reg,15.24252,15.348624,0.10610422943115161
sha256,w_mem_inst.w_mem[6][24],train,secworks_sha2,crypto_checksum,reg_to_reg,15.24252,15.348624,0.10610422943115161
sha256,w_mem_inst.w_mem[6][25],train,secworks_sha2,crypto_checksum,reg_to_reg,15.24252,15.348624,0.10610422943115161
sha256,w_mem_inst.w_mem[6][26],train,secworks_sha2,crypto_checksum,reg_to_reg,15.24252,15.348624,0.10610422943115161
sha256,w_mem_inst.w_mem[6][27],train,secworks_sha2,crypto_checksum,reg_to_reg,15.24252,15.348624,0.10610422943115161
sha256,w_mem_inst.w_mem[6][28],train,secworks_sha2,crypto_checksum,reg_to_reg,15.24252,15.348624,0.10610422943115161
sha256,w_mem_inst.w_mem[6][29],train,secworks_sha2,crypto_checksum,reg_to_reg,15.24252,15.348624,0.10610422943115161
sha256,w_mem_inst.w_mem[6][2],train,secworks_sha2,crypto_checksum,reg_to_reg,15.24252,15.348624,0.10610422943115161
sha256,w_mem_inst.w_mem[6][30],train,secworks_sha2,crypto_checksum,reg_to_reg,15.24252,15.348624,0.10610422943115161
sha256,w_mem_inst.w_mem[6][31],train,secworks_sha2,crypto_checksum,reg_to_reg,15.921643,15.348624,0.5730187705688472
sha256,w_mem_inst.w_mem[6][3],train,secworks_sha2,crypto_checksum,reg_to_reg,15.24252,15.348624,0.10610422943115161
sha256,w_mem_inst.w_mem[6][4],train,secworks_sha2,crypto_checksum,reg_to_reg,15.24252,15.348624,0.10610422943115161
sha256,w_mem_inst.w_mem[6][5],train,secworks_sha2,crypto_checksum,reg_to_reg,15.24252,15.348624,0.10610422943115161
sha256,w_mem_inst.w_mem[6][6],train,secworks_sha2,crypto_checksum,reg_to_reg,15.24252,15.348624,0.10610422943115161
sha256,w_mem_inst.w_mem[6][7],train,secworks_sha2,crypto_checksum,reg_to_reg,15.24252,15.348624,0.10610422943115161
sha256,w_mem_inst.w_mem[6][8],train,secworks_sha2,crypto_checksum,reg_to_reg,15.24252,15.348624,0.10610422943115161
sha256,w_mem_inst.w_mem[6][9],train,secworks_sha2,crypto_checksum,reg_to_reg,15.24252,15.348624,0.10610422943115161
sha256,w_mem_inst.w_mem[7][0],train,secworks_sha2,crypto_checksum,reg_to_reg,15.24252,15.348624,0.10610422943115161
sha256,w_mem_inst.w_mem[7][10],train,secworks_sha2,crypto_checksum,reg_to_reg,15.24252,15.348624,0.10610422943115161
sha256,w_mem_inst.w_mem[7][11],train,secworks_sha2,crypto_checksum,reg_to_reg,15.24252,15.348624,0.10610422943115161
sha256,w_mem_inst.w_mem[7][12],train,secworks_sha2,crypto_checksum,reg_to_reg,15.24252,15.348624,0.10610422943115161
sha256,w_mem_inst.w_mem[7][13],train,secworks_sha2,crypto_checksum,reg_to_reg,15.24252,15.348624,0.10610422943115161
sha256,w_mem_inst.w_mem[7][14],train,secworks_sha2,crypto_checksum,reg_to_reg,15.24252,15.348624,0.10610422943115161
sha256,w_mem_inst.w_mem[7][15],train,secworks_sha2,crypto_checksum,reg_to_reg,15.24252,15.348624,0.10610422943115161
sha256,w_mem_inst.w_mem[7][16],train,secworks_sha2,crypto_checksum,reg_to_reg,15.24252,15.348624,0.10610422943115161
sha256,w_mem_inst.w_mem[7][17],train,secworks_sha2,crypto_checksum,reg_to_reg,15.24252,15.348624,0.10610422943115161
sha256,w_mem_inst.w_mem[7][18],train,secworks_sha2,crypto_checksum,reg_to_reg,15.24252,15.348624,0.10610422943115161
sha256,w_mem_inst.w_mem[7][19],train,secworks_sha2,crypto_checksum,reg_to_reg,15.24252,15.348624,0.10610422943115161
sha256,w_mem_inst.w_mem[7][1],train,secworks_sha2,crypto_checksum,reg_to_reg,15.24252,15.348624,0.10610422943115161
sha256,w_mem_inst.w_mem[7][20],train,secworks_sha2,crypto_checksum,reg_to_reg,15.24252,15.348624,0.10610422943115161
sha256,w_mem_inst.w_mem[7][21],train,secworks_sha2,crypto_checksum,reg_to_reg,15.24252,15.348624,0.10610422943115161
sha256,w_mem_inst.w_mem[7][22],train,secworks_sha2,crypto_checksum,reg_to_reg,15.24252,15.348624,0.10610422943115161
sha256,w_mem_inst.w_mem[7][23],train,secworks_sha2,crypto_checksum,reg_to_reg,15.24252,15.348624,0.10610422943115161
sha256,w_mem_inst.w_mem[7][24],train,secworks_sha2,crypto_checksum,reg_to_reg,15.24252,15.348624,0.10610422943115161
sha256,w_mem_inst.w_mem[7][25],train,secworks_sha2,crypto_checksum,reg_to_reg,15.24252,15.348624,0.10610422943115161
sha256,w_mem_inst.w_mem[7][26],train,secworks_sha2,crypto_checksum,reg_to_reg,15.24252,15.348624,0.10610422943115161
sha256,w_mem_inst.w_mem[7][27],train,secworks_sha2,crypto_checksum,reg_to_reg,15.24252,15.348624,0.10610422943115161
sha256,w_mem_inst.w_mem[7][28],train,secworks_sha2,crypto_checksum,reg_to_reg,15.24252,15.348624,0.10610422943115161
sha256,w_mem_inst.w_mem[7][29],train,secworks_sha2,crypto_checksum,reg_to_reg,15.24252,15.348624,0.10610422943115161
sha256,w_mem_inst.w_mem[7][2],train,secworks_sha2,crypto_checksum,reg_to_reg,15.24252,15.348624,0.10610422943115161
sha256,w_mem_inst.w_mem[7][30],train,secworks_sha2,crypto_checksum,reg_to_reg,15.24252,15.348624,0.10610422943115161
sha256,w_mem_inst.w_mem[7][31],train,secworks_sha2,crypto_checksum,reg_to_reg,15.921643,15.348624,0.5730187705688472
sha256,w_mem_inst.w_mem[7][3],train,secworks_sha2,crypto_checksum,reg_to_reg,15.24252,15.348624,0.10610422943115161
sha256,w_mem_inst.w_mem[7][4],train,secworks_sha2,crypto_checksum,reg_to_reg,15.24252,15.348624,0.10610422943115161
sha256,w_mem_inst.w_mem[7][5],train,secworks_sha2,crypto_checksum,reg_to_reg,15.24252,15.348624,0.10610422943115161
sha256,w_mem_inst.w_mem[7][6],train,secworks_sha2,crypto_checksum,reg_to_reg,15.24252,15.348624,0.10610422943115161
sha256,w_mem_inst.w_mem[7][7],train,secworks_sha2,crypto_checksum,reg_to_reg,15.24252,15.348624,0.10610422943115161
sha256,w_mem_inst.w_mem[7][8],train,secworks_sha2,crypto_checksum,reg_to_reg,15.24252,15.348624,0.10610422943115161
sha256,w_mem_inst.w_mem[7][9],train,secworks_sha2,crypto_checksum,reg_to_reg,15.24252,15.348624,0.10610422943115161
sha256,w_mem_inst.w_mem[8][0],train,secworks_sha2,crypto_checksum,reg_to_reg,15.24252,15.348624,0.10610422943115161
sha256,w_mem_inst.w_mem[8][10],train,secworks_sha2,crypto_checksum,reg_to_reg,15.24252,15.348624,0.10610422943115161
sha256,w_mem_inst.w_mem[8][11],train,secworks_sha2,crypto_checksum,reg_to_reg,15.24252,15.348624,0.10610422943115161
sha256,w_mem_inst.w_mem[8][12],train,secworks_sha2,crypto_checksum,reg_to_reg,15.24252,15.348624,0.10610422943115161
sha256,w_mem_inst.w_mem[8][13],train,secworks_sha2,crypto_checksum,reg_to_reg,15.24252,15.348624,0.10610422943115161
sha256,w_mem_inst.w_mem[8][14],train,secworks_sha2,crypto_checksum,reg_to_reg,15.24252,15.348624,0.10610422943115161
sha256,w_mem_inst.w_mem[8][15],train,secworks_sha2,crypto_checksum,reg_to_reg,15.24252,15.348624,0.10610422943115161
sha256,w_mem_inst.w_mem[8][16],train,secworks_sha2,crypto_checksum,reg_to_reg,15.24252,15.348624,0.10610422943115161
sha256,w_mem_inst.w_mem[8][17],train,secworks_sha2,crypto_checksum,reg_to_reg,15.24252,15.348624,0.10610422943115161
sha256,w_mem_inst.w_mem[8][18],train,secworks_sha2,crypto_checksum,reg_to_reg,15.24252,15.348624,0.10610422943115161
sha256,w_mem_inst.w_mem[8][19],train,secworks_sha2,crypto_checksum,reg_to_reg,15.24252,15.348624,0.10610422943115161
sha256,w_mem_inst.w_mem[8][1],train,secworks_sha2,crypto_checksum,reg_to_reg,15.24252,15.348624,0.10610422943115161
sha256,w_mem_inst.w_mem[8][20],train,secworks_sha2,crypto_checksum,reg_to_reg,15.24252,15.348624,0.10610422943115161
sha256,w_mem_inst.w_mem[8][21],train,secworks_sha2,crypto_checksum,reg_to_reg,15.24252,15.348624,0.10610422943115161
sha256,w_mem_inst.w_mem[8][22],train,secworks_sha2,crypto_checksum,reg_to_reg,15.24252,15.348624,0.10610422943115161
sha256,w_mem_inst.w_mem[8][23],train,secworks_sha2,crypto_checksum,reg_to_reg,15.24252,15.348624,0.10610422943115161
sha256,w_mem_inst.w_mem[8][24],train,secworks_sha2,crypto_checksum,reg_to_reg,15.24252,15.348624,0.10610422943115161
sha256,w_mem_inst.w_mem[8][25],train,secworks_sha2,crypto_checksum,reg_to_reg,15.24252,15.348624,0.10610422943115161
sha256,w_mem_inst.w_mem[8][26],train,secworks_sha2,crypto_checksum,reg_to_reg,15.24252,15.348624,0.10610422943115161
sha256,w_mem_inst.w_mem[8][27],train,secworks_sha2,crypto_checksum,reg_to_reg,15.24252,15.348624,0.10610422943115161
sha256,w_mem_inst.w_mem[8][28],train,secworks_sha2,crypto_checksum,reg_to_reg,15.24252,15.348624,0.10610422943115161
sha256,w_mem_inst.w_mem[8][29],train,secworks_sha2,crypto_checksum,reg_to_reg,15.24252,15.348624,0.10610422943115161
sha256,w_mem_inst.w_mem[8][2],train,secworks_sha2,crypto_checksum,reg_to_reg,15.24252,15.348624,0.10610422943115161
sha256,w_mem_inst.w_mem[8][30],train,secworks_sha2,crypto_checksum,reg_to_reg,15.24252,15.348624,0.10610422943115161
sha256,w_mem_inst.w_mem[8][31],train,secworks_sha2,crypto_checksum,reg_to_reg,15.921643,15.348624,0.5730187705688472
sha256,w_mem_inst.w_mem[8][3],train,secworks_sha2,crypto_checksum,reg_to_reg,15.24252,15.348624,0.10610422943115161
sha256,w_mem_inst.w_mem[8][4],train,secworks_sha2,crypto_checksum,reg_to_reg,15.24252,15.348624,0.10610422943115161
sha256,w_mem_inst.w_mem[8][5],train,secworks_sha2,crypto_checksum,reg_to_reg,15.24252,15.348624,0.10610422943115161
sha256,w_mem_inst.w_mem[8][6],train,secworks_sha2,crypto_checksum,reg_to_reg,15.24252,15.348624,0.10610422943115161
sha256,w_mem_inst.w_mem[8][7],train,secworks_sha2,crypto_checksum,reg_to_reg,15.24252,15.348624,0.10610422943115161
sha256,w_mem_inst.w_mem[8][8],train,secworks_sha2,crypto_checksum,reg_to_reg,15.24252,15.348624,0.10610422943115161
sha256,w_mem_inst.w_mem[8][9],train,secworks_sha2,crypto_checksum,reg_to_reg,15.24252,15.348624,0.10610422943115161
sha256,w_mem_inst.w_mem[9][0],train,secworks_sha2,crypto_checksum,reg_to_reg,15.24252,15.348624,0.10610422943115161
sha256,w_mem_inst.w_mem[9][10],train,secworks_sha2,crypto_checksum,reg_to_reg,15.24252,15.348624,0.10610422943115161
sha256,w_mem_inst.w_mem[9][11],train,secworks_sha2,crypto_checksum,reg_to_reg,15.24252,15.348624,0.10610422943115161
sha256,w_mem_inst.w_mem[9][12],train,secworks_sha2,crypto_checksum,reg_to_reg,15.24252,15.348624,0.10610422943115161
sha256,w_mem_inst.w_mem[9][13],train,secworks_sha2,crypto_checksum,reg_to_reg,15.24252,15.348624,0.10610422943115161
sha256,w_mem_inst.w_mem[9][14],train,secworks_sha2,crypto_checksum,reg_to_reg,15.24252,15.348624,0.10610422943115161
sha256,w_mem_inst.w_mem[9][15],train,secworks_sha2,crypto_checksum,reg_to_reg,15.24252,15.348624,0.10610422943115161
sha256,w_mem_inst.w_mem[9][16],train,secworks_sha2,crypto_checksum,reg_to_reg,15.24252,15.348624,0.10610422943115161
sha256,w_mem_inst.w_mem[9][17],train,secworks_sha2,crypto_checksum,reg_to_reg,15.24252,15.348624,0.10610422943115161
sha256,w_mem_inst.w_mem[9][18],train,secworks_sha2,crypto_checksum,reg_to_reg,15.24252,15.348624,0.10610422943115161
sha256,w_mem_inst.w_mem[9][19],train,secworks_sha2,crypto_checksum,reg_to_reg,15.24252,15.348624,0.10610422943115161
sha256,w_mem_inst.w_mem[9][1],train,secworks_sha2,crypto_checksum,reg_to_reg,15.24252,15.348624,0.10610422943115161
sha256,w_mem_inst.w_mem[9][20],train,secworks_sha2,crypto_checksum,reg_to_reg,15.24252,15.348624,0.10610422943115161
sha256,w_mem_inst.w_mem[9][21],train,secworks_sha2,crypto_checksum,reg_to_reg,15.24252,15.348624,0.10610422943115161
sha256,w_mem_inst.w_mem[9][22],train,secworks_sha2,crypto_checksum,reg_to_reg,15.24252,15.348624,0.10610422943115161
sha256,w_mem_inst.w_mem[9][23],train,secworks_sha2,crypto_checksum,reg_to_reg,15.24252,15.348624,0.10610422943115161
sha256,w_mem_inst.w_mem[9][24],train,secworks_sha2,crypto_checksum,reg_to_reg,15.24252,15.348624,0.10610422943115161
sha256,w_mem_inst.w_mem[9][25],train,secworks_sha2,crypto_checksum,reg_to_reg,15.24252,15.348624,0.10610422943115161
sha256,w_mem_inst.w_mem[9][26],train,secworks_sha2,crypto_checksum,reg_to_reg,15.24252,15.348624,0.10610422943115161
sha256,w_mem_inst.w_mem[9][27],train,secworks_sha2,crypto_checksum,reg_to_reg,15.24252,15.348624,0.10610422943115161
sha256,w_mem_inst.w_mem[9][28],train,secworks_sha2,crypto_checksum,reg_to_reg,15.24252,15.348624,0.10610422943115161
sha256,w_mem_inst.w_mem[9][29],train,secworks_sha2,crypto_checksum,reg_to_reg,15.24252,15.348624,0.10610422943115161
sha256,w_mem_inst.w_mem[9][2],train,secworks_sha2,crypto_checksum,reg_to_reg,15.24252,15.348624,0.10610422943115161
sha256,w_mem_inst.w_mem[9][30],train,secworks_sha2,crypto_checksum,reg_to_reg,15.24252,15.348624,0.10610422943115161
sha256,w_mem_inst.w_mem[9][31],train,secworks_sha2,crypto_checksum,reg_to_reg,15.921643,15.348624,0.5730187705688472
sha256,w_mem_inst.w_mem[9][3],train,secworks_sha2,crypto_checksum,reg_to_reg,15.24252,15.348624,0.10610422943115161
sha256,w_mem_inst.w_mem[9][4],train,secworks_sha2,crypto_checksum,reg_to_reg,15.24252,15.348624,0.10610422943115161
sha256,w_mem_inst.w_mem[9][5],train,secworks_sha2,crypto_checksum,reg_to_reg,15.24252,15.348624,0.10610422943115161
sha256,w_mem_inst.w_mem[9][6],train,secworks_sha2,crypto_checksum,reg_to_reg,15.24252,15.348624,0.10610422943115161
sha256,w_mem_inst.w_mem[9][7],train,secworks_sha2,crypto_checksum,reg_to_reg,15.24252,15.348624,0.10610422943115161
sha256,w_mem_inst.w_mem[9][8],train,secworks_sha2,crypto_checksum,reg_to_reg,15.24252,15.348624,0.10610422943115161
sha256,w_mem_inst.w_mem[9][9],train,secworks_sha2,crypto_checksum,reg_to_reg,15.24252,15.348624,0.10610422943115161
sha256,w_next,train,secworks_sha2,crypto_checksum,input_to_reg,1.516617,1.5200384,0.0034213663177489195
uart_tx,bit_cnt[0],train,forencich_uart,protocol_control,input_to_reg,1.216014,1.2243315,0.0083174981460572
uart_tx,bit_cnt[1],train,forencich_uart,protocol_control,input_to_reg,1.246195,1.218156,0.028039019889831485
uart_tx,bit_cnt[2],train,forencich_uart,protocol_control,input_to_reg,1.190274,1.218156,0.027881980110168403
uart_tx,bit_cnt[3],train,forencich_uart,protocol_control,input_to_reg,1.232639,1.2243315,0.008307501853942911
uart_tx,busy,train,forencich_uart,protocol_control,input_to_reg,1.064921,1.064927,5.981925964348989e-06
uart_tx,data_reg[0],train,forencich_uart,protocol_control,input_to_reg,1.235526,1.2355262,2.0410919199242983e-07
uart_tx,data_reg[1],train,forencich_uart,protocol_control,input_to_reg,1.235526,1.2355262,2.0410919199242983e-07
uart_tx,data_reg[2],train,forencich_uart,protocol_control,input_to_reg,1.235526,1.2355262,2.0410919199242983e-07
uart_tx,data_reg[3],train,forencich_uart,protocol_control,input_to_reg,1.235526,1.2355262,2.0410919199242983e-07
uart_tx,data_reg[4],train,forencich_uart,protocol_control,input_to_reg,1.235526,1.2355262,2.0410919199242983e-07
uart_tx,data_reg[5],train,forencich_uart,protocol_control,input_to_reg,1.235526,1.2355262,2.0410919199242983e-07
uart_tx,data_reg[6],train,forencich_uart,protocol_control,input_to_reg,1.235526,1.2355262,2.0410919199242983e-07
uart_tx,data_reg[7],train,forencich_uart,protocol_control,input_to_reg,1.235526,1.2355262,2.0410919199242983e-07
uart_tx,data_reg[8],train,forencich_uart,protocol_control,input_to_reg,1.221561,1.2216147,5.3718437194927304e-05
uart_tx,prescale_reg[0],train,forencich_uart,protocol_control,input_to_reg,1.336462,1.3364261,3.586112213138648e-05
uart_tx,prescale_reg[10],train,forencich_uart,protocol_control,input_to_reg,1.390994,1.3908409,0.00015311197662359888
uart_tx,prescale_reg[11],train,forencich_uart,protocol_control,input_to_reg,1.366605,1.3667096,0.00010458995819084826
uart_tx,prescale_reg[12],train,forencich_uart,protocol_control,input_to_reg,1.358616,1.3587412,0.00012516420745845025
uart_tx,prescale_reg[13],train,forencich_uart,protocol_control,input_to_reg,1.410299,1.4103128,1.3771797180206491e-05
uart_tx,prescale_reg[14],train,forencich_uart,protocol_control,input_to_reg,1.463028,1.4630727,4.465758514404783e-05
uart_tx,prescale_reg[15],train,forencich_uart,protocol_control,input_to_reg,1.505545,1.5056034,5.8432655334561545e-05
uart_tx,prescale_reg[16],train,forencich_uart,protocol_control,input_to_reg,1.596466,1.5964011,6.490460968011647e-05
uart_tx,prescale_reg[17],train,forencich_uart,protocol_control,input_to_reg,1.620029,1.6200086,2.0412162780703014e-05
uart_tx,prescale_reg[18],train,forencich_uart,protocol_control,input_to_reg,1.625638,1.6256323,5.713928222572662e-06
uart_tx,prescale_reg[1],train,forencich_uart,protocol_control,input_to_reg,1.332745,1.3046232,0.02812175380706794
uart_tx,prescale_reg[2],train,forencich_uart,protocol_control,input_to_reg,1.276552,1.3046232,0.02807124619293222
uart_tx,prescale_reg[3],train,forencich_uart,protocol_control,input_to_reg,1.344099,1.3284775,0.015621498130798273
uart_tx,prescale_reg[4],train,forencich_uart,protocol_control,input_to_reg,1.313215,1.3284775,0.015262501869201639
uart_tx,prescale_reg[5],train,forencich_uart,protocol_control,input_to_reg,1.276552,1.2767112,0.00015922550964364568
uart_tx,prescale_reg[6],train,forencich_uart,protocol_control,input_to_reg,1.313215,1.3130338,0.00018118080139162274
uart_tx,prescale_reg[7],train,forencich_uart,protocol_control,input_to_reg,1.29416,1.2942472,8.715042114260108e-05
uart_tx,prescale_reg[8],train,forencich_uart,protocol_control,input_to_reg,1.313215,1.3132598,4.484001159665851e-05
uart_tx,prescale_reg[9],train,forencich_uart,protocol_control,input_to_reg,1.361907,1.3618333,7.366603088376777e-05
uart_tx,s_axis_tready,train,forencich_uart,protocol_control,input_to_reg,1.113484,1.113487,3.005233764730164e-06
uart_tx,txd,train,forencich_uart,protocol_control,input_to_reg,1.197343,1.1976289,0.0002858557052611843
uart_rx,bit_cnt[0],train,forencich_uart,protocol_control,reg_to_reg,0.499863,0.5135763,0.013713328754425047
uart_rx,bit_cnt[1],train,forencich_uart,protocol_control,reg_to_reg,0.488453,0.48845312,1.199932098128187e-07
uart_rx,bit_cnt[2],train,forencich_uart,protocol_control,reg_to_reg,0.527208,0.5135763,0.013631671245574961
uart_rx,bit_cnt[3],train,forencich_uart,protocol_control,reg_to_reg,0.540703,0.5405423,0.00016069548416142165
uart_rx,busy,train,forencich_uart,protocol_control,reg_to_reg,0.597095,0.597172,7.702186584468418e-05
uart_rx,data_reg[0],train,forencich_uart,protocol_control,reg_to_reg,0.765344,0.76534516,1.1561927795167293e-06
uart_rx,data_reg[1],train,forencich_uart,protocol_control,reg_to_reg,0.765344,0.76534516,1.1561927795167293e-06
uart_rx,data_reg[2],train,forencich_uart,protocol_control,reg_to_reg,0.765344,0.76534516,1.1561927795167293e-06
uart_rx,data_reg[3],train,forencich_uart,protocol_control,reg_to_reg,0.765344,0.76534516,1.1561927795167293e-06
uart_rx,data_reg[4],train,forencich_uart,protocol_control,reg_to_reg,0.765344,0.76534516,1.1561927795167293e-06
uart_rx,data_reg[5],train,forencich_uart,protocol_control,reg_to_reg,0.765344,0.76534516,1.1561927795167293e-06
uart_rx,data_reg[6],train,forencich_uart,protocol_control,reg_to_reg,0.765344,0.76534516,1.1561927795167293e-06
uart_rx,data_reg[7],train,forencich_uart,protocol_control,reg_to_reg,0.765344,0.76534516,1.1561927795167293e-06
uart_rx,frame_error,train,forencich_uart,protocol_control,reg_to_reg,0.408626,0.4086736,4.761426353455667e-05
uart_rx,m_axis_tdata[0],train,forencich_uart,protocol_control,reg_to_reg,0.643843,0.64381623,2.6767318725640088e-05
uart_rx,m_axis_tdata[1],train,forencich_uart,protocol_control,reg_to_reg,0.643843,0.64381623,2.6767318725640088e-05
uart_rx,m_axis_tdata[2],train,forencich_uart,protocol_control,reg_to_reg,0.643843,0.64381623,2.6767318725640088e-05
uart_rx,m_axis_tdata[3],train,forencich_uart,protocol_control,reg_to_reg,0.643843,0.64381623,2.6767318725640088e-05
uart_rx,m_axis_tdata[4],train,forencich_uart,protocol_control,reg_to_reg,0.643843,0.64381623,2.6767318725640088e-05
uart_rx,m_axis_tdata[5],train,forencich_uart,protocol_control,reg_to_reg,0.643843,0.64381623,2.6767318725640088e-05
uart_rx,m_axis_tdata[6],train,forencich_uart,protocol_control,reg_to_reg,0.643843,0.64381623,2.6767318725640088e-05
uart_rx,m_axis_tdata[7],train,forencich_uart,protocol_control,reg_to_reg,0.643843,0.64381623,2.6767318725640088e-05
uart_rx,m_axis_tvalid,train,forencich_uart,protocol_control,input_to_reg,1.077172,1.077148,2.4039337158221485e-05
uart_rx,overrun_error,train,forencich_uart,protocol_control,reg_to_reg,0.415393,0.41546252,6.952369880675047e-05
uart_rx,prescale_reg[0],train,forencich_uart,protocol_control,reg_to_reg,0.534981,0.5349607,2.031283950809648e-05
uart_rx,prescale_reg[10],train,forencich_uart,protocol_control,input_to_reg,1.406186,1.4060514,0.00013460267639153756
uart_rx,prescale_reg[11],train,forencich_uart,protocol_control,input_to_reg,1.417135,1.4171392,4.172554016079744e-06
uart_rx,prescale_reg[12],train,forencich_uart,protocol_control,input_to_reg,1.498528,1.4983395,0.0001884661941529142
uart_rx,prescale_reg[13],train,forencich_uart,protocol_control,input_to_reg,1.555913,1.5557963,0.0001167343978882851
uart_rx,prescale_reg[14],train,forencich_uart,protocol_control,input_to_reg,1.53287,1.533086,0.00021594226837162722
uart_rx,prescale_reg[15],train,forencich_uart,protocol_control,input_to_reg,1.574766,1.5747364,2.964326477061796e-05
uart_rx,prescale_reg[16],train,forencich_uart,protocol_control,input_to_reg,1.624789,1.6247723,1.668974304203097e-05
uart_rx,prescale_reg[17],train,forencich_uart,protocol_control,input_to_reg,1.650635,1.650533,0.00010203910827644158
uart_rx,prescale_reg[18],train,forencich_uart,protocol_control,input_to_reg,1.618697,1.6188549,0.00015788033294672488
uart_rx,prescale_reg[1],train,forencich_uart,protocol_control,reg_to_reg,0.490037,0.49002415,1.28505821228031e-05
uart_rx,prescale_reg[2],train,forencich_uart,protocol_control,input_to_reg,1.119081,1.1191999,0.00011887201690674587
uart_rx,prescale_reg[3],train,forencich_uart,protocol_control,input_to_reg,1.190377,1.1903377,3.9342071533221556e-05
uart_rx,prescale_reg[4],train,forencich_uart,protocol_control,input_to_reg,1.182233,1.1823523,0.0001193044586180747
uart_rx,prescale_reg[5],train,forencich_uart,protocol_control,input_to_reg,1.205279,1.2053236,4.457692718506934e-05
uart_rx,prescale_reg[6],train,forencich_uart,protocol_control,input_to_reg,1.315009,1.314949,5.996435546884449e-05
uart_rx,prescale_reg[7],train,forencich_uart,protocol_control,input_to_reg,1.334224,1.3339998,0.0002242470016480258
uart_rx,prescale_reg[8],train,forencich_uart,protocol_control,input_to_reg,1.300109,1.300237,0.00012805959320072446
uart_rx,prescale_reg[9],train,forencich_uart,protocol_control,input_to_reg,1.374161,1.3742405,7.951761627200682e-05
uart_rx,rxd_reg,train,forencich_uart,protocol_control,input_to_reg,1.06328,1.0633501,7.008144378661818e-05
simple_spi,ack_o,train,herveille_spi,protocol_control,input_to_reg,1.07198,1.0718234,0.00015664146423333136
simple_spi,bcnt[0],train,herveille_spi,protocol_control,reg_to_reg,0.524386,0.5242513,0.00013471778488161057
simple_spi,bcnt[1],train,herveille_spi,protocol_control,reg_to_reg,0.570263,0.5703941,0.0001310987586975454
simple_spi,bcnt[2],train,herveille_spi,protocol_control,reg_to_reg,0.570263,0.5703094,4.6400558471715314e-05
simple_spi,clkcnt[0],train,herveille_spi,protocol_control,reg_to_reg,0.338757,0.36475137,0.025994368761062647
simple_spi,clkcnt[10],train,herveille_spi,protocol_control,reg_to_reg,0.479479,0.47970438,0.00022538003540040208
simple_spi,clkcnt[11],train,herveille_spi,protocol_control,reg_to_reg,0.506131,0.50622606,9.506277465820556e-05
simple_spi,clkcnt[1],train,herveille_spi,protocol_control,reg_to_reg,0.390542,0.39054847,6.467636108398178e-06
simple_spi,clkcnt[2],train,herveille_spi,protocol_control,reg_to_reg,0.390542,0.36475137,0.025790631238937378
simple_spi,clkcnt[3],train,herveille_spi,protocol_control,reg_to_reg,0.362892,0.3628676,2.4406234741203292e-05
simple_spi,clkcnt[4],train,herveille_spi,protocol_control,reg_to_reg,0.35204,0.35190105,0.00013894561767580083
simple_spi,clkcnt[5],train,herveille_spi,protocol_control,reg_to_reg,0.338085,0.33808362,1.3751602173095456e-06
simple_spi,clkcnt[6],train,herveille_spi,protocol_control,reg_to_reg,0.367137,0.36699602,0.0001409799213409335
simple_spi,clkcnt[7],train,herveille_spi,protocol_control,reg_to_reg,0.391728,0.3917485,2.048794937131726e-05
simple_spi,clkcnt[8],train,herveille_spi,protocol_control,reg_to_reg,0.474831,0.4748034,2.7611881256106585e-05
simple_spi,clkcnt[9],train,herveille_spi,protocol_control,reg_to_reg,0.496588,0.49645573,0.0001322709922790266
simple_spi,cpha,train,herveille_spi,protocol_control,input_to_reg,1.321089,1.3207918,0.0002971594467162664
simple_spi,cpol,train,herveille_spi,protocol_control,input_to_reg,1.321089,1.3207918,0.0002971594467162664
simple_spi,dat_o[0],train,herveille_spi,protocol_control,input_to_reg,1.227472,1.2273722,9.983050537099025e-05
simple_spi,dat_o[1],train,herveille_spi,protocol_control,input_to_reg,1.227799,1.2277279,7.110998535164725e-05
simple_spi,dat_o[2],train,herveille_spi,protocol_control,input_to_reg,1.230464,1.2277279,0.0027361099853515647
simple_spi,dat_o[3],train,herveille_spi,protocol_control,input_to_reg,1.225501,1.2277279,0.002226890014648486
simple_spi,dat_o[4],train,herveille_spi,protocol_control,input_to_reg,1.21506,1.215664,0.0006040291213988969
simple_spi,dat_o[5],train,herveille_spi,protocol_control,input_to_reg,1.224125,1.2236829,0.0004421195983885795
simple_spi,dat_o[6],train,herveille_spi,protocol_control,input_to_reg,1.228503,1.2284892,1.3839462280174075e-05
simple_spi,dat_o[7],train,herveille_spi,protocol_control,input_to_reg,1.228503,1.2284892,1.3839462280174075e-05
simple_spi,dwom,train,herveille_spi,protocol_control,input_to_reg,1.321089,1.3207918,0.0002971594467162664
simple_spi,espr[2],train,herveille_spi,protocol_control,input_to_reg,1.319573,1.3202568,0.0006838292617796782
simple_spi,espr[3],train,herveille_spi,protocol_control,input_to_reg,1.320622,1.3202568,0.0003651707382201774
simple_spi,icnt[0],train,herveille_spi,protocol_control,input_to_reg,1.320622,1.3202568,0.0003651707382201774
simple_spi,icnt[1],train,herveille_spi,protocol_control,input_to_reg,1.319573,1.3202568,0.0006838292617796782
simple_spi,inta_o,train,herveille_spi,protocol_control,reg_to_reg,0.135547,0.13555099,3.990700721739904e-06
simple_spi,rfifo.gb,train,herveille_spi,protocol_control,input_to_reg,1.207304,1.207727,0.0004229554138184266
simple_spi,rfifo.mem[0][0],train,herveille_spi,protocol_control,reg_to_reg,0.252664,0.2527348,7.081011390686065e-05
simple_spi,rfifo.mem[0][1],train,herveille_spi,protocol_control,reg_to_reg,0.252664,0.2527348,7.081011390686065e-05
simple_spi,rfifo.mem[0][2],train,herveille_spi,protocol_control,reg_to_reg,0.252664,0.2527348,7.081011390686065e-05
simple_spi,rfifo.mem[0][3],train,herveille_spi,protocol_control,reg_to_reg,0.252664,0.2527348,7.081011390686065e-05
simple_spi,rfifo.mem[0][4],train,herveille_spi,protocol_control,reg_to_reg,0.252664,0.2527348,7.081011390686065e-05
simple_spi,rfifo.mem[0][5],train,herveille_spi,protocol_control,reg_to_reg,0.252664,0.2527348,7.081011390686065e-05
simple_spi,rfifo.mem[0][6],train,herveille_spi,protocol_control,reg_to_reg,0.252664,0.2527348,7.081011390686065e-05
simple_spi,rfifo.mem[0][7],train,herveille_spi,protocol_control,reg_to_reg,0.252664,0.2527348,7.081011390686065e-05
simple_spi,rfifo.mem[1][0],train,herveille_spi,protocol_control,reg_to_reg,0.261012,0.26102346,1.1461818695046588e-05
simple_spi,rfifo.mem[1][1],train,herveille_spi,protocol_control,reg_to_reg,0.261012,0.26102346,1.1461818695046588e-05
simple_spi,rfifo.mem[1][2],train,herveille_spi,protocol_control,reg_to_reg,0.261012,0.26102346,1.1461818695046588e-05
simple_spi,rfifo.mem[1][3],train,herveille_spi,protocol_control,reg_to_reg,0.261012,0.26102346,1.1461818695046588e-05
simple_spi,rfifo.mem[1][4],train,herveille_spi,protocol_control,reg_to_reg,0.261012,0.26102346,1.1461818695046588e-05
simple_spi,rfifo.mem[1][5],train,herveille_spi,protocol_control,reg_to_reg,0.261012,0.26102346,1.1461818695046588e-05
simple_spi,rfifo.mem[1][6],train,herveille_spi,protocol_control,reg_to_reg,0.261012,0.26102346,1.1461818695046588e-05
simple_spi,rfifo.mem[1][7],train,herveille_spi,protocol_control,reg_to_reg,0.261012,0.26102346,1.1461818695046588e-05
simple_spi,rfifo.mem[2][0],train,herveille_spi,protocol_control,reg_to_reg,0.255215,0.2552023,1.2706604003931421e-05
simple_spi,rfifo.mem[2][1],train,herveille_spi,protocol_control,reg_to_reg,0.255215,0.2552023,1.2706604003931421e-05
simple_spi,rfifo.mem[2][2],train,herveille_spi,protocol_control,reg_to_reg,0.255215,0.2552023,1.2706604003931421e-05
simple_spi,rfifo.mem[2][3],train,herveille_spi,protocol_control,reg_to_reg,0.255215,0.2552023,1.2706604003931421e-05
simple_spi,rfifo.mem[2][4],train,herveille_spi,protocol_control,reg_to_reg,0.255215,0.2552023,1.2706604003931421e-05
simple_spi,rfifo.mem[2][5],train,herveille_spi,protocol_control,reg_to_reg,0.255215,0.2552023,1.2706604003931421e-05
simple_spi,rfifo.mem[2][6],train,herveille_spi,protocol_control,reg_to_reg,0.255215,0.2552023,1.2706604003931421e-05
simple_spi,rfifo.mem[2][7],train,herveille_spi,protocol_control,reg_to_reg,0.255215,0.2552023,1.2706604003931421e-05
simple_spi,rfifo.mem[3][0],train,herveille_spi,protocol_control,reg_to_reg,0.261018,0.26102346,5.461818695096099e-06
simple_spi,rfifo.mem[3][1],train,herveille_spi,protocol_control,reg_to_reg,0.261018,0.26102346,5.461818695096099e-06
simple_spi,rfifo.mem[3][2],train,herveille_spi,protocol_control,reg_to_reg,0.261018,0.26102346,5.461818695096099e-06
simple_spi,rfifo.mem[3][3],train,herveille_spi,protocol_control,reg_to_reg,0.261018,0.26102346,5.461818695096099e-06
simple_spi,rfifo.mem[3][4],train,herveille_spi,protocol_control,reg_to_reg,0.261018,0.26102346,5.461818695096099e-06
simple_spi,rfifo.mem[3][5],train,herveille_spi,protocol_control,reg_to_reg,0.261018,0.26102346,5.461818695096099e-06
simple_spi,rfifo.mem[3][6],train,herveille_spi,protocol_control,reg_to_reg,0.261018,0.26102346,5.461818695096099e-06
simple_spi,rfifo.mem[3][7],train,herveille_spi,protocol_control,reg_to_reg,0.261018,0.26102346,5.461818695096099e-06
simple_spi,rfifo.rp[0],train,herveille_spi,protocol_control,input_to_reg,1.252307,1.2521198,0.00018722041320806682
simple_spi,rfifo.rp[1],train,herveille_spi,protocol_control,input_to_reg,1.262672,1.2625637,0.00010829455566407908
simple_spi,rfifo.wp[0],train,herveille_spi,protocol_control,reg_to_reg,0.200601,0.20101443,0.00041342933082580413
simple_spi,rfifo.wp[1],train,herveille_spi,protocol_control,reg_to_reg,0.200198,0.19961496,0.0005830430250167717
simple_spi,rfwe,train,herveille_spi,protocol_control,reg_to_reg,0.42548,0.42573658,0.0002565763187408199
simple_spi,sck_o,train,herveille_spi,protocol_control,reg_to_reg,0.454033,0.45421576,0.00018276499938962854
simple_spi,spcr[7],train,herveille_spi,protocol_control,input_to_reg,1.319817,1.3207918,0.0009748405532836735
simple_spi,spe,train,herveille_spi,protocol_control,input_to_reg,1.321089,1.3207918,0.0002971594467162664
simple_spi,sper[2],train,herveille_spi,protocol_control,input_to_reg,1.320622,1.3202568,0.0003651707382201774
simple_spi,sper[3],train,herveille_spi,protocol_control,input_to_reg,1.320622,1.3202568,0.0003651707382201774
simple_spi,sper[4],train,herveille_spi,protocol_control,input_to_reg,1.320622,1.3202568,0.0003651707382201774
simple_spi,sper[5],train,herveille_spi,protocol_control,input_to_reg,1.320622,1.3202568,0.0003651707382201774
simple_spi,spif,train,herveille_spi,protocol_control,input_to_reg,1.218412,1.2183951,1.688605499272633e-05
simple_spi,spr[0],train,herveille_spi,protocol_control,input_to_reg,1.319817,1.3207918,0.0009748405532836735
simple_spi,spr[1],train,herveille_spi,protocol_control,input_to_reg,1.321089,1.3207918,0.0002971594467162664
simple_spi,spsr[6],train,herveille_spi,protocol_control,input_to_reg,1.250385,1.2502947,9.031463623054847e-05
simple_spi,ss_r,train,herveille_spi,protocol_control,input_to_reg,1.148186,1.1483265,0.00014051615142829377
simple_spi,state[0],train,herveille_spi,protocol_control,reg_to_reg,0.46661,0.46723348,0.0006234790229797116
simple_spi,state[1],train,herveille_spi,protocol_control,reg_to_reg,0.465901,0.46592066,1.9656919479360546e-05
simple_spi,tcnt[0],train,herveille_spi,protocol_control,reg_to_reg,0.268147,0.2681246,2.2389814376855277e-05
simple_spi,tcnt[1],train,herveille_spi,protocol_control,reg_to_reg,0.268147,0.2681246,2.2389814376855277e-05
simple_spi,treg[0],train,herveille_spi,protocol_control,input_to_reg,1.064844,1.0648428,1.1798324583978115e-06
simple_spi,treg[1],train,herveille_spi,protocol_control,reg_to_reg,0.55184,0.5595045,0.0076645089721679716
simple_spi,treg[2],train,herveille_spi,protocol_control,reg_to_reg,0.55184,0.5595045,0.0076645089721679716
simple_spi,treg[3],train,herveille_spi,protocol_control,reg_to_reg,0.55184,0.5595045,0.0076645089721679716
simple_spi,treg[4],train,herveille_spi,protocol_control,reg_to_reg,0.55184,0.5595045,0.0076645089721679716
simple_spi,treg[5],train,herveille_spi,protocol_control,reg_to_reg,0.562115,0.5595045,0.0026104910278320625
simple_spi,treg[6],train,herveille_spi,protocol_control,reg_to_reg,0.585055,0.5595045,0.025550491027832023
simple_spi,treg[7],train,herveille_spi,protocol_control,reg_to_reg,0.562115,0.5595045,0.0026104910278320625
simple_spi,wfifo.gb,train,herveille_spi,protocol_control,input_to_reg,1.221628,1.2220972,0.00046915843200689977
simple_spi,wfifo.mem[0][0],train,herveille_spi,protocol_control,input_to_reg,1.294505,1.2945477,4.267704010008089e-05
simple_spi,wfifo.mem[0][1],train,herveille_spi,protocol_control,input_to_reg,1.294505,1.2945477,4.267704010008089e-05
simple_spi,wfifo.mem[0][2],train,herveille_spi,protocol_control,input_to_reg,1.294505,1.2945477,4.267704010008089e-05
simple_spi,wfifo.mem[0][3],train,herveille_spi,protocol_control,input_to_reg,1.294505,1.2945477,4.267704010008089e-05
simple_spi,wfifo.mem[0][4],train,herveille_spi,protocol_control,input_to_reg,1.294505,1.2945477,4.267704010008089e-05
simple_spi,wfifo.mem[0][5],train,herveille_spi,protocol_control,input_to_reg,1.294505,1.2945477,4.267704010008089e-05
simple_spi,wfifo.mem[0][6],train,herveille_spi,protocol_control,input_to_reg,1.294505,1.2945477,4.267704010008089e-05
simple_spi,wfifo.mem[0][7],train,herveille_spi,protocol_control,input_to_reg,1.294505,1.2945477,4.267704010008089e-05
simple_spi,wfifo.mem[1][0],train,herveille_spi,protocol_control,input_to_reg,1.294505,1.2944976,7.3908615112472376e-06
simple_spi,wfifo.mem[1][1],train,herveille_spi,protocol_control,input_to_reg,1.294505,1.2944976,7.3908615112472376e-06
simple_spi,wfifo.mem[1][2],train,herveille_spi,protocol_control,input_to_reg,1.294505,1.2944976,7.3908615112472376e-06
simple_spi,wfifo.mem[1][3],train,herveille_spi,protocol_control,input_to_reg,1.294505,1.2944976,7.3908615112472376e-06
simple_spi,wfifo.mem[1][4],train,herveille_spi,protocol_control,input_to_reg,1.294505,1.2944976,7.3908615112472376e-06
simple_spi,wfifo.mem[1][5],train,herveille_spi,protocol_control,input_to_reg,1.294505,1.2944976,7.3908615112472376e-06
simple_spi,wfifo.mem[1][6],train,herveille_spi,protocol_control,input_to_reg,1.294505,1.2944976,7.3908615112472376e-06
simple_spi,wfifo.mem[1][7],train,herveille_spi,protocol_control,input_to_reg,1.294505,1.2944976,7.3908615112472376e-06
simple_spi,wfifo.mem[2][0],train,herveille_spi,protocol_control,input_to_reg,1.294505,1.2944976,7.3908615112472376e-06
simple_spi,wfifo.mem[2][1],train,herveille_spi,protocol_control,input_to_reg,1.294505,1.2944976,7.3908615112472376e-06
simple_spi,wfifo.mem[2][2],train,herveille_spi,protocol_control,input_to_reg,1.294505,1.2944976,7.3908615112472376e-06
simple_spi,wfifo.mem[2][3],train,herveille_spi,protocol_control,input_to_reg,1.294505,1.2944976,7.3908615112472376e-06
simple_spi,wfifo.mem[2][4],train,herveille_spi,protocol_control,input_to_reg,1.294505,1.2944976,7.3908615112472376e-06
simple_spi,wfifo.mem[2][5],train,herveille_spi,protocol_control,input_to_reg,1.294505,1.2944976,7.3908615112472376e-06
simple_spi,wfifo.mem[2][6],train,herveille_spi,protocol_control,input_to_reg,1.294505,1.2944976,7.3908615112472376e-06
simple_spi,wfifo.mem[2][7],train,herveille_spi,protocol_control,input_to_reg,1.294505,1.2944976,7.3908615112472376e-06
simple_spi,wfifo.mem[3][0],train,herveille_spi,protocol_control,input_to_reg,1.294505,1.2945104,5.364532470686356e-06
simple_spi,wfifo.mem[3][1],train,herveille_spi,protocol_control,input_to_reg,1.294505,1.2945104,5.364532470686356e-06
simple_spi,wfifo.mem[3][2],train,herveille_spi,protocol_control,input_to_reg,1.294505,1.2945104,5.364532470686356e-06
simple_spi,wfifo.mem[3][3],train,herveille_spi,protocol_control,input_to_reg,1.294505,1.2945104,5.364532470686356e-06
simple_spi,wfifo.mem[3][4],train,herveille_spi,protocol_control,input_to_reg,1.294505,1.2945104,5.364532470686356e-06
simple_spi,wfifo.mem[3][5],train,herveille_spi,protocol_control,input_to_reg,1.294505,1.2945104,5.364532470686356e-06
simple_spi,wfifo.mem[3][6],train,herveille_spi,protocol_control,input_to_reg,1.294505,1.2945104,5.364532470686356e-06
simple_spi,wfifo.mem[3][7],train,herveille_spi,protocol_control,input_to_reg,1.294505,1.2945104,5.364532470686356e-06
simple_spi,wfifo.rp[0],train,herveille_spi,protocol_control,reg_to_reg,0.264815,0.26469657,0.00011843174934389467
simple_spi,wfifo.rp[1],train,herveille_spi,protocol_control,reg_to_reg,0.338679,0.33879477,0.00011576785659789257
simple_spi,wfifo.wp[0],train,herveille_spi,protocol_control,input_to_reg,1.244033,1.2447363,0.0007033138198853095
simple_spi,wfifo.wp[1],train,herveille_spi,protocol_control,input_to_reg,1.262386,1.2620295,0.0003564713821411214
simple_spi,wfre,train,herveille_spi,protocol_control,reg_to_reg,0.374667,0.37482294,0.00015594440269472987
axis_fifo16,depth_reg[0],train,forencich_axis,interconnect_buffer,reg_to_reg,0.181172,0.18023919,0.0009328143091201779
axis_fifo16,depth_reg[1],train,forencich_axis,interconnect_buffer,reg_to_reg,0.22142,0.21857253,0.0028474728298187313
axis_fifo16,depth_reg[2],train,forencich_axis,interconnect_buffer,reg_to_reg,0.265984,0.26626343,0.0002794253501892108
axis_fifo16,depth_reg[3],train,forencich_axis,interconnect_buffer,reg_to_reg,0.324043,0.32392162,0.00012137915420534773
axis_fifo16,depth_reg[4],train,forencich_axis,interconnect_buffer,reg_to_reg,0.338993,0.3390776,8.459189605714013e-05
axis_fifo16,m_axis[0],train,forencich_axis,interconnect_buffer,input_to_reg,1.423041,1.423025,1.598798370361365e-05
axis_fifo16,m_axis[10],train,forencich_axis,interconnect_buffer,input_to_reg,1.423041,1.423025,1.598798370361365e-05
axis_fifo16,m_axis[11],train,forencich_axis,interconnect_buffer,input_to_reg,1.423041,1.423025,1.598798370361365e-05
axis_fifo16,m_axis[12],train,forencich_axis,interconnect_buffer,input_to_reg,1.423041,1.423025,1.598798370361365e-05
axis_fifo16,m_axis[13],train,forencich_axis,interconnect_buffer,input_to_reg,1.423041,1.423025,1.598798370361365e-05
axis_fifo16,m_axis[14],train,forencich_axis,interconnect_buffer,input_to_reg,1.423041,1.423025,1.598798370361365e-05
axis_fifo16,m_axis[15],train,forencich_axis,interconnect_buffer,input_to_reg,1.423041,1.423025,1.598798370361365e-05
axis_fifo16,m_axis[16],train,forencich_axis,interconnect_buffer,input_to_reg,1.423041,1.423025,1.598798370361365e-05
axis_fifo16,m_axis[17],train,forencich_axis,interconnect_buffer,input_to_reg,1.423041,1.423025,1.598798370361365e-05
axis_fifo16,m_axis[18],train,forencich_axis,interconnect_buffer,input_to_reg,1.423041,1.423025,1.598798370361365e-05
axis_fifo16,m_axis[19],train,forencich_axis,interconnect_buffer,input_to_reg,1.423041,1.423025,1.598798370361365e-05
axis_fifo16,m_axis[1],train,forencich_axis,interconnect_buffer,input_to_reg,1.423041,1.423025,1.598798370361365e-05
axis_fifo16,m_axis[20],train,forencich_axis,interconnect_buffer,input_to_reg,1.423041,1.423025,1.598798370361365e-05
axis_fifo16,m_axis[21],train,forencich_axis,interconnect_buffer,input_to_reg,1.423041,1.423025,1.598798370361365e-05
axis_fifo16,m_axis[22],train,forencich_axis,interconnect_buffer,input_to_reg,1.423041,1.423025,1.598798370361365e-05
axis_fifo16,m_axis[23],train,forencich_axis,interconnect_buffer,input_to_reg,1.423041,1.423025,1.598798370361365e-05
axis_fifo16,m_axis[24],train,forencich_axis,interconnect_buffer,input_to_reg,1.423041,1.423025,1.598798370361365e-05
axis_fifo16,m_axis[25],train,forencich_axis,interconnect_buffer,input_to_reg,1.423041,1.423025,1.598798370361365e-05
axis_fifo16,m_axis[26],train,forencich_axis,interconnect_buffer,input_to_reg,1.423041,1.423025,1.598798370361365e-05
axis_fifo16,m_axis[27],train,forencich_axis,interconnect_buffer,input_to_reg,1.423041,1.423025,1.598798370361365e-05
axis_fifo16,m_axis[28],train,forencich_axis,interconnect_buffer,input_to_reg,1.423041,1.423025,1.598798370361365e-05
axis_fifo16,m_axis[29],train,forencich_axis,interconnect_buffer,input_to_reg,1.423041,1.423025,1.598798370361365e-05
axis_fifo16,m_axis[2],train,forencich_axis,interconnect_buffer,input_to_reg,1.423041,1.423025,1.598798370361365e-05
axis_fifo16,m_axis[30],train,forencich_axis,interconnect_buffer,input_to_reg,1.423041,1.423025,1.598798370361365e-05
axis_fifo16,m_axis[31],train,forencich_axis,interconnect_buffer,input_to_reg,1.423041,1.423025,1.598798370361365e-05
axis_fifo16,m_axis[3],train,forencich_axis,interconnect_buffer,input_to_reg,1.423041,1.423025,1.598798370361365e-05
axis_fifo16,m_axis[4],train,forencich_axis,interconnect_buffer,input_to_reg,1.423041,1.423025,1.598798370361365e-05
axis_fifo16,m_axis[5],train,forencich_axis,interconnect_buffer,input_to_reg,1.423041,1.423025,1.598798370361365e-05
axis_fifo16,m_axis[6],train,forencich_axis,interconnect_buffer,input_to_reg,1.423041,1.423025,1.598798370361365e-05
axis_fifo16,m_axis[7],train,forencich_axis,interconnect_buffer,input_to_reg,1.423041,1.423025,1.598798370361365e-05
axis_fifo16,m_axis[8],train,forencich_axis,interconnect_buffer,input_to_reg,1.423041,1.423025,1.598798370361365e-05
axis_fifo16,m_axis[9],train,forencich_axis,interconnect_buffer,input_to_reg,1.423041,1.423025,1.598798370361365e-05
axis_fifo16,m_axis_pipe_reg[0][0],train,forencich_axis,interconnect_buffer,input_to_reg,2.492029,2.4996278,0.007598828598022411
axis_fifo16,m_axis_pipe_reg[0][10],train,forencich_axis,interconnect_buffer,input_to_reg,2.49081,2.4996278,0.00881782859802227
axis_fifo16,m_axis_pipe_reg[0][11],train,forencich_axis,interconnect_buffer,input_to_reg,2.525643,2.4996278,0.02601517140197762
axis_fifo16,m_axis_pipe_reg[0][12],train,forencich_axis,interconnect_buffer,input_to_reg,2.494442,2.4996278,0.005185828598022635
axis_fifo16,m_axis_pipe_reg[0][13],train,forencich_axis,interconnect_buffer,input_to_reg,2.508454,2.4996278,0.0088261714019775
axis_fifo16,m_axis_pipe_reg[0][14],train,forencich_axis,interconnect_buffer,input_to_reg,2.508454,2.4996278,0.0088261714019775
axis_fifo16,m_axis_pipe_reg[0][15],train,forencich_axis,interconnect_buffer,input_to_reg,2.523598,2.4996278,0.023970171401977325
axis_fifo16,m_axis_pipe_reg[0][16],train,forencich_axis,interconnect_buffer,input_to_reg,2.51432,2.4996278,0.01469217140197765
axis_fifo16,m_axis_pipe_reg[0][17],train,forencich_axis,interconnect_buffer,input_to_reg,2.508454,2.4996278,0.0088261714019775
axis_fifo16,m_axis_pipe_reg[0][18],train,forencich_axis,interconnect_buffer,input_to_reg,2.483945,2.4996278,0.015682828598022613
axis_fifo16,m_axis_pipe_reg[0][19],train,forencich_axis,interconnect_buffer,input_to_reg,2.511865,2.4996278,0.012237171401977331
axis_fifo16,m_axis_pipe_reg[0][1],train,forencich_axis,interconnect_buffer,input_to_reg,2.508454,2.4996278,0.0088261714019775
axis_fifo16,m_axis_pipe_reg[0][20],train,forencich_axis,interconnect_buffer,input_to_reg,2.482611,2.4996278,0.01701682859802256
axis_fifo16,m_axis_pipe_reg[0][21],train,forencich_axis,interconnect_buffer,input_to_reg,2.494442,2.4996278,0.005185828598022635
axis_fifo16,m_axis_pipe_reg[0][22],train,forencich_axis,interconnect_buffer,input_to_reg,2.494442,2.4996278,0.005185828598022635
axis_fifo16,m_axis_pipe_reg[0][23],train,forencich_axis,interconnect_buffer,input_to_reg,2.489401,2.4996278,0.010226828598022486
axis_fifo16,m_axis_pipe_reg[0][24],train,forencich_axis,interconnect_buffer,input_to_reg,2.508454,2.4996278,0.0088261714019775
axis_fifo16,m_axis_pipe_reg[0][25],train,forencich_axis,interconnect_buffer,input_to_reg,2.534393,2.4996278,0.03476517140197766
axis_fifo16,m_axis_pipe_reg[0][26],train,forencich_axis,interconnect_buffer,input_to_reg,2.51432,2.4996278,0.01469217140197765
axis_fifo16,m_axis_pipe_reg[0][27],train,forencich_axis,interconnect_buffer,input_to_reg,2.51432,2.4996278,0.01469217140197765
axis_fifo16,m_axis_pipe_reg[0][28],train,forencich_axis,interconnect_buffer,input_to_reg,2.492968,2.4996278,0.00665982859802261
axis_fifo16,m_axis_pipe_reg[0][29],train,forencich_axis,interconnect_buffer,input_to_reg,2.463883,2.4996278,0.035744828598022416
axis_fifo16,m_axis_pipe_reg[0][2],train,forencich_axis,interconnect_buffer,input_to_reg,2.492968,2.4996278,0.00665982859802261
axis_fifo16,m_axis_pipe_reg[0][30],train,forencich_axis,interconnect_buffer,input_to_reg,2.492029,2.4996278,0.007598828598022411
axis_fifo16,m_axis_pipe_reg[0][31],train,forencich_axis,interconnect_buffer,input_to_reg,2.486594,2.4996278,0.013033828598022268
axis_fifo16,m_axis_pipe_reg[0][3],train,forencich_axis,interconnect_buffer,input_to_reg,2.492968,2.4996278,0.00665982859802261
axis_fifo16,m_axis_pipe_reg[0][4],train,forencich_axis,interconnect_buffer,input_to_reg,2.483694,2.4996278,0.015933828598022615
axis_fifo16,m_axis_pipe_reg[0][5],train,forencich_axis,interconnect_buffer,input_to_reg,2.484387,2.4996278,0.01524082859802256
axis_fifo16,m_axis_pipe_reg[0][6],train,forencich_axis,interconnect_buffer,input_to_reg,2.511865,2.4996278,0.012237171401977331
axis_fifo16,m_axis_pipe_reg[0][7],train,forencich_axis,interconnect_buffer,input_to_reg,2.497119,2.4996278,0.0025088285980223723
axis_fifo16,m_axis_pipe_reg[0][8],train,forencich_axis,interconnect_buffer,input_to_reg,2.494442,2.4996278,0.005185828598022635
axis_fifo16,m_axis_pipe_reg[0][9],train,forencich_axis,interconnect_buffer,input_to_reg,2.492968,2.4996278,0.00665982859802261
axis_fifo16,m_axis_tvalid,train,forencich_axis,interconnect_buffer,input_to_reg,1.430523,1.4292806,0.0012423613052368054
axis_fifo16,m_axis_tvalid_pipe_reg[0],train,forencich_axis,interconnect_buffer,input_to_reg,2.037334,2.0341825,0.0031514514770507596
axis_fifo16,mem[0][0],train,forencich_axis,interconnect_buffer,input_to_reg,1.614031,1.6139843,4.6653610229485665e-05
axis_fifo16,mem[0][10],train,forencich_axis,interconnect_buffer,input_to_reg,1.614031,1.6139843,4.6653610229485665e-05
axis_fifo16,mem[0][11],train,forencich_axis,interconnect_buffer,input_to_reg,1.614031,1.6139843,4.6653610229485665e-05
axis_fifo16,mem[0][12],train,forencich_axis,interconnect_buffer,input_to_reg,1.614031,1.6139843,4.6653610229485665e-05
axis_fifo16,mem[0][13],train,forencich_axis,interconnect_buffer,input_to_reg,1.614031,1.6139843,4.6653610229485665e-05
axis_fifo16,mem[0][14],train,forencich_axis,interconnect_buffer,input_to_reg,1.614031,1.6139843,4.6653610229485665e-05
axis_fifo16,mem[0][15],train,forencich_axis,interconnect_buffer,input_to_reg,1.614031,1.6139843,4.6653610229485665e-05
axis_fifo16,mem[0][16],train,forencich_axis,interconnect_buffer,input_to_reg,1.614031,1.6139843,4.6653610229485665e-05
axis_fifo16,mem[0][17],train,forencich_axis,interconnect_buffer,input_to_reg,1.614031,1.6139843,4.6653610229485665e-05
axis_fifo16,mem[0][18],train,forencich_axis,interconnect_buffer,input_to_reg,1.614031,1.6139843,4.6653610229485665e-05
axis_fifo16,mem[0][19],train,forencich_axis,interconnect_buffer,input_to_reg,1.614031,1.6139843,4.6653610229485665e-05
axis_fifo16,mem[0][1],train,forencich_axis,interconnect_buffer,input_to_reg,1.614031,1.6139843,4.6653610229485665e-05
axis_fifo16,mem[0][20],train,forencich_axis,interconnect_buffer,input_to_reg,1.614031,1.6139843,4.6653610229485665e-05
axis_fifo16,mem[0][21],train,forencich_axis,interconnect_buffer,input_to_reg,1.614031,1.6139843,4.6653610229485665e-05
axis_fifo16,mem[0][22],train,forencich_axis,interconnect_buffer,input_to_reg,1.614031,1.6139843,4.6653610229485665e-05
axis_fifo16,mem[0][23],train,forencich_axis,interconnect_buffer,input_to_reg,1.614031,1.6139843,4.6653610229485665e-05
axis_fifo16,mem[0][24],train,forencich_axis,interconnect_buffer,input_to_reg,1.614031,1.6139843,4.6653610229485665e-05
axis_fifo16,mem[0][25],train,forencich_axis,interconnect_buffer,input_to_reg,1.614031,1.6139843,4.6653610229485665e-05
axis_fifo16,mem[0][26],train,forencich_axis,interconnect_buffer,input_to_reg,1.614031,1.6139843,4.6653610229485665e-05
axis_fifo16,mem[0][27],train,forencich_axis,interconnect_buffer,input_to_reg,1.614031,1.6139843,4.6653610229485665e-05
axis_fifo16,mem[0][28],train,forencich_axis,interconnect_buffer,input_to_reg,1.614031,1.6139843,4.6653610229485665e-05
axis_fifo16,mem[0][29],train,forencich_axis,interconnect_buffer,input_to_reg,1.614031,1.6139843,4.6653610229485665e-05
axis_fifo16,mem[0][2],train,forencich_axis,interconnect_buffer,input_to_reg,1.614031,1.6139843,4.6653610229485665e-05
axis_fifo16,mem[0][30],train,forencich_axis,interconnect_buffer,input_to_reg,1.614031,1.6139843,4.6653610229485665e-05
axis_fifo16,mem[0][31],train,forencich_axis,interconnect_buffer,input_to_reg,1.614031,1.6139843,4.6653610229485665e-05
axis_fifo16,mem[0][3],train,forencich_axis,interconnect_buffer,input_to_reg,1.614031,1.6139843,4.6653610229485665e-05
axis_fifo16,mem[0][4],train,forencich_axis,interconnect_buffer,input_to_reg,1.614031,1.6139843,4.6653610229485665e-05
axis_fifo16,mem[0][5],train,forencich_axis,interconnect_buffer,input_to_reg,1.614031,1.6139843,4.6653610229485665e-05
axis_fifo16,mem[0][6],train,forencich_axis,interconnect_buffer,input_to_reg,1.614031,1.6139843,4.6653610229485665e-05
axis_fifo16,mem[0][7],train,forencich_axis,interconnect_buffer,input_to_reg,1.614031,1.6139843,4.6653610229485665e-05
axis_fifo16,mem[0][8],train,forencich_axis,interconnect_buffer,input_to_reg,1.614031,1.6139843,4.6653610229485665e-05
axis_fifo16,mem[0][9],train,forencich_axis,interconnect_buffer,input_to_reg,1.614031,1.6139843,4.6653610229485665e-05
axis_fifo16,mem[10][0],train,forencich_axis,interconnect_buffer,input_to_reg,1.614031,1.6139895,4.152761077880207e-05
axis_fifo16,mem[10][10],train,forencich_axis,interconnect_buffer,input_to_reg,1.614031,1.6139895,4.152761077880207e-05
axis_fifo16,mem[10][11],train,forencich_axis,interconnect_buffer,input_to_reg,1.614031,1.6139895,4.152761077880207e-05
axis_fifo16,mem[10][12],train,forencich_axis,interconnect_buffer,input_to_reg,1.614031,1.6139895,4.152761077880207e-05
axis_fifo16,mem[10][13],train,forencich_axis,interconnect_buffer,input_to_reg,1.614031,1.6139895,4.152761077880207e-05
axis_fifo16,mem[10][14],train,forencich_axis,interconnect_buffer,input_to_reg,1.614031,1.6139895,4.152761077880207e-05
axis_fifo16,mem[10][15],train,forencich_axis,interconnect_buffer,input_to_reg,1.614031,1.6139895,4.152761077880207e-05
axis_fifo16,mem[10][16],train,forencich_axis,interconnect_buffer,input_to_reg,1.614031,1.6139895,4.152761077880207e-05
axis_fifo16,mem[10][17],train,forencich_axis,interconnect_buffer,input_to_reg,1.614031,1.6139895,4.152761077880207e-05
axis_fifo16,mem[10][18],train,forencich_axis,interconnect_buffer,input_to_reg,1.614031,1.6139895,4.152761077880207e-05
axis_fifo16,mem[10][19],train,forencich_axis,interconnect_buffer,input_to_reg,1.614031,1.6139895,4.152761077880207e-05
axis_fifo16,mem[10][1],train,forencich_axis,interconnect_buffer,input_to_reg,1.614031,1.6139895,4.152761077880207e-05
axis_fifo16,mem[10][20],train,forencich_axis,interconnect_buffer,input_to_reg,1.614031,1.6139895,4.152761077880207e-05
axis_fifo16,mem[10][21],train,forencich_axis,interconnect_buffer,input_to_reg,1.614031,1.6139895,4.152761077880207e-05
axis_fifo16,mem[10][22],train,forencich_axis,interconnect_buffer,input_to_reg,1.614031,1.6139895,4.152761077880207e-05
axis_fifo16,mem[10][23],train,forencich_axis,interconnect_buffer,input_to_reg,1.614031,1.6139895,4.152761077880207e-05
axis_fifo16,mem[10][24],train,forencich_axis,interconnect_buffer,input_to_reg,1.614031,1.6139895,4.152761077880207e-05
axis_fifo16,mem[10][25],train,forencich_axis,interconnect_buffer,input_to_reg,1.614031,1.6139895,4.152761077880207e-05
axis_fifo16,mem[10][26],train,forencich_axis,interconnect_buffer,input_to_reg,1.614031,1.6139895,4.152761077880207e-05
axis_fifo16,mem[10][27],train,forencich_axis,interconnect_buffer,input_to_reg,1.614031,1.6139895,4.152761077880207e-05
axis_fifo16,mem[10][28],train,forencich_axis,interconnect_buffer,input_to_reg,1.614031,1.6139895,4.152761077880207e-05
axis_fifo16,mem[10][29],train,forencich_axis,interconnect_buffer,input_to_reg,1.614031,1.6139895,4.152761077880207e-05
axis_fifo16,mem[10][2],train,forencich_axis,interconnect_buffer,input_to_reg,1.614031,1.6139895,4.152761077880207e-05
axis_fifo16,mem[10][30],train,forencich_axis,interconnect_buffer,input_to_reg,1.614031,1.6139895,4.152761077880207e-05
axis_fifo16,mem[10][31],train,forencich_axis,interconnect_buffer,input_to_reg,1.614031,1.6139895,4.152761077880207e-05
axis_fifo16,mem[10][3],train,forencich_axis,interconnect_buffer,input_to_reg,1.614031,1.6139895,4.152761077880207e-05
axis_fifo16,mem[10][4],train,forencich_axis,interconnect_buffer,input_to_reg,1.614031,1.6139895,4.152761077880207e-05
axis_fifo16,mem[10][5],train,forencich_axis,interconnect_buffer,input_to_reg,1.614031,1.6139895,4.152761077880207e-05
axis_fifo16,mem[10][6],train,forencich_axis,interconnect_buffer,input_to_reg,1.614031,1.6139895,4.152761077880207e-05
axis_fifo16,mem[10][7],train,forencich_axis,interconnect_buffer,input_to_reg,1.614031,1.6139895,4.152761077880207e-05
axis_fifo16,mem[10][8],train,forencich_axis,interconnect_buffer,input_to_reg,1.614031,1.6139895,4.152761077880207e-05
axis_fifo16,mem[10][9],train,forencich_axis,interconnect_buffer,input_to_reg,1.614031,1.6139895,4.152761077880207e-05
axis_fifo16,mem[11][0],train,forencich_axis,interconnect_buffer,input_to_reg,1.420983,1.4210268,4.3825904846084285e-05
axis_fifo16,mem[11][10],train,forencich_axis,interconnect_buffer,input_to_reg,1.420983,1.4210268,4.3825904846084285e-05
axis_fifo16,mem[11][11],train,forencich_axis,interconnect_buffer,input_to_reg,1.420983,1.4210268,4.3825904846084285e-05
axis_fifo16,mem[11][12],train,forencich_axis,interconnect_buffer,input_to_reg,1.420983,1.4210268,4.3825904846084285e-05
axis_fifo16,mem[11][13],train,forencich_axis,interconnect_buffer,input_to_reg,1.420983,1.4210268,4.3825904846084285e-05
axis_fifo16,mem[11][14],train,forencich_axis,interconnect_buffer,input_to_reg,1.420983,1.4210268,4.3825904846084285e-05
axis_fifo16,mem[11][15],train,forencich_axis,interconnect_buffer,input_to_reg,1.420983,1.4210268,4.3825904846084285e-05
axis_fifo16,mem[11][16],train,forencich_axis,interconnect_buffer,input_to_reg,1.420983,1.4210268,4.3825904846084285e-05
axis_fifo16,mem[11][17],train,forencich_axis,interconnect_buffer,input_to_reg,1.420983,1.4210268,4.3825904846084285e-05
axis_fifo16,mem[11][18],train,forencich_axis,interconnect_buffer,input_to_reg,1.420983,1.4210268,4.3825904846084285e-05
axis_fifo16,mem[11][19],train,forencich_axis,interconnect_buffer,input_to_reg,1.420983,1.4210268,4.3825904846084285e-05
axis_fifo16,mem[11][1],train,forencich_axis,interconnect_buffer,input_to_reg,1.420983,1.4210268,4.3825904846084285e-05
axis_fifo16,mem[11][20],train,forencich_axis,interconnect_buffer,input_to_reg,1.420983,1.4210268,4.3825904846084285e-05
axis_fifo16,mem[11][21],train,forencich_axis,interconnect_buffer,input_to_reg,1.420983,1.4210268,4.3825904846084285e-05
axis_fifo16,mem[11][22],train,forencich_axis,interconnect_buffer,input_to_reg,1.420983,1.4210268,4.3825904846084285e-05
axis_fifo16,mem[11][23],train,forencich_axis,interconnect_buffer,input_to_reg,1.420983,1.4210268,4.3825904846084285e-05
axis_fifo16,mem[11][24],train,forencich_axis,interconnect_buffer,input_to_reg,1.420983,1.4210268,4.3825904846084285e-05
axis_fifo16,mem[11][25],train,forencich_axis,interconnect_buffer,input_to_reg,1.420983,1.4210268,4.3825904846084285e-05
axis_fifo16,mem[11][26],train,forencich_axis,interconnect_buffer,input_to_reg,1.420983,1.4210268,4.3825904846084285e-05
axis_fifo16,mem[11][27],train,forencich_axis,interconnect_buffer,input_to_reg,1.420983,1.4210268,4.3825904846084285e-05
axis_fifo16,mem[11][28],train,forencich_axis,interconnect_buffer,input_to_reg,1.420983,1.4210268,4.3825904846084285e-05
axis_fifo16,mem[11][29],train,forencich_axis,interconnect_buffer,input_to_reg,1.420983,1.4210268,4.3825904846084285e-05
axis_fifo16,mem[11][2],train,forencich_axis,interconnect_buffer,input_to_reg,1.420983,1.4210268,4.3825904846084285e-05
axis_fifo16,mem[11][30],train,forencich_axis,interconnect_buffer,input_to_reg,1.420983,1.4210268,4.3825904846084285e-05
axis_fifo16,mem[11][31],train,forencich_axis,interconnect_buffer,input_to_reg,1.420983,1.4210268,4.3825904846084285e-05
axis_fifo16,mem[11][3],train,forencich_axis,interconnect_buffer,input_to_reg,1.420983,1.4210268,4.3825904846084285e-05
axis_fifo16,mem[11][4],train,forencich_axis,interconnect_buffer,input_to_reg,1.420983,1.4210268,4.3825904846084285e-05
axis_fifo16,mem[11][5],train,forencich_axis,interconnect_buffer,input_to_reg,1.420983,1.4210268,4.3825904846084285e-05
axis_fifo16,mem[11][6],train,forencich_axis,interconnect_buffer,input_to_reg,1.420983,1.4210268,4.3825904846084285e-05
axis_fifo16,mem[11][7],train,forencich_axis,interconnect_buffer,input_to_reg,1.420983,1.4210268,4.3825904846084285e-05
axis_fifo16,mem[11][8],train,forencich_axis,interconnect_buffer,input_to_reg,1.420983,1.4210268,4.3825904846084285e-05
axis_fifo16,mem[11][9],train,forencich_axis,interconnect_buffer,input_to_reg,1.420983,1.4210268,4.3825904846084285e-05
axis_fifo16,mem[12][0],train,forencich_axis,interconnect_buffer,input_to_reg,1.493272,1.4932544,1.7576858520440553e-05
axis_fifo16,mem[12][10],train,forencich_axis,interconnect_buffer,input_to_reg,1.493272,1.4932544,1.7576858520440553e-05
axis_fifo16,mem[12][11],train,forencich_axis,interconnect_buffer,input_to_reg,1.493272,1.4932544,1.7576858520440553e-05
axis_fifo16,mem[12][12],train,forencich_axis,interconnect_buffer,input_to_reg,1.493272,1.4932544,1.7576858520440553e-05
axis_fifo16,mem[12][13],train,forencich_axis,interconnect_buffer,input_to_reg,1.493272,1.4932544,1.7576858520440553e-05
axis_fifo16,mem[12][14],train,forencich_axis,interconnect_buffer,input_to_reg,1.493272,1.4932544,1.7576858520440553e-05
axis_fifo16,mem[12][15],train,forencich_axis,interconnect_buffer,input_to_reg,1.493272,1.4932544,1.7576858520440553e-05
axis_fifo16,mem[12][16],train,forencich_axis,interconnect_buffer,input_to_reg,1.493272,1.4932544,1.7576858520440553e-05
axis_fifo16,mem[12][17],train,forencich_axis,interconnect_buffer,input_to_reg,1.493272,1.4932544,1.7576858520440553e-05
axis_fifo16,mem[12][18],train,forencich_axis,interconnect_buffer,input_to_reg,1.493272,1.4932544,1.7576858520440553e-05
axis_fifo16,mem[12][19],train,forencich_axis,interconnect_buffer,input_to_reg,1.493272,1.4932544,1.7576858520440553e-05
axis_fifo16,mem[12][1],train,forencich_axis,interconnect_buffer,input_to_reg,1.493272,1.4932544,1.7576858520440553e-05
axis_fifo16,mem[12][20],train,forencich_axis,interconnect_buffer,input_to_reg,1.493272,1.4932544,1.7576858520440553e-05
axis_fifo16,mem[12][21],train,forencich_axis,interconnect_buffer,input_to_reg,1.493272,1.4932544,1.7576858520440553e-05
axis_fifo16,mem[12][22],train,forencich_axis,interconnect_buffer,input_to_reg,1.493272,1.4932544,1.7576858520440553e-05
axis_fifo16,mem[12][23],train,forencich_axis,interconnect_buffer,input_to_reg,1.493272,1.4932544,1.7576858520440553e-05
axis_fifo16,mem[12][24],train,forencich_axis,interconnect_buffer,input_to_reg,1.493272,1.4932544,1.7576858520440553e-05
axis_fifo16,mem[12][25],train,forencich_axis,interconnect_buffer,input_to_reg,1.493272,1.4932544,1.7576858520440553e-05
axis_fifo16,mem[12][26],train,forencich_axis,interconnect_buffer,input_to_reg,1.493272,1.4932544,1.7576858520440553e-05
axis_fifo16,mem[12][27],train,forencich_axis,interconnect_buffer,input_to_reg,1.493272,1.4932544,1.7576858520440553e-05
axis_fifo16,mem[12][28],train,forencich_axis,interconnect_buffer,input_to_reg,1.493272,1.4932544,1.7576858520440553e-05
axis_fifo16,mem[12][29],train,forencich_axis,interconnect_buffer,input_to_reg,1.493272,1.4932544,1.7576858520440553e-05
axis_fifo16,mem[12][2],train,forencich_axis,interconnect_buffer,input_to_reg,1.493272,1.4932544,1.7576858520440553e-05
axis_fifo16,mem[12][30],train,forencich_axis,interconnect_buffer,input_to_reg,1.493272,1.4932544,1.7576858520440553e-05
axis_fifo16,mem[12][31],train,forencich_axis,interconnect_buffer,input_to_reg,1.493272,1.4932544,1.7576858520440553e-05
axis_fifo16,mem[12][3],train,forencich_axis,interconnect_buffer,input_to_reg,1.493272,1.4932544,1.7576858520440553e-05
axis_fifo16,mem[12][4],train,forencich_axis,interconnect_buffer,input_to_reg,1.493272,1.4932544,1.7576858520440553e-05
axis_fifo16,mem[12][5],train,forencich_axis,interconnect_buffer,input_to_reg,1.493272,1.4932544,1.7576858520440553e-05
axis_fifo16,mem[12][6],train,forencich_axis,interconnect_buffer,input_to_reg,1.493272,1.4932544,1.7576858520440553e-05
axis_fifo16,mem[12][7],train,forencich_axis,interconnect_buffer,input_to_reg,1.493272,1.4932544,1.7576858520440553e-05
axis_fifo16,mem[12][8],train,forencich_axis,interconnect_buffer,input_to_reg,1.493272,1.4932544,1.7576858520440553e-05
axis_fifo16,mem[12][9],train,forencich_axis,interconnect_buffer,input_to_reg,1.493272,1.4932544,1.7576858520440553e-05
axis_fifo16,mem[13][0],train,forencich_axis,interconnect_buffer,input_to_reg,1.493272,1.4932544,1.7576858520440553e-05
axis_fifo16,mem[13][10],train,forencich_axis,interconnect_buffer,input_to_reg,1.493272,1.4932544,1.7576858520440553e-05
axis_fifo16,mem[13][11],train,forencich_axis,interconnect_buffer,input_to_reg,1.493272,1.4932544,1.7576858520440553e-05
axis_fifo16,mem[13][12],train,forencich_axis,interconnect_buffer,input_to_reg,1.493272,1.4932544,1.7576858520440553e-05
axis_fifo16,mem[13][13],train,forencich_axis,interconnect_buffer,input_to_reg,1.493272,1.4932544,1.7576858520440553e-05
axis_fifo16,mem[13][14],train,forencich_axis,interconnect_buffer,input_to_reg,1.493272,1.4932544,1.7576858520440553e-05
axis_fifo16,mem[13][15],train,forencich_axis,interconnect_buffer,input_to_reg,1.493272,1.4932544,1.7576858520440553e-05
axis_fifo16,mem[13][16],train,forencich_axis,interconnect_buffer,input_to_reg,1.493272,1.4932544,1.7576858520440553e-05
axis_fifo16,mem[13][17],train,forencich_axis,interconnect_buffer,input_to_reg,1.493272,1.4932544,1.7576858520440553e-05
axis_fifo16,mem[13][18],train,forencich_axis,interconnect_buffer,input_to_reg,1.493272,1.4932544,1.7576858520440553e-05
axis_fifo16,mem[13][19],train,forencich_axis,interconnect_buffer,input_to_reg,1.493272,1.4932544,1.7576858520440553e-05
axis_fifo16,mem[13][1],train,forencich_axis,interconnect_buffer,input_to_reg,1.493272,1.4932544,1.7576858520440553e-05
axis_fifo16,mem[13][20],train,forencich_axis,interconnect_buffer,input_to_reg,1.493272,1.4932544,1.7576858520440553e-05
axis_fifo16,mem[13][21],train,forencich_axis,interconnect_buffer,input_to_reg,1.493272,1.4932544,1.7576858520440553e-05
axis_fifo16,mem[13][22],train,forencich_axis,interconnect_buffer,input_to_reg,1.493272,1.4932544,1.7576858520440553e-05
axis_fifo16,mem[13][23],train,forencich_axis,interconnect_buffer,input_to_reg,1.493272,1.4932544,1.7576858520440553e-05
axis_fifo16,mem[13][24],train,forencich_axis,interconnect_buffer,input_to_reg,1.493272,1.4932544,1.7576858520440553e-05
axis_fifo16,mem[13][25],train,forencich_axis,interconnect_buffer,input_to_reg,1.493272,1.4932544,1.7576858520440553e-05
axis_fifo16,mem[13][26],train,forencich_axis,interconnect_buffer,input_to_reg,1.493272,1.4932544,1.7576858520440553e-05
axis_fifo16,mem[13][27],train,forencich_axis,interconnect_buffer,input_to_reg,1.493272,1.4932544,1.7576858520440553e-05
axis_fifo16,mem[13][28],train,forencich_axis,interconnect_buffer,input_to_reg,1.493272,1.4932544,1.7576858520440553e-05
axis_fifo16,mem[13][29],train,forencich_axis,interconnect_buffer,input_to_reg,1.493272,1.4932544,1.7576858520440553e-05
axis_fifo16,mem[13][2],train,forencich_axis,interconnect_buffer,input_to_reg,1.493272,1.4932544,1.7576858520440553e-05
axis_fifo16,mem[13][30],train,forencich_axis,interconnect_buffer,input_to_reg,1.493272,1.4932544,1.7576858520440553e-05
axis_fifo16,mem[13][31],train,forencich_axis,interconnect_buffer,input_to_reg,1.493272,1.4932544,1.7576858520440553e-05
axis_fifo16,mem[13][3],train,forencich_axis,interconnect_buffer,input_to_reg,1.493272,1.4932544,1.7576858520440553e-05
axis_fifo16,mem[13][4],train,forencich_axis,interconnect_buffer,input_to_reg,1.493272,1.4932544,1.7576858520440553e-05
axis_fifo16,mem[13][5],train,forencich_axis,interconnect_buffer,input_to_reg,1.493272,1.4932544,1.7576858520440553e-05
axis_fifo16,mem[13][6],train,forencich_axis,interconnect_buffer,input_to_reg,1.493272,1.4932544,1.7576858520440553e-05
axis_fifo16,mem[13][7],train,forencich_axis,interconnect_buffer,input_to_reg,1.493272,1.4932544,1.7576858520440553e-05
axis_fifo16,mem[13][8],train,forencich_axis,interconnect_buffer,input_to_reg,1.493272,1.4932544,1.7576858520440553e-05
axis_fifo16,mem[13][9],train,forencich_axis,interconnect_buffer,input_to_reg,1.493272,1.4932544,1.7576858520440553e-05
axis_fifo16,mem[14][0],train,forencich_axis,interconnect_buffer,input_to_reg,1.493272,1.4932544,1.7576858520440553e-05
axis_fifo16,mem[14][10],train,forencich_axis,interconnect_buffer,input_to_reg,1.493272,1.4932544,1.7576858520440553e-05
axis_fifo16,mem[14][11],train,forencich_axis,interconnect_buffer,input_to_reg,1.493272,1.4932544,1.7576858520440553e-05
axis_fifo16,mem[14][12],train,forencich_axis,interconnect_buffer,input_to_reg,1.493272,1.4932544,1.7576858520440553e-05
axis_fifo16,mem[14][13],train,forencich_axis,interconnect_buffer,input_to_reg,1.493272,1.4932544,1.7576858520440553e-05
axis_fifo16,mem[14][14],train,forencich_axis,interconnect_buffer,input_to_reg,1.493272,1.4932544,1.7576858520440553e-05
axis_fifo16,mem[14][15],train,forencich_axis,interconnect_buffer,input_to_reg,1.493272,1.4932544,1.7576858520440553e-05
axis_fifo16,mem[14][16],train,forencich_axis,interconnect_buffer,input_to_reg,1.493272,1.4932544,1.7576858520440553e-05
axis_fifo16,mem[14][17],train,forencich_axis,interconnect_buffer,input_to_reg,1.493272,1.4932544,1.7576858520440553e-05
axis_fifo16,mem[14][18],train,forencich_axis,interconnect_buffer,input_to_reg,1.493272,1.4932544,1.7576858520440553e-05
axis_fifo16,mem[14][19],train,forencich_axis,interconnect_buffer,input_to_reg,1.493272,1.4932544,1.7576858520440553e-05
axis_fifo16,mem[14][1],train,forencich_axis,interconnect_buffer,input_to_reg,1.493272,1.4932544,1.7576858520440553e-05
axis_fifo16,mem[14][20],train,forencich_axis,interconnect_buffer,input_to_reg,1.493272,1.4932544,1.7576858520440553e-05
axis_fifo16,mem[14][21],train,forencich_axis,interconnect_buffer,input_to_reg,1.493272,1.4932544,1.7576858520440553e-05
axis_fifo16,mem[14][22],train,forencich_axis,interconnect_buffer,input_to_reg,1.493272,1.4932544,1.7576858520440553e-05
axis_fifo16,mem[14][23],train,forencich_axis,interconnect_buffer,input_to_reg,1.493272,1.4932544,1.7576858520440553e-05
axis_fifo16,mem[14][24],train,forencich_axis,interconnect_buffer,input_to_reg,1.493272,1.4932544,1.7576858520440553e-05
axis_fifo16,mem[14][25],train,forencich_axis,interconnect_buffer,input_to_reg,1.493272,1.4932544,1.7576858520440553e-05
axis_fifo16,mem[14][26],train,forencich_axis,interconnect_buffer,input_to_reg,1.493272,1.4932544,1.7576858520440553e-05
axis_fifo16,mem[14][27],train,forencich_axis,interconnect_buffer,input_to_reg,1.493272,1.4932544,1.7576858520440553e-05
axis_fifo16,mem[14][28],train,forencich_axis,interconnect_buffer,input_to_reg,1.493272,1.4932544,1.7576858520440553e-05
axis_fifo16,mem[14][29],train,forencich_axis,interconnect_buffer,input_to_reg,1.493272,1.4932544,1.7576858520440553e-05
axis_fifo16,mem[14][2],train,forencich_axis,interconnect_buffer,input_to_reg,1.493272,1.4932544,1.7576858520440553e-05
axis_fifo16,mem[14][30],train,forencich_axis,interconnect_buffer,input_to_reg,1.493272,1.4932544,1.7576858520440553e-05
axis_fifo16,mem[14][31],train,forencich_axis,interconnect_buffer,input_to_reg,1.493272,1.4932544,1.7576858520440553e-05
axis_fifo16,mem[14][3],train,forencich_axis,interconnect_buffer,input_to_reg,1.493272,1.4932544,1.7576858520440553e-05
axis_fifo16,mem[14][4],train,forencich_axis,interconnect_buffer,input_to_reg,1.493272,1.4932544,1.7576858520440553e-05
axis_fifo16,mem[14][5],train,forencich_axis,interconnect_buffer,input_to_reg,1.493272,1.4932544,1.7576858520440553e-05
axis_fifo16,mem[14][6],train,forencich_axis,interconnect_buffer,input_to_reg,1.493272,1.4932544,1.7576858520440553e-05
axis_fifo16,mem[14][7],train,forencich_axis,interconnect_buffer,input_to_reg,1.493272,1.4932544,1.7576858520440553e-05
axis_fifo16,mem[14][8],train,forencich_axis,interconnect_buffer,input_to_reg,1.493272,1.4932544,1.7576858520440553e-05
axis_fifo16,mem[14][9],train,forencich_axis,interconnect_buffer,input_to_reg,1.493272,1.4932544,1.7576858520440553e-05
axis_fifo16,mem[15][0],train,forencich_axis,interconnect_buffer,input_to_reg,1.477476,1.4774433,3.266255950928887e-05
axis_fifo16,mem[15][10],train,forencich_axis,interconnect_buffer,input_to_reg,1.477476,1.4774433,3.266255950928887e-05
axis_fifo16,mem[15][11],train,forencich_axis,interconnect_buffer,input_to_reg,1.477476,1.4774433,3.266255950928887e-05
axis_fifo16,mem[15][12],train,forencich_axis,interconnect_buffer,input_to_reg,1.477476,1.4774433,3.266255950928887e-05
axis_fifo16,mem[15][13],train,forencich_axis,interconnect_buffer,input_to_reg,1.477476,1.4774433,3.266255950928887e-05
axis_fifo16,mem[15][14],train,forencich_axis,interconnect_buffer,input_to_reg,1.477476,1.4774433,3.266255950928887e-05
axis_fifo16,mem[15][15],train,forencich_axis,interconnect_buffer,input_to_reg,1.477476,1.4774433,3.266255950928887e-05
axis_fifo16,mem[15][16],train,forencich_axis,interconnect_buffer,input_to_reg,1.477476,1.4774433,3.266255950928887e-05
axis_fifo16,mem[15][17],train,forencich_axis,interconnect_buffer,input_to_reg,1.477476,1.4774433,3.266255950928887e-05
axis_fifo16,mem[15][18],train,forencich_axis,interconnect_buffer,input_to_reg,1.477476,1.4774433,3.266255950928887e-05
axis_fifo16,mem[15][19],train,forencich_axis,interconnect_buffer,input_to_reg,1.477476,1.4774433,3.266255950928887e-05
axis_fifo16,mem[15][1],train,forencich_axis,interconnect_buffer,input_to_reg,1.477476,1.4774433,3.266255950928887e-05
axis_fifo16,mem[15][20],train,forencich_axis,interconnect_buffer,input_to_reg,1.477476,1.4774433,3.266255950928887e-05
axis_fifo16,mem[15][21],train,forencich_axis,interconnect_buffer,input_to_reg,1.477476,1.4774433,3.266255950928887e-05
axis_fifo16,mem[15][22],train,forencich_axis,interconnect_buffer,input_to_reg,1.477476,1.4774433,3.266255950928887e-05
axis_fifo16,mem[15][23],train,forencich_axis,interconnect_buffer,input_to_reg,1.477476,1.4774433,3.266255950928887e-05
axis_fifo16,mem[15][24],train,forencich_axis,interconnect_buffer,input_to_reg,1.477476,1.4774433,3.266255950928887e-05
axis_fifo16,mem[15][25],train,forencich_axis,interconnect_buffer,input_to_reg,1.477476,1.4774433,3.266255950928887e-05
axis_fifo16,mem[15][26],train,forencich_axis,interconnect_buffer,input_to_reg,1.477476,1.4774433,3.266255950928887e-05
axis_fifo16,mem[15][27],train,forencich_axis,interconnect_buffer,input_to_reg,1.477476,1.4774433,3.266255950928887e-05
axis_fifo16,mem[15][28],train,forencich_axis,interconnect_buffer,input_to_reg,1.477476,1.4774433,3.266255950928887e-05
axis_fifo16,mem[15][29],train,forencich_axis,interconnect_buffer,input_to_reg,1.477476,1.4774433,3.266255950928887e-05
axis_fifo16,mem[15][2],train,forencich_axis,interconnect_buffer,input_to_reg,1.477476,1.4774433,3.266255950928887e-05
axis_fifo16,mem[15][30],train,forencich_axis,interconnect_buffer,input_to_reg,1.477476,1.4774433,3.266255950928887e-05
axis_fifo16,mem[15][31],train,forencich_axis,interconnect_buffer,input_to_reg,1.477476,1.4774433,3.266255950928887e-05
axis_fifo16,mem[15][3],train,forencich_axis,interconnect_buffer,input_to_reg,1.477476,1.4774433,3.266255950928887e-05
axis_fifo16,mem[15][4],train,forencich_axis,interconnect_buffer,input_to_reg,1.477476,1.4774433,3.266255950928887e-05
axis_fifo16,mem[15][5],train,forencich_axis,interconnect_buffer,input_to_reg,1.477476,1.4774433,3.266255950928887e-05
axis_fifo16,mem[15][6],train,forencich_axis,interconnect_buffer,input_to_reg,1.477476,1.4774433,3.266255950928887e-05
axis_fifo16,mem[15][7],train,forencich_axis,interconnect_buffer,input_to_reg,1.477476,1.4774433,3.266255950928887e-05
axis_fifo16,mem[15][8],train,forencich_axis,interconnect_buffer,input_to_reg,1.477476,1.4774433,3.266255950928887e-05
axis_fifo16,mem[15][9],train,forencich_axis,interconnect_buffer,input_to_reg,1.477476,1.4774433,3.266255950928887e-05
axis_fifo16,mem[1][0],train,forencich_axis,interconnect_buffer,input_to_reg,1.614031,1.6140212,9.817939758294258e-06
axis_fifo16,mem[1][10],train,forencich_axis,interconnect_buffer,input_to_reg,1.614031,1.6140212,9.817939758294258e-06
axis_fifo16,mem[1][11],train,forencich_axis,interconnect_buffer,input_to_reg,1.614031,1.6140212,9.817939758294258e-06
axis_fifo16,mem[1][12],train,forencich_axis,interconnect_buffer,input_to_reg,1.614031,1.6140212,9.817939758294258e-06
axis_fifo16,mem[1][13],train,forencich_axis,interconnect_buffer,input_to_reg,1.614031,1.6140212,9.817939758294258e-06
axis_fifo16,mem[1][14],train,forencich_axis,interconnect_buffer,input_to_reg,1.614031,1.6140212,9.817939758294258e-06
axis_fifo16,mem[1][15],train,forencich_axis,interconnect_buffer,input_to_reg,1.614031,1.6140212,9.817939758294258e-06
axis_fifo16,mem[1][16],train,forencich_axis,interconnect_buffer,input_to_reg,1.614031,1.6140212,9.817939758294258e-06
axis_fifo16,mem[1][17],train,forencich_axis,interconnect_buffer,input_to_reg,1.614031,1.6140212,9.817939758294258e-06
axis_fifo16,mem[1][18],train,forencich_axis,interconnect_buffer,input_to_reg,1.614031,1.6140212,9.817939758294258e-06
axis_fifo16,mem[1][19],train,forencich_axis,interconnect_buffer,input_to_reg,1.614031,1.6140212,9.817939758294258e-06
axis_fifo16,mem[1][1],train,forencich_axis,interconnect_buffer,input_to_reg,1.614031,1.6140212,9.817939758294258e-06
axis_fifo16,mem[1][20],train,forencich_axis,interconnect_buffer,input_to_reg,1.614031,1.6140212,9.817939758294258e-06
axis_fifo16,mem[1][21],train,forencich_axis,interconnect_buffer,input_to_reg,1.614031,1.6140212,9.817939758294258e-06
axis_fifo16,mem[1][22],train,forencich_axis,interconnect_buffer,input_to_reg,1.614031,1.6140212,9.817939758294258e-06
axis_fifo16,mem[1][23],train,forencich_axis,interconnect_buffer,input_to_reg,1.614031,1.6140212,9.817939758294258e-06
axis_fifo16,mem[1][24],train,forencich_axis,interconnect_buffer,input_to_reg,1.614031,1.6140212,9.817939758294258e-06
axis_fifo16,mem[1][25],train,forencich_axis,interconnect_buffer,input_to_reg,1.614031,1.6140212,9.817939758294258e-06
axis_fifo16,mem[1][26],train,forencich_axis,interconnect_buffer,input_to_reg,1.614031,1.6140212,9.817939758294258e-06
axis_fifo16,mem[1][27],train,forencich_axis,interconnect_buffer,input_to_reg,1.614031,1.6140212,9.817939758294258e-06
axis_fifo16,mem[1][28],train,forencich_axis,interconnect_buffer,input_to_reg,1.614031,1.6140212,9.817939758294258e-06
axis_fifo16,mem[1][29],train,forencich_axis,interconnect_buffer,input_to_reg,1.614031,1.6140212,9.817939758294258e-06
axis_fifo16,mem[1][2],train,forencich_axis,interconnect_buffer,input_to_reg,1.614031,1.6140212,9.817939758294258e-06
axis_fifo16,mem[1][30],train,forencich_axis,interconnect_buffer,input_to_reg,1.614031,1.6140212,9.817939758294258e-06
axis_fifo16,mem[1][31],train,forencich_axis,interconnect_buffer,input_to_reg,1.614031,1.6140212,9.817939758294258e-06
axis_fifo16,mem[1][3],train,forencich_axis,interconnect_buffer,input_to_reg,1.614031,1.6140212,9.817939758294258e-06
axis_fifo16,mem[1][4],train,forencich_axis,interconnect_buffer,input_to_reg,1.614031,1.6140212,9.817939758294258e-06
axis_fifo16,mem[1][5],train,forencich_axis,interconnect_buffer,input_to_reg,1.614031,1.6140212,9.817939758294258e-06
axis_fifo16,mem[1][6],train,forencich_axis,interconnect_buffer,input_to_reg,1.614031,1.6140212,9.817939758294258e-06
axis_fifo16,mem[1][7],train,forencich_axis,interconnect_buffer,input_to_reg,1.614031,1.6140212,9.817939758294258e-06
axis_fifo16,mem[1][8],train,forencich_axis,interconnect_buffer,input_to_reg,1.614031,1.6140212,9.817939758294258e-06
axis_fifo16,mem[1][9],train,forencich_axis,interconnect_buffer,input_to_reg,1.614031,1.6140212,9.817939758294258e-06
axis_fifo16,mem[2][0],train,forencich_axis,interconnect_buffer,input_to_reg,1.614031,1.6140212,9.817939758294258e-06
axis_fifo16,mem[2][10],train,forencich_axis,interconnect_buffer,input_to_reg,1.614031,1.6140212,9.817939758294258e-06
axis_fifo16,mem[2][11],train,forencich_axis,interconnect_buffer,input_to_reg,1.614031,1.6140212,9.817939758294258e-06
axis_fifo16,mem[2][12],train,forencich_axis,interconnect_buffer,input_to_reg,1.614031,1.6140212,9.817939758294258e-06
axis_fifo16,mem[2][13],train,forencich_axis,interconnect_buffer,input_to_reg,1.614031,1.6140212,9.817939758294258e-06
axis_fifo16,mem[2][14],train,forencich_axis,interconnect_buffer,input_to_reg,1.614031,1.6140212,9.817939758294258e-06
axis_fifo16,mem[2][15],train,forencich_axis,interconnect_buffer,input_to_reg,1.614031,1.6140212,9.817939758294258e-06
axis_fifo16,mem[2][16],train,forencich_axis,interconnect_buffer,input_to_reg,1.614031,1.6140212,9.817939758294258e-06
axis_fifo16,mem[2][17],train,forencich_axis,interconnect_buffer,input_to_reg,1.614031,1.6140212,9.817939758294258e-06
axis_fifo16,mem[2][18],train,forencich_axis,interconnect_buffer,input_to_reg,1.614031,1.6140212,9.817939758294258e-06
axis_fifo16,mem[2][19],train,forencich_axis,interconnect_buffer,input_to_reg,1.614031,1.6140212,9.817939758294258e-06
axis_fifo16,mem[2][1],train,forencich_axis,interconnect_buffer,input_to_reg,1.614031,1.6140212,9.817939758294258e-06
axis_fifo16,mem[2][20],train,forencich_axis,interconnect_buffer,input_to_reg,1.614031,1.6140212,9.817939758294258e-06
axis_fifo16,mem[2][21],train,forencich_axis,interconnect_buffer,input_to_reg,1.614031,1.6140212,9.817939758294258e-06
axis_fifo16,mem[2][22],train,forencich_axis,interconnect_buffer,input_to_reg,1.614031,1.6140212,9.817939758294258e-06
axis_fifo16,mem[2][23],train,forencich_axis,interconnect_buffer,input_to_reg,1.614031,1.6140212,9.817939758294258e-06
axis_fifo16,mem[2][24],train,forencich_axis,interconnect_buffer,input_to_reg,1.614031,1.6140212,9.817939758294258e-06
axis_fifo16,mem[2][25],train,forencich_axis,interconnect_buffer,input_to_reg,1.614031,1.6140212,9.817939758294258e-06
axis_fifo16,mem[2][26],train,forencich_axis,interconnect_buffer,input_to_reg,1.614031,1.6140212,9.817939758294258e-06
axis_fifo16,mem[2][27],train,forencich_axis,interconnect_buffer,input_to_reg,1.614031,1.6140212,9.817939758294258e-06
axis_fifo16,mem[2][28],train,forencich_axis,interconnect_buffer,input_to_reg,1.614031,1.6140212,9.817939758294258e-06
axis_fifo16,mem[2][29],train,forencich_axis,interconnect_buffer,input_to_reg,1.614031,1.6140212,9.817939758294258e-06
axis_fifo16,mem[2][2],train,forencich_axis,interconnect_buffer,input_to_reg,1.614031,1.6140212,9.817939758294258e-06
axis_fifo16,mem[2][30],train,forencich_axis,interconnect_buffer,input_to_reg,1.614031,1.6140212,9.817939758294258e-06
axis_fifo16,mem[2][31],train,forencich_axis,interconnect_buffer,input_to_reg,1.614031,1.6140212,9.817939758294258e-06
axis_fifo16,mem[2][3],train,forencich_axis,interconnect_buffer,input_to_reg,1.614031,1.6140212,9.817939758294258e-06
axis_fifo16,mem[2][4],train,forencich_axis,interconnect_buffer,input_to_reg,1.614031,1.6140212,9.817939758294258e-06
axis_fifo16,mem[2][5],train,forencich_axis,interconnect_buffer,input_to_reg,1.614031,1.6140212,9.817939758294258e-06
axis_fifo16,mem[2][6],train,forencich_axis,interconnect_buffer,input_to_reg,1.614031,1.6140212,9.817939758294258e-06
axis_fifo16,mem[2][7],train,forencich_axis,interconnect_buffer,input_to_reg,1.614031,1.6140212,9.817939758294258e-06
axis_fifo16,mem[2][8],train,forencich_axis,interconnect_buffer,input_to_reg,1.614031,1.6140212,9.817939758294258e-06
axis_fifo16,mem[2][9],train,forencich_axis,interconnect_buffer,input_to_reg,1.614031,1.6140212,9.817939758294258e-06
axis_fifo16,mem[3][0],train,forencich_axis,interconnect_buffer,input_to_reg,1.420983,1.4210268,4.3825904846084285e-05
axis_fifo16,mem[3][10],train,forencich_axis,interconnect_buffer,input_to_reg,1.420983,1.4210268,4.3825904846084285e-05
axis_fifo16,mem[3][11],train,forencich_axis,interconnect_buffer,input_to_reg,1.420983,1.4210268,4.3825904846084285e-05
axis_fifo16,mem[3][12],train,forencich_axis,interconnect_buffer,input_to_reg,1.420983,1.4210268,4.3825904846084285e-05
axis_fifo16,mem[3][13],train,forencich_axis,interconnect_buffer,input_to_reg,1.420983,1.4210268,4.3825904846084285e-05
axis_fifo16,mem[3][14],train,forencich_axis,interconnect_buffer,input_to_reg,1.420983,1.4210268,4.3825904846084285e-05
axis_fifo16,mem[3][15],train,forencich_axis,interconnect_buffer,input_to_reg,1.420983,1.4210268,4.3825904846084285e-05
axis_fifo16,mem[3][16],train,forencich_axis,interconnect_buffer,input_to_reg,1.420983,1.4210268,4.3825904846084285e-05
axis_fifo16,mem[3][17],train,forencich_axis,interconnect_buffer,input_to_reg,1.420983,1.4210268,4.3825904846084285e-05
axis_fifo16,mem[3][18],train,forencich_axis,interconnect_buffer,input_to_reg,1.420983,1.4210268,4.3825904846084285e-05
axis_fifo16,mem[3][19],train,forencich_axis,interconnect_buffer,input_to_reg,1.420983,1.4210268,4.3825904846084285e-05
axis_fifo16,mem[3][1],train,forencich_axis,interconnect_buffer,input_to_reg,1.420983,1.4210268,4.3825904846084285e-05
axis_fifo16,mem[3][20],train,forencich_axis,interconnect_buffer,input_to_reg,1.420983,1.4210268,4.3825904846084285e-05
axis_fifo16,mem[3][21],train,forencich_axis,interconnect_buffer,input_to_reg,1.420983,1.4210268,4.3825904846084285e-05
axis_fifo16,mem[3][22],train,forencich_axis,interconnect_buffer,input_to_reg,1.420983,1.4210268,4.3825904846084285e-05
axis_fifo16,mem[3][23],train,forencich_axis,interconnect_buffer,input_to_reg,1.420983,1.4210268,4.3825904846084285e-05
axis_fifo16,mem[3][24],train,forencich_axis,interconnect_buffer,input_to_reg,1.420983,1.4210268,4.3825904846084285e-05
axis_fifo16,mem[3][25],train,forencich_axis,interconnect_buffer,input_to_reg,1.420983,1.4210268,4.3825904846084285e-05
axis_fifo16,mem[3][26],train,forencich_axis,interconnect_buffer,input_to_reg,1.420983,1.4210268,4.3825904846084285e-05
axis_fifo16,mem[3][27],train,forencich_axis,interconnect_buffer,input_to_reg,1.420983,1.4210268,4.3825904846084285e-05
axis_fifo16,mem[3][28],train,forencich_axis,interconnect_buffer,input_to_reg,1.420983,1.4210268,4.3825904846084285e-05
axis_fifo16,mem[3][29],train,forencich_axis,interconnect_buffer,input_to_reg,1.420983,1.4210268,4.3825904846084285e-05
axis_fifo16,mem[3][2],train,forencich_axis,interconnect_buffer,input_to_reg,1.420983,1.4210268,4.3825904846084285e-05
axis_fifo16,mem[3][30],train,forencich_axis,interconnect_buffer,input_to_reg,1.420983,1.4210268,4.3825904846084285e-05
axis_fifo16,mem[3][31],train,forencich_axis,interconnect_buffer,input_to_reg,1.420983,1.4210268,4.3825904846084285e-05
axis_fifo16,mem[3][3],train,forencich_axis,interconnect_buffer,input_to_reg,1.420983,1.4210268,4.3825904846084285e-05
axis_fifo16,mem[3][4],train,forencich_axis,interconnect_buffer,input_to_reg,1.420983,1.4210268,4.3825904846084285e-05
axis_fifo16,mem[3][5],train,forencich_axis,interconnect_buffer,input_to_reg,1.420983,1.4210268,4.3825904846084285e-05
axis_fifo16,mem[3][6],train,forencich_axis,interconnect_buffer,input_to_reg,1.420983,1.4210268,4.3825904846084285e-05
axis_fifo16,mem[3][7],train,forencich_axis,interconnect_buffer,input_to_reg,1.420983,1.4210268,4.3825904846084285e-05
axis_fifo16,mem[3][8],train,forencich_axis,interconnect_buffer,input_to_reg,1.420983,1.4210268,4.3825904846084285e-05
axis_fifo16,mem[3][9],train,forencich_axis,interconnect_buffer,input_to_reg,1.420983,1.4210268,4.3825904846084285e-05
axis_fifo16,mem[4][0],train,forencich_axis,interconnect_buffer,input_to_reg,1.493272,1.4932791,7.099464416571166e-06
axis_fifo16,mem[4][10],train,forencich_axis,interconnect_buffer,input_to_reg,1.493272,1.4932791,7.099464416571166e-06
axis_fifo16,mem[4][11],train,forencich_axis,interconnect_buffer,input_to_reg,1.493272,1.4932791,7.099464416571166e-06
axis_fifo16,mem[4][12],train,forencich_axis,interconnect_buffer,input_to_reg,1.493272,1.4932791,7.099464416571166e-06
axis_fifo16,mem[4][13],train,forencich_axis,interconnect_buffer,input_to_reg,1.493272,1.4932791,7.099464416571166e-06
axis_fifo16,mem[4][14],train,forencich_axis,interconnect_buffer,input_to_reg,1.493272,1.4932791,7.099464416571166e-06
axis_fifo16,mem[4][15],train,forencich_axis,interconnect_buffer,input_to_reg,1.493272,1.4932791,7.099464416571166e-06
axis_fifo16,mem[4][16],train,forencich_axis,interconnect_buffer,input_to_reg,1.493272,1.4932791,7.099464416571166e-06
axis_fifo16,mem[4][17],train,forencich_axis,interconnect_buffer,input_to_reg,1.493272,1.4932791,7.099464416571166e-06
axis_fifo16,mem[4][18],train,forencich_axis,interconnect_buffer,input_to_reg,1.493272,1.4932791,7.099464416571166e-06
axis_fifo16,mem[4][19],train,forencich_axis,interconnect_buffer,input_to_reg,1.493272,1.4932791,7.099464416571166e-06
axis_fifo16,mem[4][1],train,forencich_axis,interconnect_buffer,input_to_reg,1.493272,1.4932791,7.099464416571166e-06
axis_fifo16,mem[4][20],train,forencich_axis,interconnect_buffer,input_to_reg,1.493272,1.4932791,7.099464416571166e-06
axis_fifo16,mem[4][21],train,forencich_axis,interconnect_buffer,input_to_reg,1.493272,1.4932791,7.099464416571166e-06
axis_fifo16,mem[4][22],train,forencich_axis,interconnect_buffer,input_to_reg,1.493272,1.4932791,7.099464416571166e-06
axis_fifo16,mem[4][23],train,forencich_axis,interconnect_buffer,input_to_reg,1.493272,1.4932791,7.099464416571166e-06
axis_fifo16,mem[4][24],train,forencich_axis,interconnect_buffer,input_to_reg,1.493272,1.4932791,7.099464416571166e-06
axis_fifo16,mem[4][25],train,forencich_axis,interconnect_buffer,input_to_reg,1.493272,1.4932791,7.099464416571166e-06
axis_fifo16,mem[4][26],train,forencich_axis,interconnect_buffer,input_to_reg,1.493272,1.4932791,7.099464416571166e-06
axis_fifo16,mem[4][27],train,forencich_axis,interconnect_buffer,input_to_reg,1.493272,1.4932791,7.099464416571166e-06
axis_fifo16,mem[4][28],train,forencich_axis,interconnect_buffer,input_to_reg,1.493272,1.4932791,7.099464416571166e-06
axis_fifo16,mem[4][29],train,forencich_axis,interconnect_buffer,input_to_reg,1.493272,1.4932791,7.099464416571166e-06
axis_fifo16,mem[4][2],train,forencich_axis,interconnect_buffer,input_to_reg,1.493272,1.4932791,7.099464416571166e-06
axis_fifo16,mem[4][30],train,forencich_axis,interconnect_buffer,input_to_reg,1.493272,1.4932791,7.099464416571166e-06
axis_fifo16,mem[4][31],train,forencich_axis,interconnect_buffer,input_to_reg,1.493272,1.4932791,7.099464416571166e-06
axis_fifo16,mem[4][3],train,forencich_axis,interconnect_buffer,input_to_reg,1.493272,1.4932791,7.099464416571166e-06
axis_fifo16,mem[4][4],train,forencich_axis,interconnect_buffer,input_to_reg,1.493272,1.4932791,7.099464416571166e-06
axis_fifo16,mem[4][5],train,forencich_axis,interconnect_buffer,input_to_reg,1.493272,1.4932791,7.099464416571166e-06
axis_fifo16,mem[4][6],train,forencich_axis,interconnect_buffer,input_to_reg,1.493272,1.4932791,7.099464416571166e-06
axis_fifo16,mem[4][7],train,forencich_axis,interconnect_buffer,input_to_reg,1.493272,1.4932791,7.099464416571166e-06
axis_fifo16,mem[4][8],train,forencich_axis,interconnect_buffer,input_to_reg,1.493272,1.4932791,7.099464416571166e-06
axis_fifo16,mem[4][9],train,forencich_axis,interconnect_buffer,input_to_reg,1.493272,1.4932791,7.099464416571166e-06
axis_fifo16,mem[5][0],train,forencich_axis,interconnect_buffer,input_to_reg,1.493272,1.4932791,7.099464416571166e-06
axis_fifo16,mem[5][10],train,forencich_axis,interconnect_buffer,input_to_reg,1.493272,1.4932791,7.099464416571166e-06
axis_fifo16,mem[5][11],train,forencich_axis,interconnect_buffer,input_to_reg,1.493272,1.4932791,7.099464416571166e-06
axis_fifo16,mem[5][12],train,forencich_axis,interconnect_buffer,input_to_reg,1.493272,1.4932791,7.099464416571166e-06
axis_fifo16,mem[5][13],train,forencich_axis,interconnect_buffer,input_to_reg,1.493272,1.4932791,7.099464416571166e-06
axis_fifo16,mem[5][14],train,forencich_axis,interconnect_buffer,input_to_reg,1.493272,1.4932791,7.099464416571166e-06
axis_fifo16,mem[5][15],train,forencich_axis,interconnect_buffer,input_to_reg,1.493272,1.4932791,7.099464416571166e-06
axis_fifo16,mem[5][16],train,forencich_axis,interconnect_buffer,input_to_reg,1.493272,1.4932791,7.099464416571166e-06
axis_fifo16,mem[5][17],train,forencich_axis,interconnect_buffer,input_to_reg,1.493272,1.4932791,7.099464416571166e-06
axis_fifo16,mem[5][18],train,forencich_axis,interconnect_buffer,input_to_reg,1.493272,1.4932791,7.099464416571166e-06
axis_fifo16,mem[5][19],train,forencich_axis,interconnect_buffer,input_to_reg,1.493272,1.4932791,7.099464416571166e-06
axis_fifo16,mem[5][1],train,forencich_axis,interconnect_buffer,input_to_reg,1.493272,1.4932791,7.099464416571166e-06
axis_fifo16,mem[5][20],train,forencich_axis,interconnect_buffer,input_to_reg,1.493272,1.4932791,7.099464416571166e-06
axis_fifo16,mem[5][21],train,forencich_axis,interconnect_buffer,input_to_reg,1.493272,1.4932791,7.099464416571166e-06
axis_fifo16,mem[5][22],train,forencich_axis,interconnect_buffer,input_to_reg,1.493272,1.4932791,7.099464416571166e-06
axis_fifo16,mem[5][23],train,forencich_axis,interconnect_buffer,input_to_reg,1.493272,1.4932791,7.099464416571166e-06
axis_fifo16,mem[5][24],train,forencich_axis,interconnect_buffer,input_to_reg,1.493272,1.4932791,7.099464416571166e-06
axis_fifo16,mem[5][25],train,forencich_axis,interconnect_buffer,input_to_reg,1.493272,1.4932791,7.099464416571166e-06
axis_fifo16,mem[5][26],train,forencich_axis,interconnect_buffer,input_to_reg,1.493272,1.4932791,7.099464416571166e-06
axis_fifo16,mem[5][27],train,forencich_axis,interconnect_buffer,input_to_reg,1.493272,1.4932791,7.099464416571166e-06
axis_fifo16,mem[5][28],train,forencich_axis,interconnect_buffer,input_to_reg,1.493272,1.4932791,7.099464416571166e-06
axis_fifo16,mem[5][29],train,forencich_axis,interconnect_buffer,input_to_reg,1.493272,1.4932791,7.099464416571166e-06
axis_fifo16,mem[5][2],train,forencich_axis,interconnect_buffer,input_to_reg,1.493272,1.4932791,7.099464416571166e-06
axis_fifo16,mem[5][30],train,forencich_axis,interconnect_buffer,input_to_reg,1.493272,1.4932791,7.099464416571166e-06
axis_fifo16,mem[5][31],train,forencich_axis,interconnect_buffer,input_to_reg,1.493272,1.4932791,7.099464416571166e-06
axis_fifo16,mem[5][3],train,forencich_axis,interconnect_buffer,input_to_reg,1.493272,1.4932791,7.099464416571166e-06
axis_fifo16,mem[5][4],train,forencich_axis,interconnect_buffer,input_to_reg,1.493272,1.4932791,7.099464416571166e-06
axis_fifo16,mem[5][5],train,forencich_axis,interconnect_buffer,input_to_reg,1.493272,1.4932791,7.099464416571166e-06
axis_fifo16,mem[5][6],train,forencich_axis,interconnect_buffer,input_to_reg,1.493272,1.4932791,7.099464416571166e-06
axis_fifo16,mem[5][7],train,forencich_axis,interconnect_buffer,input_to_reg,1.493272,1.4932791,7.099464416571166e-06
axis_fifo16,mem[5][8],train,forencich_axis,interconnect_buffer,input_to_reg,1.493272,1.4932791,7.099464416571166e-06
axis_fifo16,mem[5][9],train,forencich_axis,interconnect_buffer,input_to_reg,1.493272,1.4932791,7.099464416571166e-06
axis_fifo16,mem[6][0],train,forencich_axis,interconnect_buffer,input_to_reg,1.493272,1.4932791,7.099464416571166e-06
axis_fifo16,mem[6][10],train,forencich_axis,interconnect_buffer,input_to_reg,1.493272,1.4932791,7.099464416571166e-06
axis_fifo16,mem[6][11],train,forencich_axis,interconnect_buffer,input_to_reg,1.493272,1.4932791,7.099464416571166e-06
axis_fifo16,mem[6][12],train,forencich_axis,interconnect_buffer,input_to_reg,1.493272,1.4932791,7.099464416571166e-06
axis_fifo16,mem[6][13],train,forencich_axis,interconnect_buffer,input_to_reg,1.493272,1.4932791,7.099464416571166e-06
axis_fifo16,mem[6][14],train,forencich_axis,interconnect_buffer,input_to_reg,1.493272,1.4932791,7.099464416571166e-06
axis_fifo16,mem[6][15],train,forencich_axis,interconnect_buffer,input_to_reg,1.493272,1.4932791,7.099464416571166e-06
axis_fifo16,mem[6][16],train,forencich_axis,interconnect_buffer,input_to_reg,1.493272,1.4932791,7.099464416571166e-06
axis_fifo16,mem[6][17],train,forencich_axis,interconnect_buffer,input_to_reg,1.493272,1.4932791,7.099464416571166e-06
axis_fifo16,mem[6][18],train,forencich_axis,interconnect_buffer,input_to_reg,1.493272,1.4932791,7.099464416571166e-06
axis_fifo16,mem[6][19],train,forencich_axis,interconnect_buffer,input_to_reg,1.493272,1.4932791,7.099464416571166e-06
axis_fifo16,mem[6][1],train,forencich_axis,interconnect_buffer,input_to_reg,1.493272,1.4932791,7.099464416571166e-06
axis_fifo16,mem[6][20],train,forencich_axis,interconnect_buffer,input_to_reg,1.493272,1.4932791,7.099464416571166e-06
axis_fifo16,mem[6][21],train,forencich_axis,interconnect_buffer,input_to_reg,1.493272,1.4932791,7.099464416571166e-06
axis_fifo16,mem[6][22],train,forencich_axis,interconnect_buffer,input_to_reg,1.493272,1.4932791,7.099464416571166e-06
axis_fifo16,mem[6][23],train,forencich_axis,interconnect_buffer,input_to_reg,1.493272,1.4932791,7.099464416571166e-06
axis_fifo16,mem[6][24],train,forencich_axis,interconnect_buffer,input_to_reg,1.493272,1.4932791,7.099464416571166e-06
axis_fifo16,mem[6][25],train,forencich_axis,interconnect_buffer,input_to_reg,1.493272,1.4932791,7.099464416571166e-06
axis_fifo16,mem[6][26],train,forencich_axis,interconnect_buffer,input_to_reg,1.493272,1.4932791,7.099464416571166e-06
axis_fifo16,mem[6][27],train,forencich_axis,interconnect_buffer,input_to_reg,1.493272,1.4932791,7.099464416571166e-06
axis_fifo16,mem[6][28],train,forencich_axis,interconnect_buffer,input_to_reg,1.493272,1.4932791,7.099464416571166e-06
axis_fifo16,mem[6][29],train,forencich_axis,interconnect_buffer,input_to_reg,1.493272,1.4932791,7.099464416571166e-06
axis_fifo16,mem[6][2],train,forencich_axis,interconnect_buffer,input_to_reg,1.493272,1.4932791,7.099464416571166e-06
axis_fifo16,mem[6][30],train,forencich_axis,interconnect_buffer,input_to_reg,1.493272,1.4932791,7.099464416571166e-06
axis_fifo16,mem[6][31],train,forencich_axis,interconnect_buffer,input_to_reg,1.493272,1.4932791,7.099464416571166e-06
axis_fifo16,mem[6][3],train,forencich_axis,interconnect_buffer,input_to_reg,1.493272,1.4932791,7.099464416571166e-06
axis_fifo16,mem[6][4],train,forencich_axis,interconnect_buffer,input_to_reg,1.493272,1.4932791,7.099464416571166e-06
axis_fifo16,mem[6][5],train,forencich_axis,interconnect_buffer,input_to_reg,1.493272,1.4932791,7.099464416571166e-06
axis_fifo16,mem[6][6],train,forencich_axis,interconnect_buffer,input_to_reg,1.493272,1.4932791,7.099464416571166e-06
axis_fifo16,mem[6][7],train,forencich_axis,interconnect_buffer,input_to_reg,1.493272,1.4932791,7.099464416571166e-06
axis_fifo16,mem[6][8],train,forencich_axis,interconnect_buffer,input_to_reg,1.493272,1.4932791,7.099464416571166e-06
axis_fifo16,mem[6][9],train,forencich_axis,interconnect_buffer,input_to_reg,1.493272,1.4932791,7.099464416571166e-06
axis_fifo16,mem[7][0],train,forencich_axis,interconnect_buffer,input_to_reg,1.420983,1.4210559,7.291297149647491e-05
axis_fifo16,mem[7][10],train,forencich_axis,interconnect_buffer,input_to_reg,1.420983,1.4210559,7.291297149647491e-05
axis_fifo16,mem[7][11],train,forencich_axis,interconnect_buffer,input_to_reg,1.420983,1.4210559,7.291297149647491e-05
axis_fifo16,mem[7][12],train,forencich_axis,interconnect_buffer,input_to_reg,1.420983,1.4210559,7.291297149647491e-05
axis_fifo16,mem[7][13],train,forencich_axis,interconnect_buffer,input_to_reg,1.420983,1.4210559,7.291297149647491e-05
axis_fifo16,mem[7][14],train,forencich_axis,interconnect_buffer,input_to_reg,1.420983,1.4210559,7.291297149647491e-05
axis_fifo16,mem[7][15],train,forencich_axis,interconnect_buffer,input_to_reg,1.420983,1.4210559,7.291297149647491e-05
axis_fifo16,mem[7][16],train,forencich_axis,interconnect_buffer,input_to_reg,1.420983,1.4210559,7.291297149647491e-05
axis_fifo16,mem[7][17],train,forencich_axis,interconnect_buffer,input_to_reg,1.420983,1.4210559,7.291297149647491e-05
axis_fifo16,mem[7][18],train,forencich_axis,interconnect_buffer,input_to_reg,1.420983,1.4210559,7.291297149647491e-05
axis_fifo16,mem[7][19],train,forencich_axis,interconnect_buffer,input_to_reg,1.420983,1.4210559,7.291297149647491e-05
axis_fifo16,mem[7][1],train,forencich_axis,interconnect_buffer,input_to_reg,1.420983,1.4210559,7.291297149647491e-05
axis_fifo16,mem[7][20],train,forencich_axis,interconnect_buffer,input_to_reg,1.420983,1.4210559,7.291297149647491e-05
axis_fifo16,mem[7][21],train,forencich_axis,interconnect_buffer,input_to_reg,1.420983,1.4210559,7.291297149647491e-05
axis_fifo16,mem[7][22],train,forencich_axis,interconnect_buffer,input_to_reg,1.420983,1.4210559,7.291297149647491e-05
axis_fifo16,mem[7][23],train,forencich_axis,interconnect_buffer,input_to_reg,1.420983,1.4210559,7.291297149647491e-05
axis_fifo16,mem[7][24],train,forencich_axis,interconnect_buffer,input_to_reg,1.420983,1.4210559,7.291297149647491e-05
axis_fifo16,mem[7][25],train,forencich_axis,interconnect_buffer,input_to_reg,1.420983,1.4210559,7.291297149647491e-05
axis_fifo16,mem[7][26],train,forencich_axis,interconnect_buffer,input_to_reg,1.420983,1.4210559,7.291297149647491e-05
axis_fifo16,mem[7][27],train,forencich_axis,interconnect_buffer,input_to_reg,1.420983,1.4210559,7.291297149647491e-05
axis_fifo16,mem[7][28],train,forencich_axis,interconnect_buffer,input_to_reg,1.420983,1.4210559,7.291297149647491e-05
axis_fifo16,mem[7][29],train,forencich_axis,interconnect_buffer,input_to_reg,1.420983,1.4210559,7.291297149647491e-05
axis_fifo16,mem[7][2],train,forencich_axis,interconnect_buffer,input_to_reg,1.420983,1.4210559,7.291297149647491e-05
axis_fifo16,mem[7][30],train,forencich_axis,interconnect_buffer,input_to_reg,1.420983,1.4210559,7.291297149647491e-05
axis_fifo16,mem[7][31],train,forencich_axis,interconnect_buffer,input_to_reg,1.420983,1.4210559,7.291297149647491e-05
axis_fifo16,mem[7][3],train,forencich_axis,interconnect_buffer,input_to_reg,1.420983,1.4210559,7.291297149647491e-05
axis_fifo16,mem[7][4],train,forencich_axis,interconnect_buffer,input_to_reg,1.420983,1.4210559,7.291297149647491e-05
axis_fifo16,mem[7][5],train,forencich_axis,interconnect_buffer,input_to_reg,1.420983,1.4210559,7.291297149647491e-05
axis_fifo16,mem[7][6],train,forencich_axis,interconnect_buffer,input_to_reg,1.420983,1.4210559,7.291297149647491e-05
axis_fifo16,mem[7][7],train,forencich_axis,interconnect_buffer,input_to_reg,1.420983,1.4210559,7.291297149647491e-05
axis_fifo16,mem[7][8],train,forencich_axis,interconnect_buffer,input_to_reg,1.420983,1.4210559,7.291297149647491e-05
axis_fifo16,mem[7][9],train,forencich_axis,interconnect_buffer,input_to_reg,1.420983,1.4210559,7.291297149647491e-05
axis_fifo16,mem[8][0],train,forencich_axis,interconnect_buffer,input_to_reg,1.614031,1.6139895,4.152761077880207e-05
axis_fifo16,mem[8][10],train,forencich_axis,interconnect_buffer,input_to_reg,1.614031,1.6139895,4.152761077880207e-05
axis_fifo16,mem[8][11],train,forencich_axis,interconnect_buffer,input_to_reg,1.614031,1.6139895,4.152761077880207e-05
axis_fifo16,mem[8][12],train,forencich_axis,interconnect_buffer,input_to_reg,1.614031,1.6139895,4.152761077880207e-05
axis_fifo16,mem[8][13],train,forencich_axis,interconnect_buffer,input_to_reg,1.614031,1.6139895,4.152761077880207e-05
axis_fifo16,mem[8][14],train,forencich_axis,interconnect_buffer,input_to_reg,1.614031,1.6139895,4.152761077880207e-05
axis_fifo16,mem[8][15],train,forencich_axis,interconnect_buffer,input_to_reg,1.614031,1.6139895,4.152761077880207e-05
axis_fifo16,mem[8][16],train,forencich_axis,interconnect_buffer,input_to_reg,1.614031,1.6139895,4.152761077880207e-05
axis_fifo16,mem[8][17],train,forencich_axis,interconnect_buffer,input_to_reg,1.614031,1.6139895,4.152761077880207e-05
axis_fifo16,mem[8][18],train,forencich_axis,interconnect_buffer,input_to_reg,1.614031,1.6139895,4.152761077880207e-05
axis_fifo16,mem[8][19],train,forencich_axis,interconnect_buffer,input_to_reg,1.614031,1.6139895,4.152761077880207e-05
axis_fifo16,mem[8][1],train,forencich_axis,interconnect_buffer,input_to_reg,1.614031,1.6139895,4.152761077880207e-05
axis_fifo16,mem[8][20],train,forencich_axis,interconnect_buffer,input_to_reg,1.614031,1.6139895,4.152761077880207e-05
axis_fifo16,mem[8][21],train,forencich_axis,interconnect_buffer,input_to_reg,1.614031,1.6139895,4.152761077880207e-05
axis_fifo16,mem[8][22],train,forencich_axis,interconnect_buffer,input_to_reg,1.614031,1.6139895,4.152761077880207e-05
axis_fifo16,mem[8][23],train,forencich_axis,interconnect_buffer,input_to_reg,1.614031,1.6139895,4.152761077880207e-05
axis_fifo16,mem[8][24],train,forencich_axis,interconnect_buffer,input_to_reg,1.614031,1.6139895,4.152761077880207e-05
axis_fifo16,mem[8][25],train,forencich_axis,interconnect_buffer,input_to_reg,1.614031,1.6139895,4.152761077880207e-05
axis_fifo16,mem[8][26],train,forencich_axis,interconnect_buffer,input_to_reg,1.614031,1.6139895,4.152761077880207e-05
axis_fifo16,mem[8][27],train,forencich_axis,interconnect_buffer,input_to_reg,1.614031,1.6139895,4.152761077880207e-05
axis_fifo16,mem[8][28],train,forencich_axis,interconnect_buffer,input_to_reg,1.614031,1.6139895,4.152761077880207e-05
axis_fifo16,mem[8][29],train,forencich_axis,interconnect_buffer,input_to_reg,1.614031,1.6139895,4.152761077880207e-05
axis_fifo16,mem[8][2],train,forencich_axis,interconnect_buffer,input_to_reg,1.614031,1.6139895,4.152761077880207e-05
axis_fifo16,mem[8][30],train,forencich_axis,interconnect_buffer,input_to_reg,1.614031,1.6139895,4.152761077880207e-05
axis_fifo16,mem[8][31],train,forencich_axis,interconnect_buffer,input_to_reg,1.614031,1.6139895,4.152761077880207e-05
axis_fifo16,mem[8][3],train,forencich_axis,interconnect_buffer,input_to_reg,1.614031,1.6139895,4.152761077880207e-05
axis_fifo16,mem[8][4],train,forencich_axis,interconnect_buffer,input_to_reg,1.614031,1.6139895,4.152761077880207e-05
axis_fifo16,mem[8][5],train,forencich_axis,interconnect_buffer,input_to_reg,1.614031,1.6139895,4.152761077880207e-05
axis_fifo16,mem[8][6],train,forencich_axis,interconnect_buffer,input_to_reg,1.614031,1.6139895,4.152761077880207e-05
axis_fifo16,mem[8][7],train,forencich_axis,interconnect_buffer,input_to_reg,1.614031,1.6139895,4.152761077880207e-05
axis_fifo16,mem[8][8],train,forencich_axis,interconnect_buffer,input_to_reg,1.614031,1.6139895,4.152761077880207e-05
axis_fifo16,mem[8][9],train,forencich_axis,interconnect_buffer,input_to_reg,1.614031,1.6139895,4.152761077880207e-05
axis_fifo16,mem[9][0],train,forencich_axis,interconnect_buffer,input_to_reg,1.614031,1.6139895,4.152761077880207e-05
axis_fifo16,mem[9][10],train,forencich_axis,interconnect_buffer,input_to_reg,1.614031,1.6139895,4.152761077880207e-05
axis_fifo16,mem[9][11],train,forencich_axis,interconnect_buffer,input_to_reg,1.614031,1.6139895,4.152761077880207e-05
axis_fifo16,mem[9][12],train,forencich_axis,interconnect_buffer,input_to_reg,1.614031,1.6139895,4.152761077880207e-05
axis_fifo16,mem[9][13],train,forencich_axis,interconnect_buffer,input_to_reg,1.614031,1.6139895,4.152761077880207e-05
axis_fifo16,mem[9][14],train,forencich_axis,interconnect_buffer,input_to_reg,1.614031,1.6139895,4.152761077880207e-05
axis_fifo16,mem[9][15],train,forencich_axis,interconnect_buffer,input_to_reg,1.614031,1.6139895,4.152761077880207e-05
axis_fifo16,mem[9][16],train,forencich_axis,interconnect_buffer,input_to_reg,1.614031,1.6139895,4.152761077880207e-05
axis_fifo16,mem[9][17],train,forencich_axis,interconnect_buffer,input_to_reg,1.614031,1.6139895,4.152761077880207e-05
axis_fifo16,mem[9][18],train,forencich_axis,interconnect_buffer,input_to_reg,1.614031,1.6139895,4.152761077880207e-05
axis_fifo16,mem[9][19],train,forencich_axis,interconnect_buffer,input_to_reg,1.614031,1.6139895,4.152761077880207e-05
axis_fifo16,mem[9][1],train,forencich_axis,interconnect_buffer,input_to_reg,1.614031,1.6139895,4.152761077880207e-05
axis_fifo16,mem[9][20],train,forencich_axis,interconnect_buffer,input_to_reg,1.614031,1.6139895,4.152761077880207e-05
axis_fifo16,mem[9][21],train,forencich_axis,interconnect_buffer,input_to_reg,1.614031,1.6139895,4.152761077880207e-05
axis_fifo16,mem[9][22],train,forencich_axis,interconnect_buffer,input_to_reg,1.614031,1.6139895,4.152761077880207e-05
axis_fifo16,mem[9][23],train,forencich_axis,interconnect_buffer,input_to_reg,1.614031,1.6139895,4.152761077880207e-05
axis_fifo16,mem[9][24],train,forencich_axis,interconnect_buffer,input_to_reg,1.614031,1.6139895,4.152761077880207e-05
axis_fifo16,mem[9][25],train,forencich_axis,interconnect_buffer,input_to_reg,1.614031,1.6139895,4.152761077880207e-05
axis_fifo16,mem[9][26],train,forencich_axis,interconnect_buffer,input_to_reg,1.614031,1.6139895,4.152761077880207e-05
axis_fifo16,mem[9][27],train,forencich_axis,interconnect_buffer,input_to_reg,1.614031,1.6139895,4.152761077880207e-05
axis_fifo16,mem[9][28],train,forencich_axis,interconnect_buffer,input_to_reg,1.614031,1.6139895,4.152761077880207e-05
axis_fifo16,mem[9][29],train,forencich_axis,interconnect_buffer,input_to_reg,1.614031,1.6139895,4.152761077880207e-05
axis_fifo16,mem[9][2],train,forencich_axis,interconnect_buffer,input_to_reg,1.614031,1.6139895,4.152761077880207e-05
axis_fifo16,mem[9][30],train,forencich_axis,interconnect_buffer,input_to_reg,1.614031,1.6139895,4.152761077880207e-05
axis_fifo16,mem[9][31],train,forencich_axis,interconnect_buffer,input_to_reg,1.614031,1.6139895,4.152761077880207e-05
axis_fifo16,mem[9][3],train,forencich_axis,interconnect_buffer,input_to_reg,1.614031,1.6139895,4.152761077880207e-05
axis_fifo16,mem[9][4],train,forencich_axis,interconnect_buffer,input_to_reg,1.614031,1.6139895,4.152761077880207e-05
axis_fifo16,mem[9][5],train,forencich_axis,interconnect_buffer,input_to_reg,1.614031,1.6139895,4.152761077880207e-05
axis_fifo16,mem[9][6],train,forencich_axis,interconnect_buffer,input_to_reg,1.614031,1.6139895,4.152761077880207e-05
axis_fifo16,mem[9][7],train,forencich_axis,interconnect_buffer,input_to_reg,1.614031,1.6139895,4.152761077880207e-05
axis_fifo16,mem[9][8],train,forencich_axis,interconnect_buffer,input_to_reg,1.614031,1.6139895,4.152761077880207e-05
axis_fifo16,mem[9][9],train,forencich_axis,interconnect_buffer,input_to_reg,1.614031,1.6139895,4.152761077880207e-05
axis_fifo16,rd_ptr_reg[0],train,forencich_axis,interconnect_buffer,input_to_reg,2.029851,2.030405,0.0005540445556642126
axis_fifo16,rd_ptr_reg[1],train,forencich_axis,interconnect_buffer,input_to_reg,2.033908,2.0344524,0.0005444383544923603
axis_fifo16,rd_ptr_reg[2],train,forencich_axis,interconnect_buffer,input_to_reg,2.228903,2.2269878,0.001915161254882669
axis_fifo16,rd_ptr_reg[3],train,forencich_axis,interconnect_buffer,input_to_reg,2.26762,2.2705789,0.0029588612365722966
axis_fifo16,rd_ptr_reg[4],train,forencich_axis,interconnect_buffer,input_to_reg,2.293034,2.2917128,0.001321239074707048
axis_fifo16,wr_ptr_reg[0],train,forencich_axis,interconnect_buffer,input_to_reg,1.182172,1.1821139,5.8114120483399034e-05
axis_fifo16,wr_ptr_reg[1],train,forencich_axis,interconnect_buffer,input_to_reg,1.172981,1.173382,0.0004010438385009252
axis_fifo16,wr_ptr_reg[2],train,forencich_axis,interconnect_buffer,input_to_reg,1.220546,1.2206883,0.00014234304809579434
axis_fifo16,wr_ptr_reg[3],train,forencich_axis,interconnect_buffer,input_to_reg,1.228011,1.2265683,0.0014426587448119754
axis_fifo16,wr_ptr_reg[4],train,forencich_axis,interconnect_buffer,input_to_reg,1.465977,1.4753367,0.00935967087554923
axis_arb_mux4,arb_inst.mask_reg[0],train,forencich_axis,interconnect_buffer,input_to_reg,1.228103,1.227861,0.00024195320892328454
axis_arb_mux4,arb_inst.mask_reg[1],train,forencich_axis,interconnect_buffer,input_to_reg,1.278581,1.2784244,0.0001566177902221355
axis_arb_mux4,arb_inst.mask_reg[2],train,forencich_axis,interconnect_buffer,input_to_reg,1.26414,1.2647448,0.0006047586059569898
axis_arb_mux4,arb_inst.mask_reg[3],train,forencich_axis,interconnect_buffer,input_to_reg,1.289211,1.2887666,0.00044437745666514594
axis_arb_mux4,grant[0],train,forencich_axis,interconnect_buffer,input_to_reg,1.278002,1.2778698,0.00013217940521248472
axis_arb_mux4,grant[1],train,forencich_axis,interconnect_buffer,input_to_reg,1.278876,1.2784269,0.0004491143951415033
axis_arb_mux4,grant[2],train,forencich_axis,interconnect_buffer,input_to_reg,1.289712,1.2899089,0.00019688595581057733
axis_arb_mux4,grant[3],train,forencich_axis,interconnect_buffer,input_to_reg,1.292822,1.2927653,5.674025726309928e-05
axis_arb_mux4,grant_encoded[0],train,forencich_axis,interconnect_buffer,input_to_reg,1.271189,1.2714769,0.0002878648147583984
axis_arb_mux4,grant_encoded[1],train,forencich_axis,interconnect_buffer,input_to_reg,1.250892,1.251407,0.0005150272445679782
axis_arb_mux4,grant_valid,train,forencich_axis,interconnect_buffer,input_to_reg,1.178802,1.1790794,0.0002774134140015594
axis_arb_mux4,m_axis_tdata[0],train,forencich_axis,interconnect_buffer,input_to_reg,1.471795,1.4717615,3.3534927368128464e-05
axis_arb_mux4,m_axis_tdata[10],train,forencich_axis,interconnect_buffer,input_to_reg,1.471795,1.4717615,3.3534927368128464e-05
axis_arb_mux4,m_axis_tdata[11],train,forencich_axis,interconnect_buffer,input_to_reg,1.471795,1.4717615,3.3534927368128464e-05
axis_arb_mux4,m_axis_tdata[12],train,forencich_axis,interconnect_buffer,input_to_reg,1.471795,1.4717615,3.3534927368128464e-05
axis_arb_mux4,m_axis_tdata[13],train,forencich_axis,interconnect_buffer,input_to_reg,1.471795,1.4717615,3.3534927368128464e-05
axis_arb_mux4,m_axis_tdata[14],train,forencich_axis,interconnect_buffer,input_to_reg,1.471795,1.4717615,3.3534927368128464e-05
axis_arb_mux4,m_axis_tdata[15],train,forencich_axis,interconnect_buffer,input_to_reg,1.471795,1.4717615,3.3534927368128464e-05
axis_arb_mux4,m_axis_tdata[16],train,forencich_axis,interconnect_buffer,input_to_reg,1.471795,1.4717615,3.3534927368128464e-05
axis_arb_mux4,m_axis_tdata[17],train,forencich_axis,interconnect_buffer,input_to_reg,1.471795,1.4717615,3.3534927368128464e-05
axis_arb_mux4,m_axis_tdata[18],train,forencich_axis,interconnect_buffer,input_to_reg,1.471795,1.4717615,3.3534927368128464e-05
axis_arb_mux4,m_axis_tdata[19],train,forencich_axis,interconnect_buffer,input_to_reg,1.471795,1.4717615,3.3534927368128464e-05
axis_arb_mux4,m_axis_tdata[1],train,forencich_axis,interconnect_buffer,input_to_reg,1.471795,1.4717615,3.3534927368128464e-05
axis_arb_mux4,m_axis_tdata[20],train,forencich_axis,interconnect_buffer,input_to_reg,1.471795,1.4717615,3.3534927368128464e-05
axis_arb_mux4,m_axis_tdata[21],train,forencich_axis,interconnect_buffer,input_to_reg,1.471795,1.4717615,3.3534927368128464e-05
axis_arb_mux4,m_axis_tdata[22],train,forencich_axis,interconnect_buffer,input_to_reg,1.471795,1.4717615,3.3534927368128464e-05
axis_arb_mux4,m_axis_tdata[23],train,forencich_axis,interconnect_buffer,input_to_reg,1.471795,1.4717615,3.3534927368128464e-05
axis_arb_mux4,m_axis_tdata[24],train,forencich_axis,interconnect_buffer,input_to_reg,1.471795,1.4717615,3.3534927368128464e-05
axis_arb_mux4,m_axis_tdata[25],train,forencich_axis,interconnect_buffer,input_to_reg,1.471795,1.4717615,3.3534927368128464e-05
axis_arb_mux4,m_axis_tdata[26],train,forencich_axis,interconnect_buffer,input_to_reg,1.471795,1.4717615,3.3534927368128464e-05
axis_arb_mux4,m_axis_tdata[27],train,forencich_axis,interconnect_buffer,input_to_reg,1.471795,1.4717615,3.3534927368128464e-05
axis_arb_mux4,m_axis_tdata[28],train,forencich_axis,interconnect_buffer,input_to_reg,1.471795,1.4717615,3.3534927368128464e-05
axis_arb_mux4,m_axis_tdata[29],train,forencich_axis,interconnect_buffer,input_to_reg,1.471795,1.4717615,3.3534927368128464e-05
axis_arb_mux4,m_axis_tdata[2],train,forencich_axis,interconnect_buffer,input_to_reg,1.471795,1.4717615,3.3534927368128464e-05
axis_arb_mux4,m_axis_tdata[30],train,forencich_axis,interconnect_buffer,input_to_reg,1.471795,1.4717615,3.3534927368128464e-05
axis_arb_mux4,m_axis_tdata[31],train,forencich_axis,interconnect_buffer,input_to_reg,1.471795,1.4717615,3.3534927368128464e-05
axis_arb_mux4,m_axis_tdata[3],train,forencich_axis,interconnect_buffer,input_to_reg,1.471795,1.4717615,3.3534927368128464e-05
axis_arb_mux4,m_axis_tdata[4],train,forencich_axis,interconnect_buffer,input_to_reg,1.471795,1.4717615,3.3534927368128464e-05
axis_arb_mux4,m_axis_tdata[5],train,forencich_axis,interconnect_buffer,input_to_reg,1.471795,1.4717615,3.3534927368128464e-05
axis_arb_mux4,m_axis_tdata[6],train,forencich_axis,interconnect_buffer,input_to_reg,1.471795,1.4717615,3.3534927368128464e-05
axis_arb_mux4,m_axis_tdata[7],train,forencich_axis,interconnect_buffer,input_to_reg,1.471795,1.4717615,3.3534927368128464e-05
axis_arb_mux4,m_axis_tdata[8],train,forencich_axis,interconnect_buffer,input_to_reg,1.471795,1.4717615,3.3534927368128464e-05
axis_arb_mux4,m_axis_tdata[9],train,forencich_axis,interconnect_buffer,input_to_reg,1.471795,1.4717615,3.3534927368128464e-05
axis_arb_mux4,m_axis_tready_int_reg,train,forencich_axis,interconnect_buffer,input_to_reg,1.094354,1.0944638,0.00010982522583002918
axis_arb_mux4,m_axis_tvalid,train,forencich_axis,interconnect_buffer,input_to_reg,1.490475,1.4904099,6.514892578124432e-05
axis_arb_mux4,s_axis_tdata_reg[0],train,forencich_axis,interconnect_buffer,input_to_reg,1.071875,1.0718718,3.242492675692432e-06
axis_arb_mux4,s_axis_tdata_reg[100],train,forencich_axis,interconnect_buffer,input_to_reg,1.071875,1.0718718,3.242492675692432e-06
axis_arb_mux4,s_axis_tdata_reg[101],train,forencich_axis,interconnect_buffer,input_to_reg,1.071875,1.0718718,3.242492675692432e-06
axis_arb_mux4,s_axis_tdata_reg[102],train,forencich_axis,interconnect_buffer,input_to_reg,1.071875,1.0718718,3.242492675692432e-06
axis_arb_mux4,s_axis_tdata_reg[103],train,forencich_axis,interconnect_buffer,input_to_reg,1.071875,1.0718718,3.242492675692432e-06
axis_arb_mux4,s_axis_tdata_reg[104],train,forencich_axis,interconnect_buffer,input_to_reg,1.071875,1.0718718,3.242492675692432e-06
axis_arb_mux4,s_axis_tdata_reg[105],train,forencich_axis,interconnect_buffer,input_to_reg,1.071875,1.0718718,3.242492675692432e-06
axis_arb_mux4,s_axis_tdata_reg[106],train,forencich_axis,interconnect_buffer,input_to_reg,1.071875,1.0718718,3.242492675692432e-06
axis_arb_mux4,s_axis_tdata_reg[107],train,forencich_axis,interconnect_buffer,input_to_reg,1.071875,1.0718718,3.242492675692432e-06
axis_arb_mux4,s_axis_tdata_reg[108],train,forencich_axis,interconnect_buffer,input_to_reg,1.071875,1.0718718,3.242492675692432e-06
axis_arb_mux4,s_axis_tdata_reg[109],train,forencich_axis,interconnect_buffer,input_to_reg,1.071875,1.0718718,3.242492675692432e-06
axis_arb_mux4,s_axis_tdata_reg[10],train,forencich_axis,interconnect_buffer,input_to_reg,1.071875,1.0718718,3.242492675692432e-06
axis_arb_mux4,s_axis_tdata_reg[110],train,forencich_axis,interconnect_buffer,input_to_reg,1.071875,1.0718718,3.242492675692432e-06
axis_arb_mux4,s_axis_tdata_reg[111],train,forencich_axis,interconnect_buffer,input_to_reg,1.071875,1.0718718,3.242492675692432e-06
axis_arb_mux4,s_axis_tdata_reg[112],train,forencich_axis,interconnect_buffer,input_to_reg,1.071875,1.0718718,3.242492675692432e-06
axis_arb_mux4,s_axis_tdata_reg[113],train,forencich_axis,interconnect_buffer,input_to_reg,1.071875,1.0718718,3.242492675692432e-06
axis_arb_mux4,s_axis_tdata_reg[114],train,forencich_axis,interconnect_buffer,input_to_reg,1.071875,1.0718718,3.242492675692432e-06
axis_arb_mux4,s_axis_tdata_reg[115],train,forencich_axis,interconnect_buffer,input_to_reg,1.071875,1.0718718,3.242492675692432e-06
axis_arb_mux4,s_axis_tdata_reg[116],train,forencich_axis,interconnect_buffer,input_to_reg,1.071875,1.0718718,3.242492675692432e-06
axis_arb_mux4,s_axis_tdata_reg[117],train,forencich_axis,interconnect_buffer,input_to_reg,1.071875,1.0718718,3.242492675692432e-06
axis_arb_mux4,s_axis_tdata_reg[118],train,forencich_axis,interconnect_buffer,input_to_reg,1.071875,1.0718718,3.242492675692432e-06
axis_arb_mux4,s_axis_tdata_reg[119],train,forencich_axis,interconnect_buffer,input_to_reg,1.071875,1.0718718,3.242492675692432e-06
axis_arb_mux4,s_axis_tdata_reg[11],train,forencich_axis,interconnect_buffer,input_to_reg,1.071875,1.0718718,3.242492675692432e-06
axis_arb_mux4,s_axis_tdata_reg[120],train,forencich_axis,interconnect_buffer,input_to_reg,1.071875,1.0718718,3.242492675692432e-06
axis_arb_mux4,s_axis_tdata_reg[121],train,forencich_axis,interconnect_buffer,input_to_reg,1.071875,1.0718718,3.242492675692432e-06
axis_arb_mux4,s_axis_tdata_reg[122],train,forencich_axis,interconnect_buffer,input_to_reg,1.071875,1.0718718,3.242492675692432e-06
axis_arb_mux4,s_axis_tdata_reg[123],train,forencich_axis,interconnect_buffer,input_to_reg,1.071875,1.0718718,3.242492675692432e-06
axis_arb_mux4,s_axis_tdata_reg[124],train,forencich_axis,interconnect_buffer,input_to_reg,1.071875,1.0718718,3.242492675692432e-06
axis_arb_mux4,s_axis_tdata_reg[125],train,forencich_axis,interconnect_buffer,input_to_reg,1.071875,1.0718718,3.242492675692432e-06
axis_arb_mux4,s_axis_tdata_reg[126],train,forencich_axis,interconnect_buffer,input_to_reg,1.071875,1.0718718,3.242492675692432e-06
axis_arb_mux4,s_axis_tdata_reg[127],train,forencich_axis,interconnect_buffer,input_to_reg,1.071875,1.0718718,3.242492675692432e-06
axis_arb_mux4,s_axis_tdata_reg[12],train,forencich_axis,interconnect_buffer,input_to_reg,1.071875,1.0718718,3.242492675692432e-06
axis_arb_mux4,s_axis_tdata_reg[13],train,forencich_axis,interconnect_buffer,input_to_reg,1.071875,1.0718718,3.242492675692432e-06
axis_arb_mux4,s_axis_tdata_reg[14],train,forencich_axis,interconnect_buffer,input_to_reg,1.071875,1.0718718,3.242492675692432e-06
axis_arb_mux4,s_axis_tdata_reg[15],train,forencich_axis,interconnect_buffer,input_to_reg,1.071875,1.0718718,3.242492675692432e-06
axis_arb_mux4,s_axis_tdata_reg[16],train,forencich_axis,interconnect_buffer,input_to_reg,1.071875,1.0718718,3.242492675692432e-06
axis_arb_mux4,s_axis_tdata_reg[17],train,forencich_axis,interconnect_buffer,input_to_reg,1.071875,1.0718718,3.242492675692432e-06
axis_arb_mux4,s_axis_tdata_reg[18],train,forencich_axis,interconnect_buffer,input_to_reg,1.071875,1.0718718,3.242492675692432e-06
axis_arb_mux4,s_axis_tdata_reg[19],train,forencich_axis,interconnect_buffer,input_to_reg,1.071875,1.0718718,3.242492675692432e-06
axis_arb_mux4,s_axis_tdata_reg[1],train,forencich_axis,interconnect_buffer,input_to_reg,1.071875,1.0718718,3.242492675692432e-06
axis_arb_mux4,s_axis_tdata_reg[20],train,forencich_axis,interconnect_buffer,input_to_reg,1.071875,1.0718718,3.242492675692432e-06
axis_arb_mux4,s_axis_tdata_reg[21],train,forencich_axis,interconnect_buffer,input_to_reg,1.071875,1.0718718,3.242492675692432e-06
axis_arb_mux4,s_axis_tdata_reg[22],train,forencich_axis,interconnect_buffer,input_to_reg,1.071875,1.0718718,3.242492675692432e-06
axis_arb_mux4,s_axis_tdata_reg[23],train,forencich_axis,interconnect_buffer,input_to_reg,1.071875,1.0718718,3.242492675692432e-06
axis_arb_mux4,s_axis_tdata_reg[24],train,forencich_axis,interconnect_buffer,input_to_reg,1.071875,1.0718718,3.242492675692432e-06
axis_arb_mux4,s_axis_tdata_reg[25],train,forencich_axis,interconnect_buffer,input_to_reg,1.071875,1.0718718,3.242492675692432e-06
axis_arb_mux4,s_axis_tdata_reg[26],train,forencich_axis,interconnect_buffer,input_to_reg,1.071875,1.0718718,3.242492675692432e-06
axis_arb_mux4,s_axis_tdata_reg[27],train,forencich_axis,interconnect_buffer,input_to_reg,1.071875,1.0718718,3.242492675692432e-06
axis_arb_mux4,s_axis_tdata_reg[28],train,forencich_axis,interconnect_buffer,input_to_reg,1.071875,1.0718718,3.242492675692432e-06
axis_arb_mux4,s_axis_tdata_reg[29],train,forencich_axis,interconnect_buffer,input_to_reg,1.071875,1.0718718,3.242492675692432e-06
axis_arb_mux4,s_axis_tdata_reg[2],train,forencich_axis,interconnect_buffer,input_to_reg,1.071875,1.0718718,3.242492675692432e-06
axis_arb_mux4,s_axis_tdata_reg[30],train,forencich_axis,interconnect_buffer,input_to_reg,1.071875,1.0718718,3.242492675692432e-06
axis_arb_mux4,s_axis_tdata_reg[31],train,forencich_axis,interconnect_buffer,input_to_reg,1.071875,1.0718718,3.242492675692432e-06
axis_arb_mux4,s_axis_tdata_reg[32],train,forencich_axis,interconnect_buffer,input_to_reg,1.071875,1.0718718,3.242492675692432e-06
axis_arb_mux4,s_axis_tdata_reg[33],train,forencich_axis,interconnect_buffer,input_to_reg,1.071875,1.0718718,3.242492675692432e-06
axis_arb_mux4,s_axis_tdata_reg[34],train,forencich_axis,interconnect_buffer,input_to_reg,1.071875,1.0718718,3.242492675692432e-06
axis_arb_mux4,s_axis_tdata_reg[35],train,forencich_axis,interconnect_buffer,input_to_reg,1.071875,1.0718718,3.242492675692432e-06
axis_arb_mux4,s_axis_tdata_reg[36],train,forencich_axis,interconnect_buffer,input_to_reg,1.071875,1.0718718,3.242492675692432e-06
axis_arb_mux4,s_axis_tdata_reg[37],train,forencich_axis,interconnect_buffer,input_to_reg,1.071875,1.0718718,3.242492675692432e-06
axis_arb_mux4,s_axis_tdata_reg[38],train,forencich_axis,interconnect_buffer,input_to_reg,1.071875,1.0718718,3.242492675692432e-06
axis_arb_mux4,s_axis_tdata_reg[39],train,forencich_axis,interconnect_buffer,input_to_reg,1.071875,1.0718718,3.242492675692432e-06
axis_arb_mux4,s_axis_tdata_reg[3],train,forencich_axis,interconnect_buffer,input_to_reg,1.071875,1.0718718,3.242492675692432e-06
axis_arb_mux4,s_axis_tdata_reg[40],train,forencich_axis,interconnect_buffer,input_to_reg,1.071875,1.0718718,3.242492675692432e-06
axis_arb_mux4,s_axis_tdata_reg[41],train,forencich_axis,interconnect_buffer,input_to_reg,1.071875,1.0718718,3.242492675692432e-06
axis_arb_mux4,s_axis_tdata_reg[42],train,forencich_axis,interconnect_buffer,input_to_reg,1.071875,1.0718718,3.242492675692432e-06
axis_arb_mux4,s_axis_tdata_reg[43],train,forencich_axis,interconnect_buffer,input_to_reg,1.071875,1.0718718,3.242492675692432e-06
axis_arb_mux4,s_axis_tdata_reg[44],train,forencich_axis,interconnect_buffer,input_to_reg,1.071875,1.0718718,3.242492675692432e-06
axis_arb_mux4,s_axis_tdata_reg[45],train,forencich_axis,interconnect_buffer,input_to_reg,1.071875,1.0718718,3.242492675692432e-06
axis_arb_mux4,s_axis_tdata_reg[46],train,forencich_axis,interconnect_buffer,input_to_reg,1.071875,1.0718718,3.242492675692432e-06
axis_arb_mux4,s_axis_tdata_reg[47],train,forencich_axis,interconnect_buffer,input_to_reg,1.071875,1.0718718,3.242492675692432e-06
axis_arb_mux4,s_axis_tdata_reg[48],train,forencich_axis,interconnect_buffer,input_to_reg,1.071875,1.0718718,3.242492675692432e-06
axis_arb_mux4,s_axis_tdata_reg[49],train,forencich_axis,interconnect_buffer,input_to_reg,1.071875,1.0718718,3.242492675692432e-06
axis_arb_mux4,s_axis_tdata_reg[4],train,forencich_axis,interconnect_buffer,input_to_reg,1.071875,1.0718718,3.242492675692432e-06
axis_arb_mux4,s_axis_tdata_reg[50],train,forencich_axis,interconnect_buffer,input_to_reg,1.071875,1.0718718,3.242492675692432e-06
axis_arb_mux4,s_axis_tdata_reg[51],train,forencich_axis,interconnect_buffer,input_to_reg,1.071875,1.0718718,3.242492675692432e-06
axis_arb_mux4,s_axis_tdata_reg[52],train,forencich_axis,interconnect_buffer,input_to_reg,1.071875,1.0718718,3.242492675692432e-06
axis_arb_mux4,s_axis_tdata_reg[53],train,forencich_axis,interconnect_buffer,input_to_reg,1.071875,1.0718718,3.242492675692432e-06
axis_arb_mux4,s_axis_tdata_reg[54],train,forencich_axis,interconnect_buffer,input_to_reg,1.071875,1.0718718,3.242492675692432e-06
axis_arb_mux4,s_axis_tdata_reg[55],train,forencich_axis,interconnect_buffer,input_to_reg,1.071875,1.0718718,3.242492675692432e-06
axis_arb_mux4,s_axis_tdata_reg[56],train,forencich_axis,interconnect_buffer,input_to_reg,1.071875,1.0718718,3.242492675692432e-06
axis_arb_mux4,s_axis_tdata_reg[57],train,forencich_axis,interconnect_buffer,input_to_reg,1.071875,1.0718718,3.242492675692432e-06
axis_arb_mux4,s_axis_tdata_reg[58],train,forencich_axis,interconnect_buffer,input_to_reg,1.071875,1.0718718,3.242492675692432e-06
axis_arb_mux4,s_axis_tdata_reg[59],train,forencich_axis,interconnect_buffer,input_to_reg,1.071875,1.0718718,3.242492675692432e-06
axis_arb_mux4,s_axis_tdata_reg[5],train,forencich_axis,interconnect_buffer,input_to_reg,1.071875,1.0718718,3.242492675692432e-06
axis_arb_mux4,s_axis_tdata_reg[60],train,forencich_axis,interconnect_buffer,input_to_reg,1.071875,1.0718718,3.242492675692432e-06
axis_arb_mux4,s_axis_tdata_reg[61],train,forencich_axis,interconnect_buffer,input_to_reg,1.071875,1.0718718,3.242492675692432e-06
axis_arb_mux4,s_axis_tdata_reg[62],train,forencich_axis,interconnect_buffer,input_to_reg,1.071875,1.0718718,3.242492675692432e-06
axis_arb_mux4,s_axis_tdata_reg[63],train,forencich_axis,interconnect_buffer,input_to_reg,1.071875,1.0718718,3.242492675692432e-06
axis_arb_mux4,s_axis_tdata_reg[64],train,forencich_axis,interconnect_buffer,input_to_reg,1.071875,1.0718718,3.242492675692432e-06
axis_arb_mux4,s_axis_tdata_reg[65],train,forencich_axis,interconnect_buffer,input_to_reg,1.071875,1.0718718,3.242492675692432e-06
axis_arb_mux4,s_axis_tdata_reg[66],train,forencich_axis,interconnect_buffer,input_to_reg,1.071875,1.0718718,3.242492675692432e-06
axis_arb_mux4,s_axis_tdata_reg[67],train,forencich_axis,interconnect_buffer,input_to_reg,1.071875,1.0718718,3.242492675692432e-06
axis_arb_mux4,s_axis_tdata_reg[68],train,forencich_axis,interconnect_buffer,input_to_reg,1.071875,1.0718718,3.242492675692432e-06
axis_arb_mux4,s_axis_tdata_reg[69],train,forencich_axis,interconnect_buffer,input_to_reg,1.071875,1.0718718,3.242492675692432e-06
axis_arb_mux4,s_axis_tdata_reg[6],train,forencich_axis,interconnect_buffer,input_to_reg,1.071875,1.0718718,3.242492675692432e-06
axis_arb_mux4,s_axis_tdata_reg[70],train,forencich_axis,interconnect_buffer,input_to_reg,1.071875,1.0718718,3.242492675692432e-06
axis_arb_mux4,s_axis_tdata_reg[71],train,forencich_axis,interconnect_buffer,input_to_reg,1.071875,1.0718718,3.242492675692432e-06
axis_arb_mux4,s_axis_tdata_reg[72],train,forencich_axis,interconnect_buffer,input_to_reg,1.071875,1.0718718,3.242492675692432e-06
axis_arb_mux4,s_axis_tdata_reg[73],train,forencich_axis,interconnect_buffer,input_to_reg,1.071875,1.0718718,3.242492675692432e-06
axis_arb_mux4,s_axis_tdata_reg[74],train,forencich_axis,interconnect_buffer,input_to_reg,1.071875,1.0718718,3.242492675692432e-06
axis_arb_mux4,s_axis_tdata_reg[75],train,forencich_axis,interconnect_buffer,input_to_reg,1.071875,1.0718718,3.242492675692432e-06
axis_arb_mux4,s_axis_tdata_reg[76],train,forencich_axis,interconnect_buffer,input_to_reg,1.071875,1.0718718,3.242492675692432e-06
axis_arb_mux4,s_axis_tdata_reg[77],train,forencich_axis,interconnect_buffer,input_to_reg,1.071875,1.0718718,3.242492675692432e-06
axis_arb_mux4,s_axis_tdata_reg[78],train,forencich_axis,interconnect_buffer,input_to_reg,1.071875,1.0718718,3.242492675692432e-06
axis_arb_mux4,s_axis_tdata_reg[79],train,forencich_axis,interconnect_buffer,input_to_reg,1.071875,1.0718718,3.242492675692432e-06
axis_arb_mux4,s_axis_tdata_reg[7],train,forencich_axis,interconnect_buffer,input_to_reg,1.071875,1.0718718,3.242492675692432e-06
axis_arb_mux4,s_axis_tdata_reg[80],train,forencich_axis,interconnect_buffer,input_to_reg,1.071875,1.0718718,3.242492675692432e-06
axis_arb_mux4,s_axis_tdata_reg[81],train,forencich_axis,interconnect_buffer,input_to_reg,1.071875,1.0718718,3.242492675692432e-06
axis_arb_mux4,s_axis_tdata_reg[82],train,forencich_axis,interconnect_buffer,input_to_reg,1.071875,1.0718718,3.242492675692432e-06
axis_arb_mux4,s_axis_tdata_reg[83],train,forencich_axis,interconnect_buffer,input_to_reg,1.071875,1.0718718,3.242492675692432e-06
axis_arb_mux4,s_axis_tdata_reg[84],train,forencich_axis,interconnect_buffer,input_to_reg,1.071875,1.0718718,3.242492675692432e-06
axis_arb_mux4,s_axis_tdata_reg[85],train,forencich_axis,interconnect_buffer,input_to_reg,1.071875,1.0718718,3.242492675692432e-06
axis_arb_mux4,s_axis_tdata_reg[86],train,forencich_axis,interconnect_buffer,input_to_reg,1.071875,1.0718718,3.242492675692432e-06
axis_arb_mux4,s_axis_tdata_reg[87],train,forencich_axis,interconnect_buffer,input_to_reg,1.071875,1.0718718,3.242492675692432e-06
axis_arb_mux4,s_axis_tdata_reg[88],train,forencich_axis,interconnect_buffer,input_to_reg,1.071875,1.0718718,3.242492675692432e-06
axis_arb_mux4,s_axis_tdata_reg[89],train,forencich_axis,interconnect_buffer,input_to_reg,1.071875,1.0718718,3.242492675692432e-06
axis_arb_mux4,s_axis_tdata_reg[8],train,forencich_axis,interconnect_buffer,input_to_reg,1.071875,1.0718718,3.242492675692432e-06
axis_arb_mux4,s_axis_tdata_reg[90],train,forencich_axis,interconnect_buffer,input_to_reg,1.071875,1.0718718,3.242492675692432e-06
axis_arb_mux4,s_axis_tdata_reg[91],train,forencich_axis,interconnect_buffer,input_to_reg,1.071875,1.0718718,3.242492675692432e-06
axis_arb_mux4,s_axis_tdata_reg[92],train,forencich_axis,interconnect_buffer,input_to_reg,1.071875,1.0718718,3.242492675692432e-06
axis_arb_mux4,s_axis_tdata_reg[93],train,forencich_axis,interconnect_buffer,input_to_reg,1.071875,1.0718718,3.242492675692432e-06
axis_arb_mux4,s_axis_tdata_reg[94],train,forencich_axis,interconnect_buffer,input_to_reg,1.071875,1.0718718,3.242492675692432e-06
axis_arb_mux4,s_axis_tdata_reg[95],train,forencich_axis,interconnect_buffer,input_to_reg,1.071875,1.0718718,3.242492675692432e-06
axis_arb_mux4,s_axis_tdata_reg[96],train,forencich_axis,interconnect_buffer,input_to_reg,1.071875,1.0718718,3.242492675692432e-06
axis_arb_mux4,s_axis_tdata_reg[97],train,forencich_axis,interconnect_buffer,input_to_reg,1.071875,1.0718718,3.242492675692432e-06
axis_arb_mux4,s_axis_tdata_reg[98],train,forencich_axis,interconnect_buffer,input_to_reg,1.071875,1.0718718,3.242492675692432e-06
axis_arb_mux4,s_axis_tdata_reg[99],train,forencich_axis,interconnect_buffer,input_to_reg,1.071875,1.0718718,3.242492675692432e-06
axis_arb_mux4,s_axis_tdata_reg[9],train,forencich_axis,interconnect_buffer,input_to_reg,1.071875,1.0718718,3.242492675692432e-06
axis_arb_mux4,s_axis_tvalid_reg[0],train,forencich_axis,interconnect_buffer,input_to_reg,1.083739,1.06202,0.021719055809021004
axis_arb_mux4,s_axis_tvalid_reg[1],train,forencich_axis,interconnect_buffer,input_to_reg,1.04005,1.06202,0.021969944190979085
axis_arb_mux4,s_axis_tvalid_reg[2],train,forencich_axis,interconnect_buffer,input_to_reg,1.083739,1.06202,0.021719055809021004
axis_arb_mux4,s_axis_tvalid_reg[3],train,forencich_axis,interconnect_buffer,input_to_reg,1.04005,1.06202,0.021969944190979085
axis_arb_mux4,temp_m_axis_tdata_reg[0],train,forencich_axis,interconnect_buffer,input_to_reg,1.37924,1.3792543,1.434112548825972e-05
axis_arb_mux4,temp_m_axis_tdata_reg[10],train,forencich_axis,interconnect_buffer,input_to_reg,1.37924,1.3792543,1.434112548825972e-05
axis_arb_mux4,temp_m_axis_tdata_reg[11],train,forencich_axis,interconnect_buffer,input_to_reg,1.37924,1.3792543,1.434112548825972e-05
axis_arb_mux4,temp_m_axis_tdata_reg[12],train,forencich_axis,interconnect_buffer,input_to_reg,1.37924,1.3792543,1.434112548825972e-05
axis_arb_mux4,temp_m_axis_tdata_reg[13],train,forencich_axis,interconnect_buffer,input_to_reg,1.37924,1.3792543,1.434112548825972e-05
axis_arb_mux4,temp_m_axis_tdata_reg[14],train,forencich_axis,interconnect_buffer,input_to_reg,1.37924,1.3792543,1.434112548825972e-05
axis_arb_mux4,temp_m_axis_tdata_reg[15],train,forencich_axis,interconnect_buffer,input_to_reg,1.37924,1.3792543,1.434112548825972e-05
axis_arb_mux4,temp_m_axis_tdata_reg[16],train,forencich_axis,interconnect_buffer,input_to_reg,1.37924,1.3792543,1.434112548825972e-05
axis_arb_mux4,temp_m_axis_tdata_reg[17],train,forencich_axis,interconnect_buffer,input_to_reg,1.37924,1.3792543,1.434112548825972e-05
axis_arb_mux4,temp_m_axis_tdata_reg[18],train,forencich_axis,interconnect_buffer,input_to_reg,1.37924,1.3792543,1.434112548825972e-05
axis_arb_mux4,temp_m_axis_tdata_reg[19],train,forencich_axis,interconnect_buffer,input_to_reg,1.37924,1.3792543,1.434112548825972e-05
axis_arb_mux4,temp_m_axis_tdata_reg[1],train,forencich_axis,interconnect_buffer,input_to_reg,1.37924,1.3792543,1.434112548825972e-05
axis_arb_mux4,temp_m_axis_tdata_reg[20],train,forencich_axis,interconnect_buffer,input_to_reg,1.37924,1.3792543,1.434112548825972e-05
axis_arb_mux4,temp_m_axis_tdata_reg[21],train,forencich_axis,interconnect_buffer,input_to_reg,1.37924,1.3792543,1.434112548825972e-05
axis_arb_mux4,temp_m_axis_tdata_reg[22],train,forencich_axis,interconnect_buffer,input_to_reg,1.37924,1.3792543,1.434112548825972e-05
axis_arb_mux4,temp_m_axis_tdata_reg[23],train,forencich_axis,interconnect_buffer,input_to_reg,1.37924,1.3792543,1.434112548825972e-05
axis_arb_mux4,temp_m_axis_tdata_reg[24],train,forencich_axis,interconnect_buffer,input_to_reg,1.37924,1.3792543,1.434112548825972e-05
axis_arb_mux4,temp_m_axis_tdata_reg[25],train,forencich_axis,interconnect_buffer,input_to_reg,1.37924,1.3792543,1.434112548825972e-05
axis_arb_mux4,temp_m_axis_tdata_reg[26],train,forencich_axis,interconnect_buffer,input_to_reg,1.37924,1.3792543,1.434112548825972e-05
axis_arb_mux4,temp_m_axis_tdata_reg[27],train,forencich_axis,interconnect_buffer,input_to_reg,1.37924,1.3792543,1.434112548825972e-05
axis_arb_mux4,temp_m_axis_tdata_reg[28],train,forencich_axis,interconnect_buffer,input_to_reg,1.37924,1.3792543,1.434112548825972e-05
axis_arb_mux4,temp_m_axis_tdata_reg[29],train,forencich_axis,interconnect_buffer,input_to_reg,1.37924,1.3792543,1.434112548825972e-05
axis_arb_mux4,temp_m_axis_tdata_reg[2],train,forencich_axis,interconnect_buffer,input_to_reg,1.37924,1.3792543,1.434112548825972e-05
axis_arb_mux4,temp_m_axis_tdata_reg[30],train,forencich_axis,interconnect_buffer,input_to_reg,1.37924,1.3792543,1.434112548825972e-05
axis_arb_mux4,temp_m_axis_tdata_reg[31],train,forencich_axis,interconnect_buffer,input_to_reg,1.37924,1.3792543,1.434112548825972e-05
axis_arb_mux4,temp_m_axis_tdata_reg[3],train,forencich_axis,interconnect_buffer,input_to_reg,1.37924,1.3792543,1.434112548825972e-05
axis_arb_mux4,temp_m_axis_tdata_reg[4],train,forencich_axis,interconnect_buffer,input_to_reg,1.37924,1.3792543,1.434112548825972e-05
axis_arb_mux4,temp_m_axis_tdata_reg[5],train,forencich_axis,interconnect_buffer,input_to_reg,1.37924,1.3792543,1.434112548825972e-05
axis_arb_mux4,temp_m_axis_tdata_reg[6],train,forencich_axis,interconnect_buffer,input_to_reg,1.37924,1.3792543,1.434112548825972e-05
axis_arb_mux4,temp_m_axis_tdata_reg[7],train,forencich_axis,interconnect_buffer,input_to_reg,1.37924,1.3792543,1.434112548825972e-05
axis_arb_mux4,temp_m_axis_tdata_reg[8],train,forencich_axis,interconnect_buffer,input_to_reg,1.37924,1.3792543,1.434112548825972e-05
axis_arb_mux4,temp_m_axis_tdata_reg[9],train,forencich_axis,interconnect_buffer,input_to_reg,1.37924,1.3792543,1.434112548825972e-05
axis_arb_mux4,temp_m_axis_tvalid_reg,train,forencich_axis,interconnect_buffer,input_to_reg,1.400049,1.3996979,0.0003511001815796888
axis_skid32,genblk1.temp_m_axis_tdata_reg[0],train,forencich_axis,interconnect_buffer,input_to_reg,1.282136,1.2821442,8.188880920467767e-06
axis_skid32,genblk1.temp_m_axis_tdata_reg[10],train,forencich_axis,interconnect_buffer,input_to_reg,1.282136,1.2821442,8.188880920467767e-06
axis_skid32,genblk1.temp_m_axis_tdata_reg[11],train,forencich_axis,interconnect_buffer,input_to_reg,1.282136,1.2821442,8.188880920467767e-06
axis_skid32,genblk1.temp_m_axis_tdata_reg[12],train,forencich_axis,interconnect_buffer,input_to_reg,1.282136,1.2821442,8.188880920467767e-06
axis_skid32,genblk1.temp_m_axis_tdata_reg[13],train,forencich_axis,interconnect_buffer,input_to_reg,1.282136,1.2821442,8.188880920467767e-06
axis_skid32,genblk1.temp_m_axis_tdata_reg[14],train,forencich_axis,interconnect_buffer,input_to_reg,1.282136,1.2821442,8.188880920467767e-06
axis_skid32,genblk1.temp_m_axis_tdata_reg[15],train,forencich_axis,interconnect_buffer,input_to_reg,1.282136,1.2821442,8.188880920467767e-06
axis_skid32,genblk1.temp_m_axis_tdata_reg[16],train,forencich_axis,interconnect_buffer,input_to_reg,1.282136,1.2821442,8.188880920467767e-06
axis_skid32,genblk1.temp_m_axis_tdata_reg[17],train,forencich_axis,interconnect_buffer,input_to_reg,1.282136,1.2821442,8.188880920467767e-06
axis_skid32,genblk1.temp_m_axis_tdata_reg[18],train,forencich_axis,interconnect_buffer,input_to_reg,1.282136,1.2821442,8.188880920467767e-06
axis_skid32,genblk1.temp_m_axis_tdata_reg[19],train,forencich_axis,interconnect_buffer,input_to_reg,1.282136,1.2821442,8.188880920467767e-06
axis_skid32,genblk1.temp_m_axis_tdata_reg[1],train,forencich_axis,interconnect_buffer,input_to_reg,1.282136,1.2821442,8.188880920467767e-06
axis_skid32,genblk1.temp_m_axis_tdata_reg[20],train,forencich_axis,interconnect_buffer,input_to_reg,1.282136,1.2821442,8.188880920467767e-06
axis_skid32,genblk1.temp_m_axis_tdata_reg[21],train,forencich_axis,interconnect_buffer,input_to_reg,1.282136,1.2821442,8.188880920467767e-06
axis_skid32,genblk1.temp_m_axis_tdata_reg[22],train,forencich_axis,interconnect_buffer,input_to_reg,1.282136,1.2821442,8.188880920467767e-06
axis_skid32,genblk1.temp_m_axis_tdata_reg[23],train,forencich_axis,interconnect_buffer,input_to_reg,1.282136,1.2821442,8.188880920467767e-06
axis_skid32,genblk1.temp_m_axis_tdata_reg[24],train,forencich_axis,interconnect_buffer,input_to_reg,1.282136,1.2821442,8.188880920467767e-06
axis_skid32,genblk1.temp_m_axis_tdata_reg[25],train,forencich_axis,interconnect_buffer,input_to_reg,1.282136,1.2821442,8.188880920467767e-06
axis_skid32,genblk1.temp_m_axis_tdata_reg[26],train,forencich_axis,interconnect_buffer,input_to_reg,1.282136,1.2821442,8.188880920467767e-06
axis_skid32,genblk1.temp_m_axis_tdata_reg[27],train,forencich_axis,interconnect_buffer,input_to_reg,1.282136,1.2821442,8.188880920467767e-06
axis_skid32,genblk1.temp_m_axis_tdata_reg[28],train,forencich_axis,interconnect_buffer,input_to_reg,1.282136,1.2821442,8.188880920467767e-06
axis_skid32,genblk1.temp_m_axis_tdata_reg[29],train,forencich_axis,interconnect_buffer,input_to_reg,1.282136,1.2821442,8.188880920467767e-06
axis_skid32,genblk1.temp_m_axis_tdata_reg[2],train,forencich_axis,interconnect_buffer,input_to_reg,1.282136,1.2821442,8.188880920467767e-06
axis_skid32,genblk1.temp_m_axis_tdata_reg[30],train,forencich_axis,interconnect_buffer,input_to_reg,1.282136,1.2821442,8.188880920467767e-06
axis_skid32,genblk1.temp_m_axis_tdata_reg[31],train,forencich_axis,interconnect_buffer,input_to_reg,1.282136,1.2821442,8.188880920467767e-06
axis_skid32,genblk1.temp_m_axis_tdata_reg[3],train,forencich_axis,interconnect_buffer,input_to_reg,1.282136,1.2821442,8.188880920467767e-06
axis_skid32,genblk1.temp_m_axis_tdata_reg[4],train,forencich_axis,interconnect_buffer,input_to_reg,1.282136,1.2821442,8.188880920467767e-06
axis_skid32,genblk1.temp_m_axis_tdata_reg[5],train,forencich_axis,interconnect_buffer,input_to_reg,1.282136,1.2821442,8.188880920467767e-06
axis_skid32,genblk1.temp_m_axis_tdata_reg[6],train,forencich_axis,interconnect_buffer,input_to_reg,1.282136,1.2821442,8.188880920467767e-06
axis_skid32,genblk1.temp_m_axis_tdata_reg[7],train,forencich_axis,interconnect_buffer,input_to_reg,1.282136,1.2821442,8.188880920467767e-06
axis_skid32,genblk1.temp_m_axis_tdata_reg[8],train,forencich_axis,interconnect_buffer,input_to_reg,1.282136,1.2821442,8.188880920467767e-06
axis_skid32,genblk1.temp_m_axis_tdata_reg[9],train,forencich_axis,interconnect_buffer,input_to_reg,1.282136,1.2821442,8.188880920467767e-06
axis_skid32,genblk1.temp_m_axis_tvalid_reg,train,forencich_axis,interconnect_buffer,input_to_reg,1.151065,1.1507651,0.0002999386215210009
axis_skid32,m_axis_tdata[0],train,forencich_axis,interconnect_buffer,input_to_reg,1.37904,1.3790529,1.2877426147417381e-05
axis_skid32,m_axis_tdata[10],train,forencich_axis,interconnect_buffer,input_to_reg,1.37904,1.3790529,1.2877426147417381e-05
axis_skid32,m_axis_tdata[11],train,forencich_axis,interconnect_buffer,input_to_reg,1.37904,1.3790147,2.526954650883262e-05
axis_skid32,m_axis_tdata[12],train,forencich_axis,interconnect_buffer,input_to_reg,1.37904,1.3790147,2.526954650883262e-05
axis_skid32,m_axis_tdata[13],train,forencich_axis,interconnect_buffer,input_to_reg,1.37904,1.3790147,2.526954650883262e-05
axis_skid32,m_axis_tdata[14],train,forencich_axis,interconnect_buffer,input_to_reg,1.37904,1.3790529,1.2877426147417381e-05
axis_skid32,m_axis_tdata[15],train,forencich_axis,interconnect_buffer,input_to_reg,1.37904,1.3790147,2.526954650883262e-05
axis_skid32,m_axis_tdata[16],train,forencich_axis,interconnect_buffer,input_to_reg,1.37904,1.3790147,2.526954650883262e-05
axis_skid32,m_axis_tdata[17],train,forencich_axis,interconnect_buffer,input_to_reg,1.37904,1.3790529,1.2877426147417381e-05
axis_skid32,m_axis_tdata[18],train,forencich_axis,interconnect_buffer,input_to_reg,1.37904,1.3790529,1.2877426147417381e-05
axis_skid32,m_axis_tdata[19],train,forencich_axis,interconnect_buffer,input_to_reg,1.37904,1.3790529,1.2877426147417381e-05
axis_skid32,m_axis_tdata[1],train,forencich_axis,interconnect_buffer,input_to_reg,1.37904,1.3790529,1.2877426147417381e-05
axis_skid32,m_axis_tdata[20],train,forencich_axis,interconnect_buffer,input_to_reg,1.37904,1.3790529,1.2877426147417381e-05
axis_skid32,m_axis_tdata[21],train,forencich_axis,interconnect_buffer,input_to_reg,1.37904,1.3790529,1.2877426147417381e-05
axis_skid32,m_axis_tdata[22],train,forencich_axis,interconnect_buffer,input_to_reg,1.37904,1.3790529,1.2877426147417381e-05
axis_skid32,m_axis_tdata[23],train,forencich_axis,interconnect_buffer,input_to_reg,1.37904,1.3790147,2.526954650883262e-05
axis_skid32,m_axis_tdata[24],train,forencich_axis,interconnect_buffer,input_to_reg,1.37904,1.3790147,2.526954650883262e-05
axis_skid32,m_axis_tdata[25],train,forencich_axis,interconnect_buffer,input_to_reg,1.37904,1.3790147,2.526954650883262e-05
axis_skid32,m_axis_tdata[26],train,forencich_axis,interconnect_buffer,input_to_reg,1.37904,1.3790147,2.526954650883262e-05
axis_skid32,m_axis_tdata[27],train,forencich_axis,interconnect_buffer,input_to_reg,1.37904,1.3790147,2.526954650883262e-05
axis_skid32,m_axis_tdata[28],train,forencich_axis,interconnect_buffer,input_to_reg,1.37904,1.3790147,2.526954650883262e-05
axis_skid32,m_axis_tdata[29],train,forencich_axis,interconnect_buffer,input_to_reg,1.37904,1.3790529,1.2877426147417381e-05
axis_skid32,m_axis_tdata[2],train,forencich_axis,interconnect_buffer,input_to_reg,1.37904,1.3790529,1.2877426147417381e-05
axis_skid32,m_axis_tdata[30],train,forencich_axis,interconnect_buffer,input_to_reg,1.37904,1.3790529,1.2877426147417381e-05
axis_skid32,m_axis_tdata[31],train,forencich_axis,interconnect_buffer,input_to_reg,1.37904,1.3790147,2.526954650883262e-05
axis_skid32,m_axis_tdata[3],train,forencich_axis,interconnect_buffer,input_to_reg,1.37904,1.3790147,2.526954650883262e-05
axis_skid32,m_axis_tdata[4],train,forencich_axis,interconnect_buffer,input_to_reg,1.37904,1.3790529,1.2877426147417381e-05
axis_skid32,m_axis_tdata[5],train,forencich_axis,interconnect_buffer,input_to_reg,1.37904,1.3790147,2.526954650883262e-05
axis_skid32,m_axis_tdata[6],train,forencich_axis,interconnect_buffer,input_to_reg,1.37904,1.3790529,1.2877426147417381e-05
axis_skid32,m_axis_tdata[7],train,forencich_axis,interconnect_buffer,input_to_reg,1.37904,1.3790529,1.2877426147417381e-05
axis_skid32,m_axis_tdata[8],train,forencich_axis,interconnect_buffer,input_to_reg,1.37904,1.3790147,2.526954650883262e-05
axis_skid32,m_axis_tdata[9],train,forencich_axis,interconnect_buffer,input_to_reg,1.37904,1.3790147,2.526954650883262e-05
axis_skid32,m_axis_tvalid,train,forencich_axis,interconnect_buffer,input_to_reg,1.416378,1.4162264,0.0001516129760741336
axis_skid32,s_axis_tready,train,forencich_axis,interconnect_buffer,input_to_reg,1.077003,1.0768286,0.0001744010238646787
