design,rtl_bit,common_ff,bog_ff,bog_d_pin,mapped_ff,mapped_d_pin
serv,rf_ram.rdata[0],$auto$ff.cc:337:slice$11244,_10313_,_10313_/D,_9173_,_9173_/D
serv,rf_ram.rdata[1],$auto$ff.cc:337:slice$11245,_10329_,_10329_/D,_9189_,_9189_/D
serv,cpu.alu.add_cy_r,$auto$ff.cc:337:slice$11267,_10354_,_10354_/D,_9214_,_9214_/D
serv,cpu.ctrl.pc_plus_4_cy_r,$auto$ff.cc:337:slice$11297,_10563_,_10563_/D,_9423_,_9423_/D
serv,cpu.ctrl.pc_plus_offset_cy_r,$auto$ff.cc:337:slice$11298,_10558_,_10558_/D,_9418_,_9418_/D
serv,cpu.bufreg.c_r,$auto$ff.cc:337:slice$11417,_10516_,_10516_/D,_9376_,_9376_/D
serv,rf_ram.regzero,$auto$ff.cc:337:slice$11690,_10333_,_10333_/D,_9193_,_9193_/D
serv,rf_ram_if.wdata0_r[0],$auto$ff.cc:337:slice$11701,_10517_,_10517_/D,_9377_,_9377_/D
serv,rf_ram_if.wdata0_r[1],$auto$ff.cc:337:slice$11702,_10446_,_10446_/D,_9306_,_9306_/D
serv,rf_ram_if.rtrig1,$auto$ff.cc:337:slice$11703,_10512_,_10512_/D,_9372_,_9372_/D
serv,rf_ram.memory[511][0],$auto$ff.cc:337:slice$7915,_9740_,_9740_/D,_8600_,_8600_/D
serv,rf_ram.memory[511][1],$auto$ff.cc:337:slice$7916,_9739_,_9739_/D,_8599_,_8599_/D
serv,rf_ram.memory[510][0],$auto$ff.cc:337:slice$7917,_9741_,_9741_/D,_8601_,_8601_/D
serv,rf_ram.memory[510][1],$auto$ff.cc:337:slice$7918,_9738_,_9738_/D,_8598_,_8598_/D
serv,rf_ram.memory[509][0],$auto$ff.cc:337:slice$7919,_9742_,_9742_/D,_8602_,_8602_/D
serv,rf_ram.memory[509][1],$auto$ff.cc:337:slice$7920,_9737_,_9737_/D,_8597_,_8597_/D
serv,rf_ram.memory[508][0],$auto$ff.cc:337:slice$7921,_9743_,_9743_/D,_8603_,_8603_/D
serv,rf_ram.memory[508][1],$auto$ff.cc:337:slice$7922,_9736_,_9736_/D,_8596_,_8596_/D
serv,rf_ram.memory[507][0],$auto$ff.cc:337:slice$7923,_9744_,_9744_/D,_8604_,_8604_/D
serv,rf_ram.memory[507][1],$auto$ff.cc:337:slice$7924,_9735_,_9735_/D,_8595_,_8595_/D
serv,rf_ram.memory[506][0],$auto$ff.cc:337:slice$7925,_9745_,_9745_/D,_8605_,_8605_/D
serv,rf_ram.memory[506][1],$auto$ff.cc:337:slice$7926,_9734_,_9734_/D,_8594_,_8594_/D
serv,rf_ram.memory[505][0],$auto$ff.cc:337:slice$7927,_9746_,_9746_/D,_8606_,_8606_/D
serv,rf_ram.memory[505][1],$auto$ff.cc:337:slice$7928,_9733_,_9733_/D,_8593_,_8593_/D
serv,rf_ram.memory[504][0],$auto$ff.cc:337:slice$7929,_9747_,_9747_/D,_8607_,_8607_/D
serv,rf_ram.memory[504][1],$auto$ff.cc:337:slice$7930,_9732_,_9732_/D,_8592_,_8592_/D
serv,rf_ram.memory[503][0],$auto$ff.cc:337:slice$7931,_9748_,_9748_/D,_8608_,_8608_/D
serv,rf_ram.memory[503][1],$auto$ff.cc:337:slice$7932,_9731_,_9731_/D,_8591_,_8591_/D
serv,rf_ram.memory[502][0],$auto$ff.cc:337:slice$7933,_9749_,_9749_/D,_8609_,_8609_/D
serv,rf_ram.memory[502][1],$auto$ff.cc:337:slice$7934,_9730_,_9730_/D,_8590_,_8590_/D
serv,rf_ram.memory[501][0],$auto$ff.cc:337:slice$7935,_9750_,_9750_/D,_8610_,_8610_/D
serv,rf_ram.memory[501][1],$auto$ff.cc:337:slice$7936,_9729_,_9729_/D,_8589_,_8589_/D
serv,rf_ram.memory[500][0],$auto$ff.cc:337:slice$7937,_9751_,_9751_/D,_8611_,_8611_/D
serv,rf_ram.memory[500][1],$auto$ff.cc:337:slice$7938,_9728_,_9728_/D,_8588_,_8588_/D
serv,rf_ram.memory[499][0],$auto$ff.cc:337:slice$7939,_9752_,_9752_/D,_8612_,_8612_/D
serv,rf_ram.memory[499][1],$auto$ff.cc:337:slice$7940,_9727_,_9727_/D,_8587_,_8587_/D
serv,rf_ram.memory[498][0],$auto$ff.cc:337:slice$7941,_9753_,_9753_/D,_8613_,_8613_/D
serv,rf_ram.memory[498][1],$auto$ff.cc:337:slice$7942,_9726_,_9726_/D,_8586_,_8586_/D
serv,rf_ram.memory[497][0],$auto$ff.cc:337:slice$7943,_9754_,_9754_/D,_8614_,_8614_/D
serv,rf_ram.memory[497][1],$auto$ff.cc:337:slice$7944,_9725_,_9725_/D,_8585_,_8585_/D
serv,rf_ram.memory[496][0],$auto$ff.cc:337:slice$7945,_9755_,_9755_/D,_8615_,_8615_/D
serv,rf_ram.memory[496][1],$auto$ff.cc:337:slice$7946,_9724_,_9724_/D,_8584_,_8584_/D
serv,rf_ram.memory[495][0],$auto$ff.cc:337:slice$7947,_9756_,_9756_/D,_8616_,_8616_/D
serv,rf_ram.memory[495][1],$auto$ff.cc:337:slice$7948,_9723_,_9723_/D,_8583_,_8583_/D
serv,rf_ram.memory[494][0],$auto$ff.cc:337:slice$7949,_9757_,_9757_/D,_8617_,_8617_/D
serv,rf_ram.memory[494][1],$auto$ff.cc:337:slice$7950,_9722_,_9722_/D,_8582_,_8582_/D
serv,rf_ram.memory[493][0],$auto$ff.cc:337:slice$7951,_9758_,_9758_/D,_8618_,_8618_/D
serv,rf_ram.memory[493][1],$auto$ff.cc:337:slice$7952,_9721_,_9721_/D,_8581_,_8581_/D
serv,rf_ram.memory[492][0],$auto$ff.cc:337:slice$7953,_9759_,_9759_/D,_8619_,_8619_/D
serv,rf_ram.memory[492][1],$auto$ff.cc:337:slice$7954,_9720_,_9720_/D,_8580_,_8580_/D
serv,rf_ram.memory[491][0],$auto$ff.cc:337:slice$7955,_9760_,_9760_/D,_8620_,_8620_/D
serv,rf_ram.memory[491][1],$auto$ff.cc:337:slice$7956,_9719_,_9719_/D,_8579_,_8579_/D
serv,rf_ram.memory[490][0],$auto$ff.cc:337:slice$7957,_9761_,_9761_/D,_8621_,_8621_/D
serv,rf_ram.memory[490][1],$auto$ff.cc:337:slice$7958,_9718_,_9718_/D,_8578_,_8578_/D
serv,rf_ram.memory[489][0],$auto$ff.cc:337:slice$7959,_9762_,_9762_/D,_8622_,_8622_/D
serv,rf_ram.memory[489][1],$auto$ff.cc:337:slice$7960,_9717_,_9717_/D,_8577_,_8577_/D
serv,rf_ram.memory[488][0],$auto$ff.cc:337:slice$7961,_9763_,_9763_/D,_8623_,_8623_/D
serv,rf_ram.memory[488][1],$auto$ff.cc:337:slice$7962,_9716_,_9716_/D,_8576_,_8576_/D
serv,rf_ram.memory[487][0],$auto$ff.cc:337:slice$7963,_9765_,_9765_/D,_8625_,_8625_/D
serv,rf_ram.memory[487][1],$auto$ff.cc:337:slice$7964,_9715_,_9715_/D,_8575_,_8575_/D
serv,rf_ram.memory[486][0],$auto$ff.cc:337:slice$7965,_9766_,_9766_/D,_8626_,_8626_/D
serv,rf_ram.memory[486][1],$auto$ff.cc:337:slice$7966,_9714_,_9714_/D,_8574_,_8574_/D
serv,rf_ram.memory[485][0],$auto$ff.cc:337:slice$7967,_9767_,_9767_/D,_8627_,_8627_/D
serv,rf_ram.memory[485][1],$auto$ff.cc:337:slice$7968,_9713_,_9713_/D,_8573_,_8573_/D
serv,rf_ram.memory[484][0],$auto$ff.cc:337:slice$7969,_9768_,_9768_/D,_8628_,_8628_/D
serv,rf_ram.memory[484][1],$auto$ff.cc:337:slice$7970,_9712_,_9712_/D,_8572_,_8572_/D
serv,rf_ram.memory[483][0],$auto$ff.cc:337:slice$7971,_9769_,_9769_/D,_8629_,_8629_/D
serv,rf_ram.memory[483][1],$auto$ff.cc:337:slice$7972,_9711_,_9711_/D,_8571_,_8571_/D
serv,rf_ram.memory[482][0],$auto$ff.cc:337:slice$7973,_9770_,_9770_/D,_8630_,_8630_/D
serv,rf_ram.memory[482][1],$auto$ff.cc:337:slice$7974,_9710_,_9710_/D,_8570_,_8570_/D
serv,rf_ram.memory[481][0],$auto$ff.cc:337:slice$7975,_9771_,_9771_/D,_8631_,_8631_/D
serv,rf_ram.memory[481][1],$auto$ff.cc:337:slice$7976,_9709_,_9709_/D,_8569_,_8569_/D
serv,rf_ram.memory[480][0],$auto$ff.cc:337:slice$7977,_9772_,_9772_/D,_8632_,_8632_/D
serv,rf_ram.memory[480][1],$auto$ff.cc:337:slice$7978,_9708_,_9708_/D,_8568_,_8568_/D
serv,rf_ram.memory[479][0],$auto$ff.cc:337:slice$7979,_9773_,_9773_/D,_8633_,_8633_/D
serv,rf_ram.memory[479][1],$auto$ff.cc:337:slice$7980,_9707_,_9707_/D,_8567_,_8567_/D
serv,rf_ram.memory[478][0],$auto$ff.cc:337:slice$7981,_9774_,_9774_/D,_8634_,_8634_/D
serv,rf_ram.memory[478][1],$auto$ff.cc:337:slice$7982,_9706_,_9706_/D,_8566_,_8566_/D
serv,rf_ram.memory[477][0],$auto$ff.cc:337:slice$7983,_9775_,_9775_/D,_8635_,_8635_/D
serv,rf_ram.memory[477][1],$auto$ff.cc:337:slice$7984,_9705_,_9705_/D,_8565_,_8565_/D
serv,rf_ram.memory[476][0],$auto$ff.cc:337:slice$7985,_9776_,_9776_/D,_8636_,_8636_/D
serv,rf_ram.memory[476][1],$auto$ff.cc:337:slice$7986,_9704_,_9704_/D,_8564_,_8564_/D
serv,rf_ram.memory[475][0],$auto$ff.cc:337:slice$7987,_9777_,_9777_/D,_8637_,_8637_/D
serv,rf_ram.memory[475][1],$auto$ff.cc:337:slice$7988,_9703_,_9703_/D,_8563_,_8563_/D
serv,rf_ram.memory[474][0],$auto$ff.cc:337:slice$7989,_9778_,_9778_/D,_8638_,_8638_/D
serv,rf_ram.memory[474][1],$auto$ff.cc:337:slice$7990,_9702_,_9702_/D,_8562_,_8562_/D
serv,rf_ram.memory[473][0],$auto$ff.cc:337:slice$7991,_9779_,_9779_/D,_8639_,_8639_/D
serv,rf_ram.memory[473][1],$auto$ff.cc:337:slice$7992,_9701_,_9701_/D,_8561_,_8561_/D
serv,rf_ram.memory[472][0],$auto$ff.cc:337:slice$7993,_9780_,_9780_/D,_8640_,_8640_/D
serv,rf_ram.memory[472][1],$auto$ff.cc:337:slice$7994,_9700_,_9700_/D,_8560_,_8560_/D
serv,rf_ram.memory[471][0],$auto$ff.cc:337:slice$7995,_9781_,_9781_/D,_8641_,_8641_/D
serv,rf_ram.memory[471][1],$auto$ff.cc:337:slice$7996,_9699_,_9699_/D,_8559_,_8559_/D
serv,rf_ram.memory[470][0],$auto$ff.cc:337:slice$7997,_9782_,_9782_/D,_8642_,_8642_/D
serv,rf_ram.memory[470][1],$auto$ff.cc:337:slice$7998,_9698_,_9698_/D,_8558_,_8558_/D
serv,rf_ram.memory[469][0],$auto$ff.cc:337:slice$7999,_9783_,_9783_/D,_8643_,_8643_/D
serv,rf_ram.memory[469][1],$auto$ff.cc:337:slice$8000,_9697_,_9697_/D,_8557_,_8557_/D
serv,rf_ram.memory[468][0],$auto$ff.cc:337:slice$8001,_9784_,_9784_/D,_8644_,_8644_/D
serv,rf_ram.memory[468][1],$auto$ff.cc:337:slice$8002,_9696_,_9696_/D,_8556_,_8556_/D
serv,rf_ram.memory[467][0],$auto$ff.cc:337:slice$8003,_9785_,_9785_/D,_8645_,_8645_/D
serv,rf_ram.memory[467][1],$auto$ff.cc:337:slice$8004,_9695_,_9695_/D,_8555_,_8555_/D
serv,rf_ram.memory[466][0],$auto$ff.cc:337:slice$8005,_9786_,_9786_/D,_8646_,_8646_/D
serv,rf_ram.memory[466][1],$auto$ff.cc:337:slice$8006,_9694_,_9694_/D,_8554_,_8554_/D
serv,rf_ram.memory[465][0],$auto$ff.cc:337:slice$8007,_9787_,_9787_/D,_8647_,_8647_/D
serv,rf_ram.memory[465][1],$auto$ff.cc:337:slice$8008,_9693_,_9693_/D,_8553_,_8553_/D
serv,rf_ram.memory[464][0],$auto$ff.cc:337:slice$8009,_9788_,_9788_/D,_8648_,_8648_/D
serv,rf_ram.memory[464][1],$auto$ff.cc:337:slice$8010,_9692_,_9692_/D,_8552_,_8552_/D
serv,rf_ram.memory[463][0],$auto$ff.cc:337:slice$8011,_9789_,_9789_/D,_8649_,_8649_/D
serv,rf_ram.memory[463][1],$auto$ff.cc:337:slice$8012,_9691_,_9691_/D,_8551_,_8551_/D
serv,rf_ram.memory[462][0],$auto$ff.cc:337:slice$8013,_9790_,_9790_/D,_8650_,_8650_/D
serv,rf_ram.memory[462][1],$auto$ff.cc:337:slice$8014,_9690_,_9690_/D,_8550_,_8550_/D
serv,rf_ram.memory[461][0],$auto$ff.cc:337:slice$8015,_9791_,_9791_/D,_8651_,_8651_/D
serv,rf_ram.memory[461][1],$auto$ff.cc:337:slice$8016,_9689_,_9689_/D,_8549_,_8549_/D
serv,rf_ram.memory[460][0],$auto$ff.cc:337:slice$8017,_9792_,_9792_/D,_8652_,_8652_/D
serv,rf_ram.memory[460][1],$auto$ff.cc:337:slice$8018,_9688_,_9688_/D,_8548_,_8548_/D
serv,rf_ram.memory[459][0],$auto$ff.cc:337:slice$8019,_9793_,_9793_/D,_8653_,_8653_/D
serv,rf_ram.memory[459][1],$auto$ff.cc:337:slice$8020,_9687_,_9687_/D,_8547_,_8547_/D
serv,rf_ram.memory[458][0],$auto$ff.cc:337:slice$8021,_9794_,_9794_/D,_8654_,_8654_/D
serv,rf_ram.memory[458][1],$auto$ff.cc:337:slice$8022,_9686_,_9686_/D,_8546_,_8546_/D
serv,rf_ram.memory[457][0],$auto$ff.cc:337:slice$8023,_9795_,_9795_/D,_8655_,_8655_/D
serv,rf_ram.memory[457][1],$auto$ff.cc:337:slice$8024,_9685_,_9685_/D,_8545_,_8545_/D
serv,rf_ram.memory[456][0],$auto$ff.cc:337:slice$8025,_9796_,_9796_/D,_8656_,_8656_/D
serv,rf_ram.memory[456][1],$auto$ff.cc:337:slice$8026,_9684_,_9684_/D,_8544_,_8544_/D
serv,rf_ram.memory[455][0],$auto$ff.cc:337:slice$8027,_9797_,_9797_/D,_8657_,_8657_/D
serv,rf_ram.memory[455][1],$auto$ff.cc:337:slice$8028,_9683_,_9683_/D,_8543_,_8543_/D
serv,rf_ram.memory[454][0],$auto$ff.cc:337:slice$8029,_9798_,_9798_/D,_8658_,_8658_/D
serv,rf_ram.memory[454][1],$auto$ff.cc:337:slice$8030,_9682_,_9682_/D,_8542_,_8542_/D
serv,rf_ram.memory[453][0],$auto$ff.cc:337:slice$8031,_9799_,_9799_/D,_8659_,_8659_/D
serv,rf_ram.memory[453][1],$auto$ff.cc:337:slice$8032,_9681_,_9681_/D,_8541_,_8541_/D
serv,rf_ram.memory[452][0],$auto$ff.cc:337:slice$8033,_9800_,_9800_/D,_8660_,_8660_/D
serv,rf_ram.memory[452][1],$auto$ff.cc:337:slice$8034,_9680_,_9680_/D,_8540_,_8540_/D
serv,rf_ram.memory[451][0],$auto$ff.cc:337:slice$8035,_9801_,_9801_/D,_8661_,_8661_/D
serv,rf_ram.memory[451][1],$auto$ff.cc:337:slice$8036,_9679_,_9679_/D,_8539_,_8539_/D
serv,rf_ram.memory[450][0],$auto$ff.cc:337:slice$8037,_9802_,_9802_/D,_8662_,_8662_/D
serv,rf_ram.memory[450][1],$auto$ff.cc:337:slice$8038,_9678_,_9678_/D,_8538_,_8538_/D
serv,rf_ram.memory[449][0],$auto$ff.cc:337:slice$8039,_9803_,_9803_/D,_8663_,_8663_/D
serv,rf_ram.memory[449][1],$auto$ff.cc:337:slice$8040,_9677_,_9677_/D,_8537_,_8537_/D
serv,rf_ram.memory[448][0],$auto$ff.cc:337:slice$8041,_9804_,_9804_/D,_8664_,_8664_/D
serv,rf_ram.memory[448][1],$auto$ff.cc:337:slice$8042,_9676_,_9676_/D,_8536_,_8536_/D
serv,rf_ram.memory[447][0],$auto$ff.cc:337:slice$8043,_9805_,_9805_/D,_8665_,_8665_/D
serv,rf_ram.memory[447][1],$auto$ff.cc:337:slice$8044,_9675_,_9675_/D,_8535_,_8535_/D
serv,rf_ram.memory[446][0],$auto$ff.cc:337:slice$8045,_9806_,_9806_/D,_8666_,_8666_/D
serv,rf_ram.memory[446][1],$auto$ff.cc:337:slice$8046,_9674_,_9674_/D,_8534_,_8534_/D
serv,rf_ram.memory[445][0],$auto$ff.cc:337:slice$8047,_9807_,_9807_/D,_8667_,_8667_/D
serv,rf_ram.memory[445][1],$auto$ff.cc:337:slice$8048,_9673_,_9673_/D,_8533_,_8533_/D
serv,rf_ram.memory[444][0],$auto$ff.cc:337:slice$8049,_9808_,_9808_/D,_8668_,_8668_/D
serv,rf_ram.memory[444][1],$auto$ff.cc:337:slice$8050,_9672_,_9672_/D,_8532_,_8532_/D
serv,rf_ram.memory[443][0],$auto$ff.cc:337:slice$8051,_9809_,_9809_/D,_8669_,_8669_/D
serv,rf_ram.memory[443][1],$auto$ff.cc:337:slice$8052,_9671_,_9671_/D,_8531_,_8531_/D
serv,rf_ram.memory[442][0],$auto$ff.cc:337:slice$8053,_9810_,_9810_/D,_8670_,_8670_/D
serv,rf_ram.memory[442][1],$auto$ff.cc:337:slice$8054,_9670_,_9670_/D,_8530_,_8530_/D
serv,rf_ram.memory[441][0],$auto$ff.cc:337:slice$8055,_9811_,_9811_/D,_8671_,_8671_/D
serv,rf_ram.memory[441][1],$auto$ff.cc:337:slice$8056,_9669_,_9669_/D,_8529_,_8529_/D
serv,rf_ram.memory[440][0],$auto$ff.cc:337:slice$8057,_9812_,_9812_/D,_8672_,_8672_/D
serv,rf_ram.memory[440][1],$auto$ff.cc:337:slice$8058,_9668_,_9668_/D,_8528_,_8528_/D
serv,rf_ram.memory[439][0],$auto$ff.cc:337:slice$8059,_9813_,_9813_/D,_8673_,_8673_/D
serv,rf_ram.memory[439][1],$auto$ff.cc:337:slice$8060,_9667_,_9667_/D,_8527_,_8527_/D
serv,rf_ram.memory[438][0],$auto$ff.cc:337:slice$8061,_9814_,_9814_/D,_8674_,_8674_/D
serv,rf_ram.memory[438][1],$auto$ff.cc:337:slice$8062,_9666_,_9666_/D,_8526_,_8526_/D
serv,rf_ram.memory[437][0],$auto$ff.cc:337:slice$8063,_9815_,_9815_/D,_8675_,_8675_/D
serv,rf_ram.memory[437][1],$auto$ff.cc:337:slice$8064,_9665_,_9665_/D,_8525_,_8525_/D
serv,rf_ram.memory[436][0],$auto$ff.cc:337:slice$8065,_9816_,_9816_/D,_8676_,_8676_/D
serv,rf_ram.memory[436][1],$auto$ff.cc:337:slice$8066,_9664_,_9664_/D,_8524_,_8524_/D
serv,rf_ram.memory[435][0],$auto$ff.cc:337:slice$8067,_9817_,_9817_/D,_8677_,_8677_/D
serv,rf_ram.memory[435][1],$auto$ff.cc:337:slice$8068,_9663_,_9663_/D,_8523_,_8523_/D
serv,rf_ram.memory[434][0],$auto$ff.cc:337:slice$8069,_9818_,_9818_/D,_8678_,_8678_/D
serv,rf_ram.memory[434][1],$auto$ff.cc:337:slice$8070,_9662_,_9662_/D,_8522_,_8522_/D
serv,rf_ram.memory[433][0],$auto$ff.cc:337:slice$8071,_9819_,_9819_/D,_8679_,_8679_/D
serv,rf_ram.memory[433][1],$auto$ff.cc:337:slice$8072,_9661_,_9661_/D,_8521_,_8521_/D
serv,rf_ram.memory[432][0],$auto$ff.cc:337:slice$8073,_9820_,_9820_/D,_8680_,_8680_/D
serv,rf_ram.memory[432][1],$auto$ff.cc:337:slice$8074,_9660_,_9660_/D,_8520_,_8520_/D
serv,rf_ram.memory[431][0],$auto$ff.cc:337:slice$8075,_9821_,_9821_/D,_8681_,_8681_/D
serv,rf_ram.memory[431][1],$auto$ff.cc:337:slice$8076,_9659_,_9659_/D,_8519_,_8519_/D
serv,rf_ram.memory[430][0],$auto$ff.cc:337:slice$8077,_9822_,_9822_/D,_8682_,_8682_/D
serv,rf_ram.memory[430][1],$auto$ff.cc:337:slice$8078,_9658_,_9658_/D,_8518_,_8518_/D
serv,rf_ram.memory[429][0],$auto$ff.cc:337:slice$8079,_9823_,_9823_/D,_8683_,_8683_/D
serv,rf_ram.memory[429][1],$auto$ff.cc:337:slice$8080,_9657_,_9657_/D,_8517_,_8517_/D
serv,rf_ram.memory[428][0],$auto$ff.cc:337:slice$8081,_9824_,_9824_/D,_8684_,_8684_/D
serv,rf_ram.memory[428][1],$auto$ff.cc:337:slice$8082,_9656_,_9656_/D,_8516_,_8516_/D
serv,rf_ram.memory[427][0],$auto$ff.cc:337:slice$8083,_9825_,_9825_/D,_8685_,_8685_/D
serv,rf_ram.memory[427][1],$auto$ff.cc:337:slice$8084,_9655_,_9655_/D,_8515_,_8515_/D
serv,rf_ram.memory[426][0],$auto$ff.cc:337:slice$8085,_9826_,_9826_/D,_8686_,_8686_/D
serv,rf_ram.memory[426][1],$auto$ff.cc:337:slice$8086,_9654_,_9654_/D,_8514_,_8514_/D
serv,rf_ram.memory[425][0],$auto$ff.cc:337:slice$8087,_9827_,_9827_/D,_8687_,_8687_/D
serv,rf_ram.memory[425][1],$auto$ff.cc:337:slice$8088,_9653_,_9653_/D,_8513_,_8513_/D
serv,rf_ram.memory[424][0],$auto$ff.cc:337:slice$8089,_9828_,_9828_/D,_8688_,_8688_/D
serv,rf_ram.memory[424][1],$auto$ff.cc:337:slice$8090,_9652_,_9652_/D,_8512_,_8512_/D
serv,rf_ram.memory[423][0],$auto$ff.cc:337:slice$8091,_9829_,_9829_/D,_8689_,_8689_/D
serv,rf_ram.memory[423][1],$auto$ff.cc:337:slice$8092,_9651_,_9651_/D,_8511_,_8511_/D
serv,rf_ram.memory[422][0],$auto$ff.cc:337:slice$8093,_9830_,_9830_/D,_8690_,_8690_/D
serv,rf_ram.memory[422][1],$auto$ff.cc:337:slice$8094,_9650_,_9650_/D,_8510_,_8510_/D
serv,rf_ram.memory[421][0],$auto$ff.cc:337:slice$8095,_9831_,_9831_/D,_8691_,_8691_/D
serv,rf_ram.memory[421][1],$auto$ff.cc:337:slice$8096,_9649_,_9649_/D,_8509_,_8509_/D
serv,rf_ram.memory[420][0],$auto$ff.cc:337:slice$8097,_9832_,_9832_/D,_8692_,_8692_/D
serv,rf_ram.memory[420][1],$auto$ff.cc:337:slice$8098,_9648_,_9648_/D,_8508_,_8508_/D
serv,rf_ram.memory[419][0],$auto$ff.cc:337:slice$8099,_9833_,_9833_/D,_8693_,_8693_/D
serv,rf_ram.memory[419][1],$auto$ff.cc:337:slice$8100,_9647_,_9647_/D,_8507_,_8507_/D
serv,rf_ram.memory[418][0],$auto$ff.cc:337:slice$8101,_9834_,_9834_/D,_8694_,_8694_/D
serv,rf_ram.memory[418][1],$auto$ff.cc:337:slice$8102,_9646_,_9646_/D,_8506_,_8506_/D
serv,rf_ram.memory[417][0],$auto$ff.cc:337:slice$8103,_9835_,_9835_/D,_8695_,_8695_/D
serv,rf_ram.memory[417][1],$auto$ff.cc:337:slice$8104,_9645_,_9645_/D,_8505_,_8505_/D
serv,rf_ram.memory[416][0],$auto$ff.cc:337:slice$8105,_9836_,_9836_/D,_8696_,_8696_/D
serv,rf_ram.memory[416][1],$auto$ff.cc:337:slice$8106,_9644_,_9644_/D,_8504_,_8504_/D
serv,rf_ram.memory[415][0],$auto$ff.cc:337:slice$8107,_9837_,_9837_/D,_8697_,_8697_/D
serv,rf_ram.memory[415][1],$auto$ff.cc:337:slice$8108,_9643_,_9643_/D,_8503_,_8503_/D
serv,rf_ram.memory[414][0],$auto$ff.cc:337:slice$8109,_9838_,_9838_/D,_8698_,_8698_/D
serv,rf_ram.memory[414][1],$auto$ff.cc:337:slice$8110,_9642_,_9642_/D,_8502_,_8502_/D
serv,rf_ram.memory[413][0],$auto$ff.cc:337:slice$8111,_9839_,_9839_/D,_8699_,_8699_/D
serv,rf_ram.memory[413][1],$auto$ff.cc:337:slice$8112,_9641_,_9641_/D,_8501_,_8501_/D
serv,rf_ram.memory[412][0],$auto$ff.cc:337:slice$8113,_9840_,_9840_/D,_8700_,_8700_/D
serv,rf_ram.memory[412][1],$auto$ff.cc:337:slice$8114,_9640_,_9640_/D,_8500_,_8500_/D
serv,rf_ram.memory[411][0],$auto$ff.cc:337:slice$8115,_9841_,_9841_/D,_8701_,_8701_/D
serv,rf_ram.memory[411][1],$auto$ff.cc:337:slice$8116,_9639_,_9639_/D,_8499_,_8499_/D
serv,rf_ram.memory[410][0],$auto$ff.cc:337:slice$8117,_9842_,_9842_/D,_8702_,_8702_/D
serv,rf_ram.memory[410][1],$auto$ff.cc:337:slice$8118,_9638_,_9638_/D,_8498_,_8498_/D
serv,rf_ram.memory[409][0],$auto$ff.cc:337:slice$8119,_9843_,_9843_/D,_8703_,_8703_/D
serv,rf_ram.memory[409][1],$auto$ff.cc:337:slice$8120,_9637_,_9637_/D,_8497_,_8497_/D
serv,rf_ram.memory[408][0],$auto$ff.cc:337:slice$8121,_9844_,_9844_/D,_8704_,_8704_/D
serv,rf_ram.memory[408][1],$auto$ff.cc:337:slice$8122,_9636_,_9636_/D,_8496_,_8496_/D
serv,rf_ram.memory[407][0],$auto$ff.cc:337:slice$8123,_9845_,_9845_/D,_8705_,_8705_/D
serv,rf_ram.memory[407][1],$auto$ff.cc:337:slice$8124,_9635_,_9635_/D,_8495_,_8495_/D
serv,rf_ram.memory[406][0],$auto$ff.cc:337:slice$8125,_9846_,_9846_/D,_8706_,_8706_/D
serv,rf_ram.memory[406][1],$auto$ff.cc:337:slice$8126,_9634_,_9634_/D,_8494_,_8494_/D
serv,rf_ram.memory[405][0],$auto$ff.cc:337:slice$8127,_9847_,_9847_/D,_8707_,_8707_/D
serv,rf_ram.memory[405][1],$auto$ff.cc:337:slice$8128,_9633_,_9633_/D,_8493_,_8493_/D
serv,rf_ram.memory[404][0],$auto$ff.cc:337:slice$8129,_9848_,_9848_/D,_8708_,_8708_/D
serv,rf_ram.memory[404][1],$auto$ff.cc:337:slice$8130,_9632_,_9632_/D,_8492_,_8492_/D
serv,rf_ram.memory[403][0],$auto$ff.cc:337:slice$8131,_9849_,_9849_/D,_8709_,_8709_/D
serv,rf_ram.memory[403][1],$auto$ff.cc:337:slice$8132,_9631_,_9631_/D,_8491_,_8491_/D
serv,rf_ram.memory[402][0],$auto$ff.cc:337:slice$8133,_9850_,_9850_/D,_8710_,_8710_/D
serv,rf_ram.memory[402][1],$auto$ff.cc:337:slice$8134,_9630_,_9630_/D,_8490_,_8490_/D
serv,rf_ram.memory[401][0],$auto$ff.cc:337:slice$8135,_9851_,_9851_/D,_8711_,_8711_/D
serv,rf_ram.memory[401][1],$auto$ff.cc:337:slice$8136,_9629_,_9629_/D,_8489_,_8489_/D
serv,rf_ram.memory[400][0],$auto$ff.cc:337:slice$8137,_9852_,_9852_/D,_8712_,_8712_/D
serv,rf_ram.memory[400][1],$auto$ff.cc:337:slice$8138,_9628_,_9628_/D,_8488_,_8488_/D
serv,rf_ram.memory[399][0],$auto$ff.cc:337:slice$8139,_9853_,_9853_/D,_8713_,_8713_/D
serv,rf_ram.memory[399][1],$auto$ff.cc:337:slice$8140,_9627_,_9627_/D,_8487_,_8487_/D
serv,rf_ram.memory[398][0],$auto$ff.cc:337:slice$8141,_9854_,_9854_/D,_8714_,_8714_/D
serv,rf_ram.memory[398][1],$auto$ff.cc:337:slice$8142,_9626_,_9626_/D,_8486_,_8486_/D
serv,rf_ram.memory[397][0],$auto$ff.cc:337:slice$8143,_9855_,_9855_/D,_8715_,_8715_/D
serv,rf_ram.memory[397][1],$auto$ff.cc:337:slice$8144,_9625_,_9625_/D,_8485_,_8485_/D
serv,rf_ram.memory[396][0],$auto$ff.cc:337:slice$8145,_9856_,_9856_/D,_8716_,_8716_/D
serv,rf_ram.memory[396][1],$auto$ff.cc:337:slice$8146,_9624_,_9624_/D,_8484_,_8484_/D
serv,rf_ram.memory[395][0],$auto$ff.cc:337:slice$8147,_9857_,_9857_/D,_8717_,_8717_/D
serv,rf_ram.memory[395][1],$auto$ff.cc:337:slice$8148,_9623_,_9623_/D,_8483_,_8483_/D
serv,rf_ram.memory[394][0],$auto$ff.cc:337:slice$8149,_9858_,_9858_/D,_8718_,_8718_/D
serv,rf_ram.memory[394][1],$auto$ff.cc:337:slice$8150,_9622_,_9622_/D,_8482_,_8482_/D
serv,rf_ram.memory[393][0],$auto$ff.cc:337:slice$8151,_9859_,_9859_/D,_8719_,_8719_/D
serv,rf_ram.memory[393][1],$auto$ff.cc:337:slice$8152,_9621_,_9621_/D,_8481_,_8481_/D
serv,rf_ram.memory[392][0],$auto$ff.cc:337:slice$8153,_9860_,_9860_/D,_8720_,_8720_/D
serv,rf_ram.memory[392][1],$auto$ff.cc:337:slice$8154,_9620_,_9620_/D,_8480_,_8480_/D
serv,rf_ram.memory[391][0],$auto$ff.cc:337:slice$8155,_9861_,_9861_/D,_8721_,_8721_/D
serv,rf_ram.memory[391][1],$auto$ff.cc:337:slice$8156,_9619_,_9619_/D,_8479_,_8479_/D
serv,rf_ram.memory[390][0],$auto$ff.cc:337:slice$8157,_9862_,_9862_/D,_8722_,_8722_/D
serv,rf_ram.memory[390][1],$auto$ff.cc:337:slice$8158,_9618_,_9618_/D,_8478_,_8478_/D
serv,rf_ram.memory[389][0],$auto$ff.cc:337:slice$8159,_9863_,_9863_/D,_8723_,_8723_/D
serv,rf_ram.memory[389][1],$auto$ff.cc:337:slice$8160,_9617_,_9617_/D,_8477_,_8477_/D
serv,rf_ram.memory[388][0],$auto$ff.cc:337:slice$8161,_9864_,_9864_/D,_8724_,_8724_/D
serv,rf_ram.memory[388][1],$auto$ff.cc:337:slice$8162,_9616_,_9616_/D,_8476_,_8476_/D
serv,rf_ram.memory[387][0],$auto$ff.cc:337:slice$8163,_9865_,_9865_/D,_8725_,_8725_/D
serv,rf_ram.memory[387][1],$auto$ff.cc:337:slice$8164,_9615_,_9615_/D,_8475_,_8475_/D
serv,rf_ram.memory[386][0],$auto$ff.cc:337:slice$8165,_9866_,_9866_/D,_8726_,_8726_/D
serv,rf_ram.memory[386][1],$auto$ff.cc:337:slice$8166,_9614_,_9614_/D,_8474_,_8474_/D
serv,rf_ram.memory[385][0],$auto$ff.cc:337:slice$8167,_9867_,_9867_/D,_8727_,_8727_/D
serv,rf_ram.memory[385][1],$auto$ff.cc:337:slice$8168,_9613_,_9613_/D,_8473_,_8473_/D
serv,rf_ram.memory[384][0],$auto$ff.cc:337:slice$8169,_9868_,_9868_/D,_8728_,_8728_/D
serv,rf_ram.memory[384][1],$auto$ff.cc:337:slice$8170,_9612_,_9612_/D,_8472_,_8472_/D
serv,rf_ram.memory[383][0],$auto$ff.cc:337:slice$8171,_9869_,_9869_/D,_8729_,_8729_/D
serv,rf_ram.memory[383][1],$auto$ff.cc:337:slice$8172,_9611_,_9611_/D,_8471_,_8471_/D
serv,rf_ram.memory[382][0],$auto$ff.cc:337:slice$8173,_9870_,_9870_/D,_8730_,_8730_/D
serv,rf_ram.memory[382][1],$auto$ff.cc:337:slice$8174,_9610_,_9610_/D,_8470_,_8470_/D
serv,rf_ram.memory[381][0],$auto$ff.cc:337:slice$8175,_9871_,_9871_/D,_8731_,_8731_/D
serv,rf_ram.memory[381][1],$auto$ff.cc:337:slice$8176,_9609_,_9609_/D,_8469_,_8469_/D
serv,rf_ram.memory[380][0],$auto$ff.cc:337:slice$8177,_9872_,_9872_/D,_8732_,_8732_/D
serv,rf_ram.memory[380][1],$auto$ff.cc:337:slice$8178,_9608_,_9608_/D,_8468_,_8468_/D
serv,rf_ram.memory[379][0],$auto$ff.cc:337:slice$8179,_9873_,_9873_/D,_8733_,_8733_/D
serv,rf_ram.memory[379][1],$auto$ff.cc:337:slice$8180,_9607_,_9607_/D,_8467_,_8467_/D
serv,rf_ram.memory[378][0],$auto$ff.cc:337:slice$8181,_9874_,_9874_/D,_8734_,_8734_/D
serv,rf_ram.memory[378][1],$auto$ff.cc:337:slice$8182,_9606_,_9606_/D,_8466_,_8466_/D
serv,rf_ram.memory[377][0],$auto$ff.cc:337:slice$8183,_9875_,_9875_/D,_8735_,_8735_/D
serv,rf_ram.memory[377][1],$auto$ff.cc:337:slice$8184,_9605_,_9605_/D,_8465_,_8465_/D
serv,rf_ram.memory[376][0],$auto$ff.cc:337:slice$8185,_9876_,_9876_/D,_8736_,_8736_/D
serv,rf_ram.memory[376][1],$auto$ff.cc:337:slice$8186,_9604_,_9604_/D,_8464_,_8464_/D
serv,rf_ram.memory[375][0],$auto$ff.cc:337:slice$8187,_9877_,_9877_/D,_8737_,_8737_/D
serv,rf_ram.memory[375][1],$auto$ff.cc:337:slice$8188,_9603_,_9603_/D,_8463_,_8463_/D
serv,rf_ram.memory[374][0],$auto$ff.cc:337:slice$8189,_9878_,_9878_/D,_8738_,_8738_/D
serv,rf_ram.memory[374][1],$auto$ff.cc:337:slice$8190,_9602_,_9602_/D,_8462_,_8462_/D
serv,rf_ram.memory[373][0],$auto$ff.cc:337:slice$8191,_9879_,_9879_/D,_8739_,_8739_/D
serv,rf_ram.memory[373][1],$auto$ff.cc:337:slice$8192,_9601_,_9601_/D,_8461_,_8461_/D
serv,rf_ram.memory[372][0],$auto$ff.cc:337:slice$8193,_9880_,_9880_/D,_8740_,_8740_/D
serv,rf_ram.memory[372][1],$auto$ff.cc:337:slice$8194,_9600_,_9600_/D,_8460_,_8460_/D
serv,rf_ram.memory[371][0],$auto$ff.cc:337:slice$8195,_9881_,_9881_/D,_8741_,_8741_/D
serv,rf_ram.memory[371][1],$auto$ff.cc:337:slice$8196,_9599_,_9599_/D,_8459_,_8459_/D
serv,rf_ram.memory[370][0],$auto$ff.cc:337:slice$8197,_9882_,_9882_/D,_8742_,_8742_/D
serv,rf_ram.memory[370][1],$auto$ff.cc:337:slice$8198,_9598_,_9598_/D,_8458_,_8458_/D
serv,rf_ram.memory[369][0],$auto$ff.cc:337:slice$8199,_9883_,_9883_/D,_8743_,_8743_/D
serv,rf_ram.memory[369][1],$auto$ff.cc:337:slice$8200,_9597_,_9597_/D,_8457_,_8457_/D
serv,rf_ram.memory[368][0],$auto$ff.cc:337:slice$8201,_9884_,_9884_/D,_8744_,_8744_/D
serv,rf_ram.memory[368][1],$auto$ff.cc:337:slice$8202,_9596_,_9596_/D,_8456_,_8456_/D
serv,rf_ram.memory[367][0],$auto$ff.cc:337:slice$8203,_9885_,_9885_/D,_8745_,_8745_/D
serv,rf_ram.memory[367][1],$auto$ff.cc:337:slice$8204,_9595_,_9595_/D,_8455_,_8455_/D
serv,rf_ram.memory[366][0],$auto$ff.cc:337:slice$8205,_9886_,_9886_/D,_8746_,_8746_/D
serv,rf_ram.memory[366][1],$auto$ff.cc:337:slice$8206,_9594_,_9594_/D,_8454_,_8454_/D
serv,rf_ram.memory[365][0],$auto$ff.cc:337:slice$8207,_9887_,_9887_/D,_8747_,_8747_/D
serv,rf_ram.memory[365][1],$auto$ff.cc:337:slice$8208,_9593_,_9593_/D,_8453_,_8453_/D
serv,rf_ram.memory[364][0],$auto$ff.cc:337:slice$8209,_9888_,_9888_/D,_8748_,_8748_/D
serv,rf_ram.memory[364][1],$auto$ff.cc:337:slice$8210,_9592_,_9592_/D,_8452_,_8452_/D
serv,rf_ram.memory[363][0],$auto$ff.cc:337:slice$8211,_9889_,_9889_/D,_8749_,_8749_/D
serv,rf_ram.memory[363][1],$auto$ff.cc:337:slice$8212,_9591_,_9591_/D,_8451_,_8451_/D
serv,rf_ram.memory[362][0],$auto$ff.cc:337:slice$8213,_9890_,_9890_/D,_8750_,_8750_/D
serv,rf_ram.memory[362][1],$auto$ff.cc:337:slice$8214,_9590_,_9590_/D,_8450_,_8450_/D
serv,rf_ram.memory[361][0],$auto$ff.cc:337:slice$8215,_9891_,_9891_/D,_8751_,_8751_/D
serv,rf_ram.memory[361][1],$auto$ff.cc:337:slice$8216,_9589_,_9589_/D,_8449_,_8449_/D
serv,rf_ram.memory[360][0],$auto$ff.cc:337:slice$8217,_9892_,_9892_/D,_8752_,_8752_/D
serv,rf_ram.memory[360][1],$auto$ff.cc:337:slice$8218,_9588_,_9588_/D,_8448_,_8448_/D
serv,rf_ram.memory[359][0],$auto$ff.cc:337:slice$8219,_9893_,_9893_/D,_8753_,_8753_/D
serv,rf_ram.memory[359][1],$auto$ff.cc:337:slice$8220,_9587_,_9587_/D,_8447_,_8447_/D
serv,rf_ram.memory[358][0],$auto$ff.cc:337:slice$8221,_9894_,_9894_/D,_8754_,_8754_/D
serv,rf_ram.memory[358][1],$auto$ff.cc:337:slice$8222,_9586_,_9586_/D,_8446_,_8446_/D
serv,rf_ram.memory[357][0],$auto$ff.cc:337:slice$8223,_9895_,_9895_/D,_8755_,_8755_/D
serv,rf_ram.memory[357][1],$auto$ff.cc:337:slice$8224,_9585_,_9585_/D,_8445_,_8445_/D
serv,rf_ram.memory[356][0],$auto$ff.cc:337:slice$8225,_9896_,_9896_/D,_8756_,_8756_/D
serv,rf_ram.memory[356][1],$auto$ff.cc:337:slice$8226,_9584_,_9584_/D,_8444_,_8444_/D
serv,rf_ram.memory[355][0],$auto$ff.cc:337:slice$8227,_9897_,_9897_/D,_8757_,_8757_/D
serv,rf_ram.memory[355][1],$auto$ff.cc:337:slice$8228,_9583_,_9583_/D,_8443_,_8443_/D
serv,rf_ram.memory[354][0],$auto$ff.cc:337:slice$8229,_9898_,_9898_/D,_8758_,_8758_/D
serv,rf_ram.memory[354][1],$auto$ff.cc:337:slice$8230,_9582_,_9582_/D,_8442_,_8442_/D
serv,rf_ram.memory[353][0],$auto$ff.cc:337:slice$8231,_9899_,_9899_/D,_8759_,_8759_/D
serv,rf_ram.memory[353][1],$auto$ff.cc:337:slice$8232,_9581_,_9581_/D,_8441_,_8441_/D
serv,rf_ram.memory[352][0],$auto$ff.cc:337:slice$8233,_9900_,_9900_/D,_8760_,_8760_/D
serv,rf_ram.memory[352][1],$auto$ff.cc:337:slice$8234,_9580_,_9580_/D,_8440_,_8440_/D
serv,rf_ram.memory[351][0],$auto$ff.cc:337:slice$8235,_9901_,_9901_/D,_8761_,_8761_/D
serv,rf_ram.memory[351][1],$auto$ff.cc:337:slice$8236,_9579_,_9579_/D,_8439_,_8439_/D
serv,rf_ram.memory[350][0],$auto$ff.cc:337:slice$8237,_9902_,_9902_/D,_8762_,_8762_/D
serv,rf_ram.memory[350][1],$auto$ff.cc:337:slice$8238,_9578_,_9578_/D,_8438_,_8438_/D
serv,rf_ram.memory[349][0],$auto$ff.cc:337:slice$8239,_9903_,_9903_/D,_8763_,_8763_/D
serv,rf_ram.memory[349][1],$auto$ff.cc:337:slice$8240,_9577_,_9577_/D,_8437_,_8437_/D
serv,rf_ram.memory[348][0],$auto$ff.cc:337:slice$8241,_9904_,_9904_/D,_8764_,_8764_/D
serv,rf_ram.memory[348][1],$auto$ff.cc:337:slice$8242,_9576_,_9576_/D,_8436_,_8436_/D
serv,rf_ram.memory[347][0],$auto$ff.cc:337:slice$8243,_9905_,_9905_/D,_8765_,_8765_/D
serv,rf_ram.memory[347][1],$auto$ff.cc:337:slice$8244,_9575_,_9575_/D,_8435_,_8435_/D
serv,rf_ram.memory[346][0],$auto$ff.cc:337:slice$8245,_9906_,_9906_/D,_8766_,_8766_/D
serv,rf_ram.memory[346][1],$auto$ff.cc:337:slice$8246,_9574_,_9574_/D,_8434_,_8434_/D
serv,rf_ram.memory[345][0],$auto$ff.cc:337:slice$8247,_9907_,_9907_/D,_8767_,_8767_/D
serv,rf_ram.memory[345][1],$auto$ff.cc:337:slice$8248,_9573_,_9573_/D,_8433_,_8433_/D
serv,rf_ram.memory[344][0],$auto$ff.cc:337:slice$8249,_9908_,_9908_/D,_8768_,_8768_/D
serv,rf_ram.memory[344][1],$auto$ff.cc:337:slice$8250,_9572_,_9572_/D,_8432_,_8432_/D
serv,rf_ram.memory[343][0],$auto$ff.cc:337:slice$8251,_9909_,_9909_/D,_8769_,_8769_/D
serv,rf_ram.memory[343][1],$auto$ff.cc:337:slice$8252,_9571_,_9571_/D,_8431_,_8431_/D
serv,rf_ram.memory[342][0],$auto$ff.cc:337:slice$8253,_9910_,_9910_/D,_8770_,_8770_/D
serv,rf_ram.memory[342][1],$auto$ff.cc:337:slice$8254,_9570_,_9570_/D,_8430_,_8430_/D
serv,rf_ram.memory[341][0],$auto$ff.cc:337:slice$8255,_9911_,_9911_/D,_8771_,_8771_/D
serv,rf_ram.memory[341][1],$auto$ff.cc:337:slice$8256,_9569_,_9569_/D,_8429_,_8429_/D
serv,rf_ram.memory[340][0],$auto$ff.cc:337:slice$8257,_9912_,_9912_/D,_8772_,_8772_/D
serv,rf_ram.memory[340][1],$auto$ff.cc:337:slice$8258,_9568_,_9568_/D,_8428_,_8428_/D
serv,rf_ram.memory[339][0],$auto$ff.cc:337:slice$8259,_9913_,_9913_/D,_8773_,_8773_/D
serv,rf_ram.memory[339][1],$auto$ff.cc:337:slice$8260,_9567_,_9567_/D,_8427_,_8427_/D
serv,rf_ram.memory[338][0],$auto$ff.cc:337:slice$8261,_9914_,_9914_/D,_8774_,_8774_/D
serv,rf_ram.memory[338][1],$auto$ff.cc:337:slice$8262,_9566_,_9566_/D,_8426_,_8426_/D
serv,rf_ram.memory[337][0],$auto$ff.cc:337:slice$8263,_9915_,_9915_/D,_8775_,_8775_/D
serv,rf_ram.memory[337][1],$auto$ff.cc:337:slice$8264,_9565_,_9565_/D,_8425_,_8425_/D
serv,rf_ram.memory[336][0],$auto$ff.cc:337:slice$8265,_9916_,_9916_/D,_8776_,_8776_/D
serv,rf_ram.memory[336][1],$auto$ff.cc:337:slice$8266,_9564_,_9564_/D,_8424_,_8424_/D
serv,rf_ram.memory[335][0],$auto$ff.cc:337:slice$8267,_9917_,_9917_/D,_8777_,_8777_/D
serv,rf_ram.memory[335][1],$auto$ff.cc:337:slice$8268,_9563_,_9563_/D,_8423_,_8423_/D
serv,rf_ram.memory[334][0],$auto$ff.cc:337:slice$8269,_9918_,_9918_/D,_8778_,_8778_/D
serv,rf_ram.memory[334][1],$auto$ff.cc:337:slice$8270,_9562_,_9562_/D,_8422_,_8422_/D
serv,rf_ram.memory[333][0],$auto$ff.cc:337:slice$8271,_9919_,_9919_/D,_8779_,_8779_/D
serv,rf_ram.memory[333][1],$auto$ff.cc:337:slice$8272,_9561_,_9561_/D,_8421_,_8421_/D
serv,rf_ram.memory[332][0],$auto$ff.cc:337:slice$8273,_9920_,_9920_/D,_8780_,_8780_/D
serv,rf_ram.memory[332][1],$auto$ff.cc:337:slice$8274,_9560_,_9560_/D,_8420_,_8420_/D
serv,rf_ram.memory[331][0],$auto$ff.cc:337:slice$8275,_9921_,_9921_/D,_8781_,_8781_/D
serv,rf_ram.memory[331][1],$auto$ff.cc:337:slice$8276,_9559_,_9559_/D,_8419_,_8419_/D
serv,rf_ram.memory[330][0],$auto$ff.cc:337:slice$8277,_9922_,_9922_/D,_8782_,_8782_/D
serv,rf_ram.memory[330][1],$auto$ff.cc:337:slice$8278,_9558_,_9558_/D,_8418_,_8418_/D
serv,rf_ram.memory[329][0],$auto$ff.cc:337:slice$8279,_9923_,_9923_/D,_8783_,_8783_/D
serv,rf_ram.memory[329][1],$auto$ff.cc:337:slice$8280,_9557_,_9557_/D,_8417_,_8417_/D
serv,rf_ram.memory[328][0],$auto$ff.cc:337:slice$8281,_9924_,_9924_/D,_8784_,_8784_/D
serv,rf_ram.memory[328][1],$auto$ff.cc:337:slice$8282,_9556_,_9556_/D,_8416_,_8416_/D
serv,rf_ram.memory[327][0],$auto$ff.cc:337:slice$8283,_9925_,_9925_/D,_8785_,_8785_/D
serv,rf_ram.memory[327][1],$auto$ff.cc:337:slice$8284,_9555_,_9555_/D,_8415_,_8415_/D
serv,rf_ram.memory[326][0],$auto$ff.cc:337:slice$8285,_9926_,_9926_/D,_8786_,_8786_/D
serv,rf_ram.memory[326][1],$auto$ff.cc:337:slice$8286,_9554_,_9554_/D,_8414_,_8414_/D
serv,rf_ram.memory[325][0],$auto$ff.cc:337:slice$8287,_9927_,_9927_/D,_8787_,_8787_/D
serv,rf_ram.memory[325][1],$auto$ff.cc:337:slice$8288,_9553_,_9553_/D,_8413_,_8413_/D
serv,rf_ram.memory[324][0],$auto$ff.cc:337:slice$8289,_9928_,_9928_/D,_8788_,_8788_/D
serv,rf_ram.memory[324][1],$auto$ff.cc:337:slice$8290,_9552_,_9552_/D,_8412_,_8412_/D
serv,rf_ram.memory[323][0],$auto$ff.cc:337:slice$8291,_9929_,_9929_/D,_8789_,_8789_/D
serv,rf_ram.memory[323][1],$auto$ff.cc:337:slice$8292,_9551_,_9551_/D,_8411_,_8411_/D
serv,rf_ram.memory[322][0],$auto$ff.cc:337:slice$8293,_9930_,_9930_/D,_8790_,_8790_/D
serv,rf_ram.memory[322][1],$auto$ff.cc:337:slice$8294,_9550_,_9550_/D,_8410_,_8410_/D
serv,rf_ram.memory[321][0],$auto$ff.cc:337:slice$8295,_9931_,_9931_/D,_8791_,_8791_/D
serv,rf_ram.memory[321][1],$auto$ff.cc:337:slice$8296,_9549_,_9549_/D,_8409_,_8409_/D
serv,rf_ram.memory[320][0],$auto$ff.cc:337:slice$8297,_9932_,_9932_/D,_8792_,_8792_/D
serv,rf_ram.memory[320][1],$auto$ff.cc:337:slice$8298,_9548_,_9548_/D,_8408_,_8408_/D
serv,rf_ram.memory[319][0],$auto$ff.cc:337:slice$8299,_9933_,_9933_/D,_8793_,_8793_/D
serv,rf_ram.memory[319][1],$auto$ff.cc:337:slice$8300,_9547_,_9547_/D,_8407_,_8407_/D
serv,rf_ram.memory[318][0],$auto$ff.cc:337:slice$8301,_9934_,_9934_/D,_8794_,_8794_/D
serv,rf_ram.memory[318][1],$auto$ff.cc:337:slice$8302,_9546_,_9546_/D,_8406_,_8406_/D
serv,rf_ram.memory[317][0],$auto$ff.cc:337:slice$8303,_9935_,_9935_/D,_8795_,_8795_/D
serv,rf_ram.memory[317][1],$auto$ff.cc:337:slice$8304,_9545_,_9545_/D,_8405_,_8405_/D
serv,rf_ram.memory[316][0],$auto$ff.cc:337:slice$8305,_9936_,_9936_/D,_8796_,_8796_/D
serv,rf_ram.memory[316][1],$auto$ff.cc:337:slice$8306,_9544_,_9544_/D,_8404_,_8404_/D
serv,rf_ram.memory[315][0],$auto$ff.cc:337:slice$8307,_9937_,_9937_/D,_8797_,_8797_/D
serv,rf_ram.memory[315][1],$auto$ff.cc:337:slice$8308,_9543_,_9543_/D,_8403_,_8403_/D
serv,rf_ram.memory[314][0],$auto$ff.cc:337:slice$8309,_9938_,_9938_/D,_8798_,_8798_/D
serv,rf_ram.memory[314][1],$auto$ff.cc:337:slice$8310,_9542_,_9542_/D,_8402_,_8402_/D
serv,rf_ram.memory[313][0],$auto$ff.cc:337:slice$8311,_9939_,_9939_/D,_8799_,_8799_/D
serv,rf_ram.memory[313][1],$auto$ff.cc:337:slice$8312,_9541_,_9541_/D,_8401_,_8401_/D
serv,rf_ram.memory[312][0],$auto$ff.cc:337:slice$8313,_9940_,_9940_/D,_8800_,_8800_/D
serv,rf_ram.memory[312][1],$auto$ff.cc:337:slice$8314,_9540_,_9540_/D,_8400_,_8400_/D
serv,rf_ram.memory[311][0],$auto$ff.cc:337:slice$8315,_9941_,_9941_/D,_8801_,_8801_/D
serv,rf_ram.memory[311][1],$auto$ff.cc:337:slice$8316,_9539_,_9539_/D,_8399_,_8399_/D
serv,rf_ram.memory[310][0],$auto$ff.cc:337:slice$8317,_9942_,_9942_/D,_8802_,_8802_/D
serv,rf_ram.memory[310][1],$auto$ff.cc:337:slice$8318,_9538_,_9538_/D,_8398_,_8398_/D
serv,rf_ram.memory[309][0],$auto$ff.cc:337:slice$8319,_9943_,_9943_/D,_8803_,_8803_/D
serv,rf_ram.memory[309][1],$auto$ff.cc:337:slice$8320,_9537_,_9537_/D,_8397_,_8397_/D
serv,rf_ram.memory[308][0],$auto$ff.cc:337:slice$8321,_9944_,_9944_/D,_8804_,_8804_/D
serv,rf_ram.memory[308][1],$auto$ff.cc:337:slice$8322,_9536_,_9536_/D,_8396_,_8396_/D
serv,rf_ram.memory[307][0],$auto$ff.cc:337:slice$8323,_9945_,_9945_/D,_8805_,_8805_/D
serv,rf_ram.memory[307][1],$auto$ff.cc:337:slice$8324,_9535_,_9535_/D,_8395_,_8395_/D
serv,rf_ram.memory[306][0],$auto$ff.cc:337:slice$8325,_9946_,_9946_/D,_8806_,_8806_/D
serv,rf_ram.memory[306][1],$auto$ff.cc:337:slice$8326,_9534_,_9534_/D,_8394_,_8394_/D
serv,rf_ram.memory[305][0],$auto$ff.cc:337:slice$8327,_9947_,_9947_/D,_8807_,_8807_/D
serv,rf_ram.memory[305][1],$auto$ff.cc:337:slice$8328,_9533_,_9533_/D,_8393_,_8393_/D
serv,rf_ram.memory[304][0],$auto$ff.cc:337:slice$8329,_9948_,_9948_/D,_8808_,_8808_/D
serv,rf_ram.memory[304][1],$auto$ff.cc:337:slice$8330,_9532_,_9532_/D,_8392_,_8392_/D
serv,rf_ram.memory[303][0],$auto$ff.cc:337:slice$8331,_9949_,_9949_/D,_8809_,_8809_/D
serv,rf_ram.memory[303][1],$auto$ff.cc:337:slice$8332,_9531_,_9531_/D,_8391_,_8391_/D
serv,rf_ram.memory[302][0],$auto$ff.cc:337:slice$8333,_9950_,_9950_/D,_8810_,_8810_/D
serv,rf_ram.memory[302][1],$auto$ff.cc:337:slice$8334,_9530_,_9530_/D,_8390_,_8390_/D
serv,rf_ram.memory[301][0],$auto$ff.cc:337:slice$8335,_9951_,_9951_/D,_8811_,_8811_/D
serv,rf_ram.memory[301][1],$auto$ff.cc:337:slice$8336,_9529_,_9529_/D,_8389_,_8389_/D
serv,rf_ram.memory[300][0],$auto$ff.cc:337:slice$8337,_9952_,_9952_/D,_8812_,_8812_/D
serv,rf_ram.memory[300][1],$auto$ff.cc:337:slice$8338,_9528_,_9528_/D,_8388_,_8388_/D
serv,rf_ram.memory[299][0],$auto$ff.cc:337:slice$8339,_9953_,_9953_/D,_8813_,_8813_/D
serv,rf_ram.memory[299][1],$auto$ff.cc:337:slice$8340,_9527_,_9527_/D,_8387_,_8387_/D
serv,rf_ram.memory[298][0],$auto$ff.cc:337:slice$8341,_9954_,_9954_/D,_8814_,_8814_/D
serv,rf_ram.memory[298][1],$auto$ff.cc:337:slice$8342,_9526_,_9526_/D,_8386_,_8386_/D
serv,rf_ram.memory[297][0],$auto$ff.cc:337:slice$8343,_9955_,_9955_/D,_8815_,_8815_/D
serv,rf_ram.memory[297][1],$auto$ff.cc:337:slice$8344,_9525_,_9525_/D,_8385_,_8385_/D
serv,rf_ram.memory[296][0],$auto$ff.cc:337:slice$8345,_9956_,_9956_/D,_8816_,_8816_/D
serv,rf_ram.memory[296][1],$auto$ff.cc:337:slice$8346,_9524_,_9524_/D,_8384_,_8384_/D
serv,rf_ram.memory[295][0],$auto$ff.cc:337:slice$8347,_9957_,_9957_/D,_8817_,_8817_/D
serv,rf_ram.memory[295][1],$auto$ff.cc:337:slice$8348,_9523_,_9523_/D,_8383_,_8383_/D
serv,rf_ram.memory[294][0],$auto$ff.cc:337:slice$8349,_9958_,_9958_/D,_8818_,_8818_/D
serv,rf_ram.memory[294][1],$auto$ff.cc:337:slice$8350,_9522_,_9522_/D,_8382_,_8382_/D
serv,rf_ram.memory[293][0],$auto$ff.cc:337:slice$8351,_9959_,_9959_/D,_8819_,_8819_/D
serv,rf_ram.memory[293][1],$auto$ff.cc:337:slice$8352,_9521_,_9521_/D,_8381_,_8381_/D
serv,rf_ram.memory[292][0],$auto$ff.cc:337:slice$8353,_9960_,_9960_/D,_8820_,_8820_/D
serv,rf_ram.memory[292][1],$auto$ff.cc:337:slice$8354,_9520_,_9520_/D,_8380_,_8380_/D
serv,rf_ram.memory[291][0],$auto$ff.cc:337:slice$8355,_9961_,_9961_/D,_8821_,_8821_/D
serv,rf_ram.memory[291][1],$auto$ff.cc:337:slice$8356,_9519_,_9519_/D,_8379_,_8379_/D
serv,rf_ram.memory[290][0],$auto$ff.cc:337:slice$8357,_9962_,_9962_/D,_8822_,_8822_/D
serv,rf_ram.memory[290][1],$auto$ff.cc:337:slice$8358,_9518_,_9518_/D,_8378_,_8378_/D
serv,rf_ram.memory[289][0],$auto$ff.cc:337:slice$8359,_9963_,_9963_/D,_8823_,_8823_/D
serv,rf_ram.memory[289][1],$auto$ff.cc:337:slice$8360,_9517_,_9517_/D,_8377_,_8377_/D
serv,rf_ram.memory[288][0],$auto$ff.cc:337:slice$8361,_9964_,_9964_/D,_8824_,_8824_/D
serv,rf_ram.memory[288][1],$auto$ff.cc:337:slice$8362,_9516_,_9516_/D,_8376_,_8376_/D
serv,rf_ram.memory[287][0],$auto$ff.cc:337:slice$8363,_9965_,_9965_/D,_8825_,_8825_/D
serv,rf_ram.memory[287][1],$auto$ff.cc:337:slice$8364,_9515_,_9515_/D,_8375_,_8375_/D
serv,rf_ram.memory[286][0],$auto$ff.cc:337:slice$8365,_9966_,_9966_/D,_8826_,_8826_/D
serv,rf_ram.memory[286][1],$auto$ff.cc:337:slice$8366,_9514_,_9514_/D,_8374_,_8374_/D
serv,rf_ram.memory[285][0],$auto$ff.cc:337:slice$8367,_9967_,_9967_/D,_8827_,_8827_/D
serv,rf_ram.memory[285][1],$auto$ff.cc:337:slice$8368,_9513_,_9513_/D,_8373_,_8373_/D
serv,rf_ram.memory[284][0],$auto$ff.cc:337:slice$8369,_9968_,_9968_/D,_8828_,_8828_/D
serv,rf_ram.memory[284][1],$auto$ff.cc:337:slice$8370,_9512_,_9512_/D,_8372_,_8372_/D
serv,rf_ram.memory[283][0],$auto$ff.cc:337:slice$8371,_9969_,_9969_/D,_8829_,_8829_/D
serv,rf_ram.memory[283][1],$auto$ff.cc:337:slice$8372,_9511_,_9511_/D,_8371_,_8371_/D
serv,rf_ram.memory[282][0],$auto$ff.cc:337:slice$8373,_9970_,_9970_/D,_8830_,_8830_/D
serv,rf_ram.memory[282][1],$auto$ff.cc:337:slice$8374,_9510_,_9510_/D,_8370_,_8370_/D
serv,rf_ram.memory[281][0],$auto$ff.cc:337:slice$8375,_9971_,_9971_/D,_8831_,_8831_/D
serv,rf_ram.memory[281][1],$auto$ff.cc:337:slice$8376,_9509_,_9509_/D,_8369_,_8369_/D
serv,rf_ram.memory[280][0],$auto$ff.cc:337:slice$8377,_9972_,_9972_/D,_8832_,_8832_/D
serv,rf_ram.memory[280][1],$auto$ff.cc:337:slice$8378,_9508_,_9508_/D,_8368_,_8368_/D
serv,rf_ram.memory[279][0],$auto$ff.cc:337:slice$8379,_9973_,_9973_/D,_8833_,_8833_/D
serv,rf_ram.memory[279][1],$auto$ff.cc:337:slice$8380,_9507_,_9507_/D,_8367_,_8367_/D
serv,rf_ram.memory[278][0],$auto$ff.cc:337:slice$8381,_9974_,_9974_/D,_8834_,_8834_/D
serv,rf_ram.memory[278][1],$auto$ff.cc:337:slice$8382,_9506_,_9506_/D,_8366_,_8366_/D
serv,rf_ram.memory[277][0],$auto$ff.cc:337:slice$8383,_9975_,_9975_/D,_8835_,_8835_/D
serv,rf_ram.memory[277][1],$auto$ff.cc:337:slice$8384,_9505_,_9505_/D,_8365_,_8365_/D
serv,rf_ram.memory[276][0],$auto$ff.cc:337:slice$8385,_9976_,_9976_/D,_8836_,_8836_/D
serv,rf_ram.memory[276][1],$auto$ff.cc:337:slice$8386,_9504_,_9504_/D,_8364_,_8364_/D
serv,rf_ram.memory[275][0],$auto$ff.cc:337:slice$8387,_9977_,_9977_/D,_8837_,_8837_/D
serv,rf_ram.memory[275][1],$auto$ff.cc:337:slice$8388,_9503_,_9503_/D,_8363_,_8363_/D
serv,rf_ram.memory[274][0],$auto$ff.cc:337:slice$8389,_9978_,_9978_/D,_8838_,_8838_/D
serv,rf_ram.memory[274][1],$auto$ff.cc:337:slice$8390,_9502_,_9502_/D,_8362_,_8362_/D
serv,rf_ram.memory[273][0],$auto$ff.cc:337:slice$8391,_9979_,_9979_/D,_8839_,_8839_/D
serv,rf_ram.memory[273][1],$auto$ff.cc:337:slice$8392,_9501_,_9501_/D,_8361_,_8361_/D
serv,rf_ram.memory[272][0],$auto$ff.cc:337:slice$8393,_9980_,_9980_/D,_8840_,_8840_/D
serv,rf_ram.memory[272][1],$auto$ff.cc:337:slice$8394,_9500_,_9500_/D,_8360_,_8360_/D
serv,rf_ram.memory[271][0],$auto$ff.cc:337:slice$8395,_9981_,_9981_/D,_8841_,_8841_/D
serv,rf_ram.memory[271][1],$auto$ff.cc:337:slice$8396,_9499_,_9499_/D,_8359_,_8359_/D
serv,rf_ram.memory[270][0],$auto$ff.cc:337:slice$8397,_9982_,_9982_/D,_8842_,_8842_/D
serv,rf_ram.memory[270][1],$auto$ff.cc:337:slice$8398,_9498_,_9498_/D,_8358_,_8358_/D
serv,rf_ram.memory[269][0],$auto$ff.cc:337:slice$8399,_9983_,_9983_/D,_8843_,_8843_/D
serv,rf_ram.memory[269][1],$auto$ff.cc:337:slice$8400,_9497_,_9497_/D,_8357_,_8357_/D
serv,rf_ram.memory[268][0],$auto$ff.cc:337:slice$8401,_9984_,_9984_/D,_8844_,_8844_/D
serv,rf_ram.memory[268][1],$auto$ff.cc:337:slice$8402,_9496_,_9496_/D,_8356_,_8356_/D
serv,rf_ram.memory[267][0],$auto$ff.cc:337:slice$8403,_9985_,_9985_/D,_8845_,_8845_/D
serv,rf_ram.memory[267][1],$auto$ff.cc:337:slice$8404,_9495_,_9495_/D,_8355_,_8355_/D
serv,rf_ram.memory[266][0],$auto$ff.cc:337:slice$8405,_9986_,_9986_/D,_8846_,_8846_/D
serv,rf_ram.memory[266][1],$auto$ff.cc:337:slice$8406,_9494_,_9494_/D,_8354_,_8354_/D
serv,rf_ram.memory[265][0],$auto$ff.cc:337:slice$8407,_9987_,_9987_/D,_8847_,_8847_/D
serv,rf_ram.memory[265][1],$auto$ff.cc:337:slice$8408,_9493_,_9493_/D,_8353_,_8353_/D
serv,rf_ram.memory[264][0],$auto$ff.cc:337:slice$8409,_9988_,_9988_/D,_8848_,_8848_/D
serv,rf_ram.memory[264][1],$auto$ff.cc:337:slice$8410,_9492_,_9492_/D,_8352_,_8352_/D
serv,rf_ram.memory[263][0],$auto$ff.cc:337:slice$8411,_9989_,_9989_/D,_8849_,_8849_/D
serv,rf_ram.memory[263][1],$auto$ff.cc:337:slice$8412,_9491_,_9491_/D,_8351_,_8351_/D
serv,rf_ram.memory[262][0],$auto$ff.cc:337:slice$8413,_9990_,_9990_/D,_8850_,_8850_/D
serv,rf_ram.memory[262][1],$auto$ff.cc:337:slice$8414,_9490_,_9490_/D,_8350_,_8350_/D
serv,rf_ram.memory[261][0],$auto$ff.cc:337:slice$8415,_9991_,_9991_/D,_8851_,_8851_/D
serv,rf_ram.memory[261][1],$auto$ff.cc:337:slice$8416,_9489_,_9489_/D,_8349_,_8349_/D
serv,rf_ram.memory[260][0],$auto$ff.cc:337:slice$8417,_9992_,_9992_/D,_8852_,_8852_/D
serv,rf_ram.memory[260][1],$auto$ff.cc:337:slice$8418,_9488_,_9488_/D,_8348_,_8348_/D
serv,rf_ram.memory[259][0],$auto$ff.cc:337:slice$8419,_9993_,_9993_/D,_8853_,_8853_/D
serv,rf_ram.memory[259][1],$auto$ff.cc:337:slice$8420,_9487_,_9487_/D,_8347_,_8347_/D
serv,rf_ram.memory[258][0],$auto$ff.cc:337:slice$8421,_9994_,_9994_/D,_8854_,_8854_/D
serv,rf_ram.memory[258][1],$auto$ff.cc:337:slice$8422,_9486_,_9486_/D,_8346_,_8346_/D
serv,rf_ram.memory[257][0],$auto$ff.cc:337:slice$8423,_9995_,_9995_/D,_8855_,_8855_/D
serv,rf_ram.memory[257][1],$auto$ff.cc:337:slice$8424,_9485_,_9485_/D,_8345_,_8345_/D
serv,rf_ram.memory[256][0],$auto$ff.cc:337:slice$8425,_9996_,_9996_/D,_8856_,_8856_/D
serv,rf_ram.memory[256][1],$auto$ff.cc:337:slice$8426,_9484_,_9484_/D,_8344_,_8344_/D
serv,rf_ram.memory[255][0],$auto$ff.cc:337:slice$8427,_9997_,_9997_/D,_8857_,_8857_/D
serv,rf_ram.memory[255][1],$auto$ff.cc:337:slice$8428,_9483_,_9483_/D,_8343_,_8343_/D
serv,rf_ram.memory[254][0],$auto$ff.cc:337:slice$8429,_9998_,_9998_/D,_8858_,_8858_/D
serv,rf_ram.memory[254][1],$auto$ff.cc:337:slice$8430,_9482_,_9482_/D,_8342_,_8342_/D
serv,rf_ram.memory[253][0],$auto$ff.cc:337:slice$8431,_9999_,_9999_/D,_8859_,_8859_/D
serv,rf_ram.memory[253][1],$auto$ff.cc:337:slice$8432,_9481_,_9481_/D,_8341_,_8341_/D
serv,rf_ram.memory[252][0],$auto$ff.cc:337:slice$8433,_10000_,_10000_/D,_8860_,_8860_/D
serv,rf_ram.memory[252][1],$auto$ff.cc:337:slice$8434,_9480_,_9480_/D,_8340_,_8340_/D
serv,rf_ram.memory[251][0],$auto$ff.cc:337:slice$8435,_10001_,_10001_/D,_8861_,_8861_/D
serv,rf_ram.memory[251][1],$auto$ff.cc:337:slice$8436,_9479_,_9479_/D,_8339_,_8339_/D
serv,rf_ram.memory[250][0],$auto$ff.cc:337:slice$8437,_10002_,_10002_/D,_8862_,_8862_/D
serv,rf_ram.memory[250][1],$auto$ff.cc:337:slice$8438,_9478_,_9478_/D,_8338_,_8338_/D
serv,rf_ram.memory[249][0],$auto$ff.cc:337:slice$8439,_10003_,_10003_/D,_8863_,_8863_/D
serv,rf_ram.memory[249][1],$auto$ff.cc:337:slice$8440,_9477_,_9477_/D,_8337_,_8337_/D
serv,rf_ram.memory[248][0],$auto$ff.cc:337:slice$8441,_10004_,_10004_/D,_8864_,_8864_/D
serv,rf_ram.memory[248][1],$auto$ff.cc:337:slice$8442,_9476_,_9476_/D,_8336_,_8336_/D
serv,rf_ram.memory[247][0],$auto$ff.cc:337:slice$8443,_10005_,_10005_/D,_8865_,_8865_/D
serv,rf_ram.memory[247][1],$auto$ff.cc:337:slice$8444,_9475_,_9475_/D,_8335_,_8335_/D
serv,rf_ram.memory[246][0],$auto$ff.cc:337:slice$8445,_10006_,_10006_/D,_8866_,_8866_/D
serv,rf_ram.memory[246][1],$auto$ff.cc:337:slice$8446,_9474_,_9474_/D,_8334_,_8334_/D
serv,rf_ram.memory[245][0],$auto$ff.cc:337:slice$8447,_10007_,_10007_/D,_8867_,_8867_/D
serv,rf_ram.memory[245][1],$auto$ff.cc:337:slice$8448,_9473_,_9473_/D,_8333_,_8333_/D
serv,rf_ram.memory[244][0],$auto$ff.cc:337:slice$8449,_10008_,_10008_/D,_8868_,_8868_/D
serv,rf_ram.memory[244][1],$auto$ff.cc:337:slice$8450,_9472_,_9472_/D,_8332_,_8332_/D
serv,rf_ram.memory[243][0],$auto$ff.cc:337:slice$8451,_10009_,_10009_/D,_8869_,_8869_/D
serv,rf_ram.memory[243][1],$auto$ff.cc:337:slice$8452,_9471_,_9471_/D,_8331_,_8331_/D
serv,rf_ram.memory[242][0],$auto$ff.cc:337:slice$8453,_10010_,_10010_/D,_8870_,_8870_/D
serv,rf_ram.memory[242][1],$auto$ff.cc:337:slice$8454,_9470_,_9470_/D,_8330_,_8330_/D
serv,rf_ram.memory[241][0],$auto$ff.cc:337:slice$8455,_10011_,_10011_/D,_8871_,_8871_/D
serv,rf_ram.memory[241][1],$auto$ff.cc:337:slice$8456,_9469_,_9469_/D,_8329_,_8329_/D
serv,rf_ram.memory[240][0],$auto$ff.cc:337:slice$8457,_10012_,_10012_/D,_8872_,_8872_/D
serv,rf_ram.memory[240][1],$auto$ff.cc:337:slice$8458,_9468_,_9468_/D,_8328_,_8328_/D
serv,rf_ram.memory[239][0],$auto$ff.cc:337:slice$8459,_10013_,_10013_/D,_8873_,_8873_/D
serv,rf_ram.memory[239][1],$auto$ff.cc:337:slice$8460,_9467_,_9467_/D,_8327_,_8327_/D
serv,rf_ram.memory[238][0],$auto$ff.cc:337:slice$8461,_10014_,_10014_/D,_8874_,_8874_/D
serv,rf_ram.memory[238][1],$auto$ff.cc:337:slice$8462,_9466_,_9466_/D,_8326_,_8326_/D
serv,rf_ram.memory[237][0],$auto$ff.cc:337:slice$8463,_10015_,_10015_/D,_8875_,_8875_/D
serv,rf_ram.memory[237][1],$auto$ff.cc:337:slice$8464,_9465_,_9465_/D,_8325_,_8325_/D
serv,rf_ram.memory[236][0],$auto$ff.cc:337:slice$8465,_10016_,_10016_/D,_8876_,_8876_/D
serv,rf_ram.memory[236][1],$auto$ff.cc:337:slice$8466,_9464_,_9464_/D,_8324_,_8324_/D
serv,rf_ram.memory[235][0],$auto$ff.cc:337:slice$8467,_10017_,_10017_/D,_8877_,_8877_/D
serv,rf_ram.memory[235][1],$auto$ff.cc:337:slice$8468,_9463_,_9463_/D,_8323_,_8323_/D
serv,rf_ram.memory[234][0],$auto$ff.cc:337:slice$8469,_10018_,_10018_/D,_8878_,_8878_/D
serv,rf_ram.memory[234][1],$auto$ff.cc:337:slice$8470,_9462_,_9462_/D,_8322_,_8322_/D
serv,rf_ram.memory[233][0],$auto$ff.cc:337:slice$8471,_10019_,_10019_/D,_8879_,_8879_/D
serv,rf_ram.memory[233][1],$auto$ff.cc:337:slice$8472,_9461_,_9461_/D,_8321_,_8321_/D
serv,rf_ram.memory[232][0],$auto$ff.cc:337:slice$8473,_10020_,_10020_/D,_8880_,_8880_/D
serv,rf_ram.memory[232][1],$auto$ff.cc:337:slice$8474,_9460_,_9460_/D,_8320_,_8320_/D
serv,rf_ram.memory[231][0],$auto$ff.cc:337:slice$8475,_10021_,_10021_/D,_8881_,_8881_/D
serv,rf_ram.memory[231][1],$auto$ff.cc:337:slice$8476,_9459_,_9459_/D,_8319_,_8319_/D
serv,rf_ram.memory[230][0],$auto$ff.cc:337:slice$8477,_10022_,_10022_/D,_8882_,_8882_/D
serv,rf_ram.memory[230][1],$auto$ff.cc:337:slice$8478,_9458_,_9458_/D,_8318_,_8318_/D
serv,rf_ram.memory[229][0],$auto$ff.cc:337:slice$8479,_10023_,_10023_/D,_8883_,_8883_/D
serv,rf_ram.memory[229][1],$auto$ff.cc:337:slice$8480,_9457_,_9457_/D,_8317_,_8317_/D
serv,rf_ram.memory[228][0],$auto$ff.cc:337:slice$8481,_10024_,_10024_/D,_8884_,_8884_/D
serv,rf_ram.memory[228][1],$auto$ff.cc:337:slice$8482,_9456_,_9456_/D,_8316_,_8316_/D
serv,rf_ram.memory[227][0],$auto$ff.cc:337:slice$8483,_10025_,_10025_/D,_8885_,_8885_/D
serv,rf_ram.memory[227][1],$auto$ff.cc:337:slice$8484,_9455_,_9455_/D,_8315_,_8315_/D
serv,rf_ram.memory[226][0],$auto$ff.cc:337:slice$8485,_10026_,_10026_/D,_8886_,_8886_/D
serv,rf_ram.memory[226][1],$auto$ff.cc:337:slice$8486,_9454_,_9454_/D,_8314_,_8314_/D
serv,rf_ram.memory[225][0],$auto$ff.cc:337:slice$8487,_10027_,_10027_/D,_8887_,_8887_/D
serv,rf_ram.memory[225][1],$auto$ff.cc:337:slice$8488,_9453_,_9453_/D,_8313_,_8313_/D
serv,rf_ram.memory[224][0],$auto$ff.cc:337:slice$8489,_10028_,_10028_/D,_8888_,_8888_/D
serv,rf_ram.memory[224][1],$auto$ff.cc:337:slice$8490,_9452_,_9452_/D,_8312_,_8312_/D
serv,rf_ram.memory[223][0],$auto$ff.cc:337:slice$8491,_10029_,_10029_/D,_8889_,_8889_/D
serv,rf_ram.memory[223][1],$auto$ff.cc:337:slice$8492,_9451_,_9451_/D,_8311_,_8311_/D
serv,rf_ram.memory[222][0],$auto$ff.cc:337:slice$8493,_10030_,_10030_/D,_8890_,_8890_/D
serv,rf_ram.memory[222][1],$auto$ff.cc:337:slice$8494,_9450_,_9450_/D,_8310_,_8310_/D
serv,rf_ram.memory[221][0],$auto$ff.cc:337:slice$8495,_10031_,_10031_/D,_8891_,_8891_/D
serv,rf_ram.memory[221][1],$auto$ff.cc:337:slice$8496,_9449_,_9449_/D,_8309_,_8309_/D
serv,rf_ram.memory[220][0],$auto$ff.cc:337:slice$8497,_10032_,_10032_/D,_8892_,_8892_/D
serv,rf_ram.memory[220][1],$auto$ff.cc:337:slice$8498,_9448_,_9448_/D,_8308_,_8308_/D
serv,rf_ram.memory[219][0],$auto$ff.cc:337:slice$8499,_10033_,_10033_/D,_8893_,_8893_/D
serv,rf_ram.memory[219][1],$auto$ff.cc:337:slice$8500,_9447_,_9447_/D,_8307_,_8307_/D
serv,rf_ram.memory[218][0],$auto$ff.cc:337:slice$8501,_10034_,_10034_/D,_8894_,_8894_/D
serv,rf_ram.memory[218][1],$auto$ff.cc:337:slice$8502,_9446_,_9446_/D,_8306_,_8306_/D
serv,rf_ram.memory[217][0],$auto$ff.cc:337:slice$8503,_10035_,_10035_/D,_8895_,_8895_/D
serv,rf_ram.memory[217][1],$auto$ff.cc:337:slice$8504,_9445_,_9445_/D,_8305_,_8305_/D
serv,rf_ram.memory[216][0],$auto$ff.cc:337:slice$8505,_10036_,_10036_/D,_8896_,_8896_/D
serv,rf_ram.memory[216][1],$auto$ff.cc:337:slice$8506,_9444_,_9444_/D,_8304_,_8304_/D
serv,rf_ram.memory[215][0],$auto$ff.cc:337:slice$8507,_10037_,_10037_/D,_8897_,_8897_/D
serv,rf_ram.memory[215][1],$auto$ff.cc:337:slice$8508,_9443_,_9443_/D,_8303_,_8303_/D
serv,rf_ram.memory[214][0],$auto$ff.cc:337:slice$8509,_10038_,_10038_/D,_8898_,_8898_/D
serv,rf_ram.memory[214][1],$auto$ff.cc:337:slice$8510,_9442_,_9442_/D,_8302_,_8302_/D
serv,rf_ram.memory[213][0],$auto$ff.cc:337:slice$8511,_10039_,_10039_/D,_8899_,_8899_/D
serv,rf_ram.memory[213][1],$auto$ff.cc:337:slice$8512,_9441_,_9441_/D,_8301_,_8301_/D
serv,rf_ram.memory[212][0],$auto$ff.cc:337:slice$8513,_10040_,_10040_/D,_8900_,_8900_/D
serv,rf_ram.memory[212][1],$auto$ff.cc:337:slice$8514,_9440_,_9440_/D,_8300_,_8300_/D
serv,rf_ram.memory[211][0],$auto$ff.cc:337:slice$8515,_10041_,_10041_/D,_8901_,_8901_/D
serv,rf_ram.memory[211][1],$auto$ff.cc:337:slice$8516,_9439_,_9439_/D,_8299_,_8299_/D
serv,rf_ram.memory[210][0],$auto$ff.cc:337:slice$8517,_10042_,_10042_/D,_8902_,_8902_/D
serv,rf_ram.memory[210][1],$auto$ff.cc:337:slice$8518,_9438_,_9438_/D,_8298_,_8298_/D
serv,rf_ram.memory[209][0],$auto$ff.cc:337:slice$8519,_10043_,_10043_/D,_8903_,_8903_/D
serv,rf_ram.memory[209][1],$auto$ff.cc:337:slice$8520,_9437_,_9437_/D,_8297_,_8297_/D
serv,rf_ram.memory[208][0],$auto$ff.cc:337:slice$8521,_10044_,_10044_/D,_8904_,_8904_/D
serv,rf_ram.memory[208][1],$auto$ff.cc:337:slice$8522,_9436_,_9436_/D,_8296_,_8296_/D
serv,rf_ram.memory[207][0],$auto$ff.cc:337:slice$8523,_10045_,_10045_/D,_8905_,_8905_/D
serv,rf_ram.memory[207][1],$auto$ff.cc:337:slice$8524,_9435_,_9435_/D,_8295_,_8295_/D
serv,rf_ram.memory[206][0],$auto$ff.cc:337:slice$8525,_10046_,_10046_/D,_8906_,_8906_/D
serv,rf_ram.memory[206][1],$auto$ff.cc:337:slice$8526,_9434_,_9434_/D,_8294_,_8294_/D
serv,rf_ram.memory[205][0],$auto$ff.cc:337:slice$8527,_10047_,_10047_/D,_8907_,_8907_/D
serv,rf_ram.memory[205][1],$auto$ff.cc:337:slice$8528,_9433_,_9433_/D,_8293_,_8293_/D
serv,rf_ram.memory[204][0],$auto$ff.cc:337:slice$8529,_10048_,_10048_/D,_8908_,_8908_/D
serv,rf_ram.memory[204][1],$auto$ff.cc:337:slice$8530,_9432_,_9432_/D,_8292_,_8292_/D
serv,rf_ram.memory[203][0],$auto$ff.cc:337:slice$8531,_10049_,_10049_/D,_8909_,_8909_/D
serv,rf_ram.memory[203][1],$auto$ff.cc:337:slice$8532,_9431_,_9431_/D,_8291_,_8291_/D
serv,rf_ram.memory[202][0],$auto$ff.cc:337:slice$8533,_10050_,_10050_/D,_8910_,_8910_/D
serv,rf_ram.memory[202][1],$auto$ff.cc:337:slice$8534,_9430_,_9430_/D,_8290_,_8290_/D
serv,rf_ram.memory[201][0],$auto$ff.cc:337:slice$8535,_10051_,_10051_/D,_8911_,_8911_/D
serv,rf_ram.memory[201][1],$auto$ff.cc:337:slice$8536,_9429_,_9429_/D,_8289_,_8289_/D
serv,rf_ram.memory[200][0],$auto$ff.cc:337:slice$8537,_10052_,_10052_/D,_8912_,_8912_/D
serv,rf_ram.memory[200][1],$auto$ff.cc:337:slice$8538,_9428_,_9428_/D,_8288_,_8288_/D
serv,rf_ram.memory[199][0],$auto$ff.cc:337:slice$8539,_10053_,_10053_/D,_8913_,_8913_/D
serv,rf_ram.memory[199][1],$auto$ff.cc:337:slice$8540,_9427_,_9427_/D,_8287_,_8287_/D
serv,rf_ram.memory[198][0],$auto$ff.cc:337:slice$8541,_10054_,_10054_/D,_8914_,_8914_/D
serv,rf_ram.memory[198][1],$auto$ff.cc:337:slice$8542,_9426_,_9426_/D,_8286_,_8286_/D
serv,rf_ram.memory[197][0],$auto$ff.cc:337:slice$8543,_10055_,_10055_/D,_8915_,_8915_/D
serv,rf_ram.memory[197][1],$auto$ff.cc:337:slice$8544,_9425_,_9425_/D,_8285_,_8285_/D
serv,rf_ram.memory[196][0],$auto$ff.cc:337:slice$8545,_10056_,_10056_/D,_8916_,_8916_/D
serv,rf_ram.memory[196][1],$auto$ff.cc:337:slice$8546,_9424_,_9424_/D,_8284_,_8284_/D
serv,rf_ram.memory[195][0],$auto$ff.cc:337:slice$8547,_10057_,_10057_/D,_8917_,_8917_/D
serv,rf_ram.memory[195][1],$auto$ff.cc:337:slice$8548,_9423_,_9423_/D,_8283_,_8283_/D
serv,rf_ram.memory[194][0],$auto$ff.cc:337:slice$8549,_10058_,_10058_/D,_8918_,_8918_/D
serv,rf_ram.memory[194][1],$auto$ff.cc:337:slice$8550,_9422_,_9422_/D,_8282_,_8282_/D
serv,rf_ram.memory[193][0],$auto$ff.cc:337:slice$8551,_10059_,_10059_/D,_8919_,_8919_/D
serv,rf_ram.memory[193][1],$auto$ff.cc:337:slice$8552,_9421_,_9421_/D,_8281_,_8281_/D
serv,rf_ram.memory[192][0],$auto$ff.cc:337:slice$8553,_10060_,_10060_/D,_8920_,_8920_/D
serv,rf_ram.memory[192][1],$auto$ff.cc:337:slice$8554,_9420_,_9420_/D,_8280_,_8280_/D
serv,rf_ram.memory[191][0],$auto$ff.cc:337:slice$8555,_10061_,_10061_/D,_8921_,_8921_/D
serv,rf_ram.memory[191][1],$auto$ff.cc:337:slice$8556,_9419_,_9419_/D,_8279_,_8279_/D
serv,rf_ram.memory[190][0],$auto$ff.cc:337:slice$8557,_10062_,_10062_/D,_8922_,_8922_/D
serv,rf_ram.memory[190][1],$auto$ff.cc:337:slice$8558,_9418_,_9418_/D,_8278_,_8278_/D
serv,rf_ram.memory[189][0],$auto$ff.cc:337:slice$8559,_10063_,_10063_/D,_8923_,_8923_/D
serv,rf_ram.memory[189][1],$auto$ff.cc:337:slice$8560,_9417_,_9417_/D,_8277_,_8277_/D
serv,rf_ram.memory[188][0],$auto$ff.cc:337:slice$8561,_10064_,_10064_/D,_8924_,_8924_/D
serv,rf_ram.memory[188][1],$auto$ff.cc:337:slice$8562,_9416_,_9416_/D,_8276_,_8276_/D
serv,rf_ram.memory[187][0],$auto$ff.cc:337:slice$8563,_10065_,_10065_/D,_8925_,_8925_/D
serv,rf_ram.memory[187][1],$auto$ff.cc:337:slice$8564,_9415_,_9415_/D,_8275_,_8275_/D
serv,rf_ram.memory[186][0],$auto$ff.cc:337:slice$8565,_10066_,_10066_/D,_8926_,_8926_/D
serv,rf_ram.memory[186][1],$auto$ff.cc:337:slice$8566,_9414_,_9414_/D,_8274_,_8274_/D
serv,rf_ram.memory[185][0],$auto$ff.cc:337:slice$8567,_10067_,_10067_/D,_8927_,_8927_/D
serv,rf_ram.memory[185][1],$auto$ff.cc:337:slice$8568,_9413_,_9413_/D,_8273_,_8273_/D
serv,rf_ram.memory[184][0],$auto$ff.cc:337:slice$8569,_10068_,_10068_/D,_8928_,_8928_/D
serv,rf_ram.memory[184][1],$auto$ff.cc:337:slice$8570,_10602_,_10602_/D,_9462_,_9462_/D
serv,rf_ram.memory[183][0],$auto$ff.cc:337:slice$8571,_10069_,_10069_/D,_8929_,_8929_/D
serv,rf_ram.memory[183][1],$auto$ff.cc:337:slice$8572,_10601_,_10601_/D,_9461_,_9461_/D
serv,rf_ram.memory[182][0],$auto$ff.cc:337:slice$8573,_10070_,_10070_/D,_8930_,_8930_/D
serv,rf_ram.memory[182][1],$auto$ff.cc:337:slice$8574,_10600_,_10600_/D,_9460_,_9460_/D
serv,rf_ram.memory[181][0],$auto$ff.cc:337:slice$8575,_10071_,_10071_/D,_8931_,_8931_/D
serv,rf_ram.memory[181][1],$auto$ff.cc:337:slice$8576,_10599_,_10599_/D,_9459_,_9459_/D
serv,rf_ram.memory[180][0],$auto$ff.cc:337:slice$8577,_10072_,_10072_/D,_8932_,_8932_/D
serv,rf_ram.memory[180][1],$auto$ff.cc:337:slice$8578,_10598_,_10598_/D,_9458_,_9458_/D
serv,rf_ram.memory[179][0],$auto$ff.cc:337:slice$8579,_10073_,_10073_/D,_8933_,_8933_/D
serv,rf_ram.memory[179][1],$auto$ff.cc:337:slice$8580,_10597_,_10597_/D,_9457_,_9457_/D
serv,rf_ram.memory[178][0],$auto$ff.cc:337:slice$8581,_10074_,_10074_/D,_8934_,_8934_/D
serv,rf_ram.memory[178][1],$auto$ff.cc:337:slice$8582,_10596_,_10596_/D,_9456_,_9456_/D
serv,rf_ram.memory[177][0],$auto$ff.cc:337:slice$8583,_10075_,_10075_/D,_8935_,_8935_/D
serv,rf_ram.memory[177][1],$auto$ff.cc:337:slice$8584,_10595_,_10595_/D,_9455_,_9455_/D
serv,rf_ram.memory[176][0],$auto$ff.cc:337:slice$8585,_10076_,_10076_/D,_8936_,_8936_/D
serv,rf_ram.memory[176][1],$auto$ff.cc:337:slice$8586,_10594_,_10594_/D,_9454_,_9454_/D
serv,rf_ram.memory[175][0],$auto$ff.cc:337:slice$8587,_10077_,_10077_/D,_8937_,_8937_/D
serv,rf_ram.memory[175][1],$auto$ff.cc:337:slice$8588,_10593_,_10593_/D,_9453_,_9453_/D
serv,rf_ram.memory[174][0],$auto$ff.cc:337:slice$8589,_10078_,_10078_/D,_8938_,_8938_/D
serv,rf_ram.memory[174][1],$auto$ff.cc:337:slice$8590,_10592_,_10592_/D,_9452_,_9452_/D
serv,rf_ram.memory[173][0],$auto$ff.cc:337:slice$8591,_10079_,_10079_/D,_8939_,_8939_/D
serv,rf_ram.memory[173][1],$auto$ff.cc:337:slice$8592,_10591_,_10591_/D,_9451_,_9451_/D
serv,rf_ram.memory[172][0],$auto$ff.cc:337:slice$8593,_10080_,_10080_/D,_8940_,_8940_/D
serv,rf_ram.memory[172][1],$auto$ff.cc:337:slice$8594,_10590_,_10590_/D,_9450_,_9450_/D
serv,rf_ram.memory[171][0],$auto$ff.cc:337:slice$8595,_10081_,_10081_/D,_8941_,_8941_/D
serv,rf_ram.memory[171][1],$auto$ff.cc:337:slice$8596,_10589_,_10589_/D,_9449_,_9449_/D
serv,rf_ram.memory[170][0],$auto$ff.cc:337:slice$8597,_10082_,_10082_/D,_8942_,_8942_/D
serv,rf_ram.memory[170][1],$auto$ff.cc:337:slice$8598,_10588_,_10588_/D,_9448_,_9448_/D
serv,rf_ram.memory[169][0],$auto$ff.cc:337:slice$8599,_10083_,_10083_/D,_8943_,_8943_/D
serv,rf_ram.memory[169][1],$auto$ff.cc:337:slice$8600,_10587_,_10587_/D,_9447_,_9447_/D
serv,rf_ram.memory[168][0],$auto$ff.cc:337:slice$8601,_10084_,_10084_/D,_8944_,_8944_/D
serv,rf_ram.memory[168][1],$auto$ff.cc:337:slice$8602,_10586_,_10586_/D,_9446_,_9446_/D
serv,rf_ram.memory[167][0],$auto$ff.cc:337:slice$8603,_10085_,_10085_/D,_8945_,_8945_/D
serv,rf_ram.memory[167][1],$auto$ff.cc:337:slice$8604,_10585_,_10585_/D,_9445_,_9445_/D
serv,rf_ram.memory[166][0],$auto$ff.cc:337:slice$8605,_10086_,_10086_/D,_8946_,_8946_/D
serv,rf_ram.memory[166][1],$auto$ff.cc:337:slice$8606,_10584_,_10584_/D,_9444_,_9444_/D
serv,rf_ram.memory[165][0],$auto$ff.cc:337:slice$8607,_10087_,_10087_/D,_8947_,_8947_/D
serv,rf_ram.memory[165][1],$auto$ff.cc:337:slice$8608,_10583_,_10583_/D,_9443_,_9443_/D
serv,rf_ram.memory[164][0],$auto$ff.cc:337:slice$8609,_10088_,_10088_/D,_8948_,_8948_/D
serv,rf_ram.memory[164][1],$auto$ff.cc:337:slice$8610,_10582_,_10582_/D,_9442_,_9442_/D
serv,rf_ram.memory[163][0],$auto$ff.cc:337:slice$8611,_10089_,_10089_/D,_8949_,_8949_/D
serv,rf_ram.memory[163][1],$auto$ff.cc:337:slice$8612,_10581_,_10581_/D,_9441_,_9441_/D
serv,rf_ram.memory[162][0],$auto$ff.cc:337:slice$8613,_10090_,_10090_/D,_8950_,_8950_/D
serv,rf_ram.memory[162][1],$auto$ff.cc:337:slice$8614,_10580_,_10580_/D,_9440_,_9440_/D
serv,rf_ram.memory[161][0],$auto$ff.cc:337:slice$8615,_10091_,_10091_/D,_8951_,_8951_/D
serv,rf_ram.memory[161][1],$auto$ff.cc:337:slice$8616,_10579_,_10579_/D,_9439_,_9439_/D
serv,rf_ram.memory[160][0],$auto$ff.cc:337:slice$8617,_10092_,_10092_/D,_8952_,_8952_/D
serv,rf_ram.memory[160][1],$auto$ff.cc:337:slice$8618,_10578_,_10578_/D,_9438_,_9438_/D
serv,rf_ram.memory[159][0],$auto$ff.cc:337:slice$8619,_10093_,_10093_/D,_8953_,_8953_/D
serv,rf_ram.memory[159][1],$auto$ff.cc:337:slice$8620,_10577_,_10577_/D,_9437_,_9437_/D
serv,rf_ram.memory[158][0],$auto$ff.cc:337:slice$8621,_10094_,_10094_/D,_8954_,_8954_/D
serv,rf_ram.memory[158][1],$auto$ff.cc:337:slice$8622,_10576_,_10576_/D,_9436_,_9436_/D
serv,rf_ram.memory[157][0],$auto$ff.cc:337:slice$8623,_10095_,_10095_/D,_8955_,_8955_/D
serv,rf_ram.memory[157][1],$auto$ff.cc:337:slice$8624,_10575_,_10575_/D,_9435_,_9435_/D
serv,rf_ram.memory[156][0],$auto$ff.cc:337:slice$8625,_10096_,_10096_/D,_8956_,_8956_/D
serv,rf_ram.memory[156][1],$auto$ff.cc:337:slice$8626,_10574_,_10574_/D,_9434_,_9434_/D
serv,rf_ram.memory[155][0],$auto$ff.cc:337:slice$8627,_10097_,_10097_/D,_8957_,_8957_/D
serv,rf_ram.memory[155][1],$auto$ff.cc:337:slice$8628,_10573_,_10573_/D,_9433_,_9433_/D
serv,rf_ram.memory[154][0],$auto$ff.cc:337:slice$8629,_10098_,_10098_/D,_8958_,_8958_/D
serv,rf_ram.memory[154][1],$auto$ff.cc:337:slice$8630,_10572_,_10572_/D,_9432_,_9432_/D
serv,rf_ram.memory[153][0],$auto$ff.cc:337:slice$8631,_10099_,_10099_/D,_8959_,_8959_/D
serv,rf_ram.memory[153][1],$auto$ff.cc:337:slice$8632,_10571_,_10571_/D,_9431_,_9431_/D
serv,rf_ram.memory[152][0],$auto$ff.cc:337:slice$8633,_10100_,_10100_/D,_8960_,_8960_/D
serv,rf_ram.memory[152][1],$auto$ff.cc:337:slice$8634,_10570_,_10570_/D,_9430_,_9430_/D
serv,rf_ram.memory[151][0],$auto$ff.cc:337:slice$8635,_10101_,_10101_/D,_8961_,_8961_/D
serv,rf_ram.memory[151][1],$auto$ff.cc:337:slice$8636,_10569_,_10569_/D,_9429_,_9429_/D
serv,rf_ram.memory[150][0],$auto$ff.cc:337:slice$8637,_10102_,_10102_/D,_8962_,_8962_/D
serv,rf_ram.memory[150][1],$auto$ff.cc:337:slice$8638,_10568_,_10568_/D,_9428_,_9428_/D
serv,rf_ram.memory[149][0],$auto$ff.cc:337:slice$8639,_10103_,_10103_/D,_8963_,_8963_/D
serv,rf_ram.memory[149][1],$auto$ff.cc:337:slice$8640,_10567_,_10567_/D,_9427_,_9427_/D
serv,rf_ram.memory[148][0],$auto$ff.cc:337:slice$8641,_10104_,_10104_/D,_8964_,_8964_/D
serv,rf_ram.memory[148][1],$auto$ff.cc:337:slice$8642,_10566_,_10566_/D,_9426_,_9426_/D
serv,rf_ram.memory[147][0],$auto$ff.cc:337:slice$8643,_10105_,_10105_/D,_8965_,_8965_/D
serv,rf_ram.memory[147][1],$auto$ff.cc:337:slice$8644,_10565_,_10565_/D,_9425_,_9425_/D
serv,rf_ram.memory[146][0],$auto$ff.cc:337:slice$8645,_10106_,_10106_/D,_8966_,_8966_/D
serv,rf_ram.memory[146][1],$auto$ff.cc:337:slice$8646,_10564_,_10564_/D,_9424_,_9424_/D
serv,rf_ram.memory[145][0],$auto$ff.cc:337:slice$8647,_10107_,_10107_/D,_8967_,_8967_/D
serv,rf_ram.memory[145][1],$auto$ff.cc:337:slice$8648,_10562_,_10562_/D,_9422_,_9422_/D
serv,rf_ram.memory[144][0],$auto$ff.cc:337:slice$8649,_10108_,_10108_/D,_8968_,_8968_/D
serv,rf_ram.memory[144][1],$auto$ff.cc:337:slice$8650,_10561_,_10561_/D,_9421_,_9421_/D
serv,rf_ram.memory[143][0],$auto$ff.cc:337:slice$8651,_10109_,_10109_/D,_8969_,_8969_/D
serv,rf_ram.memory[143][1],$auto$ff.cc:337:slice$8652,_10560_,_10560_/D,_9420_,_9420_/D
serv,rf_ram.memory[142][0],$auto$ff.cc:337:slice$8653,_10110_,_10110_/D,_8970_,_8970_/D
serv,rf_ram.memory[142][1],$auto$ff.cc:337:slice$8654,_10559_,_10559_/D,_9419_,_9419_/D
serv,rf_ram.memory[141][0],$auto$ff.cc:337:slice$8655,_10111_,_10111_/D,_8971_,_8971_/D
serv,rf_ram.memory[141][1],$auto$ff.cc:337:slice$8656,_10557_,_10557_/D,_9417_,_9417_/D
serv,rf_ram.memory[140][0],$auto$ff.cc:337:slice$8657,_10112_,_10112_/D,_8972_,_8972_/D
serv,rf_ram.memory[140][1],$auto$ff.cc:337:slice$8658,_10556_,_10556_/D,_9416_,_9416_/D
serv,rf_ram.memory[139][0],$auto$ff.cc:337:slice$8659,_10113_,_10113_/D,_8973_,_8973_/D
serv,rf_ram.memory[139][1],$auto$ff.cc:337:slice$8660,_10555_,_10555_/D,_9415_,_9415_/D
serv,rf_ram.memory[138][0],$auto$ff.cc:337:slice$8661,_10114_,_10114_/D,_8974_,_8974_/D
serv,rf_ram.memory[138][1],$auto$ff.cc:337:slice$8662,_10554_,_10554_/D,_9414_,_9414_/D
serv,rf_ram.memory[137][0],$auto$ff.cc:337:slice$8663,_10115_,_10115_/D,_8975_,_8975_/D
serv,rf_ram.memory[137][1],$auto$ff.cc:337:slice$8664,_10553_,_10553_/D,_9413_,_9413_/D
serv,rf_ram.memory[136][0],$auto$ff.cc:337:slice$8665,_10116_,_10116_/D,_8976_,_8976_/D
serv,rf_ram.memory[136][1],$auto$ff.cc:337:slice$8666,_10552_,_10552_/D,_9412_,_9412_/D
serv,rf_ram.memory[135][0],$auto$ff.cc:337:slice$8667,_10117_,_10117_/D,_8977_,_8977_/D
serv,rf_ram.memory[135][1],$auto$ff.cc:337:slice$8668,_10551_,_10551_/D,_9411_,_9411_/D
serv,rf_ram.memory[134][0],$auto$ff.cc:337:slice$8669,_10118_,_10118_/D,_8978_,_8978_/D
serv,rf_ram.memory[134][1],$auto$ff.cc:337:slice$8670,_10550_,_10550_/D,_9410_,_9410_/D
serv,rf_ram.memory[133][0],$auto$ff.cc:337:slice$8671,_10119_,_10119_/D,_8979_,_8979_/D
serv,rf_ram.memory[133][1],$auto$ff.cc:337:slice$8672,_10549_,_10549_/D,_9409_,_9409_/D
serv,rf_ram.memory[132][0],$auto$ff.cc:337:slice$8673,_10120_,_10120_/D,_8980_,_8980_/D
serv,rf_ram.memory[132][1],$auto$ff.cc:337:slice$8674,_10548_,_10548_/D,_9408_,_9408_/D
serv,rf_ram.memory[131][0],$auto$ff.cc:337:slice$8675,_10121_,_10121_/D,_8981_,_8981_/D
serv,rf_ram.memory[131][1],$auto$ff.cc:337:slice$8676,_10547_,_10547_/D,_9407_,_9407_/D
serv,rf_ram.memory[130][0],$auto$ff.cc:337:slice$8677,_10122_,_10122_/D,_8982_,_8982_/D
serv,rf_ram.memory[130][1],$auto$ff.cc:337:slice$8678,_10546_,_10546_/D,_9406_,_9406_/D
serv,rf_ram.memory[129][0],$auto$ff.cc:337:slice$8679,_10123_,_10123_/D,_8983_,_8983_/D
serv,rf_ram.memory[129][1],$auto$ff.cc:337:slice$8680,_10545_,_10545_/D,_9405_,_9405_/D
serv,rf_ram.memory[128][0],$auto$ff.cc:337:slice$8681,_10124_,_10124_/D,_8984_,_8984_/D
serv,rf_ram.memory[128][1],$auto$ff.cc:337:slice$8682,_10544_,_10544_/D,_9404_,_9404_/D
serv,rf_ram.memory[127][0],$auto$ff.cc:337:slice$8683,_10125_,_10125_/D,_8985_,_8985_/D
serv,rf_ram.memory[127][1],$auto$ff.cc:337:slice$8684,_10543_,_10543_/D,_9403_,_9403_/D
serv,rf_ram.memory[126][0],$auto$ff.cc:337:slice$8685,_10126_,_10126_/D,_8986_,_8986_/D
serv,rf_ram.memory[126][1],$auto$ff.cc:337:slice$8686,_10542_,_10542_/D,_9402_,_9402_/D
serv,rf_ram.memory[125][0],$auto$ff.cc:337:slice$8687,_10127_,_10127_/D,_8987_,_8987_/D
serv,rf_ram.memory[125][1],$auto$ff.cc:337:slice$8688,_10541_,_10541_/D,_9401_,_9401_/D
serv,rf_ram.memory[124][0],$auto$ff.cc:337:slice$8689,_10128_,_10128_/D,_8988_,_8988_/D
serv,rf_ram.memory[124][1],$auto$ff.cc:337:slice$8690,_10540_,_10540_/D,_9400_,_9400_/D
serv,rf_ram.memory[123][0],$auto$ff.cc:337:slice$8691,_10129_,_10129_/D,_8989_,_8989_/D
serv,rf_ram.memory[123][1],$auto$ff.cc:337:slice$8692,_10539_,_10539_/D,_9399_,_9399_/D
serv,rf_ram.memory[122][0],$auto$ff.cc:337:slice$8693,_10130_,_10130_/D,_8990_,_8990_/D
serv,rf_ram.memory[122][1],$auto$ff.cc:337:slice$8694,_10538_,_10538_/D,_9398_,_9398_/D
serv,rf_ram.memory[121][0],$auto$ff.cc:337:slice$8695,_10131_,_10131_/D,_8991_,_8991_/D
serv,rf_ram.memory[121][1],$auto$ff.cc:337:slice$8696,_10537_,_10537_/D,_9397_,_9397_/D
serv,rf_ram.memory[120][0],$auto$ff.cc:337:slice$8697,_10132_,_10132_/D,_8992_,_8992_/D
serv,rf_ram.memory[120][1],$auto$ff.cc:337:slice$8698,_10536_,_10536_/D,_9396_,_9396_/D
serv,rf_ram.memory[119][0],$auto$ff.cc:337:slice$8699,_10133_,_10133_/D,_8993_,_8993_/D
serv,rf_ram.memory[119][1],$auto$ff.cc:337:slice$8700,_10535_,_10535_/D,_9395_,_9395_/D
serv,rf_ram.memory[118][0],$auto$ff.cc:337:slice$8701,_10134_,_10134_/D,_8994_,_8994_/D
serv,rf_ram.memory[118][1],$auto$ff.cc:337:slice$8702,_10534_,_10534_/D,_9394_,_9394_/D
serv,rf_ram.memory[117][0],$auto$ff.cc:337:slice$8703,_10135_,_10135_/D,_8995_,_8995_/D
serv,rf_ram.memory[117][1],$auto$ff.cc:337:slice$8704,_10533_,_10533_/D,_9393_,_9393_/D
serv,rf_ram.memory[116][0],$auto$ff.cc:337:slice$8705,_10136_,_10136_/D,_8996_,_8996_/D
serv,rf_ram.memory[116][1],$auto$ff.cc:337:slice$8706,_10532_,_10532_/D,_9392_,_9392_/D
serv,rf_ram.memory[115][0],$auto$ff.cc:337:slice$8707,_10137_,_10137_/D,_8997_,_8997_/D
serv,rf_ram.memory[115][1],$auto$ff.cc:337:slice$8708,_10531_,_10531_/D,_9391_,_9391_/D
serv,rf_ram.memory[114][0],$auto$ff.cc:337:slice$8709,_10138_,_10138_/D,_8998_,_8998_/D
serv,rf_ram.memory[114][1],$auto$ff.cc:337:slice$8710,_10530_,_10530_/D,_9390_,_9390_/D
serv,rf_ram.memory[113][0],$auto$ff.cc:337:slice$8711,_10139_,_10139_/D,_8999_,_8999_/D
serv,rf_ram.memory[113][1],$auto$ff.cc:337:slice$8712,_10529_,_10529_/D,_9389_,_9389_/D
serv,rf_ram.memory[112][0],$auto$ff.cc:337:slice$8713,_10140_,_10140_/D,_9000_,_9000_/D
serv,rf_ram.memory[112][1],$auto$ff.cc:337:slice$8714,_10528_,_10528_/D,_9388_,_9388_/D
serv,rf_ram.memory[111][0],$auto$ff.cc:337:slice$8715,_10141_,_10141_/D,_9001_,_9001_/D
serv,rf_ram.memory[111][1],$auto$ff.cc:337:slice$8716,_10527_,_10527_/D,_9387_,_9387_/D
serv,rf_ram.memory[110][0],$auto$ff.cc:337:slice$8717,_10142_,_10142_/D,_9002_,_9002_/D
serv,rf_ram.memory[110][1],$auto$ff.cc:337:slice$8718,_10526_,_10526_/D,_9386_,_9386_/D
serv,rf_ram.memory[109][0],$auto$ff.cc:337:slice$8719,_10143_,_10143_/D,_9003_,_9003_/D
serv,rf_ram.memory[109][1],$auto$ff.cc:337:slice$8720,_10525_,_10525_/D,_9385_,_9385_/D
serv,rf_ram.memory[108][0],$auto$ff.cc:337:slice$8721,_10144_,_10144_/D,_9004_,_9004_/D
serv,rf_ram.memory[108][1],$auto$ff.cc:337:slice$8722,_10524_,_10524_/D,_9384_,_9384_/D
serv,rf_ram.memory[107][0],$auto$ff.cc:337:slice$8723,_10145_,_10145_/D,_9005_,_9005_/D
serv,rf_ram.memory[107][1],$auto$ff.cc:337:slice$8724,_10523_,_10523_/D,_9383_,_9383_/D
serv,rf_ram.memory[106][0],$auto$ff.cc:337:slice$8725,_10146_,_10146_/D,_9006_,_9006_/D
serv,rf_ram.memory[106][1],$auto$ff.cc:337:slice$8726,_10522_,_10522_/D,_9382_,_9382_/D
serv,rf_ram.memory[105][0],$auto$ff.cc:337:slice$8727,_10147_,_10147_/D,_9007_,_9007_/D
serv,rf_ram.memory[105][1],$auto$ff.cc:337:slice$8728,_10521_,_10521_/D,_9381_,_9381_/D
serv,rf_ram.memory[104][0],$auto$ff.cc:337:slice$8729,_10148_,_10148_/D,_9008_,_9008_/D
serv,rf_ram.memory[104][1],$auto$ff.cc:337:slice$8730,_10520_,_10520_/D,_9380_,_9380_/D
serv,rf_ram.memory[103][0],$auto$ff.cc:337:slice$8731,_10149_,_10149_/D,_9009_,_9009_/D
serv,rf_ram.memory[103][1],$auto$ff.cc:337:slice$8732,_10519_,_10519_/D,_9379_,_9379_/D
serv,rf_ram.memory[102][0],$auto$ff.cc:337:slice$8733,_10150_,_10150_/D,_9010_,_9010_/D
serv,rf_ram.memory[102][1],$auto$ff.cc:337:slice$8734,_10518_,_10518_/D,_9378_,_9378_/D
serv,rf_ram.memory[101][0],$auto$ff.cc:337:slice$8735,_10151_,_10151_/D,_9011_,_9011_/D
serv,rf_ram.memory[101][1],$auto$ff.cc:337:slice$8736,_10515_,_10515_/D,_9375_,_9375_/D
serv,rf_ram.memory[100][0],$auto$ff.cc:337:slice$8737,_10152_,_10152_/D,_9012_,_9012_/D
serv,rf_ram.memory[100][1],$auto$ff.cc:337:slice$8738,_10514_,_10514_/D,_9374_,_9374_/D
serv,rf_ram.memory[99][0],$auto$ff.cc:337:slice$8739,_10153_,_10153_/D,_9013_,_9013_/D
serv,rf_ram.memory[99][1],$auto$ff.cc:337:slice$8740,_10513_,_10513_/D,_9373_,_9373_/D
serv,rf_ram.memory[98][0],$auto$ff.cc:337:slice$8741,_10154_,_10154_/D,_9014_,_9014_/D
serv,rf_ram.memory[98][1],$auto$ff.cc:337:slice$8742,_10511_,_10511_/D,_9371_,_9371_/D
serv,rf_ram.memory[97][0],$auto$ff.cc:337:slice$8743,_10155_,_10155_/D,_9015_,_9015_/D
serv,rf_ram.memory[97][1],$auto$ff.cc:337:slice$8744,_10510_,_10510_/D,_9370_,_9370_/D
serv,rf_ram.memory[96][0],$auto$ff.cc:337:slice$8745,_10156_,_10156_/D,_9016_,_9016_/D
serv,rf_ram.memory[96][1],$auto$ff.cc:337:slice$8746,_10509_,_10509_/D,_9369_,_9369_/D
serv,rf_ram.memory[95][0],$auto$ff.cc:337:slice$8747,_10157_,_10157_/D,_9017_,_9017_/D
serv,rf_ram.memory[95][1],$auto$ff.cc:337:slice$8748,_10508_,_10508_/D,_9368_,_9368_/D
serv,rf_ram.memory[94][0],$auto$ff.cc:337:slice$8749,_10158_,_10158_/D,_9018_,_9018_/D
serv,rf_ram.memory[94][1],$auto$ff.cc:337:slice$8750,_10507_,_10507_/D,_9367_,_9367_/D
serv,rf_ram.memory[93][0],$auto$ff.cc:337:slice$8751,_10159_,_10159_/D,_9019_,_9019_/D
serv,rf_ram.memory[93][1],$auto$ff.cc:337:slice$8752,_10506_,_10506_/D,_9366_,_9366_/D
serv,rf_ram.memory[92][0],$auto$ff.cc:337:slice$8753,_10160_,_10160_/D,_9020_,_9020_/D
serv,rf_ram.memory[92][1],$auto$ff.cc:337:slice$8754,_10505_,_10505_/D,_9365_,_9365_/D
serv,rf_ram.memory[91][0],$auto$ff.cc:337:slice$8755,_10161_,_10161_/D,_9021_,_9021_/D
serv,rf_ram.memory[91][1],$auto$ff.cc:337:slice$8756,_10504_,_10504_/D,_9364_,_9364_/D
serv,rf_ram.memory[90][0],$auto$ff.cc:337:slice$8757,_10162_,_10162_/D,_9022_,_9022_/D
serv,rf_ram.memory[90][1],$auto$ff.cc:337:slice$8758,_10503_,_10503_/D,_9363_,_9363_/D
serv,rf_ram.memory[89][0],$auto$ff.cc:337:slice$8759,_10163_,_10163_/D,_9023_,_9023_/D
serv,rf_ram.memory[89][1],$auto$ff.cc:337:slice$8760,_10502_,_10502_/D,_9362_,_9362_/D
serv,rf_ram.memory[88][0],$auto$ff.cc:337:slice$8761,_10164_,_10164_/D,_9024_,_9024_/D
serv,rf_ram.memory[88][1],$auto$ff.cc:337:slice$8762,_10501_,_10501_/D,_9361_,_9361_/D
serv,rf_ram.memory[87][0],$auto$ff.cc:337:slice$8763,_10165_,_10165_/D,_9025_,_9025_/D
serv,rf_ram.memory[87][1],$auto$ff.cc:337:slice$8764,_10500_,_10500_/D,_9360_,_9360_/D
serv,rf_ram.memory[86][0],$auto$ff.cc:337:slice$8765,_10166_,_10166_/D,_9026_,_9026_/D
serv,rf_ram.memory[86][1],$auto$ff.cc:337:slice$8766,_10499_,_10499_/D,_9359_,_9359_/D
serv,rf_ram.memory[85][0],$auto$ff.cc:337:slice$8767,_10167_,_10167_/D,_9027_,_9027_/D
serv,rf_ram.memory[85][1],$auto$ff.cc:337:slice$8768,_10498_,_10498_/D,_9358_,_9358_/D
serv,rf_ram.memory[84][0],$auto$ff.cc:337:slice$8769,_10168_,_10168_/D,_9028_,_9028_/D
serv,rf_ram.memory[84][1],$auto$ff.cc:337:slice$8770,_10497_,_10497_/D,_9357_,_9357_/D
serv,rf_ram.memory[83][0],$auto$ff.cc:337:slice$8771,_10169_,_10169_/D,_9029_,_9029_/D
serv,rf_ram.memory[83][1],$auto$ff.cc:337:slice$8772,_10496_,_10496_/D,_9356_,_9356_/D
serv,rf_ram.memory[82][0],$auto$ff.cc:337:slice$8773,_10170_,_10170_/D,_9030_,_9030_/D
serv,rf_ram.memory[82][1],$auto$ff.cc:337:slice$8774,_10495_,_10495_/D,_9355_,_9355_/D
serv,rf_ram.memory[81][0],$auto$ff.cc:337:slice$8775,_10171_,_10171_/D,_9031_,_9031_/D
serv,rf_ram.memory[81][1],$auto$ff.cc:337:slice$8776,_10494_,_10494_/D,_9354_,_9354_/D
serv,rf_ram.memory[80][0],$auto$ff.cc:337:slice$8777,_10172_,_10172_/D,_9032_,_9032_/D
serv,rf_ram.memory[80][1],$auto$ff.cc:337:slice$8778,_10492_,_10492_/D,_9352_,_9352_/D
serv,rf_ram.memory[79][0],$auto$ff.cc:337:slice$8779,_10173_,_10173_/D,_9033_,_9033_/D
serv,rf_ram.memory[79][1],$auto$ff.cc:337:slice$8780,_10491_,_10491_/D,_9351_,_9351_/D
serv,rf_ram.memory[78][0],$auto$ff.cc:337:slice$8781,_10174_,_10174_/D,_9034_,_9034_/D
serv,rf_ram.memory[78][1],$auto$ff.cc:337:slice$8782,_10490_,_10490_/D,_9350_,_9350_/D
serv,rf_ram.memory[77][0],$auto$ff.cc:337:slice$8783,_10175_,_10175_/D,_9035_,_9035_/D
serv,rf_ram.memory[77][1],$auto$ff.cc:337:slice$8784,_10489_,_10489_/D,_9349_,_9349_/D
serv,rf_ram.memory[76][0],$auto$ff.cc:337:slice$8785,_10176_,_10176_/D,_9036_,_9036_/D
serv,rf_ram.memory[76][1],$auto$ff.cc:337:slice$8786,_10488_,_10488_/D,_9348_,_9348_/D
serv,rf_ram.memory[75][0],$auto$ff.cc:337:slice$8787,_10177_,_10177_/D,_9037_,_9037_/D
serv,rf_ram.memory[75][1],$auto$ff.cc:337:slice$8788,_10487_,_10487_/D,_9347_,_9347_/D
serv,rf_ram.memory[74][0],$auto$ff.cc:337:slice$8789,_10178_,_10178_/D,_9038_,_9038_/D
serv,rf_ram.memory[74][1],$auto$ff.cc:337:slice$8790,_10486_,_10486_/D,_9346_,_9346_/D
serv,rf_ram.memory[73][0],$auto$ff.cc:337:slice$8791,_10179_,_10179_/D,_9039_,_9039_/D
serv,rf_ram.memory[73][1],$auto$ff.cc:337:slice$8792,_10485_,_10485_/D,_9345_,_9345_/D
serv,rf_ram.memory[72][0],$auto$ff.cc:337:slice$8793,_10180_,_10180_/D,_9040_,_9040_/D
serv,rf_ram.memory[72][1],$auto$ff.cc:337:slice$8794,_10484_,_10484_/D,_9344_,_9344_/D
serv,rf_ram.memory[71][0],$auto$ff.cc:337:slice$8795,_10181_,_10181_/D,_9041_,_9041_/D
serv,rf_ram.memory[71][1],$auto$ff.cc:337:slice$8796,_10483_,_10483_/D,_9343_,_9343_/D
serv,rf_ram.memory[70][0],$auto$ff.cc:337:slice$8797,_10182_,_10182_/D,_9042_,_9042_/D
serv,rf_ram.memory[70][1],$auto$ff.cc:337:slice$8798,_10482_,_10482_/D,_9342_,_9342_/D
serv,rf_ram.memory[69][0],$auto$ff.cc:337:slice$8799,_10183_,_10183_/D,_9043_,_9043_/D
serv,rf_ram.memory[69][1],$auto$ff.cc:337:slice$8800,_10481_,_10481_/D,_9341_,_9341_/D
serv,rf_ram.memory[68][0],$auto$ff.cc:337:slice$8801,_10184_,_10184_/D,_9044_,_9044_/D
serv,rf_ram.memory[68][1],$auto$ff.cc:337:slice$8802,_10480_,_10480_/D,_9340_,_9340_/D
serv,rf_ram.memory[67][0],$auto$ff.cc:337:slice$8803,_10185_,_10185_/D,_9045_,_9045_/D
serv,rf_ram.memory[67][1],$auto$ff.cc:337:slice$8804,_10479_,_10479_/D,_9339_,_9339_/D
serv,rf_ram.memory[66][0],$auto$ff.cc:337:slice$8805,_10186_,_10186_/D,_9046_,_9046_/D
serv,rf_ram.memory[66][1],$auto$ff.cc:337:slice$8806,_10478_,_10478_/D,_9338_,_9338_/D
serv,rf_ram.memory[65][0],$auto$ff.cc:337:slice$8807,_10187_,_10187_/D,_9047_,_9047_/D
serv,rf_ram.memory[65][1],$auto$ff.cc:337:slice$8808,_10477_,_10477_/D,_9337_,_9337_/D
serv,rf_ram.memory[64][0],$auto$ff.cc:337:slice$8809,_10188_,_10188_/D,_9048_,_9048_/D
serv,rf_ram.memory[64][1],$auto$ff.cc:337:slice$8810,_10476_,_10476_/D,_9336_,_9336_/D
serv,rf_ram.memory[63][0],$auto$ff.cc:337:slice$8811,_10189_,_10189_/D,_9049_,_9049_/D
serv,rf_ram.memory[63][1],$auto$ff.cc:337:slice$8812,_10475_,_10475_/D,_9335_,_9335_/D
serv,rf_ram.memory[62][0],$auto$ff.cc:337:slice$8813,_10190_,_10190_/D,_9050_,_9050_/D
serv,rf_ram.memory[62][1],$auto$ff.cc:337:slice$8814,_10474_,_10474_/D,_9334_,_9334_/D
serv,rf_ram.memory[61][0],$auto$ff.cc:337:slice$8815,_10191_,_10191_/D,_9051_,_9051_/D
serv,rf_ram.memory[61][1],$auto$ff.cc:337:slice$8816,_10473_,_10473_/D,_9333_,_9333_/D
serv,rf_ram.memory[60][0],$auto$ff.cc:337:slice$8817,_10192_,_10192_/D,_9052_,_9052_/D
serv,rf_ram.memory[60][1],$auto$ff.cc:337:slice$8818,_10472_,_10472_/D,_9332_,_9332_/D
serv,rf_ram.memory[59][0],$auto$ff.cc:337:slice$8819,_10193_,_10193_/D,_9053_,_9053_/D
serv,rf_ram.memory[59][1],$auto$ff.cc:337:slice$8820,_10471_,_10471_/D,_9331_,_9331_/D
serv,rf_ram.memory[58][0],$auto$ff.cc:337:slice$8821,_10194_,_10194_/D,_9054_,_9054_/D
serv,rf_ram.memory[58][1],$auto$ff.cc:337:slice$8822,_10470_,_10470_/D,_9330_,_9330_/D
serv,rf_ram.memory[57][0],$auto$ff.cc:337:slice$8823,_10195_,_10195_/D,_9055_,_9055_/D
serv,rf_ram.memory[57][1],$auto$ff.cc:337:slice$8824,_10469_,_10469_/D,_9329_,_9329_/D
serv,rf_ram.memory[56][0],$auto$ff.cc:337:slice$8825,_10196_,_10196_/D,_9056_,_9056_/D
serv,rf_ram.memory[56][1],$auto$ff.cc:337:slice$8826,_10468_,_10468_/D,_9328_,_9328_/D
serv,rf_ram.memory[55][0],$auto$ff.cc:337:slice$8827,_10197_,_10197_/D,_9057_,_9057_/D
serv,rf_ram.memory[55][1],$auto$ff.cc:337:slice$8828,_10467_,_10467_/D,_9327_,_9327_/D
serv,rf_ram.memory[54][0],$auto$ff.cc:337:slice$8829,_10198_,_10198_/D,_9058_,_9058_/D
serv,rf_ram.memory[54][1],$auto$ff.cc:337:slice$8830,_10466_,_10466_/D,_9326_,_9326_/D
serv,rf_ram.memory[53][0],$auto$ff.cc:337:slice$8831,_10199_,_10199_/D,_9059_,_9059_/D
serv,rf_ram.memory[53][1],$auto$ff.cc:337:slice$8832,_10465_,_10465_/D,_9325_,_9325_/D
serv,rf_ram.memory[52][0],$auto$ff.cc:337:slice$8833,_10200_,_10200_/D,_9060_,_9060_/D
serv,rf_ram.memory[52][1],$auto$ff.cc:337:slice$8834,_10464_,_10464_/D,_9324_,_9324_/D
serv,rf_ram.memory[51][0],$auto$ff.cc:337:slice$8835,_10201_,_10201_/D,_9061_,_9061_/D
serv,rf_ram.memory[51][1],$auto$ff.cc:337:slice$8836,_10463_,_10463_/D,_9323_,_9323_/D
serv,rf_ram.memory[50][0],$auto$ff.cc:337:slice$8837,_10202_,_10202_/D,_9062_,_9062_/D
serv,rf_ram.memory[50][1],$auto$ff.cc:337:slice$8838,_10462_,_10462_/D,_9322_,_9322_/D
serv,rf_ram.memory[49][0],$auto$ff.cc:337:slice$8839,_10203_,_10203_/D,_9063_,_9063_/D
serv,rf_ram.memory[49][1],$auto$ff.cc:337:slice$8840,_10461_,_10461_/D,_9321_,_9321_/D
serv,rf_ram.memory[48][0],$auto$ff.cc:337:slice$8841,_10204_,_10204_/D,_9064_,_9064_/D
serv,rf_ram.memory[48][1],$auto$ff.cc:337:slice$8842,_10460_,_10460_/D,_9320_,_9320_/D
serv,rf_ram.memory[47][0],$auto$ff.cc:337:slice$8843,_10205_,_10205_/D,_9065_,_9065_/D
serv,rf_ram.memory[47][1],$auto$ff.cc:337:slice$8844,_10459_,_10459_/D,_9319_,_9319_/D
serv,rf_ram.memory[46][0],$auto$ff.cc:337:slice$8845,_10206_,_10206_/D,_9066_,_9066_/D
serv,rf_ram.memory[46][1],$auto$ff.cc:337:slice$8846,_10458_,_10458_/D,_9318_,_9318_/D
serv,rf_ram.memory[45][0],$auto$ff.cc:337:slice$8847,_10207_,_10207_/D,_9067_,_9067_/D
serv,rf_ram.memory[45][1],$auto$ff.cc:337:slice$8848,_10457_,_10457_/D,_9317_,_9317_/D
serv,rf_ram.memory[44][0],$auto$ff.cc:337:slice$8849,_10208_,_10208_/D,_9068_,_9068_/D
serv,rf_ram.memory[44][1],$auto$ff.cc:337:slice$8850,_10456_,_10456_/D,_9316_,_9316_/D
serv,rf_ram.memory[43][0],$auto$ff.cc:337:slice$8851,_10209_,_10209_/D,_9069_,_9069_/D
serv,rf_ram.memory[43][1],$auto$ff.cc:337:slice$8852,_10455_,_10455_/D,_9315_,_9315_/D
serv,rf_ram.memory[42][0],$auto$ff.cc:337:slice$8853,_10210_,_10210_/D,_9070_,_9070_/D
serv,rf_ram.memory[42][1],$auto$ff.cc:337:slice$8854,_10454_,_10454_/D,_9314_,_9314_/D
serv,rf_ram.memory[41][0],$auto$ff.cc:337:slice$8855,_10211_,_10211_/D,_9071_,_9071_/D
serv,rf_ram.memory[41][1],$auto$ff.cc:337:slice$8856,_10453_,_10453_/D,_9313_,_9313_/D
serv,rf_ram.memory[40][0],$auto$ff.cc:337:slice$8857,_10212_,_10212_/D,_9072_,_9072_/D
serv,rf_ram.memory[40][1],$auto$ff.cc:337:slice$8858,_10452_,_10452_/D,_9312_,_9312_/D
serv,rf_ram.memory[39][0],$auto$ff.cc:337:slice$8859,_10213_,_10213_/D,_9073_,_9073_/D
serv,rf_ram.memory[39][1],$auto$ff.cc:337:slice$8860,_10451_,_10451_/D,_9311_,_9311_/D
serv,rf_ram.memory[38][0],$auto$ff.cc:337:slice$8861,_10214_,_10214_/D,_9074_,_9074_/D
serv,rf_ram.memory[38][1],$auto$ff.cc:337:slice$8862,_10450_,_10450_/D,_9310_,_9310_/D
serv,rf_ram.memory[37][0],$auto$ff.cc:337:slice$8863,_10215_,_10215_/D,_9075_,_9075_/D
serv,rf_ram.memory[37][1],$auto$ff.cc:337:slice$8864,_10449_,_10449_/D,_9309_,_9309_/D
serv,rf_ram.memory[36][0],$auto$ff.cc:337:slice$8865,_10216_,_10216_/D,_9076_,_9076_/D
serv,rf_ram.memory[36][1],$auto$ff.cc:337:slice$8866,_10448_,_10448_/D,_9308_,_9308_/D
serv,rf_ram.memory[35][0],$auto$ff.cc:337:slice$8867,_10217_,_10217_/D,_9077_,_9077_/D
serv,rf_ram.memory[35][1],$auto$ff.cc:337:slice$8868,_10447_,_10447_/D,_9307_,_9307_/D
serv,rf_ram.memory[34][0],$auto$ff.cc:337:slice$8869,_10218_,_10218_/D,_9078_,_9078_/D
serv,rf_ram.memory[34][1],$auto$ff.cc:337:slice$8870,_10445_,_10445_/D,_9305_,_9305_/D
serv,rf_ram.memory[33][0],$auto$ff.cc:337:slice$8871,_10219_,_10219_/D,_9079_,_9079_/D
serv,rf_ram.memory[33][1],$auto$ff.cc:337:slice$8872,_10444_,_10444_/D,_9304_,_9304_/D
serv,rf_ram.memory[32][0],$auto$ff.cc:337:slice$8873,_10220_,_10220_/D,_9080_,_9080_/D
serv,rf_ram.memory[32][1],$auto$ff.cc:337:slice$8874,_10443_,_10443_/D,_9303_,_9303_/D
serv,rf_ram.memory[31][0],$auto$ff.cc:337:slice$8875,_10221_,_10221_/D,_9081_,_9081_/D
serv,rf_ram.memory[31][1],$auto$ff.cc:337:slice$8876,_10442_,_10442_/D,_9302_,_9302_/D
serv,rf_ram.memory[30][0],$auto$ff.cc:337:slice$8877,_10222_,_10222_/D,_9082_,_9082_/D
serv,rf_ram.memory[30][1],$auto$ff.cc:337:slice$8878,_10441_,_10441_/D,_9301_,_9301_/D
serv,rf_ram.memory[29][0],$auto$ff.cc:337:slice$8879,_10223_,_10223_/D,_9083_,_9083_/D
serv,rf_ram.memory[29][1],$auto$ff.cc:337:slice$8880,_10440_,_10440_/D,_9300_,_9300_/D
serv,rf_ram.memory[28][0],$auto$ff.cc:337:slice$8881,_10224_,_10224_/D,_9084_,_9084_/D
serv,rf_ram.memory[28][1],$auto$ff.cc:337:slice$8882,_10439_,_10439_/D,_9299_,_9299_/D
serv,rf_ram.memory[27][0],$auto$ff.cc:337:slice$8883,_10225_,_10225_/D,_9085_,_9085_/D
serv,rf_ram.memory[27][1],$auto$ff.cc:337:slice$8884,_10438_,_10438_/D,_9298_,_9298_/D
serv,rf_ram.memory[26][0],$auto$ff.cc:337:slice$8885,_10226_,_10226_/D,_9086_,_9086_/D
serv,rf_ram.memory[26][1],$auto$ff.cc:337:slice$8886,_10437_,_10437_/D,_9297_,_9297_/D
serv,rf_ram.memory[25][0],$auto$ff.cc:337:slice$8887,_10227_,_10227_/D,_9087_,_9087_/D
serv,rf_ram.memory[25][1],$auto$ff.cc:337:slice$8888,_10436_,_10436_/D,_9296_,_9296_/D
serv,rf_ram.memory[24][0],$auto$ff.cc:337:slice$8889,_10228_,_10228_/D,_9088_,_9088_/D
serv,rf_ram.memory[24][1],$auto$ff.cc:337:slice$8890,_10435_,_10435_/D,_9295_,_9295_/D
serv,rf_ram.memory[23][0],$auto$ff.cc:337:slice$8891,_10229_,_10229_/D,_9089_,_9089_/D
serv,rf_ram.memory[23][1],$auto$ff.cc:337:slice$8892,_10434_,_10434_/D,_9294_,_9294_/D
serv,rf_ram.memory[22][0],$auto$ff.cc:337:slice$8893,_10230_,_10230_/D,_9090_,_9090_/D
serv,rf_ram.memory[22][1],$auto$ff.cc:337:slice$8894,_10433_,_10433_/D,_9293_,_9293_/D
serv,rf_ram.memory[21][0],$auto$ff.cc:337:slice$8895,_10231_,_10231_/D,_9091_,_9091_/D
serv,rf_ram.memory[21][1],$auto$ff.cc:337:slice$8896,_10432_,_10432_/D,_9292_,_9292_/D
serv,rf_ram.memory[20][0],$auto$ff.cc:337:slice$8897,_10232_,_10232_/D,_9092_,_9092_/D
serv,rf_ram.memory[20][1],$auto$ff.cc:337:slice$8898,_10431_,_10431_/D,_9291_,_9291_/D
serv,rf_ram.memory[19][0],$auto$ff.cc:337:slice$8899,_10233_,_10233_/D,_9093_,_9093_/D
serv,rf_ram.memory[19][1],$auto$ff.cc:337:slice$8900,_10430_,_10430_/D,_9290_,_9290_/D
serv,rf_ram.memory[18][0],$auto$ff.cc:337:slice$8901,_10234_,_10234_/D,_9094_,_9094_/D
serv,rf_ram.memory[18][1],$auto$ff.cc:337:slice$8902,_10429_,_10429_/D,_9289_,_9289_/D
serv,rf_ram.memory[17][0],$auto$ff.cc:337:slice$8903,_10235_,_10235_/D,_9095_,_9095_/D
serv,rf_ram.memory[17][1],$auto$ff.cc:337:slice$8904,_10428_,_10428_/D,_9288_,_9288_/D
serv,rf_ram.memory[16][0],$auto$ff.cc:337:slice$8905,_10236_,_10236_/D,_9096_,_9096_/D
serv,rf_ram.memory[16][1],$auto$ff.cc:337:slice$8906,_10427_,_10427_/D,_9287_,_9287_/D
serv,rf_ram.memory[15][0],$auto$ff.cc:337:slice$8907,_10237_,_10237_/D,_9097_,_9097_/D
serv,rf_ram.memory[15][1],$auto$ff.cc:337:slice$8908,_10426_,_10426_/D,_9286_,_9286_/D
serv,rf_ram.memory[14][0],$auto$ff.cc:337:slice$8909,_10238_,_10238_/D,_9098_,_9098_/D
serv,rf_ram.memory[14][1],$auto$ff.cc:337:slice$8910,_10425_,_10425_/D,_9285_,_9285_/D
serv,rf_ram.memory[13][0],$auto$ff.cc:337:slice$8911,_10239_,_10239_/D,_9099_,_9099_/D
serv,rf_ram.memory[13][1],$auto$ff.cc:337:slice$8912,_10424_,_10424_/D,_9284_,_9284_/D
serv,rf_ram.memory[12][0],$auto$ff.cc:337:slice$8913,_10240_,_10240_/D,_9100_,_9100_/D
serv,rf_ram.memory[12][1],$auto$ff.cc:337:slice$8914,_10423_,_10423_/D,_9283_,_9283_/D
serv,rf_ram.memory[11][0],$auto$ff.cc:337:slice$8915,_10241_,_10241_/D,_9101_,_9101_/D
serv,rf_ram.memory[11][1],$auto$ff.cc:337:slice$8916,_10422_,_10422_/D,_9282_,_9282_/D
serv,rf_ram.memory[10][0],$auto$ff.cc:337:slice$8917,_10242_,_10242_/D,_9102_,_9102_/D
serv,rf_ram.memory[10][1],$auto$ff.cc:337:slice$8918,_10421_,_10421_/D,_9281_,_9281_/D
serv,rf_ram.memory[9][0],$auto$ff.cc:337:slice$8919,_10243_,_10243_/D,_9103_,_9103_/D
serv,rf_ram.memory[9][1],$auto$ff.cc:337:slice$8920,_10420_,_10420_/D,_9280_,_9280_/D
serv,rf_ram.memory[8][0],$auto$ff.cc:337:slice$8921,_10244_,_10244_/D,_9104_,_9104_/D
serv,rf_ram.memory[8][1],$auto$ff.cc:337:slice$8922,_10419_,_10419_/D,_9279_,_9279_/D
serv,rf_ram.memory[7][0],$auto$ff.cc:337:slice$8923,_10245_,_10245_/D,_9105_,_9105_/D
serv,rf_ram.memory[7][1],$auto$ff.cc:337:slice$8924,_10418_,_10418_/D,_9278_,_9278_/D
serv,rf_ram.memory[6][0],$auto$ff.cc:337:slice$8925,_10246_,_10246_/D,_9106_,_9106_/D
serv,rf_ram.memory[6][1],$auto$ff.cc:337:slice$8926,_10417_,_10417_/D,_9277_,_9277_/D
serv,rf_ram.memory[5][0],$auto$ff.cc:337:slice$8927,_10247_,_10247_/D,_9107_,_9107_/D
serv,rf_ram.memory[5][1],$auto$ff.cc:337:slice$8928,_10416_,_10416_/D,_9276_,_9276_/D
serv,rf_ram.memory[4][0],$auto$ff.cc:337:slice$8929,_10248_,_10248_/D,_9108_,_9108_/D
serv,rf_ram.memory[4][1],$auto$ff.cc:337:slice$8930,_10415_,_10415_/D,_9275_,_9275_/D
serv,rf_ram.memory[3][0],$auto$ff.cc:337:slice$8931,_10249_,_10249_/D,_9109_,_9109_/D
serv,rf_ram.memory[3][1],$auto$ff.cc:337:slice$8932,_10414_,_10414_/D,_9274_,_9274_/D
serv,rf_ram.memory[2][0],$auto$ff.cc:337:slice$8933,_10250_,_10250_/D,_9110_,_9110_/D
serv,rf_ram.memory[2][1],$auto$ff.cc:337:slice$8934,_10413_,_10413_/D,_9273_,_9273_/D
serv,rf_ram.memory[1][0],$auto$ff.cc:337:slice$8935,_10251_,_10251_/D,_9111_,_9111_/D
serv,rf_ram.memory[1][1],$auto$ff.cc:337:slice$8936,_10412_,_10412_/D,_9272_,_9272_/D
serv,rf_ram.memory[0][0],$auto$ff.cc:337:slice$8937,_10252_,_10252_/D,_9112_,_9112_/D
serv,rf_ram.memory[0][1],$auto$ff.cc:337:slice$8938,_10411_,_10411_/D,_9271_,_9271_/D
serv,cpu.state.cnt_r[0],$auto$ff.cc:337:slice$9552,_10253_,_10253_/D,_9113_,_9113_/D
serv,cpu.state.cnt_r[1],$auto$ff.cc:337:slice$9553,_10254_,_10254_/D,_9114_,_9114_/D
serv,cpu.state.cnt_r[2],$auto$ff.cc:337:slice$9554,_10255_,_10255_/D,_9115_,_9115_/D
serv,cpu.state.cnt_r[3],$auto$ff.cc:337:slice$9555,_10360_,_10360_/D,_9220_,_9220_/D
serv,cpu.jump,$auto$ff.cc:337:slice$9556,_10372_,_10372_/D,_9232_,_9232_/D
serv,cpu.state.init_done,$auto$ff.cc:337:slice$9557,_10374_,_10374_/D,_9234_,_9234_/D
serv,cpu.state.ibus_cyc,$auto$ff.cc:337:slice$9558,_10376_,_10376_/D,_9236_,_9236_/D
serv,rf_ram_if.wen0_r,$auto$ff.cc:337:slice$9559,_10408_,_10408_/D,_9268_,_9268_/D
serv,rf_ram_if.rreq_r,$auto$ff.cc:337:slice$9560,_10406_,_10406_/D,_9266_,_9266_/D
serv,rdata0,$auto$ff.cc:337:slice$9561,_10366_,_10366_/D,_9226_,_9226_/D
serv,rf_ram_if.rdata0[1],$auto$ff.cc:337:slice$9562,_10404_,_10404_/D,_9264_,_9264_/D
serv,rf_ram_if.rcnt[0],$auto$ff.cc:337:slice$9565,_10256_,_10256_/D,_9116_,_9116_/D
serv,raddr[1],$auto$ff.cc:337:slice$9566,_10257_,_10257_/D,_9117_,_9117_/D
serv,raddr[2],$auto$ff.cc:337:slice$9567,_10258_,_10258_/D,_9118_,_9118_/D
serv,raddr[3],$auto$ff.cc:337:slice$9568,_10402_,_10402_/D,_9262_,_9262_/D
serv,raddr[0],$auto$ff.cc:337:slice$9569,_10350_,_10350_/D,_9210_,_9210_/D
serv,rf_ram_if.rgnt,$auto$ff.cc:337:slice$9570,_10400_,_10400_/D,_9260_,_9260_/D
serv,rf_ram_if.rdata1,$auto$ff.cc:337:slice$9571,_10398_,_10398_/D,_9258_,_9258_/D
serv,cpu.decode.opcode[0],$auto$ff.cc:337:slice$9572,_10259_,_10259_/D,_9119_,_9119_/D
serv,cpu.decode.opcode[1],$auto$ff.cc:337:slice$9573,_10260_,_10260_/D,_9120_,_9120_/D
serv,cpu.decode.opcode[2],$auto$ff.cc:337:slice$9574,_10261_,_10261_/D,_9121_,_9121_/D
serv,o_dbus_we,$auto$ff.cc:337:slice$9575,_10262_,_10262_/D,_9122_,_9122_/D
serv,cpu.mtval_pc,$auto$ff.cc:337:slice$9576,_10396_,_10396_/D,_9256_,_9256_/D
serv,o_ext_funct3[0],$auto$ff.cc:337:slice$9577,_10263_,_10263_/D,_9123_,_9123_/D
serv,o_ext_funct3[1],$auto$ff.cc:337:slice$9578,_10264_,_10264_/D,_9124_,_9124_/D
serv,o_ext_funct3[2],$auto$ff.cc:337:slice$9579,_10394_,_10394_/D,_9254_,_9254_/D
serv,cpu.ebreak,$auto$ff.cc:337:slice$9580,_10392_,_10392_/D,_9252_,_9252_/D
serv,cpu.bufreg_sh_signed,$auto$ff.cc:337:slice$9581,_10390_,_10390_/D,_9250_,_9250_/D
serv,wreg0[0],$auto$ff.cc:337:slice$9582,_10265_,_10265_/D,_9125_,_9125_/D
serv,wreg0[1],$auto$ff.cc:337:slice$9583,_10266_,_10266_/D,_9126_,_9126_/D
serv,wreg0[2],$auto$ff.cc:337:slice$9584,_10267_,_10267_/D,_9127_,_9127_/D
serv,wreg0[3],$auto$ff.cc:337:slice$9585,_10268_,_10268_/D,_9128_,_9128_/D
serv,wreg0[4],$auto$ff.cc:337:slice$9586,_10388_,_10388_/D,_9248_,_9248_/D
serv,rreg1[0],$auto$ff.cc:337:slice$9587,_10269_,_10269_/D,_9129_,_9129_/D
serv,rreg1[1],$auto$ff.cc:337:slice$9588,_10270_,_10270_/D,_9130_,_9130_/D
serv,rreg1[2],$auto$ff.cc:337:slice$9589,_10271_,_10271_/D,_9131_,_9131_/D
serv,rreg1[3],$auto$ff.cc:337:slice$9590,_10272_,_10272_/D,_9132_,_9132_/D
serv,rreg1[4],$auto$ff.cc:337:slice$9591,_10386_,_10386_/D,_9246_,_9246_/D
serv,cpu.immdec.gen_immdec_w_eq_1.imm30_25[0],$auto$ff.cc:337:slice$9592,_10273_,_10273_/D,_9133_,_9133_/D
serv,cpu.immdec.gen_immdec_w_eq_1.imm30_25[1],$auto$ff.cc:337:slice$9593,_10274_,_10274_/D,_9134_,_9134_/D
serv,cpu.immdec.gen_immdec_w_eq_1.imm30_25[2],$auto$ff.cc:337:slice$9594,_10275_,_10275_/D,_9135_,_9135_/D
serv,cpu.immdec.gen_immdec_w_eq_1.imm30_25[3],$auto$ff.cc:337:slice$9595,_10276_,_10276_/D,_9136_,_9136_/D
serv,cpu.immdec.gen_immdec_w_eq_1.imm30_25[4],$auto$ff.cc:337:slice$9596,_10277_,_10277_/D,_9137_,_9137_/D
serv,cpu.immdec.gen_immdec_w_eq_1.imm30_25[5],$auto$ff.cc:337:slice$9597,_10384_,_10384_/D,_9244_,_9244_/D
serv,cpu.immdec.gen_immdec_w_eq_1.imm7,$auto$ff.cc:337:slice$9598,_10382_,_10382_/D,_9242_,_9242_/D
serv,cpu.immdec.gen_immdec_w_eq_1.imm19_12_20[0],$auto$ff.cc:337:slice$9599,_10278_,_10278_/D,_9138_,_9138_/D
serv,cpu.immdec.gen_immdec_w_eq_1.imm19_12_20[1],$auto$ff.cc:337:slice$9600,_10279_,_10279_/D,_9139_,_9139_/D
serv,cpu.immdec.gen_immdec_w_eq_1.imm19_12_20[2],$auto$ff.cc:337:slice$9601,_10280_,_10280_/D,_9140_,_9140_/D
serv,cpu.immdec.gen_immdec_w_eq_1.imm19_12_20[3],$auto$ff.cc:337:slice$9602,_10281_,_10281_/D,_9141_,_9141_/D
serv,rreg0[0],$auto$ff.cc:337:slice$9603,_10282_,_10282_/D,_9142_,_9142_/D
serv,rreg0[1],$auto$ff.cc:337:slice$9604,_10283_,_10283_/D,_9143_,_9143_/D
serv,rreg0[2],$auto$ff.cc:337:slice$9605,_10284_,_10284_/D,_9144_,_9144_/D
serv,rreg0[3],$auto$ff.cc:337:slice$9606,_10285_,_10285_/D,_9145_,_9145_/D
serv,rreg0[4],$auto$ff.cc:337:slice$9607,_10380_,_10380_/D,_9240_,_9240_/D
serv,cpu.immdec.gen_immdec_w_eq_1.imm31,$auto$ff.cc:337:slice$9608,_10378_,_10378_/D,_9238_,_9238_/D
serv,o_ext_rs1[0],$auto$ff.cc:337:slice$9609,_10286_,_10286_/D,_9146_,_9146_/D
serv,o_ext_rs1[1],$auto$ff.cc:337:slice$9610,_10368_,_10368_/D,_9228_,_9228_/D
serv,o_ext_rs1[2],$auto$ff.cc:337:slice$9611,_10287_,_10287_/D,_9147_,_9147_/D
serv,o_ext_rs1[3],$auto$ff.cc:337:slice$9612,_10288_,_10288_/D,_9148_,_9148_/D
serv,o_ext_rs1[4],$auto$ff.cc:337:slice$9613,_10289_,_10289_/D,_9149_,_9149_/D
serv,o_ext_rs1[5],$auto$ff.cc:337:slice$9614,_10290_,_10290_/D,_9150_,_9150_/D
serv,o_ext_rs1[6],$auto$ff.cc:337:slice$9615,_10291_,_10291_/D,_9151_,_9151_/D
serv,o_ext_rs1[7],$auto$ff.cc:337:slice$9616,_10292_,_10292_/D,_9152_,_9152_/D
serv,o_ext_rs1[8],$auto$ff.cc:337:slice$9617,_10293_,_10293_/D,_9153_,_9153_/D
serv,o_ext_rs1[9],$auto$ff.cc:337:slice$9618,_10294_,_10294_/D,_9154_,_9154_/D
serv,o_ext_rs1[10],$auto$ff.cc:337:slice$9619,_10295_,_10295_/D,_9155_,_9155_/D
serv,o_ext_rs1[11],$auto$ff.cc:337:slice$9620,_10296_,_10296_/D,_9156_,_9156_/D
serv,o_ext_rs1[12],$auto$ff.cc:337:slice$9621,_10297_,_10297_/D,_9157_,_9157_/D
serv,o_ext_rs1[13],$auto$ff.cc:337:slice$9622,_10298_,_10298_/D,_9158_,_9158_/D
serv,o_ext_rs1[14],$auto$ff.cc:337:slice$9623,_10299_,_10299_/D,_9159_,_9159_/D
serv,o_ext_rs1[15],$auto$ff.cc:337:slice$9624,_10300_,_10300_/D,_9160_,_9160_/D
serv,o_ext_rs1[16],$auto$ff.cc:337:slice$9625,_10301_,_10301_/D,_9161_,_9161_/D
serv,o_ext_rs1[17],$auto$ff.cc:337:slice$9626,_10302_,_10302_/D,_9162_,_9162_/D
serv,o_ext_rs1[18],$auto$ff.cc:337:slice$9627,_10303_,_10303_/D,_9163_,_9163_/D
serv,o_ext_rs1[19],$auto$ff.cc:337:slice$9628,_10304_,_10304_/D,_9164_,_9164_/D
serv,o_ext_rs1[20],$auto$ff.cc:337:slice$9629,_10305_,_10305_/D,_9165_,_9165_/D
serv,o_ext_rs1[21],$auto$ff.cc:337:slice$9630,_10306_,_10306_/D,_9166_,_9166_/D
serv,o_ext_rs1[22],$auto$ff.cc:337:slice$9631,_10307_,_10307_/D,_9167_,_9167_/D
serv,o_ext_rs1[23],$auto$ff.cc:337:slice$9632,_10308_,_10308_/D,_9168_,_9168_/D
serv,o_ext_rs1[24],$auto$ff.cc:337:slice$9633,_10309_,_10309_/D,_9169_,_9169_/D
serv,o_ext_rs1[25],$auto$ff.cc:337:slice$9634,_10310_,_10310_/D,_9170_,_9170_/D
serv,o_ext_rs1[26],$auto$ff.cc:337:slice$9635,_10311_,_10311_/D,_9171_,_9171_/D
serv,o_ext_rs1[27],$auto$ff.cc:337:slice$9636,_10312_,_10312_/D,_9172_,_9172_/D
serv,o_ext_rs1[28],$auto$ff.cc:337:slice$9637,_10314_,_10314_/D,_9174_,_9174_/D
serv,o_ext_rs1[29],$auto$ff.cc:337:slice$9638,_10315_,_10315_/D,_9175_,_9175_/D
serv,o_ext_rs1[30],$auto$ff.cc:337:slice$9639,_10316_,_10316_/D,_9176_,_9176_/D
serv,o_ext_rs1[31],$auto$ff.cc:337:slice$9640,_10356_,_10356_/D,_9216_,_9216_/D
serv,o_ext_rs2[0],$auto$ff.cc:337:slice$9641,_10317_,_10317_/D,_9177_,_9177_/D
serv,o_ext_rs2[1],$auto$ff.cc:337:slice$9642,_10318_,_10318_/D,_9178_,_9178_/D
serv,o_ext_rs2[2],$auto$ff.cc:337:slice$9643,_10319_,_10319_/D,_9179_,_9179_/D
serv,o_ext_rs2[3],$auto$ff.cc:337:slice$9644,_10320_,_10320_/D,_9180_,_9180_/D
serv,o_ext_rs2[4],$auto$ff.cc:337:slice$9645,_10321_,_10321_/D,_9181_,_9181_/D
serv,o_ext_rs2[5],$auto$ff.cc:337:slice$9646,_10322_,_10322_/D,_9182_,_9182_/D
serv,o_ext_rs2[6],$auto$ff.cc:337:slice$9647,_10323_,_10323_/D,_9183_,_9183_/D
serv,o_ext_rs2[7],$auto$ff.cc:337:slice$9648,_10324_,_10324_/D,_9184_,_9184_/D
serv,o_ext_rs2[8],$auto$ff.cc:337:slice$9649,_10325_,_10325_/D,_9185_,_9185_/D
serv,o_ext_rs2[9],$auto$ff.cc:337:slice$9650,_10326_,_10326_/D,_9186_,_9186_/D
serv,o_ext_rs2[10],$auto$ff.cc:337:slice$9651,_10327_,_10327_/D,_9187_,_9187_/D
serv,o_ext_rs2[11],$auto$ff.cc:337:slice$9652,_10328_,_10328_/D,_9188_,_9188_/D
serv,o_ext_rs2[12],$auto$ff.cc:337:slice$9653,_10330_,_10330_/D,_9190_,_9190_/D
serv,o_ext_rs2[13],$auto$ff.cc:337:slice$9654,_10331_,_10331_/D,_9191_,_9191_/D
serv,o_ext_rs2[14],$auto$ff.cc:337:slice$9655,_10332_,_10332_/D,_9192_,_9192_/D
serv,o_ext_rs2[15],$auto$ff.cc:337:slice$9656,_10334_,_10334_/D,_9194_,_9194_/D
serv,o_ext_rs2[16],$auto$ff.cc:337:slice$9657,_10335_,_10335_/D,_9195_,_9195_/D
serv,o_ext_rs2[17],$auto$ff.cc:337:slice$9658,_10336_,_10336_/D,_9196_,_9196_/D
serv,o_ext_rs2[18],$auto$ff.cc:337:slice$9659,_10337_,_10337_/D,_9197_,_9197_/D
serv,o_ext_rs2[19],$auto$ff.cc:337:slice$9660,_10338_,_10338_/D,_9198_,_9198_/D
serv,o_ext_rs2[20],$auto$ff.cc:337:slice$9661,_10339_,_10339_/D,_9199_,_9199_/D
serv,o_ext_rs2[21],$auto$ff.cc:337:slice$9662,_10340_,_10340_/D,_9200_,_9200_/D
serv,o_ext_rs2[22],$auto$ff.cc:337:slice$9663,_10341_,_10341_/D,_9201_,_9201_/D
serv,o_ext_rs2[23],$auto$ff.cc:337:slice$9664,_10364_,_10364_/D,_9224_,_9224_/D
serv,o_ext_rs2[24],$auto$ff.cc:337:slice$9665,_10342_,_10342_/D,_9202_,_9202_/D
serv,o_ext_rs2[25],$auto$ff.cc:337:slice$9666,_10343_,_10343_/D,_9203_,_9203_/D
serv,o_ext_rs2[26],$auto$ff.cc:337:slice$9667,_10344_,_10344_/D,_9204_,_9204_/D
serv,o_ext_rs2[27],$auto$ff.cc:337:slice$9668,_10345_,_10345_/D,_9205_,_9205_/D
serv,o_ext_rs2[28],$auto$ff.cc:337:slice$9669,_10346_,_10346_/D,_9206_,_9206_/D
serv,o_ext_rs2[29],$auto$ff.cc:337:slice$9670,_10347_,_10347_/D,_9207_,_9207_/D
serv,o_ext_rs2[30],$auto$ff.cc:337:slice$9671,_10349_,_10349_/D,_9209_,_9209_/D
serv,o_ext_rs2[31],$auto$ff.cc:337:slice$9672,_10362_,_10362_/D,_9222_,_9222_/D
serv,o_ibus_adr[0],$auto$ff.cc:337:slice$9673,_10351_,_10351_/D,_9211_,_9211_/D
serv,o_ibus_adr[1],$auto$ff.cc:337:slice$9674,_10353_,_10353_/D,_9213_,_9213_/D
serv,o_ibus_adr[2],$auto$ff.cc:337:slice$9675,_10355_,_10355_/D,_9215_,_9215_/D
serv,o_ibus_adr[3],$auto$ff.cc:337:slice$9676,_10357_,_10357_/D,_9217_,_9217_/D
serv,o_ibus_adr[4],$auto$ff.cc:337:slice$9677,_10359_,_10359_/D,_9219_,_9219_/D
serv,o_ibus_adr[5],$auto$ff.cc:337:slice$9678,_10361_,_10361_/D,_9221_,_9221_/D
serv,o_ibus_adr[6],$auto$ff.cc:337:slice$9679,_10363_,_10363_/D,_9223_,_9223_/D
serv,o_ibus_adr[7],$auto$ff.cc:337:slice$9680,_10365_,_10365_/D,_9225_,_9225_/D
serv,o_ibus_adr[8],$auto$ff.cc:337:slice$9681,_10367_,_10367_/D,_9227_,_9227_/D
serv,o_ibus_adr[9],$auto$ff.cc:337:slice$9682,_10369_,_10369_/D,_9229_,_9229_/D
serv,o_ibus_adr[10],$auto$ff.cc:337:slice$9683,_10371_,_10371_/D,_9231_,_9231_/D
serv,o_ibus_adr[11],$auto$ff.cc:337:slice$9684,_10373_,_10373_/D,_9233_,_9233_/D
serv,o_ibus_adr[12],$auto$ff.cc:337:slice$9685,_10375_,_10375_/D,_9235_,_9235_/D
serv,o_ibus_adr[13],$auto$ff.cc:337:slice$9686,_10377_,_10377_/D,_9237_,_9237_/D
serv,o_ibus_adr[14],$auto$ff.cc:337:slice$9687,_10379_,_10379_/D,_9239_,_9239_/D
serv,o_ibus_adr[15],$auto$ff.cc:337:slice$9688,_10381_,_10381_/D,_9241_,_9241_/D
serv,o_ibus_adr[16],$auto$ff.cc:337:slice$9689,_10383_,_10383_/D,_9243_,_9243_/D
serv,o_ibus_adr[17],$auto$ff.cc:337:slice$9690,_10385_,_10385_/D,_9245_,_9245_/D
serv,o_ibus_adr[18],$auto$ff.cc:337:slice$9691,_10387_,_10387_/D,_9247_,_9247_/D
serv,o_ibus_adr[19],$auto$ff.cc:337:slice$9692,_10389_,_10389_/D,_9249_,_9249_/D
serv,o_ibus_adr[20],$auto$ff.cc:337:slice$9693,_10391_,_10391_/D,_9251_,_9251_/D
serv,o_ibus_adr[21],$auto$ff.cc:337:slice$9694,_10393_,_10393_/D,_9253_,_9253_/D
serv,o_ibus_adr[22],$auto$ff.cc:337:slice$9695,_10395_,_10395_/D,_9255_,_9255_/D
serv,o_ibus_adr[23],$auto$ff.cc:337:slice$9696,_10397_,_10397_/D,_9257_,_9257_/D
serv,o_ibus_adr[24],$auto$ff.cc:337:slice$9697,_10399_,_10399_/D,_9259_,_9259_/D
serv,o_ibus_adr[25],$auto$ff.cc:337:slice$9698,_10401_,_10401_/D,_9261_,_9261_/D
serv,o_ibus_adr[26],$auto$ff.cc:337:slice$9699,_10403_,_10403_/D,_9263_,_9263_/D
serv,o_ibus_adr[27],$auto$ff.cc:337:slice$9700,_10405_,_10405_/D,_9265_,_9265_/D
serv,o_ibus_adr[28],$auto$ff.cc:337:slice$9701,_10407_,_10407_/D,_9267_,_9267_/D
serv,o_ibus_adr[29],$auto$ff.cc:337:slice$9702,_10409_,_10409_/D,_9269_,_9269_/D
serv,o_ibus_adr[30],$auto$ff.cc:337:slice$9703,_10410_,_10410_/D,_9270_,_9270_/D
serv,o_ibus_adr[31],$auto$ff.cc:337:slice$9704,_10358_,_10358_/D,_9218_,_9218_/D
serv,cpu.alu.cmp_r,$auto$ff.cc:337:slice$9705,_10352_,_10352_/D,_9212_,_9212_/D
serv,cpu.mem_if.signbit,$auto$ff.cc:337:slice$9706,_10348_,_10348_/D,_9208_,_9208_/D
serv,cpu.state.o_cnt[2],$auto$ff.cc:337:slice$9707,_10493_,_10493_/D,_9353_,_9353_/D
serv,cpu.mem_bytecnt[0],$auto$ff.cc:337:slice$9708,_9764_,_9764_/D,_8624_,_8624_/D
serv,cpu.mem_bytecnt[1],$auto$ff.cc:337:slice$9709,_10370_,_10370_/D,_9230_,_9230_/D
